bet_id,logged_at,season,week,game_id,game_date,player_id,player_name,player_key,team,opponent_team,position,role_label,market,prop_type,bookmaker,bookmaker_key,line,bet_side,bet_odds,projection_value,projection_std,diff_from_line,model_confidence,model_probability,model_prob_over,model_prob_under,market_prob_over,market_prob_under,edge_over,edge_under,edge_pct,bet_edge,bet_edge_pct,bet_score,bet_grade,actual_value,result,profit_units,win_profit_units,settled_at
5fc964f87d62a4d6e0acc9277edfc442,2026-09-16 11:44:38,2026,2,2026_02_DET_BUF,2026-09-17,00-0036963,Amon-Ra St. Brown,amon ra st brown,DET,BUF,WR,WR PRIMARY,player_reception_yds,Receiving Yards,DraftKings,draftkings,80.5,UNDER,-111.0,68.1,25.88,-12.4,79.0,0.6840785143723493,0.3159214856276506,0.6840785143723493,0.5021058838394474,0.4978941161605526,-0.1861843982117967,0.1861843982117967,18.6,0.1861843982117967,18.62,40.2,A,,PENDING,,0.9009009009009009,
fd59f5411bbcf84915877d97ec9561de,2026-09-16 11:44:38,2026,2,2026_02_DET_BUF,2026-09-17,00-0036963,Amon-Ra St. Brown,amon ra st brown,DET,BUF,WR,WR PRIMARY,player_reception_yds,Receiving Yards,FanDuel,fanduel,79.5,UNDER,-114.0,68.1,25.88,-11.4,79.0,0.6702105352873642,0.3297894647126358,0.6702105352873642,0.5,0.5,-0.1702105352873641,0.1702105352873641,17.0,0.1702105352873641,17.02,38.5,A,,PENDING,,0.8771929824561403,
a38e35813b2d9cd12a9a2db2e556304a,2026-09-16 11:44:38,2026,2,2026_02_DET_BUF,2026-09-17,00-0036963,Amon-Ra St. Brown,amon ra st brown,DET,BUF,WR,WR PRIMARY,player_receptions,Receptions,DraftKings,draftkings,7.5,UNDER,-128.0,6.8,2.58,-0.7,79.0,0.6069267026636893,0.3930732973363107,0.6069267026636893,0.4698318496538081,0.5301681503461919,-0.0767585523174974,0.0767585523174974,7.7,0.0767585523174974,7.68,24.9,D,,PENDING,,0.78125,
a0626c78a60df31848218aa58b260523,2026-09-16 11:44:38,2026,2,2026_02_DET_BUF,2026-09-17,00-0036963,Amon-Ra St. Brown,amon ra st brown,DET,BUF,WR,WR PRIMARY,player_receptions,Receptions,FanDuel,fanduel,7.5,UNDER,-125.0,6.8,2.58,-0.7,79.0,0.6069267026636893,0.3930732973363107,0.6069267026636893,0.4808467741935484,0.5191532258064516,-0.0877734768572376,0.0877734768572376,8.8,0.0877734768572376,8.78,25.5,C,,PENDING,,0.8,
bb08247395230fd6b518a1308098c3a5,2026-09-16 11:44:38,2026,2,2026_02_DET_BUF,2026-09-17,00-0034827,DJ Moore,dj moore,BUF,DET,WR,WR SECONDARY,player_receptions,Receptions,DraftKings,draftkings,4.5,OVER,-107.0,4.8,1.82,0.3,70.0,0.5654631374625522,0.5654631374625522,0.4345368625374478,0.487517163899638,0.512482836100362,0.0779459735629141,-0.0779459735629142,7.8,0.0779459735629141,7.79,22.4,D,,PENDING,,0.9345794392523364,
d47abf68a7a5661f30d7e187136289a8,2026-09-16 11:44:38,2026,2,2026_02_DET_BUF,2026-09-17,00-0034827,DJ Moore,dj moore,BUF,DET,WR,WR SECONDARY,player_receptions,Receptions,FanDuel,fanduel,4.5,OVER,-112.0,4.8,1.82,0.3,70.0,0.5654631374625522,0.5654631374625522,0.4345368625374478,0.4939310568053083,0.5060689431946916,0.0715320806572438,-0.0715320806572438,7.2,0.0715320806572438,7.15,22.0,D,,PENDING,,0.8928571428571429,
debfd8bcf0296bfd8ec51721b939ebcb,2026-09-16 11:44:38,2026,2,2026_02_DET_BUF,2026-09-17,00-0038933,Dalton Kincaid,dalton kincaid,BUF,DET,TE,TE DEPTH,player_reception_yds,Receiving Yards,DraftKings,draftkings,50.5,OVER,-111.0,69.3,26.33,18.8,70.1,0.7623908723775434,0.7623908723775434,0.2376091276224565,0.4978941161605526,0.5021058838394474,0.2644967562169908,-0.2644967562169908,26.4,0.2644967562169908,26.45,47.5,B,,PENDING,,0.9009009009009009,
2041db879785da43488b48ebab4426fc,2026-09-16 11:44:38,2026,2,2026_02_DET_BUF,2026-09-17,00-0038933,Dalton Kincaid,dalton kincaid,BUF,DET,TE,TE DEPTH,player_reception_yds,Receiving Yards,FanDuel,fanduel,51.5,OVER,-114.0,69.3,26.33,17.8,70.1,0.7504907694961473,0.7504907694961473,0.2495092305038526,0.5,0.5,0.2504907694961473,-0.2504907694961473,25.0,0.2504907694961473,25.05,45.9,B,,PENDING,,0.8771929824561403,
f9bf603f4cdb09f89d99e589f785b996,2026-09-16 11:44:38,2026,2,2026_02_DET_BUF,2026-09-17,00-0035689,Dawson Knox,dawson knox,BUF,DET,TE,TE DEPTH,player_reception_yds,Receiving Yards,DraftKings,draftkings,12.5,OVER,-112.0,25.2,18.0,12.7,69.6,0.7597677142084629,0.7597677142084629,0.2402322857915371,0.5,0.5,0.2597677142084629,-0.2597677142084629,26.0,0.2597677142084629,25.98,42.5,C,,PENDING,,0.8928571428571429,
eefe26f7241f48e3face09950c9d6ac1,2026-09-16 11:44:38,2026,2,2026_02_DET_BUF,2026-09-17,00-0035689,Dawson Knox,dawson knox,BUF,DET,TE,TE DEPTH,player_reception_yds,Receiving Yards,FanDuel,fanduel,12.5,OVER,-114.0,25.2,18.0,12.7,69.6,0.7597677142084629,0.7597677142084629,0.2402322857915371,0.5,0.5,0.2597677142084629,-0.2597677142084629,26.0,0.2597677142084629,25.98,42.5,C,,PENDING,,0.8771929824561403,
47c66b10030863484276e056dc9f7222,2026-09-16 11:44:38,2026,2,2026_02_DET_BUF,2026-09-17,00-0035689,Dawson Knox,dawson knox,BUF,DET,TE,TE DEPTH,player_receptions,Receptions,DraftKings,draftkings,1.5,OVER,122.0,2.2,1.8,0.7,69.6,0.6513208290612621,0.6513208290612621,0.3486791709387379,0.4250232434586266,0.5749767565413734,0.2262975856026354,-0.2262975856026354,22.6,0.2262975856026354,22.63,31.5,C,,PENDING,,1.22,
99a68c5cf6575a7b1f47f852d2438997,2026-09-16 11:44:38,2026,2,2026_02_DET_BUF,2026-09-17,00-0035689,Dawson Knox,dawson knox,BUF,DET,TE,TE DEPTH,player_receptions,Receptions,FanDuel,fanduel,1.5,OVER,124.0,2.2,1.8,0.7,69.6,0.6513208290612621,0.6513208290612621,0.3486791709387379,0.4170324846356453,0.5829675153643546,0.2342883444256168,-0.2342883444256167,23.4,0.2342883444256168,23.43,32.0,C,,PENDING,,1.24,
18dd8d1cf6d4643db702c6bdd3c18553,2026-09-16 11:44:38,2026,2,2026_02_DET_BUF,2026-09-17,00-0039139,Jahmyr Gibbs,jahmyr gibbs,DET,BUF,RB,RB LEAD,player_reception_yds,Receiving Yards,DraftKings,draftkings,30.5,UNDER,-109.0,27.1,18.0,-3.4,83.8,0.5749100489006196,0.4250899510993804,0.5749100489006196,0.5063197809142617,0.4936802190857384,-0.0812298298148812,0.0812298298148812,8.1,0.0812298298148812,8.12,28.4,C,,PENDING,,0.9174311926605505,
91338ffa5f76bf19489448268903fe76,2026-09-16 11:44:38,2026,2,2026_02_DET_BUF,2026-09-17,00-0039139,Jahmyr Gibbs,jahmyr gibbs,DET,BUF,RB,RB LEAD,player_receptions,Receptions,DraftKings,draftkings,4.5,UNDER,-136.0,3.6,1.8,-0.9,83.8,0.691462461274013,0.308537538725987,0.691462461274013,0.4572225666460012,0.5427774333539988,-0.1486850279200142,0.1486850279200142,14.9,0.1486850279200142,14.87,30.5,C,,PENDING,,0.7352941176470589,
60fdabcad5fc3e7d0b694d002e9ac492,2026-09-16 11:44:38,2026,2,2026_02_DET_BUF,2026-09-17,00-0039139,Jahmyr Gibbs,jahmyr gibbs,DET,BUF,RB,RB LEAD,player_receptions,Receptions,FanDuel,fanduel,4.5,UNDER,-146.0,3.6,1.8,-0.9,83.8,0.691462461274013,0.308537538725987,0.691462461274013,0.4451682953311618,0.5548317046688382,-0.1366307566051748,0.1366307566051747,13.7,0.1366307566051747,13.66,29.8,C,,PENDING,,0.684931506849315,
d9dc1519ca7f2492c706fa9e3b56d85b,2026-09-16 11:44:38,2026,2,2026_02_DET_BUF,2026-09-17,00-0039139,Jahmyr Gibbs,jahmyr gibbs,DET,BUF,RB,RB LEAD,player_rush_yds,Rush Yards,DraftKings,draftkings,90.5,OVER,-110.0,98.1,34.33,7.6,83.8,0.5876019970510622,0.5876019970510622,0.4123980029489378,0.495787700084246,0.5042122999157539,0.0918142969668162,-0.091814296966816,9.2,0.0918142969668162,9.18,32.2,C,,PENDING,,0.9090909090909091,
1ced561d516f49fe81f3f721a095ffbe,2026-09-16 11:44:38,2026,2,2026_02_DET_BUF,2026-09-17,00-0039139,Jahmyr Gibbs,jahmyr gibbs,DET,BUF,RB,RB LEAD,player_rush_yds,Rush Yards,FanDuel,fanduel,90.5,OVER,-114.0,98.1,34.33,7.6,83.8,0.5876019970510622,0.5876019970510622,0.4123980029489378,0.5,0.5,0.0876019970510622,-0.0876019970510622,8.8,0.0876019970510622,8.76,31.9,C,,PENDING,,0.8771929824561403,
62339eb8c5f86763275eaa7b924fb53a,2026-09-16 11:44:38,2026,2,2026_02_DET_BUF,2026-09-17,00-0037248,James Cook,james cook,BUF,DET,RB,RB LEAD,player_reception_yds,Receiving Yards,DraftKings,draftkings,17.5,UNDER,-114.0,13.7,18.0,-3.8,81.3,0.5835997148964527,0.4164002851035473,0.5835997148964527,0.495787700084246,0.5042122999157539,-0.0793874149806986,0.0793874149806987,7.9,0.0793874149806987,7.94,27.9,D,,PENDING,,0.8771929824561403,
6e14967d58c9b466215bec3b5f0e963c,2026-09-16 11:44:38,2026,2,2026_02_DET_BUF,2026-09-17,00-0037248,James Cook,james cook,BUF,DET,RB,RB LEAD,player_reception_yds,Receiving Yards,FanDuel,fanduel,17.5,UNDER,-114.0,13.7,18.0,-3.8,81.3,0.5835997148964527,0.4164002851035473,0.5835997148964527,0.5,0.5,-0.0835997148964526,0.0835997148964526,8.4,0.0835997148964526,8.36,28.2,C,,PENDING,,0.8771929824561403,
e164d4e802b82f01adb93e71c1f29a0d,2026-09-16 11:44:38,2026,2,2026_02_DET_BUF,2026-09-17,00-0037248,James Cook,james cook,BUF,DET,RB,RB LEAD,player_rush_yds,Rush Yards,DraftKings,draftkings,79.5,UNDER,-114.0,60.0,21.0,-19.5,81.3,0.8234443827469973,0.1765556172530027,0.8234443827469973,0.495787700084246,0.5042122999157539,-0.3192320828312432,0.3192320828312434,31.9,0.3192320828312434,31.92,54.1,A,,PENDING,,0.8771929824561403,
2194af5d26d2d8a5242e1c94f5f652c0,2026-09-16 11:44:38,2026,2,2026_02_DET_BUF,2026-09-17,00-0037248,James Cook,james cook,BUF,DET,RB,RB LEAD,player_rush_yds,Rush Yards,FanDuel,fanduel,78.5,UNDER,-114.0,60.0,21.0,-18.5,81.3,0.8108282028020282,0.1891717971979718,0.8108282028020282,0.5,0.5,-0.3108282028020281,0.3108282028020281,31.1,0.3108282028020281,31.08,52.8,A,,PENDING,,0.8771929824561403,
6b5f3916dccf02c0177b56ddf913dc65,2026-09-16 11:44:38,2026,2,2026_02_DET_BUF,2026-09-17,00-0037240,Jameson Williams,jameson williams,DET,BUF,WR,WR PRIMARY,player_reception_yds,Receiving Yards,DraftKings,draftkings,58.5,UNDER,-112.0,53.4,20.29,-5.1,75.3,0.5992303063961524,0.4007696936038476,0.5992303063961524,0.5,0.5,-0.0992303063961523,0.0992303063961523,9.9,0.0992303063961523,9.92,28.6,C,,PENDING,,0.8928571428571429,
a50644ca598c6a088e35c9df29a1a087,2026-09-16 11:44:38,2026,2,2026_02_DET_BUF,2026-09-17,00-0037240,Jameson Williams,jameson williams,DET,BUF,WR,WR PRIMARY,player_reception_yds,Receiving Yards,FanDuel,fanduel,59.5,UNDER,-114.0,53.4,20.29,-6.1,75.3,0.6181557575656178,0.3818442424343822,0.6181557575656178,0.5,0.5,-0.1181557575656178,0.1181557575656178,11.8,0.1181557575656178,11.82,30.5,B,,PENDING,,0.8771929824561403,
dbb3cb9677b980cbc9cd70fcebc1ec27,2026-09-16 11:44:38,2026,2,2026_02_DET_BUF,2026-09-17,00-0037240,Jameson Williams,jameson williams,DET,BUF,WR,WR PRIMARY,player_receptions,Receptions,FanDuel,fanduel,3.5,UNDER,142.0,3.6,1.8,0.1,75.3,0.4778479356582178,0.5221520643417822,0.4778479356582178,0.6140833157115669,0.3859166842884331,-0.0919312513697847,0.0919312513697847,9.2,0.0919312513697847,9.19,24.4,C,,PENDING,,1.42,
e573fdcfd05b4b2721a9c3ae98dd0aa8,2026-09-16 11:44:38,2026,2,2026_02_DET_BUF,2026-09-17,00-0033106,Jared Goff,jared goff,DET,BUF,QB,QB STARTER,player_pass_interceptions,Interceptions,DraftKings,draftkings,0.5,UNDER,-113.0,0.0,0.65,-0.5,86.2,0.7791218362875403,0.2208781637124597,0.7791218362875403,0.4989542374299339,0.5010457625700661,-0.2780760737174741,0.2780760737174742,27.8,0.2780760737174742,27.81,38.6,C,,PENDING,,0.8849557522123894,
ff344a4b70ebe907b96d38a9ddcb8a68,2026-09-16 11:44:38,2026,2,2026_02_DET_BUF,2026-09-17,00-0033106,Jared Goff,jared goff,DET,BUF,QB,QB STARTER,player_pass_tds,Pass TDs,DraftKings,draftkings,1.5,OVER,-145.0,1.87,1.03,0.37,86.2,0.6402859766373898,0.6402859766373898,0.3597140233626101,0.5576419608197165,0.4423580391802834,0.0826440158176733,-0.0826440158176732,8.3,0.0826440158176733,8.26,26.8,C,,PENDING,,0.6896551724137931,
48f6f7299a31497d06f88fb05182bde1,2026-09-16 11:44:38,2026,2,2026_02_DET_BUF,2026-09-17,00-0033106,Jared Goff,jared goff,DET,BUF,QB,QB STARTER,player_pass_tds,Pass TDs,FanDuel,fanduel,1.5,OVER,-132.0,1.87,1.03,0.37,86.2,0.6402859766373898,0.6402859766373898,0.3597140233626101,0.532258064516129,0.4677419354838709,0.1080279121212608,-0.1080279121212607,10.8,0.1080279121212608,10.8,28.3,C,,PENDING,,0.7575757575757576,
2d54f0333032ec319630c684a214a183,2026-09-16 11:44:38,2026,2,2026_02_DET_BUF,2026-09-17,00-0033106,Jared Goff,jared goff,DET,BUF,QB,QB STARTER,player_pass_yds,Pass Yards,DraftKings,draftkings,271.5,UNDER,-111.0,237.0,52.14,-34.5,86.2,0.7459118670319782,0.2540881329680218,0.7459118670319782,0.5021058838394474,0.4978941161605526,-0.2480177508714256,0.2480177508714255,24.8,0.2480177508714255,24.8,62.3,A,,PENDING,,0.9009009009009009,
fc87e7f46ea29e79404e3ce941cb8a35,2026-09-16 11:44:38,2026,2,2026_02_DET_BUF,2026-09-17,00-0033106,Jared Goff,jared goff,DET,BUF,QB,QB STARTER,player_pass_yds,Pass Yards,FanDuel,fanduel,270.5,UNDER,-114.0,237.0,52.14,-33.5,86.2,0.7397260165651134,0.2602739834348866,0.7397260165651134,0.5,0.5,-0.2397260165651134,0.2397260165651134,24.0,0.2397260165651134,23.97,61.1,A,,PENDING,,0.8771929824561403,
d53eebb2bece8c61019316ae15d9488e,2026-09-16 11:44:38,2026,2,2026_02_DET_BUF,2026-09-17,00-0034857,Josh Allen,josh allen,BUF,DET,QB,QB STARTER,player_pass_interceptions,Interceptions,DraftKings,draftkings,0.5,UNDER,-167.0,0.0,0.65,-0.5,84.5,0.7791218362875403,0.2208781637124597,0.7791218362875403,0.4100752572569498,0.5899247427430503,-0.1891970935444901,0.18919709354449,18.9,0.18919709354449,18.92,32.9,C,,PENDING,,0.5988023952095808,
93fa75bb965ac9a25069ff33f73e0c9a,2026-09-16 11:44:38,2026,2,2026_02_DET_BUF,2026-09-17,00-0034857,Josh Allen,josh allen,BUF,DET,QB,QB STARTER,player_pass_yds,Pass Yards,DraftKings,draftkings,253.5,OVER,-111.0,287.4,63.23,33.9,84.5,0.7040683790414576,0.7040683790414576,0.2959316209585424,0.4978941161605526,0.5021058838394474,0.2061742628809049,-0.206174262880905,20.6,0.2061742628809049,20.62,58.9,A,,PENDING,,0.9009009009009009,
7265baa196600cd48e9f03c0861e5a5d,2026-09-16 11:44:38,2026,2,2026_02_DET_BUF,2026-09-17,00-0034857,Josh Allen,josh allen,BUF,DET,QB,QB STARTER,player_pass_yds,Pass Yards,FanDuel,fanduel,248.5,OVER,-114.0,287.4,63.23,38.9,84.5,0.7307933964012534,0.7307933964012534,0.2692066035987466,0.5,0.5,0.2307933964012534,-0.2307933964012534,23.1,0.2307933964012534,23.08,64.1,A,,PENDING,,0.8771929824561403,
6e30263da42ec4eb9ac0e4e6d63d22a8,2026-09-16 11:44:38,2026,2,2026_02_DET_BUF,2026-09-17,00-0039901,Keon Coleman,keon coleman,BUF,DET,WR,WR DEPTH,player_reception_yds,Receiving Yards,DraftKings,draftkings,13.5,OVER,-115.0,34.3,18.0,20.8,71.0,0.8760685019251924,0.8760685019251924,0.1239314980748076,0.5063197809142617,0.4936802190857384,0.3697487210109307,-0.3697487210109307,37.0,0.3697487210109307,36.97,55.5,B,,PENDING,,0.8695652173913043,
189c74c99bd3184dac55146d54d8113e,2026-09-16 11:44:38,2026,2,2026_02_DET_BUF,2026-09-17,00-0039901,Keon Coleman,keon coleman,BUF,DET,WR,WR DEPTH,player_reception_yds,Receiving Yards,FanDuel,fanduel,13.5,OVER,-114.0,34.3,18.0,20.8,71.0,0.8760685019251924,0.8760685019251924,0.1239314980748076,0.5,0.5,0.3760685019251923,-0.3760685019251923,37.6,0.3760685019251923,37.61,55.9,B,,PENDING,,0.8771929824561403,
d3d6cd38a18e3b2b9e8c999e4918a1f5,2026-09-16 11:44:38,2026,2,2026_02_DET_BUF,2026-09-17,00-0039901,Keon Coleman,keon coleman,BUF,DET,WR,WR DEPTH,player_receptions,Receptions,DraftKings,draftkings,1.5,OVER,136.0,2.8,1.8,1.3,71.0,0.7649210685711652,0.7649210685711652,0.2350789314288348,0.4002103295162421,0.5997896704837579,0.364710739054923,-0.364710739054923,36.5,0.364710739054923,36.47,40.6,C,,PENDING,,1.36,
feecc1264f6992991f20201b851e8ee1,2026-09-16 11:44:38,2026,2,2026_02_DET_BUF,2026-09-17,00-0039901,Keon Coleman,keon coleman,BUF,DET,WR,WR DEPTH,player_receptions,Receptions,FanDuel,fanduel,1.5,OVER,158.0,2.8,1.8,1.3,71.0,0.7649210685711652,0.7649210685711652,0.2350789314288348,0.3621938599517075,0.6378061400482925,0.4027272086194576,-0.4027272086194576,40.3,0.4027272086194576,40.27,42.9,C,,PENDING,,1.58,
40776ff8b4921676e3d2ef27685de047,2026-09-16 11:44:38,2026,2,2026_02_DET_BUF,2026-09-17,00-0037261,Khalil Shakir,khalil shakir,BUF,DET,WR,WR SECONDARY,player_reception_yds,Receiving Yards,DraftKings,draftkings,44.5,OVER,-113.0,57.7,21.93,13.2,74.4,0.726384701980909,0.726384701980909,0.273615298019091,0.5021058838394474,0.4978941161605526,0.2242788181414615,-0.2242788181414616,22.4,0.2242788181414615,22.43,42.0,B,,PENDING,,0.8849557522123894,
d79e9fec262fa99fe298fb64ffeee9c3,2026-09-16 11:44:38,2026,2,2026_02_DET_BUF,2026-09-17,00-0037261,Khalil Shakir,khalil shakir,BUF,DET,WR,WR SECONDARY,player_reception_yds,Receiving Yards,FanDuel,fanduel,44.5,OVER,-114.0,57.7,21.93,13.2,74.4,0.726384701980909,0.726384701980909,0.273615298019091,0.5,0.5,0.226384701980909,-0.226384701980909,22.6,0.226384701980909,22.64,42.1,B,,PENDING,,0.8771929824561403,
d206243a2c013f9733e6d1158a7550fd,2026-09-16 11:44:38,2026,2,2026_02_DET_BUF,2026-09-17,00-0037261,Khalil Shakir,khalil shakir,BUF,DET,WR,WR SECONDARY,player_receptions,Receptions,DraftKings,draftkings,4.5,OVER,112.0,5.4,2.05,0.9,74.4,0.6696780682295709,0.6696780682295709,0.3303219317704291,0.4456393635827931,0.5543606364172068,0.2240387046467777,-0.2240387046467776,22.4,0.2240387046467777,22.4,32.7,C,,PENDING,,1.12,
fe654123d9de35e39d482df3fcf63b57,2026-09-16 11:44:38,2026,2,2026_02_DET_BUF,2026-09-17,00-0037261,Khalil Shakir,khalil shakir,BUF,DET,WR,WR SECONDARY,player_receptions,Receptions,FanDuel,fanduel,4.5,OVER,102.0,5.4,2.05,0.9,74.4,0.6696780682295709,0.6696780682295709,0.3303219317704291,0.4620927318295739,0.5379072681704261,0.2075853363999969,-0.207585336399997,20.8,0.2075853363999969,20.76,31.7,C,,PENDING,,1.02,
b50f7e8af7305e36f234010e8464ceb2,2026-09-16 11:44:38,2026,2,2026_02_DET_BUF,2026-09-17,00-0039065,Sam LaPorta,sam laporta,DET,BUF,TE,TE SECONDARY,player_reception_yds,Receiving Yards,DraftKings,draftkings,46.5,UNDER,-114.0,41.3,18.0,-5.2,75.5,0.613666796614539,0.3863332033854609,0.613666796614539,0.495787700084246,0.5042122999157539,-0.109454496698785,0.1094544966987851,10.9,0.1094544966987851,10.95,29.3,C,,PENDING,,0.8771929824561403,
163c3e014a1428d40827513c03aa6c0c,2026-09-16 11:44:38,2026,2,2026_02_DET_BUF,2026-09-17,00-0039065,Sam LaPorta,sam laporta,DET,BUF,TE,TE SECONDARY,player_reception_yds,Receiving Yards,FanDuel,fanduel,46.5,UNDER,-114.0,41.3,18.0,-5.2,75.5,0.613666796614539,0.3863332033854609,0.613666796614539,0.5,0.5,-0.113666796614539,0.113666796614539,11.4,0.113666796614539,11.37,29.6,B,,PENDING,,0.8771929824561403,
1cfa919272e5f67afa4292ce492532ec,2026-09-16 11:44:38,2026,2,2026_02_DET_BUF,2026-09-17,00-0039065,Sam LaPorta,sam laporta,DET,BUF,TE,TE SECONDARY,player_receptions,Receptions,DraftKings,draftkings,4.5,UNDER,-134.0,3.6,1.8,-0.9,75.5,0.691462461274013,0.308537538725987,0.691462461274013,0.4599960684096717,0.5400039315903282,-0.1514585296836847,0.1514585296836847,15.1,0.1514585296836847,15.15,28.6,C,,PENDING,,0.746268656716418,
4fc7d0d69b68c52c0bde6e5ae17cec37,2026-09-16 11:44:38,2026,2,2026_02_DET_BUF,2026-09-17,00-0039065,Sam LaPorta,sam laporta,DET,BUF,TE,TE SECONDARY,player_receptions,Receptions,FanDuel,fanduel,4.5,UNDER,-136.0,3.6,1.8,-0.9,75.5,0.691462461274013,0.308537538725987,0.691462461274013,0.4620927318295739,0.5379072681704261,-0.1535551931035869,0.1535551931035869,15.4,0.1535551931035869,15.36,28.8,C,,PENDING,,0.7352941176470589,
0ece6165c1861ef9000472fc6856ac6d,2026-09-16 11:44:38,2026,2,2026_02_PIT_NE,2026-09-20,00-0023459,Aaron Rodgers,aaron rodgers,PIT,NE,QB,QB STARTER,player_pass_interceptions,Interceptions,DraftKings,draftkings,0.5,UNDER,-140.0,0.0,0.65,-0.5,82.8,0.7791218362875403,0.2208781637124597,0.7791218362875403,0.449438202247191,0.550561797752809,-0.2285600385347312,0.2285600385347312,22.9,0.2285600385347312,22.86,34.8,C,,PENDING,,0.7142857142857143,
5d2c8369861084547932f00d492812c1,2026-09-16 11:44:38,2026,2,2026_02_PIT_NE,2026-09-20,00-0023459,Aaron Rodgers,aaron rodgers,PIT,NE,QB,QB STARTER,player_pass_tds,Pass TDs,FanDuel,fanduel,0.5,OVER,-245.0,1.21,0.85,0.71,82.8,0.7982239357034633,0.7982239357034633,0.2017760642965367,0.6637754604814345,0.3362245395185654,0.1344484752220287,-0.1344484752220286,13.4,0.1344484752220287,13.44,29.3,C,,PENDING,,0.40816326530612246,
7f4f4dc4d037bd5ee72c885bfe5158a9,2026-09-16 11:44:38,2026,2,2026_02_PIT_NE,2026-09-20,00-0023459,Aaron Rodgers,aaron rodgers,PIT,NE,QB,QB STARTER,player_pass_yds,Pass Yards,DraftKings,draftkings,207.5,UNDER,-111.0,194.9,42.88,-12.6,82.8,0.61556117059811,0.38443882940189,0.61556117059811,0.5021058838394474,0.4978941161605526,-0.1176670544375574,0.1176670544375573,11.8,0.1176670544375573,11.77,37.2,B,,PENDING,,0.9009009009009009,
c36a571c7960a9d410bc96f7c4f95194,2026-09-16 11:44:38,2026,2,2026_02_PIT_NE,2026-09-20,00-0023459,Aaron Rodgers,aaron rodgers,PIT,NE,QB,QB STARTER,player_pass_yds,Pass Yards,FanDuel,fanduel,206.5,UNDER,-114.0,194.9,42.88,-11.6,82.8,0.6066208021998499,0.39337919780015,0.6066208021998499,0.5,0.5,-0.1066208021998499,0.1066208021998499,10.7,0.1066208021998499,10.66,35.8,C,,PENDING,,0.8771929824561403,
7605864613330738cc1ca5640fd27ab5,2026-09-16 11:44:38,2026,2,2026_02_IND_KC,2026-09-20,00-0037664,Alec Pierce,alec pierce,IND,KC,WR,WR SECONDARY,player_reception_yds,Receiving Yards,DraftKings,draftkings,43.5,OVER,-112.0,48.0,18.24,4.5,68.6,0.5974338702406284,0.5974338702406284,0.4025661297593715,0.5,0.5,0.0974338702406284,-0.0974338702406284,9.7,0.0974338702406284,9.74,26.4,C,,PENDING,,0.8928571428571429,
76a73c3985d8702b1a8aa9130e84b9d3,2026-09-16 11:44:38,2026,2,2026_02_IND_KC,2026-09-20,00-0037664,Alec Pierce,alec pierce,IND,KC,WR,WR SECONDARY,player_reception_yds,Receiving Yards,FanDuel,fanduel,43.5,OVER,-114.0,48.0,18.24,4.5,68.6,0.5974338702406284,0.5974338702406284,0.4025661297593715,0.5,0.5,0.0974338702406284,-0.0974338702406284,9.7,0.0974338702406284,9.74,26.4,C,,PENDING,,0.8771929824561403,
48d5660f3429e5a346c699033dd76a30,2026-09-16 11:44:38,2026,2,2026_02_IND_KC,2026-09-20,00-0037664,Alec Pierce,alec pierce,IND,KC,WR,WR SECONDARY,player_receptions,Receptions,DraftKings,draftkings,2.5,UNDER,133.0,2.6,1.8,0.1,68.6,0.4778479356582178,0.5221520643417822,0.4778479356582178,0.5946554571385678,0.4053445428614322,-0.0725033927967856,0.0725033927967855,7.3,0.0725033927967855,7.25,21.6,D,,PENDING,,1.33,
785be9772435e672f74165b70ffd654a,2026-09-16 11:44:38,2026,2,2026_02_IND_KC,2026-09-20,00-0037664,Alec Pierce,alec pierce,IND,KC,WR,WR SECONDARY,player_receptions,Receptions,FanDuel,fanduel,2.5,UNDER,128.0,2.6,1.8,0.1,68.6,0.4778479356582178,0.5221520643417822,0.4778479356582178,0.5904601300891351,0.4095398699108648,-0.0683080657473529,0.0683080657473529,6.8,0.0683080657473529,6.83,21.3,D,,PENDING,,1.28,
e7e6ef4bcfa34c01ed8f45122ecd05a1,2026-09-16 11:44:38,2026,2,2026_02_LV_LAC,2026-09-20,00-0040122,Ashton Jeanty,ashton jeanty,LV,LAC,RB,RB LEAD,player_reception_yds,Receiving Yards,FanDuel,fanduel,28.5,UNDER,-114.0,21.3,18.0,-7.2,80.5,0.6554217416103241,0.3445782583896759,0.6554217416103241,0.5,0.5,-0.155421741610324,0.155421741610324,15.5,0.155421741610324,15.54,34.9,B,,PENDING,,0.8771929824561403,
ed79f00b8641a06305ef9ba5e81669e5,2026-09-16 11:44:38,2026,2,2026_02_LV_LAC,2026-09-20,00-0040122,Ashton Jeanty,ashton jeanty,LV,LAC,RB,RB LEAD,player_receptions,Receptions,FanDuel,fanduel,4.5,UNDER,-148.0,3.1,1.8,-1.4,80.5,0.7816499846386211,0.2183500153613788,0.7816499846386211,0.4414696667616063,0.5585303332383936,-0.2231196514002275,0.2231196514002275,22.3,0.2231196514002275,22.31,34.6,C,,PENDING,,0.6756756756756757,
0bab0d106eff596f9f0c2ce86d58a97c,2026-09-16 11:44:38,2026,2,2026_02_JAX_DEN,2026-09-20,00-0040719,Bhayshul Tuten,bhayshul tuten,JAX,DEN,RB,RB DEPTH,player_rush_yds,Rush Yards,DraftKings,draftkings,52.5,UNDER,-112.0,33.0,18.0,-19.5,71.3,0.8606697525503779,0.139330247449622,0.8606697525503779,0.5,0.5,-0.3606697525503779,0.3606697525503779,36.1,0.3606697525503779,36.07,54.1,B,,PENDING,,0.8928571428571429,
f638d8b069f25adc4b21fb2b622d9f8b,2026-09-16 11:44:38,2026,2,2026_02_JAX_DEN,2026-09-20,00-0040719,Bhayshul Tuten,bhayshul tuten,JAX,DEN,RB,RB DEPTH,player_rush_yds,Rush Yards,FanDuel,fanduel,51.5,UNDER,-114.0,33.0,18.0,-18.5,71.3,0.8479728141176333,0.1520271858823667,0.8479728141176333,0.5,0.5,-0.3479728141176332,0.3479728141176332,34.8,0.3479728141176332,34.8,52.6,B,,PENDING,,0.8771929824561403,
3d21b0d2539ac48dc28424424ac62064,2026-09-16 11:44:38,2026,2,2026_02_CAR_ATL,2026-09-20,00-0038542,Bijan Robinson,bijan robinson,ATL,CAR,RB,RB LEAD,player_reception_yds,Receiving Yards,FanDuel,fanduel,42.5,OVER,-114.0,45.5,18.0,3.0,82.1,0.5661838326109037,0.5661838326109037,0.4338161673890963,0.5,0.5,0.0661838326109036,-0.0661838326109036,6.6,0.0661838326109036,6.62,26.7,D,,PENDING,,0.8771929824561403,
bc4ae5271e42dcaf28fb9c461a3cad2d,2026-09-16 11:44:38,2026,2,2026_02_CAR_ATL,2026-09-20,00-0038542,Bijan Robinson,bijan robinson,ATL,CAR,RB,RB LEAD,player_receptions,Receptions,FanDuel,fanduel,4.5,UNDER,116.0,4.5,1.8,0.0,82.1,0.5,0.5,0.5,0.5670257738988136,0.4329742261011864,-0.0670257738988135,0.0670257738988135,6.7,0.0670257738988135,6.7,24.5,D,,PENDING,,1.16,
80d72b6527580726b6bb7e26be981232,2026-09-16 11:44:38,2026,2,2026_02_CAR_ATL,2026-09-20,00-0038542,Bijan Robinson,bijan robinson,ATL,CAR,RB,RB LEAD,player_rush_yds,Rush Yards,FanDuel,fanduel,84.5,OVER,-114.0,95.9,33.56,11.4,82.1,0.6329550437616328,0.6329550437616328,0.3670449562383672,0.5,0.5,0.1329550437616328,-0.1329550437616328,13.3,0.1329550437616328,13.3,37.1,B,,PENDING,,0.8771929824561403,
160acd4fff9ee97d2ef7ee0ce4e282eb,2026-09-16 11:44:38,2026,2,2026_02_JAX_DEN,2026-09-20,00-0039732,Bo Nix,bo nix,DEN,JAX,QB,QB STARTER,player_pass_interceptions,Interceptions,DraftKings,draftkings,0.5,UNDER,-130.0,0.0,0.65,-0.5,82.4,0.7791218362875403,0.2208781637124597,0.7791218362875403,0.4669102720259846,0.5330897279740154,-0.2460321083135249,0.2460321083135248,24.6,0.2460321083135248,24.6,35.7,C,,PENDING,,0.7692307692307693,
1c33c99e6d427d53a22c6e1d07c1e7be,2026-09-16 11:44:38,2026,2,2026_02_JAX_DEN,2026-09-20,00-0039732,Bo Nix,bo nix,DEN,JAX,QB,QB STARTER,player_pass_tds,Pass TDs,DraftKings,draftkings,1.5,UNDER,-125.0,1.24,0.85,-0.26,82.4,0.6201528886484627,0.3798471113515372,0.6201528886484627,0.4761410788381742,0.5238589211618258,-0.0962939674866369,0.0962939674866369,9.6,0.0962939674866369,9.63,26.6,C,,PENDING,,0.8,
a41bba8e3a6a8335a4090797245dfaec,2026-09-16 11:44:38,2026,2,2026_02_JAX_DEN,2026-09-20,00-0039732,Bo Nix,bo nix,DEN,JAX,QB,QB STARTER,player_pass_yds,Pass Yards,DraftKings,draftkings,222.5,UNDER,-112.0,201.3,44.29,-21.2,82.4,0.6839109304244539,0.316089069575546,0.6839109304244539,0.5,0.5,-0.1839109304244539,0.1839109304244539,18.4,0.1839109304244539,18.39,47.5,A,,PENDING,,0.8928571428571429,
05d2881d10eb53f8df78b56ea300f209,2026-09-16 11:44:38,2026,2,2026_02_JAX_DEN,2026-09-20,00-0039732,Bo Nix,bo nix,DEN,JAX,QB,QB STARTER,player_pass_yds,Pass Yards,FanDuel,fanduel,220.5,UNDER,-114.0,201.3,44.29,-19.2,82.4,0.6676765538686544,0.3323234461313455,0.6676765538686544,0.5,0.5,-0.1676765538686544,0.1676765538686544,16.8,0.1676765538686544,16.77,45.1,A,,PENDING,,0.8771929824561403,
34d8bfc790db5f989414034f5dee59e7,2026-09-16 11:44:38,2026,2,2026_02_GB_NYJ,2026-09-20,00-0038120,Breece Hall,breece hall,NYJ,GB,RB,RB LEAD,player_rush_yds,Rush Yards,DraftKings,draftkings,68.5,OVER,-113.0,74.3,26.0,5.8,81.1,0.5882621807289575,0.5882621807289575,0.4117378192710424,0.5021058838394474,0.4978941161605526,0.0861562968895101,-0.0861562968895101,8.6,0.0861562968895101,8.62,29.8,C,,PENDING,,0.8849557522123894,
1b3ad46663fb15651bc8561889e25343,2026-09-16 11:44:38,2026,2,2026_02_GB_NYJ,2026-09-20,00-0038120,Breece Hall,breece hall,NYJ,GB,RB,RB LEAD,player_rush_yds,Rush Yards,FanDuel,fanduel,68.5,OVER,-114.0,74.3,26.0,5.8,81.1,0.5882621807289575,0.5882621807289575,0.4117378192710424,0.5,0.5,0.0882621807289575,-0.0882621807289575,8.8,0.0882621807289575,8.83,29.9,C,,PENDING,,0.8771929824561403,
cec4ea55c29346237e62733ad1a7e714,2026-09-16 11:44:38,2026,2,2026_02_MIA_SF,2026-09-20,00-0037834,Brock Purdy,brock purdy,SF,MIA,QB,QB STARTER,player_pass_tds,Pass TDs,FanDuel,fanduel,1.5,OVER,-192.0,2.05,1.13,0.55,80.6,0.686773622112208,0.686773622112208,0.3132263778877919,0.6140833157115669,0.3859166842884331,0.0726903064006411,-0.0726903064006411,7.3,0.0726903064006411,7.27,24.9,D,,PENDING,,0.5208333333333334,
8319e5df9681881ef8132050ab683921,2026-09-16 11:44:38,2026,2,2026_02_MIA_SF,2026-09-20,00-0037834,Brock Purdy,brock purdy,SF,MIA,QB,QB STARTER,player_pass_yds,Pass Yards,FanDuel,fanduel,238.5,UNDER,-114.0,209.3,46.05,-29.2,80.6,0.7369900575360956,0.2630099424639044,0.7369900575360956,0.5,0.5,-0.2369900575360956,0.2369900575360956,23.7,0.2369900575360956,23.7,56.3,A,,PENDING,,0.8771929824561403,
62b07cf81e7a96f651a07a7f38c774e5,2026-09-16 11:44:38,2026,2,2026_02_CIN_HOU,2026-09-20,00-0039163,C.J. Stroud,cj stroud,HOU,CIN,QB,QB STARTER,player_pass_tds,Pass TDs,DraftKings,draftkings,1.5,UNDER,-101.0,1.25,0.85,-0.25,84.9,0.6156659967195957,0.3843340032804043,0.6156659967195957,0.5259594617046021,0.4740405382953979,-0.1416254584241977,0.1416254584241977,14.2,0.1416254584241977,14.16,29.9,C,,PENDING,,0.9900990099009901,
10a75352fc95adc963eaa9e1d0598a2e,2026-09-16 11:44:38,2026,2,2026_02_CIN_HOU,2026-09-20,00-0039163,C.J. Stroud,cj stroud,HOU,CIN,QB,QB STARTER,player_pass_tds,Pass TDs,FanDuel,fanduel,1.5,UNDER,-122.0,1.25,0.85,-0.25,84.9,0.6156659967195957,0.3843340032804043,0.6156659967195957,0.485816177662506,0.5141838223374939,-0.1014821743821017,0.1014821743821017,10.1,0.1014821743821017,10.15,27.5,C,,PENDING,,0.819672131147541,
b7b3daeba9ad855af8dee0e3067fcad6,2026-09-16 11:44:38,2026,2,2026_02_MIN_CHI,2026-09-20,00-0039918,Caleb Williams,caleb williams,CHI,MIN,QB,QB STARTER,player_pass_interceptions,Interceptions,DraftKings,draftkings,0.5,UNDER,-153.0,0.0,0.65,-0.5,84.2,0.7791218362875403,0.2208781637124597,0.7791218362875403,0.4291044776119403,0.5708955223880597,-0.2082263138994806,0.2082263138994805,20.8,0.2082263138994805,20.82,33.9,C,,PENDING,,0.6535947712418301,
5fb159bd6168965a925533e17c1af80d,2026-09-16 11:44:38,2026,2,2026_02_MIN_CHI,2026-09-20,00-0039918,Caleb Williams,caleb williams,CHI,MIN,QB,QB STARTER,player_pass_tds,Pass TDs,DraftKings,draftkings,1.5,UNDER,109.0,1.39,0.85,-0.11,84.2,0.5514840804641298,0.4485159195358702,0.5514840804641298,0.5486393080395082,0.4513606919604917,-0.100123388503638,0.100123388503638,10.0,0.100123388503638,10.01,27.1,C,,PENDING,,1.09,
06bf550798f3b4b0bd2921ed5946c4cd,2026-09-16 11:44:38,2026,2,2026_02_MIN_CHI,2026-09-20,00-0039918,Caleb Williams,caleb williams,CHI,MIN,QB,QB STARTER,player_pass_tds,Pass TDs,FanDuel,fanduel,1.5,UNDER,108.0,1.39,0.85,-0.11,84.2,0.5514840804641298,0.4485159195358702,0.5514840804641298,0.5510744774801295,0.4489255225198704,-0.1025585579442592,0.1025585579442593,10.3,0.1025585579442593,10.26,27.3,C,,PENDING,,1.08,
25cf10cdbd7dfcde84db1d9149f8e5ff,2026-09-16 11:44:38,2026,2,2026_02_MIN_CHI,2026-09-20,00-0039918,Caleb Williams,caleb williams,CHI,MIN,QB,QB STARTER,player_pass_yds,Pass Yards,DraftKings,draftkings,227.5,OVER,-112.0,235.4,51.79,7.9,84.2,0.5606191231299072,0.5606191231299072,0.4393808768700927,0.5,0.5,0.0606191231299072,-0.0606191231299072,6.1,0.0606191231299072,6.06,30.6,D,,PENDING,,0.8928571428571429,
e76e7fb360207ecb3b575490a2eded68,2026-09-16 11:44:38,2026,2,2026_02_MIN_CHI,2026-09-20,00-0039918,Caleb Williams,caleb williams,CHI,MIN,QB,QB STARTER,player_pass_yds,Pass Yards,FanDuel,fanduel,225.5,OVER,-114.0,235.4,51.79,9.9,84.2,0.5757985452565515,0.5757985452565515,0.4242014547434485,0.5,0.5,0.0757985452565515,-0.0757985452565515,7.6,0.0757985452565515,7.58,33.0,D,,PENDING,,0.8771929824561403,
aafb2d1d0b17dd18358100da31057c62,2026-09-16 11:44:38,2026,2,2026_02_PHI_TEN,2026-09-20,00-0040676,Cam Ward,cam ward,TEN,PHI,QB,QB STARTER,player_pass_yds,Pass Yards,DraftKings,draftkings,189.5,UNDER,-112.0,154.4,38.0,-35.1,83.5,0.8221746223856836,0.1778253776143163,0.8221746223856836,0.5,0.5,-0.3221746223856836,0.3221746223856836,32.2,0.3221746223856836,32.22,66.5,A,,PENDING,,0.8928571428571429,
124d671d8351c23d1d54b3da0e5aed6a,2026-09-16 11:44:38,2026,2,2026_02_PHI_TEN,2026-09-20,00-0040676,Cam Ward,cam ward,TEN,PHI,QB,QB STARTER,player_pass_yds,Pass Yards,FanDuel,fanduel,188.5,UNDER,-114.0,154.4,38.0,-34.1,83.5,0.8152388212529715,0.1847611787470284,0.8152388212529715,0.5,0.5,-0.3152388212529715,0.3152388212529715,31.5,0.3152388212529715,31.52,65.4,A,,PENDING,,0.8771929824561403,
2581871dea7d9e4eb1e9eb89201bad32,2026-09-16 11:44:38,2026,2,2026_02_MIN_CHI,2026-09-20,00-0032950,Carson Wentz,carson wentz,MIN,CHI,QB,QB STARTER,player_pass_tds,Pass TDs,DraftKings,draftkings,1.5,OVER,135.0,1.55,0.85,0.05,74.5,0.5234536664262801,0.5234536664262801,0.4765463335737199,0.4022478556640048,0.5977521443359953,0.1212058107622753,-0.1212058107622754,12.1,0.1212058107622753,12.12,25.9,C,,PENDING,,1.35,
f3fb617f6b5bc2b88c937ac33e359350,2026-09-16 11:44:38,2026,2,2026_02_MIN_CHI,2026-09-20,00-0032950,Carson Wentz,carson wentz,MIN,CHI,QB,QB STARTER,player_pass_tds,Pass TDs,FanDuel,fanduel,1.5,OVER,136.0,1.55,0.85,0.05,74.5,0.5234536664262801,0.5234536664262801,0.4765463335737199,0.3945045243875524,0.6054954756124477,0.1289491420387276,-0.1289491420387277,12.9,0.1289491420387276,12.89,26.4,C,,PENDING,,1.36,
42fe21acaed0d43d0bcfffc2d0aba75b,2026-09-16 11:44:38,2026,2,2026_02_MIN_CHI,2026-09-20,00-0032950,Carson Wentz,carson wentz,MIN,CHI,QB,QB STARTER,player_pass_yds,Pass Yards,DraftKings,draftkings,212.5,OVER,-113.0,220.4,48.49,7.9,74.5,0.5647093629462812,0.5647093629462812,0.4352906370537188,0.5021058838394474,0.4978941161605526,0.0626034791068337,-0.0626034791068337,6.3,0.0626034791068337,6.26,28.3,D,,PENDING,,0.8849557522123894,
0bdd8314eec56357326cf120e7b3dd1b,2026-09-16 11:44:38,2026,2,2026_02_MIN_CHI,2026-09-20,00-0032950,Carson Wentz,carson wentz,MIN,CHI,QB,QB STARTER,player_pass_yds,Pass Yards,FanDuel,fanduel,212.5,OVER,-114.0,220.4,48.49,7.9,74.5,0.5647093629462812,0.5647093629462812,0.4352906370537188,0.5,0.5,0.0647093629462811,-0.0647093629462811,6.5,0.0647093629462811,6.47,28.4,D,,PENDING,,0.8771929824561403,
a061529788267cc72bcbdf70b2588eaa,2026-09-16 11:44:38,2026,2,2026_02_CIN_HOU,2026-09-20,00-0038597,Chase Brown,chase brown,CIN,HOU,RB,RB LEAD,player_rush_yds,Rush Yards,DraftKings,draftkings,58.5,UNDER,-112.0,53.1,18.58,-5.4,86.5,0.6143347905637713,0.3856652094362287,0.6143347905637713,0.5,0.5,-0.1143347905637712,0.1143347905637712,11.4,0.1143347905637712,11.43,32.5,B,,PENDING,,0.8928571428571429,
04e4436b0e84574906fb03a7f5aaa19e,2026-09-16 11:44:38,2026,2,2026_02_CIN_HOU,2026-09-20,00-0038597,Chase Brown,chase brown,CIN,HOU,RB,RB LEAD,player_rush_yds,Rush Yards,FanDuel,fanduel,57.5,UNDER,-114.0,53.1,18.58,-4.4,86.5,0.5935993689704224,0.4064006310295776,0.5935993689704224,0.5,0.5,-0.0935993689704224,0.0935993689704224,9.4,0.0935993689704224,9.36,30.5,C,,PENDING,,0.8771929824561403,
8f64c9b01e42603e451504a0ade0e68e,2026-09-16 11:44:38,2026,2,2026_02_NO_BAL,2026-09-20,00-0037239,Chris Olave,chris olave,NO,BAL,WR,WR PRIMARY,player_reception_yds,Receiving Yards,DraftKings,draftkings,70.5,OVER,-111.0,93.8,35.64,23.3,78.2,0.7433667217956754,0.7433667217956754,0.2566332782043246,0.4978941161605526,0.5021058838394474,0.2454726056351228,-0.2454726056351228,24.5,0.2454726056351228,24.55,51.8,A,,PENDING,,0.9009009009009009,
af33b3c7dbce55fe57ed2fea8a021362,2026-09-16 11:44:38,2026,2,2026_02_NO_BAL,2026-09-20,00-0037239,Chris Olave,chris olave,NO,BAL,WR,WR PRIMARY,player_reception_yds,Receiving Yards,FanDuel,fanduel,69.5,OVER,-114.0,93.8,35.64,24.3,78.2,0.7523230370047824,0.7523230370047824,0.2476769629952175,0.5,0.5,0.2523230370047824,-0.2523230370047824,25.2,0.2523230370047824,25.23,52.9,A,,PENDING,,0.8771929824561403,
25f23d7b9ccb8627c2ed4c5349d50efd,2026-09-16 11:44:38,2026,2,2026_02_NO_BAL,2026-09-20,00-0037239,Chris Olave,chris olave,NO,BAL,WR,WR PRIMARY,player_receptions,Receptions,DraftKings,draftkings,5.5,OVER,-143.0,6.7,2.55,1.2,78.2,0.6810325947045215,0.6810325947045215,0.3189674052954785,0.5550754357697378,0.4449245642302622,0.1259571589347836,-0.1259571589347837,12.6,0.1259571589347836,12.6,28.0,C,,PENDING,,0.6993006993006993,
af887f5bb6f53e02ed8c270915270700,2026-09-16 11:44:38,2026,2,2026_02_NO_BAL,2026-09-20,00-0037239,Chris Olave,chris olave,NO,BAL,WR,WR PRIMARY,player_receptions,Receptions,FanDuel,fanduel,5.5,OVER,-118.0,6.7,2.55,1.2,78.2,0.6810325947045215,0.6810325947045215,0.3189674052954785,0.5060689431946916,0.4939310568053083,0.1749636515098298,-0.1749636515098298,17.5,0.1749636515098298,17.5,30.9,C,,PENDING,,0.847457627118644,
e6a07c802f7186b049012508513c2007,2026-09-16 11:44:38,2026,2,2026_02_MIA_SF,2026-09-20,00-0033280,Christian McCaffrey,christian mccaffrey,SF,MIA,RB,RB LEAD,player_reception_yds,Receiving Yards,FanDuel,fanduel,42.5,OVER,-114.0,49.5,18.81,7.0,82.5,0.6451066142667269,0.6451066142667269,0.3548933857332731,0.5,0.5,0.1451066142667268,-0.1451066142667268,14.5,0.1451066142667268,14.51,34.6,B,,PENDING,,0.8771929824561403,
111a5346e22da76dc3e0b6d18595570c,2026-09-16 11:44:38,2026,2,2026_02_MIA_SF,2026-09-20,00-0033280,Christian McCaffrey,christian mccaffrey,SF,MIA,RB,RB LEAD,player_receptions,Receptions,FanDuel,fanduel,4.5,OVER,-148.0,6.3,2.39,1.8,82.5,0.7743165268427581,0.7743165268427581,0.2256834731572419,0.5585303332383936,0.4414696667616063,0.2157861936043644,-0.2157861936043644,21.6,0.2157861936043644,21.58,34.9,C,,PENDING,,0.6756756756756757,
e7b5def1ac7f975fbedac3e8ab6545be,2026-09-16 11:44:38,2026,2,2026_02_GB_NYJ,2026-09-20,00-0038124,Christian Watson,christian watson,GB,NYJ,WR,WR SECONDARY,player_reception_yds,Receiving Yards,DraftKings,draftkings,60.5,OVER,-110.0,67.8,25.76,7.3,70.8,0.6115591729141503,0.6115591729141503,0.3884408270858497,0.495787700084246,0.5042122999157539,0.1157714728299043,-0.1157714728299041,11.6,0.1157714728299043,11.58,30.1,B,,PENDING,,0.9090909090909091,
810d2c3ffa01348fa7ca0d6f815e2e8b,2026-09-16 11:44:38,2026,2,2026_02_GB_NYJ,2026-09-20,00-0038124,Christian Watson,christian watson,GB,NYJ,WR,WR SECONDARY,player_reception_yds,Receiving Yards,FanDuel,fanduel,61.5,OVER,-114.0,67.8,25.76,6.3,70.8,0.5966034506148253,0.5966034506148253,0.4033965493851746,0.5,0.5,0.0966034506148253,-0.0966034506148253,9.7,0.0966034506148253,9.66,28.2,C,,PENDING,,0.8771929824561403,
a64232a906e2526157136d846b1cb7be,2026-09-16 11:44:38,2026,2,2026_02_GB_NYJ,2026-09-20,00-0038124,Christian Watson,christian watson,GB,NYJ,WR,WR SECONDARY,player_receptions,Receptions,DraftKings,draftkings,4.5,UNDER,-163.0,3.6,1.8,-0.9,70.8,0.691462461274013,0.308537538725987,0.691462461274013,0.4154752689530971,0.584524731046903,-0.1069377302271101,0.10693773022711,10.7,0.10693773022711,10.69,24.8,C,,PENDING,,0.6134969325153374,
929a07dca778f7dedf7d5505e4f7d321,2026-09-16 11:44:38,2026,2,2026_02_GB_NYJ,2026-09-20,00-0038124,Christian Watson,christian watson,GB,NYJ,WR,WR SECONDARY,player_receptions,Receptions,FanDuel,fanduel,4.5,UNDER,-180.0,3.6,1.8,-0.9,70.8,0.691462461274013,0.308537538725987,0.691462461274013,0.3993154592127781,0.600684540787222,-0.0907779204867911,0.090777920486791,9.1,0.090777920486791,9.08,23.8,C,,PENDING,,0.5555555555555556,
fcd62d0f86399e4343e30811239dd8ab,2026-09-16 11:44:38,2026,2,2026_02_MIN_CHI,2026-09-20,00-0040126,Colston Loveland,colston loveland,CHI,MIN,TE,TE SECONDARY,player_reception_yds,Receiving Yards,DraftKings,draftkings,48.5,UNDER,-111.0,43.9,18.0,-4.6,69.8,0.600852979764008,0.399147020235992,0.600852979764008,0.5021058838394474,0.4978941161605526,-0.1029588636034554,0.1029588636034553,10.3,0.1029588636034553,10.3,27.1,C,,PENDING,,0.9009009009009009,
d0cb676939084b9ef1820fe520032969,2026-09-16 11:44:38,2026,2,2026_02_MIN_CHI,2026-09-20,00-0040126,Colston Loveland,colston loveland,CHI,MIN,TE,TE SECONDARY,player_receptions,Receptions,DraftKings,draftkings,4.5,UNDER,-131.0,3.1,1.8,-1.4,69.8,0.7816499846386211,0.2183500153613788,0.7816499846386211,0.4648542048175799,0.53514579518242,-0.246504189456201,0.2465041894562011,24.7,0.2465041894562011,24.65,33.3,C,,PENDING,,0.7633587786259542,
e64cb22cda7048cbb46fb25d363ab708,2026-09-16 11:44:38,2026,2,2026_02_MIN_CHI,2026-09-20,00-0040126,Colston Loveland,colston loveland,CHI,MIN,TE,TE SECONDARY,player_receptions,Receptions,FanDuel,fanduel,4.5,UNDER,-136.0,3.1,1.8,-1.4,69.8,0.7816499846386211,0.2183500153613788,0.7816499846386211,0.4620927318295739,0.5379072681704261,-0.243742716468195,0.243742716468195,24.4,0.243742716468195,24.37,33.1,C,,PENDING,,0.7352941176470589,
ed6cc68aa5b51978283c768e8f8cd2d6,2026-09-16 11:44:38,2026,2,2026_02_JAX_DEN,2026-09-20,00-0034348,Courtland Sutton,courtland sutton,DEN,JAX,WR,WR PRIMARY,player_reception_yds,Receiving Yards,DraftKings,draftkings,42.5,OVER,-114.0,47.6,18.09,5.1,70.0,0.610998997478078,0.610998997478078,0.389001002521922,0.5042122999157539,0.495787700084246,0.106786697562324,-0.1067866975623239,10.7,0.106786697562324,10.68,27.7,C,,PENDING,,0.8771929824561403,
72044c65f0b185330fec05afad894226,2026-09-16 11:44:38,2026,2,2026_02_JAX_DEN,2026-09-20,00-0034348,Courtland Sutton,courtland sutton,DEN,JAX,WR,WR PRIMARY,player_reception_yds,Receiving Yards,FanDuel,fanduel,41.5,OVER,-114.0,47.6,18.09,6.1,70.0,0.6320180147418203,0.6320180147418203,0.3679819852581797,0.5,0.5,0.1320180147418203,-0.1320180147418203,13.2,0.1320180147418203,13.2,30.0,B,,PENDING,,0.8771929824561403,
8f97de25b17be565ade3eafc5654d376,2026-09-16 11:44:38,2026,2,2026_02_JAX_DEN,2026-09-20,00-0034348,Courtland Sutton,courtland sutton,DEN,JAX,WR,WR PRIMARY,player_receptions,Receptions,DraftKings,draftkings,3.5,OVER,-117.0,4.0,1.8,0.5,70.0,0.609408524566425,0.609408524566425,0.390591475433575,0.5083149711054754,0.4916850288945246,0.1010935534609496,-0.1010935534609496,10.1,0.1010935534609496,10.11,23.9,C,,PENDING,,0.8547008547008547,
642132f3509777df4014d8c02f8b0676,2026-09-16 11:44:38,2026,2,2026_02_JAX_DEN,2026-09-20,00-0034348,Courtland Sutton,courtland sutton,DEN,JAX,WR,WR PRIMARY,player_receptions,Receptions,FanDuel,fanduel,3.5,OVER,-106.0,4.0,1.8,0.5,70.0,0.609408524566425,0.609408524566425,0.390591475433575,0.4808467741935484,0.5191532258064516,0.1285617503728766,-0.1285617503728766,12.9,0.1285617503728766,12.86,25.6,C,,PENDING,,0.9433962264150944,
84da696cb63068309f7ab50c46f5c09d,2026-09-16 11:44:38,2026,2,2026_02_MIN_CHI,2026-09-20,00-0036275,D'Andre Swift,dandre swift,CHI,MIN,RB,RB LEAD,player_rush_yds,Rush Yards,DraftKings,draftkings,61.5,OVER,-114.0,68.7,24.04,7.2,77.6,0.6177210313282848,0.6177210313282848,0.3822789686717152,0.5042122999157539,0.495787700084246,0.1135087314125309,-0.1135087314125308,11.4,0.1135087314125309,11.35,31.6,B,,PENDING,,0.8771929824561403,
041695b088ff94b2284833de80c6b468,2026-09-16 11:44:38,2026,2,2026_02_MIN_CHI,2026-09-20,00-0036275,D'Andre Swift,dandre swift,CHI,MIN,RB,RB LEAD,player_rush_yds,Rush Yards,FanDuel,fanduel,60.5,OVER,-114.0,68.7,24.04,8.2,77.6,0.6334851604748892,0.6334851604748892,0.3665148395251107,0.5,0.5,0.1334851604748892,-0.1334851604748892,13.3,0.1334851604748892,13.35,33.6,B,,PENDING,,0.8771929824561403,
bb375da626096e1a7d6345e06bb975c2,2026-09-16 11:44:38,2026,2,2026_02_WAS_DAL,2026-09-20,00-0033077,Dak Prescott,dak prescott,DAL,WAS,QB,QB STARTER,player_pass_yds,Pass Yards,DraftKings,draftkings,266.5,UNDER,-113.0,255.9,56.3,-10.6,83.2,0.574670276979204,0.4253297230207959,0.574670276979204,0.4978941161605526,0.5021058838394474,-0.0725643931397566,0.0725643931397566,7.3,0.0725643931397566,7.26,33.1,D,,PENDING,,0.8849557522123894,
1fc8df03f53e3c67ee2a2207afeb0b83,2026-09-16 11:44:38,2026,2,2026_02_CIN_HOU,2026-09-20,00-0034383,Dalton Schultz,dalton schultz,HOU,CIN,TE,TE SECONDARY,player_reception_yds,Receiving Yards,DraftKings,draftkings,37.5,OVER,-109.0,42.4,18.0,4.9,71.2,0.6072744220183162,0.6072744220183162,0.3927255779816838,0.4936802190857384,0.5063197809142617,0.1135942029325777,-0.1135942029325778,11.4,0.1135942029325777,11.36,28.3,C,,PENDING,,0.9174311926605505,
54500f9483335d782903c83fc15ea626,2026-09-16 11:44:38,2026,2,2026_02_CIN_HOU,2026-09-20,00-0034383,Dalton Schultz,dalton schultz,HOU,CIN,TE,TE SECONDARY,player_reception_yds,Receiving Yards,FanDuel,fanduel,37.5,OVER,-114.0,42.4,18.0,4.9,71.2,0.6072744220183162,0.6072744220183162,0.3927255779816838,0.5,0.5,0.1072744220183161,-0.1072744220183161,10.7,0.1072744220183161,10.73,27.9,C,,PENDING,,0.8771929824561403,
84e33f43ce16eb63841e367e8693d0ae,2026-09-16 11:44:38,2026,2,2026_02_CIN_HOU,2026-09-20,00-0034383,Dalton Schultz,dalton schultz,HOU,CIN,TE,TE SECONDARY,player_receptions,Receptions,DraftKings,draftkings,3.5,OVER,-127.0,4.5,1.8,1.0,71.2,0.710742639246028,0.710742639246028,0.289257360753972,0.528066528066528,0.4719334719334718,0.1826761111795,-0.1826761111794998,18.3,0.1826761111795,18.27,29.5,C,,PENDING,,0.7874015748031497,
9be56e9cd1d7f078ac9e2c54e0a8485f,2026-09-16 11:44:38,2026,2,2026_02_CIN_HOU,2026-09-20,00-0034383,Dalton Schultz,dalton schultz,HOU,CIN,TE,TE SECONDARY,player_receptions,Receptions,FanDuel,fanduel,3.5,OVER,-144.0,4.5,1.8,1.0,71.2,0.710742639246028,0.710742639246028,0.289257360753972,0.5510744774801295,0.4489255225198704,0.1596681617658985,-0.1596681617658984,16.0,0.1596681617658985,15.97,28.1,C,,PENDING,,0.6944444444444444,
cd035ec1389f770902c49bab7d0e9984,2026-09-16 11:44:38,2026,2,2026_02_IND_KC,2026-09-20,00-0035710,Daniel Jones,daniel jones,IND,KC,QB,QB STARTER,player_pass_interceptions,Interceptions,DraftKings,draftkings,0.5,UNDER,-107.0,0.0,0.65,-0.5,82.6,0.7791218362875403,0.2208781637124597,0.7791218362875403,0.512482836100362,0.487517163899638,-0.2916046723879023,0.2916046723879023,29.2,0.2916046723879023,29.16,38.5,C,,PENDING,,0.9345794392523364,
348564b53e983ff0bd995aa5e3b0ab08,2026-09-16 11:44:38,2026,2,2026_02_IND_KC,2026-09-20,00-0035710,Daniel Jones,daniel jones,IND,KC,QB,QB STARTER,player_pass_tds,Pass TDs,DraftKings,draftkings,1.5,UNDER,-198.0,1.07,0.85,-0.43,82.6,0.6935303793032707,0.3064696206967293,0.6935303793032707,0.3720721170653748,0.6279278829346252,-0.0656024963686455,0.0656024963686454,6.6,0.0656024963686454,6.56,24.9,D,,PENDING,,0.5050505050505051,
5955a6eba7372580fbe0349955ca1c27,2026-09-16 11:44:38,2026,2,2026_02_IND_KC,2026-09-20,00-0035710,Daniel Jones,daniel jones,IND,KC,QB,QB STARTER,player_pass_yds,Pass Yards,DraftKings,draftkings,217.5,UNDER,-112.0,189.4,41.67,-28.1,82.6,0.749954333967261,0.250045666032739,0.749954333967261,0.5,0.5,-0.2499543339672609,0.2499543339672609,25.0,0.2499543339672609,25.0,56.7,A,,PENDING,,0.8928571428571429,
abb95436093fffcf33b9182e608b7547,2026-09-16 11:44:38,2026,2,2026_02_IND_KC,2026-09-20,00-0035710,Daniel Jones,daniel jones,IND,KC,QB,QB STARTER,player_pass_yds,Pass Yards,FanDuel,fanduel,218.5,UNDER,-114.0,189.4,41.67,-29.1,82.6,0.7575189970891664,0.2424810029108336,0.7575189970891664,0.5,0.5,-0.2575189970891663,0.2575189970891663,25.8,0.2575189970891663,25.75,57.9,A,,PENDING,,0.8771929824561403,
55c67e51ef61a325b38a9d30c4b13e26,2026-09-16 11:44:38,2026,2,2026_02_CIN_HOU,2026-09-20,00-0035685,David Montgomery,david montgomery,HOU,CIN,RB,RB ROTATION,player_rush_yds,Rush Yards,DraftKings,draftkings,66.5,UNDER,-114.0,50.2,18.0,-16.3,72.0,0.8174144289891052,0.1825855710108948,0.8174144289891052,0.495787700084246,0.5042122999157539,-0.3132021290733512,0.3132021290733513,31.3,0.3132021290733513,31.32,49.0,B,,PENDING,,0.8771929824561403,
f97e50e80c389a291e92b088f3a64a1d,2026-09-16 11:44:38,2026,2,2026_02_CIN_HOU,2026-09-20,00-0035685,David Montgomery,david montgomery,HOU,CIN,RB,RB ROTATION,player_rush_yds,Rush Yards,FanDuel,fanduel,66.5,UNDER,-114.0,50.2,18.0,-16.3,72.0,0.8174144289891052,0.1825855710108948,0.8174144289891052,0.5,0.5,-0.3174144289891052,0.3174144289891052,31.7,0.3174144289891052,31.74,49.3,B,,PENDING,,0.8771929824561403,
2fa60cbfc3990939108975f73a01bf28,2026-09-16 11:44:38,2026,2,2026_02_MIA_SF,2026-09-20,00-0039040,De'Von Achane,devon achane,MIA,SF,RB,RB LEAD,player_receptions,Receptions,FanDuel,fanduel,4.5,UNDER,-168.0,3.8,1.8,-0.7,84.2,0.6513208290612621,0.3486791709387379,0.6513208290612621,0.4137845849802372,0.5862154150197628,-0.0651054140414992,0.0651054140414992,6.5,0.0651054140414992,6.51,25.5,D,,PENDING,,0.5952380952380952,
ad3e7e750073bfd9cd427259759243dd,2026-09-16 11:44:38,2026,2,2026_02_MIA_SF,2026-09-20,00-0039040,De'Von Achane,devon achane,MIA,SF,RB,RB LEAD,player_rush_yds,Rush Yards,FanDuel,fanduel,54.5,OVER,-114.0,69.6,24.36,15.1,84.2,0.7323278622137255,0.7323278622137255,0.2676721377862745,0.5,0.5,0.2323278622137254,-0.2323278622137254,23.2,0.2323278622137254,23.23,46.3,A,,PENDING,,0.8771929824561403,
56ab95e1df603d1e4bfa33374101ac19,2026-09-16 11:44:38,2026,2,2026_02_PHI_TEN,2026-09-20,00-0036912,DeVonta Smith,devonta smith,PHI,TEN,WR,WR SECONDARY,player_reception_yds,Receiving Yards,DraftKings,draftkings,60.5,OVER,-113.0,64.7,24.59,4.2,71.4,0.5678099331503401,0.5678099331503401,0.4321900668496599,0.5021058838394474,0.4978941161605526,0.0657040493108926,-0.0657040493108927,6.6,0.0657040493108926,6.57,24.9,D,,PENDING,,0.8849557522123894,
0c197ef8098489d536b547aa9c2ed2b0,2026-09-16 11:44:38,2026,2,2026_02_PHI_TEN,2026-09-20,00-0036912,DeVonta Smith,devonta smith,PHI,TEN,WR,WR SECONDARY,player_reception_yds,Receiving Yards,FanDuel,fanduel,60.5,OVER,-114.0,64.7,24.59,4.2,71.4,0.5678099331503401,0.5678099331503401,0.4321900668496599,0.5,0.5,0.0678099331503401,-0.0678099331503401,6.8,0.0678099331503401,6.78,25.1,D,,PENDING,,0.8771929824561403,
f2c00de073677a8c7cc6ac361cfc7021,2026-09-16 11:44:38,2026,2,2026_02_MIA_SF,2026-09-20,00-0032775,Demarcus Robinson,demarcus robinson,SF,MIA,WR,WR DEPTH,player_reception_yds,Receiving Yards,FanDuel,fanduel,24.5,OVER,-114.0,30.8,18.0,6.3,66.3,0.6368306511756191,0.6368306511756191,0.3631693488243809,0.5,0.5,0.1368306511756191,-0.1368306511756191,13.7,0.1368306511756191,13.68,29.5,C,,PENDING,,0.8771929824561403,
c260dc0edc0e3ef5bafe931984bb6d7a,2026-09-16 11:44:38,2026,2,2026_02_MIA_SF,2026-09-20,00-0032775,Demarcus Robinson,demarcus robinson,SF,MIA,WR,WR DEPTH,player_receptions,Receptions,FanDuel,fanduel,1.5,OVER,-128.0,2.0,1.8,0.5,66.3,0.609408524566425,0.609408524566425,0.390591475433575,0.5240847784200385,0.4759152215799614,0.0853237461463864,-0.0853237461463864,8.5,0.0853237461463864,8.53,22.1,C,,PENDING,,0.78125,
b6e1b5c7c2169af11653cae85a2a8677,2026-09-16 11:44:38,2026,2,2026_02_NO_BAL,2026-09-20,00-0032764,Derrick Henry,derrick henry,BAL,NO,RB,RB LEAD,player_rush_yds,Rush Yards,DraftKings,draftkings,88.5,OVER,-112.0,107.9,37.76,19.4,81.0,0.6962940124142623,0.6962940124142623,0.3037059875857377,0.5,0.5,0.1962940124142622,-0.1962940124142622,19.6,0.1962940124142622,19.63,46.6,A,,PENDING,,0.8928571428571429,
e43e80f4ee8b5174df334afef952fcfb,2026-09-16 11:44:38,2026,2,2026_02_NO_BAL,2026-09-20,00-0032764,Derrick Henry,derrick henry,BAL,NO,RB,RB LEAD,player_rush_yds,Rush Yards,FanDuel,fanduel,88.5,OVER,-114.0,107.9,37.76,19.4,81.0,0.6962940124142623,0.6962940124142623,0.3037059875857377,0.5,0.5,0.1962940124142622,-0.1962940124142622,19.6,0.1962940124142622,19.63,46.6,A,,PENDING,,0.8771929824561403,
080dddb2ce99d1b0e078d42efe07afa9,2026-09-16 11:44:38,2026,2,2026_02_NO_BAL,2026-09-20,00-0039424,Devaughn Vele,devaughn vele,NO,BAL,WR,WR SECONDARY,player_receptions,Receptions,DraftKings,draftkings,3.5,OVER,-108.0,3.9,1.8,0.4,70.7,0.5879295521290574,0.5879295521290574,0.4120704478709426,0.4896023956080519,0.510397604391948,0.0983271565210054,-0.0983271565210054,9.8,0.0983271565210054,9.83,23.9,C,,PENDING,,0.9259259259259259,
bf58dfcd7133579fe564c1cd25a49dd4,2026-09-16 11:44:38,2026,2,2026_02_PIT_NE,2026-09-20,00-0039851,Drake Maye,drake maye,NE,PIT,QB,QB STARTER,player_pass_interceptions,Interceptions,DraftKings,draftkings,0.5,UNDER,-148.0,0.0,0.65,-0.5,82.5,0.7791218362875403,0.2208781637124597,0.7791218362875403,0.4368658399098084,0.5631341600901917,-0.2159876761973486,0.2159876761973486,21.6,0.2159876761973486,21.6,34.0,C,,PENDING,,0.6756756756756757,
41e94f19d2ab3a5393e22582d43774d1,2026-09-16 11:44:38,2026,2,2026_02_PIT_NE,2026-09-20,00-0039851,Drake Maye,drake maye,NE,PIT,QB,QB STARTER,player_pass_yds,Pass Yards,DraftKings,draftkings,225.5,UNDER,-111.0,213.3,46.93,-12.2,82.5,0.6025533202436116,0.3974466797563883,0.6025533202436116,0.5021058838394474,0.4978941161605526,-0.104659204083059,0.104659204083059,10.5,0.104659204083059,10.47,36.1,C,,PENDING,,0.9009009009009009,
50c7ccab160b329a24596c917d984c12,2026-09-16 11:44:38,2026,2,2026_02_PIT_NE,2026-09-20,00-0039851,Drake Maye,drake maye,NE,PIT,QB,QB STARTER,player_pass_yds,Pass Yards,FanDuel,fanduel,224.5,UNDER,-114.0,213.3,46.93,-11.2,82.5,0.5943127894065211,0.4056872105934789,0.5943127894065211,0.5,0.5,-0.0943127894065211,0.0943127894065211,9.4,0.0943127894065211,9.43,34.7,C,,PENDING,,0.8771929824561403,
c8d95d2971669cbc9f2032f4cfde7053,2026-09-16 11:44:38,2026,2,2026_02_SEA_ARI,2026-09-20,00-0035704,Drew Lock,drew lock,SEA,ARI,QB,QB DEPTH,player_pass_tds,Pass TDs,FanDuel,fanduel,1.5,UNDER,-210.0,0.7,0.85,-0.8,65.2,0.8266927837484748,0.1733072162515252,0.8266927837484748,0.3675598766895898,0.6324401233104102,-0.1942526604380645,0.1942526604380645,19.4,0.1942526604380645,19.43,28.6,C,,PENDING,,0.47619047619047616,
884fc7ec79288d85c852d9afdf92edbf,2026-09-16 11:44:38,2026,2,2026_02_SEA_ARI,2026-09-20,00-0035704,Drew Lock,drew lock,SEA,ARI,QB,QB DEPTH,player_pass_yds,Pass Yards,FanDuel,fanduel,207.5,UNDER,-114.0,125.4,38.0,-82.1,65.2,0.9846340256691826,0.0153659743308174,0.9846340256691826,0.5,0.5,-0.4846340256691825,0.4846340256691825,48.5,0.4846340256691825,48.46,107.0,C,,PENDING,,0.8771929824561403,
c2d86e1c7403a9afe32fb10b8db629b2,2026-09-16 11:44:38,2026,2,2026_02_GB_NYJ,2026-09-20,00-0037740,Garrett Wilson,garrett wilson,NYJ,GB,WR,WR PRIMARY,player_reception_yds,Receiving Yards,DraftKings,draftkings,62.5,UNDER,-112.0,51.3,19.49,-11.2,71.4,0.7172372261457389,0.2827627738542611,0.7172372261457389,0.5,0.5,-0.2172372261457389,0.2172372261457389,21.7,0.2172372261457389,21.72,39.3,B,,PENDING,,0.8928571428571429,
049ea6474cc960e51872e21dfe8295b7,2026-09-16 11:44:38,2026,2,2026_02_GB_NYJ,2026-09-20,00-0037740,Garrett Wilson,garrett wilson,NYJ,GB,WR,WR PRIMARY,player_reception_yds,Receiving Yards,FanDuel,fanduel,61.5,UNDER,-114.0,51.3,19.49,-10.2,71.4,0.6996330107129343,0.3003669892870657,0.6996330107129343,0.5,0.5,-0.1996330107129342,0.1996330107129342,20.0,0.1996330107129342,19.96,37.5,B,,PENDING,,0.8771929824561403,
35dc90096dc85d0cd8e304514a722370,2026-09-16 11:44:38,2026,2,2026_02_GB_NYJ,2026-09-20,00-0037740,Garrett Wilson,garrett wilson,NYJ,GB,WR,WR PRIMARY,player_receptions,Receptions,DraftKings,draftkings,5.5,UNDER,109.0,4.8,1.82,-0.7,71.4,0.6497388029480757,0.3502611970519242,0.6497388029480757,0.5486393080395082,0.4513606919604917,-0.1983781109875839,0.198378110987584,19.8,0.198378110987584,19.84,30.3,C,,PENDING,,1.09,
8e7d80c7a00df08ed9cae36d347a2689,2026-09-16 11:44:38,2026,2,2026_02_GB_NYJ,2026-09-20,00-0037740,Garrett Wilson,garrett wilson,NYJ,GB,WR,WR PRIMARY,player_receptions,Receptions,FanDuel,fanduel,5.5,UNDER,112.0,4.8,1.82,-0.7,71.4,0.6497388029480757,0.3502611970519242,0.6497388029480757,0.5585303332383936,0.4414696667616063,-0.2082691361864693,0.2082691361864693,20.8,0.2082691361864693,20.83,30.9,C,,PENDING,,1.12,
dbc5d60ba3966ec96187dd7237931a1e,2026-09-16 11:44:38,2026,2,2026_02_GB_NYJ,2026-09-20,00-0030565,Geno Smith,geno smith,NYJ,GB,QB,QB STARTER,player_pass_yds,Pass Yards,DraftKings,draftkings,208.5,UNDER,-111.0,193.7,42.61,-14.8,85.8,0.6358306608395269,0.3641693391604731,0.6358306608395269,0.5021058838394474,0.4978941161605526,-0.1379365446789743,0.1379365446789742,13.8,0.1379365446789742,13.79,40.8,B,,PENDING,,0.9009009009009009,
75497743d570a8ea39782459eaeec530,2026-09-16 11:44:38,2026,2,2026_02_GB_NYJ,2026-09-20,00-0030565,Geno Smith,geno smith,NYJ,GB,QB,QB STARTER,player_pass_yds,Pass Yards,FanDuel,fanduel,207.5,UNDER,-114.0,193.7,42.61,-13.8,85.8,0.6269808766579514,0.3730191233420485,0.6269808766579514,0.5,0.5,-0.1269808766579514,0.1269808766579514,12.7,0.1269808766579514,12.7,39.4,B,,PENDING,,0.8771929824561403,
e87f0d3fe6013ddb83467584ac7f6cb9,2026-09-16 11:44:38,2026,2,2026_02_MIA_SF,2026-09-20,00-0033288,George Kittle,george kittle,SF,MIA,TE,TE PRIMARY,player_reception_yds,Receiving Yards,FanDuel,fanduel,44.5,OVER,-114.0,62.1,23.6,17.6,70.9,0.7720946156805932,0.7720946156805932,0.2279053843194067,0.5,0.5,0.2720946156805932,-0.2720946156805932,27.2,0.2720946156805932,27.21,47.3,B,,PENDING,,0.8771929824561403,
5e3d5e7bfc491bc6ff8fcb0b57a95fa9,2026-09-16 11:44:38,2026,2,2026_02_MIA_SF,2026-09-20,00-0033288,George Kittle,george kittle,SF,MIA,TE,TE PRIMARY,player_receptions,Receptions,FanDuel,fanduel,4.5,OVER,120.0,5.3,2.01,0.8,70.9,0.6546885744239322,0.6546885744239322,0.3453114255760677,0.4248366013071895,0.5751633986928104,0.2298519731167427,-0.2298519731167426,23.0,0.2298519731167427,22.99,32.1,C,,PENDING,,1.2,
4a4133ec09a5ab3c18cd1139071eadb5,2026-09-16 11:44:38,2026,2,2026_02_WAS_DAL,2026-09-20,00-0037247,George Pickens,george pickens,DAL,WAS,WR,WR SECONDARY,player_reception_yds,Receiving Yards,DraftKings,draftkings,63.5,OVER,-112.0,69.3,26.33,5.8,70.5,0.5871738605021494,0.5871738605021494,0.4128261394978506,0.5,0.5,0.0871738605021493,-0.0871738605021493,8.7,0.0871738605021493,8.72,27.2,C,,PENDING,,0.8928571428571429,
fc6abed5349812468527e49bf3152a29,2026-09-16 11:44:38,2026,2,2026_02_WAS_DAL,2026-09-20,00-0037247,George Pickens,george pickens,DAL,WAS,WR,WR SECONDARY,player_reception_yds,Receiving Yards,FanDuel,fanduel,60.5,OVER,-114.0,69.3,26.33,8.8,70.5,0.6308930429192982,0.6308930429192982,0.3691069570807018,0.5,0.5,0.1308930429192981,-0.1308930429192981,13.1,0.1308930429192981,13.09,32.1,B,,PENDING,,0.8771929824561403,
0bb63043ed02d66da7fb28e72da6be66,2026-09-16 11:44:38,2026,2,2026_02_MIA_SF,2026-09-20,00-0037252,Greg Dulcich,greg dulcich,MIA,SF,TE,TE DEPTH,player_receptions,Receptions,FanDuel,fanduel,2.5,OVER,144.0,2.3,1.8,-0.2,69.2,0.4557641189546886,0.4557641189546886,0.5442358810453114,0.3831317764804004,0.6168682235195997,0.0726323424742881,-0.0726323424742882,7.3,0.0726323424742881,7.26,21.8,D,,PENDING,,1.44,
579f595bbdb6ec413d38e2ad6adf1171,2026-09-16 11:44:38,2026,2,2026_02_CIN_HOU,2026-09-20,00-0036900,Ja'Marr Chase,jamarr chase,CIN,HOU,WR,WR PRIMARY,player_reception_yds,Receiving Yards,DraftKings,draftkings,76.5,UNDER,-113.0,68.9,26.18,-7.6,75.3,0.61420584165403,0.38579415834597,0.61420584165403,0.4978941161605526,0.5021058838394474,-0.1120999578145826,0.1120999578145826,11.2,0.1120999578145826,11.21,31.3,B,,PENDING,,0.8849557522123894,
4fae063791e5f1cdbb2f2151a1e711b9,2026-09-16 11:44:38,2026,2,2026_02_CIN_HOU,2026-09-20,00-0036900,Ja'Marr Chase,jamarr chase,CIN,HOU,WR,WR PRIMARY,player_reception_yds,Receiving Yards,FanDuel,fanduel,75.5,UNDER,-114.0,68.9,26.18,-6.6,75.3,0.5995184397780158,0.4004815602219842,0.5995184397780158,0.5,0.5,-0.0995184397780157,0.0995184397780157,10.0,0.0995184397780157,9.95,29.7,C,,PENDING,,0.8771929824561403,
a7e65c75d9fa0290b989b44ec6c94466,2026-09-16 11:44:38,2026,2,2026_02_CIN_HOU,2026-09-20,00-0036900,Ja'Marr Chase,jamarr chase,CIN,HOU,WR,WR PRIMARY,player_receptions,Receptions,DraftKings,draftkings,6.5,UNDER,-107.0,5.4,2.05,-1.1,75.3,0.7042229725554894,0.2957770274445106,0.7042229725554894,0.5134353038445638,0.486564696155436,-0.2176582764000532,0.2176582764000533,21.8,0.2176582764000533,21.77,32.7,C,,PENDING,,0.9345794392523364,
2d062ed864734c393654a7868ddb8116,2026-09-16 11:44:38,2026,2,2026_02_CIN_HOU,2026-09-20,00-0036900,Ja'Marr Chase,jamarr chase,CIN,HOU,WR,WR PRIMARY,player_receptions,Receptions,FanDuel,fanduel,6.5,UNDER,-114.0,5.4,2.05,-1.1,75.3,0.7042229725554894,0.2957770274445106,0.7042229725554894,0.5,0.5,-0.2042229725554893,0.2042229725554893,20.4,0.2042229725554893,20.42,31.9,C,,PENDING,,0.8771929824561403,
bf968fdbb7292efb6dc2a26575926427,2026-09-16 11:44:38,2026,2,2026_02_SEA_ARI,2026-09-20,00-0033119,Jacoby Brissett,jacoby brissett,ARI,SEA,QB,QB STARTER,player_pass_yds,Pass Yards,FanDuel,fanduel,228.5,UNDER,-114.0,206.2,45.36,-22.3,87.2,0.6885069092654481,0.3114930907345519,0.6885069092654481,0.5,0.5,-0.1885069092654481,0.1885069092654481,18.9,0.1885069092654481,18.85,49.8,A,,PENDING,,0.8771929824561403,
c5c8d0091d5ee3fbaa67f523bcae4d7c,2026-09-16 11:44:38,2026,2,2026_02_WAS_DAL,2026-09-20,00-0040242,Jacory Croskey-Merritt,jacory croskey merritt,WAS,DAL,RB,RB ROTATION,player_rush_yds,Rush Yards,DraftKings,draftkings,56.5,UNDER,-110.0,53.5,18.72,-3.0,75.2,0.5636604527063078,0.4363395472936922,0.5636604527063078,0.5042122999157539,0.495787700084246,-0.0678727526220617,0.0678727526220618,6.8,0.0678727526220618,6.79,25.1,D,,PENDING,,0.9090909090909091,
dc567566e8014a8455431189eee42166,2026-09-16 11:44:38,2026,2,2026_02_WAS_DAL,2026-09-20,00-0040242,Jacory Croskey-Merritt,jacory croskey merritt,WAS,DAL,RB,RB ROTATION,player_rush_yds,Rush Yards,FanDuel,fanduel,56.5,UNDER,-114.0,53.5,18.72,-3.0,75.2,0.5636604527063078,0.4363395472936922,0.5636604527063078,0.5,0.5,-0.0636604527063078,0.0636604527063078,6.4,0.0636604527063078,6.37,24.9,D,,PENDING,,0.8771929824561403,
4e2a7487d5c1d724bb295201ea769300,2026-09-16 11:44:38,2026,2,2026_02_CAR_ATL,2026-09-20,00-0039491,Jalen Coker,jalen coker,CAR,ATL,WR,WR SECONDARY,player_reception_yds,Receiving Yards,DraftKings,draftkings,48.5,OVER,-111.0,61.0,23.18,12.5,68.6,0.705145571037974,0.705145571037974,0.2948544289620259,0.4978941161605526,0.5021058838394474,0.2072514548774214,-0.2072514548774214,20.7,0.2072514548774214,20.73,39.0,C,,PENDING,,0.9009009009009009,
aa78adffd6a0baffe740668ec8b6a4a1,2026-09-16 11:44:38,2026,2,2026_02_CAR_ATL,2026-09-20,00-0039491,Jalen Coker,jalen coker,CAR,ATL,WR,WR SECONDARY,player_reception_yds,Receiving Yards,FanDuel,fanduel,50.5,OVER,-114.0,61.0,23.18,10.5,68.6,0.6747172417480881,0.6747172417480881,0.3252827582519119,0.5,0.5,0.1747172417480881,-0.1747172417480881,17.5,0.1747172417480881,17.47,35.5,C,,PENDING,,0.8771929824561403,
f71c69b8409e13a509aa0e2b99cfffc7,2026-09-16 11:44:38,2026,2,2026_02_PHI_TEN,2026-09-20,00-0036389,Jalen Hurts,jalen hurts,PHI,TEN,QB,QB STARTER,player_pass_tds,Pass TDs,DraftKings,draftkings,1.5,OVER,136.0,1.47,0.85,-0.03,79.8,0.4859226069239449,0.4859226069239449,0.514077393076055,0.3997093023255813,0.6002906976744186,0.0862133045983636,-0.0862133045983635,8.6,0.0862133045983636,8.62,25.1,C,,PENDING,,1.36,
842739610ba0c6a2afb1207e7d3ae1cc,2026-09-16 11:44:38,2026,2,2026_02_PHI_TEN,2026-09-20,00-0036389,Jalen Hurts,jalen hurts,PHI,TEN,QB,QB STARTER,player_pass_tds,Pass TDs,FanDuel,fanduel,1.5,OVER,140.0,1.47,0.85,-0.03,79.8,0.4859226069239449,0.4859226069239449,0.514077393076055,0.3896103896103896,0.6103896103896104,0.0963122173135553,-0.0963122173135553,9.6,0.0963122173135553,9.63,25.8,C,,PENDING,,1.4,
35adc16de64faa2f63bba00417ec41bf,2026-09-16 11:44:38,2026,2,2026_02_WAS_DAL,2026-09-20,00-0036997,Javonte Williams,javonte williams,DAL,WAS,RB,RB LEAD,player_reception_yds,Receiving Yards,DraftKings,draftkings,11.5,OVER,-118.0,15.5,18.0,4.0,83.2,0.5879295521290574,0.5879295521290574,0.4120704478709426,0.5126539564703898,0.4873460435296103,0.0752755956586676,-0.0752755956586677,7.5,0.0752755956586676,7.53,28.3,D,,PENDING,,0.847457627118644,
27616c4d9d8968c544148325b1d64269,2026-09-16 11:44:38,2026,2,2026_02_WAS_DAL,2026-09-20,00-0036997,Javonte Williams,javonte williams,DAL,WAS,RB,RB LEAD,player_reception_yds,Receiving Yards,FanDuel,fanduel,11.5,OVER,-114.0,15.5,18.0,4.0,83.2,0.5879295521290574,0.5879295521290574,0.4120704478709426,0.5,0.5,0.0879295521290574,-0.0879295521290574,8.8,0.0879295521290574,8.79,29.1,C,,PENDING,,0.8771929824561403,
d19b9ce15fde43672913a6d123a87617,2026-09-16 11:44:38,2026,2,2026_02_WAS_DAL,2026-09-20,00-0036997,Javonte Williams,javonte williams,DAL,WAS,RB,RB LEAD,player_rush_yds,Rush Yards,DraftKings,draftkings,75.5,UNDER,-114.0,52.4,18.34,-23.1,83.2,0.8960826822926102,0.1039173177073897,0.8960826822926102,0.495787700084246,0.5042122999157539,-0.3918703823768562,0.3918703823768563,39.2,0.3918703823768563,39.19,61.6,A,,PENDING,,0.8771929824561403,
d953a728cd5b93d89e4b94f2b62bc0cc,2026-09-16 11:44:38,2026,2,2026_02_WAS_DAL,2026-09-20,00-0036997,Javonte Williams,javonte williams,DAL,WAS,RB,RB LEAD,player_rush_yds,Rush Yards,FanDuel,fanduel,72.5,UNDER,-114.0,52.4,18.34,-20.1,83.2,0.8634529768973628,0.1365470231026372,0.8634529768973628,0.5,0.5,-0.3634529768973628,0.3634529768973628,36.3,0.3634529768973628,36.35,57.7,A,,PENDING,,0.8771929824561403,
1c91de87e509b1d6262aca7791348ae5,2026-09-16 11:44:38,2026,2,2026_02_WAS_DAL,2026-09-20,00-0039910,Jayden Daniels,jayden daniels,WAS,DAL,QB,QB STARTER,player_pass_tds,Pass TDs,DraftKings,draftkings,1.5,OVER,140.0,1.76,0.97,0.26,85.9,0.6056662114596392,0.6056662114596392,0.3943337885403608,0.3932584269662921,0.6067415730337079,0.212407784493347,-0.212407784493347,21.2,0.212407784493347,21.24,34.4,C,,PENDING,,1.4,
eff8ec071a428453c4aec9376094816b,2026-09-16 11:44:38,2026,2,2026_02_WAS_DAL,2026-09-20,00-0039910,Jayden Daniels,jayden daniels,WAS,DAL,QB,QB STARTER,player_pass_tds,Pass TDs,FanDuel,fanduel,1.5,OVER,130.0,1.76,0.97,0.26,85.9,0.6056662114596392,0.6056662114596392,0.3943337885403608,0.4064075941857016,0.5935924058142985,0.1992586172739375,-0.1992586172739376,19.9,0.1992586172739375,19.93,33.6,C,,PENDING,,1.3,
3d61e0bc7d4cbd9dd6c7cd2fd425bbdb,2026-09-16 11:44:38,2026,2,2026_02_WAS_DAL,2026-09-20,00-0039910,Jayden Daniels,jayden daniels,WAS,DAL,QB,QB STARTER,player_pass_yds,Pass Yards,DraftKings,draftkings,203.5,OVER,-112.0,220.9,48.6,17.4,85.9,0.6398375821768091,0.6398375821768091,0.3601624178231909,0.5,0.5,0.139837582176809,-0.139837582176809,14.0,0.139837582176809,13.98,42.9,B,,PENDING,,0.8928571428571429,
268c4a46d0ae564aa87a38a0227ea0ff,2026-09-16 11:44:38,2026,2,2026_02_WAS_DAL,2026-09-20,00-0039910,Jayden Daniels,jayden daniels,WAS,DAL,QB,QB STARTER,player_pass_yds,Pass Yards,FanDuel,fanduel,202.5,OVER,-114.0,220.9,48.6,18.4,85.9,0.6475078445593032,0.6475078445593032,0.3524921554406968,0.5,0.5,0.1475078445593032,-0.1475078445593032,14.8,0.1475078445593032,14.75,44.1,A,,PENDING,,0.8771929824561403,
3b9ef13ae666b59cecbd4ed5deca819e,2026-09-16 11:44:38,2026,2,2026_02_JAX_DEN,2026-09-20,00-0036613,Jaylen Waddle,jaylen waddle,DEN,JAX,WR,WR SECONDARY,player_reception_yds,Receiving Yards,DraftKings,draftkings,53.5,UNDER,-112.0,39.7,18.0,-13.8,67.1,0.7783601364557453,0.2216398635442547,0.7783601364557453,0.5,0.5,-0.2783601364557453,0.2783601364557453,27.8,0.2783601364557453,27.84,43.8,C,,PENDING,,0.8928571428571429,
135d76a851b1ba8b1efd9efbbd69c837,2026-09-16 11:44:38,2026,2,2026_02_JAX_DEN,2026-09-20,00-0036613,Jaylen Waddle,jaylen waddle,DEN,JAX,WR,WR SECONDARY,player_reception_yds,Receiving Yards,FanDuel,fanduel,52.5,UNDER,-114.0,39.7,18.0,-12.8,67.1,0.7614923074118691,0.2385076925881308,0.7614923074118691,0.5,0.5,-0.2614923074118691,0.2614923074118691,26.1,0.2614923074118691,26.15,42.1,C,,PENDING,,0.8771929824561403,
6757a65274ff2eb3ca14f2f6e94ebcf2,2026-09-16 11:44:38,2026,2,2026_02_JAX_DEN,2026-09-20,00-0036613,Jaylen Waddle,jaylen waddle,DEN,JAX,WR,WR SECONDARY,player_receptions,Receptions,DraftKings,draftkings,4.5,UNDER,-134.0,3.3,1.8,-1.2,67.1,0.7475074624530771,0.2524925375469229,0.7475074624530771,0.4599960684096717,0.5400039315903282,-0.2075035308627488,0.2075035308627488,20.8,0.2075035308627488,20.75,30.1,C,,PENDING,,0.746268656716418,
4ef9bc5d2a05270929ec32bbf462daa8,2026-09-16 11:44:38,2026,2,2026_02_JAX_DEN,2026-09-20,00-0036613,Jaylen Waddle,jaylen waddle,DEN,JAX,WR,WR SECONDARY,player_receptions,Receptions,FanDuel,fanduel,4.5,UNDER,-146.0,3.3,1.8,-1.2,67.1,0.7475074624530771,0.2524925375469229,0.7475074624530771,0.4451682953311618,0.5548317046688382,-0.1926757577842389,0.1926757577842388,19.3,0.1926757577842388,19.27,29.2,C,,PENDING,,0.684931506849315,
d737956092c96d0ad47321e0d86873d9,2026-09-16 11:44:38,2026,2,2026_02_CIN_HOU,2026-09-20,00-0036442,Joe Burrow,joe burrow,CIN,HOU,QB,QB STARTER,player_pass_tds,Pass TDs,DraftKings,draftkings,1.5,OVER,-131.0,1.83,1.01,0.33,84.3,0.6280649571743265,0.6280649571743265,0.3719350428256734,0.53514579518242,0.4648542048175799,0.0929191619919065,-0.0929191619919064,9.3,0.0929191619919065,9.29,26.9,C,,PENDING,,0.7633587786259542,
8acabb3c35ea21eb2d2996fce1e1acb2,2026-09-16 11:44:38,2026,2,2026_02_CIN_HOU,2026-09-20,00-0036442,Joe Burrow,joe burrow,CIN,HOU,QB,QB STARTER,player_pass_tds,Pass TDs,FanDuel,fanduel,1.5,OVER,-125.0,1.83,1.01,0.33,84.3,0.6280649571743265,0.6280649571743265,0.3719350428256734,0.5191532258064516,0.4808467741935484,0.1089117313678749,-0.1089117313678749,10.9,0.1089117313678749,10.89,27.9,C,,PENDING,,0.8,
d3f9e76de9aa976e5067a3ee8f658d2f,2026-09-16 11:44:38,2026,2,2026_02_CIN_HOU,2026-09-20,00-0036442,Joe Burrow,joe burrow,CIN,HOU,QB,QB STARTER,player_pass_yds,Pass Yards,DraftKings,draftkings,250.5,OVER,-112.0,274.3,60.35,23.8,84.3,0.6533446517340877,0.6533446517340877,0.3466553482659122,0.5,0.5,0.1533446517340877,-0.1533446517340877,15.3,0.1533446517340877,15.33,48.1,A,,PENDING,,0.8928571428571429,
d369ef04dbda2703d74bc5fdbd0626c4,2026-09-16 11:44:38,2026,2,2026_02_CIN_HOU,2026-09-20,00-0036442,Joe Burrow,joe burrow,CIN,HOU,QB,QB STARTER,player_pass_yds,Pass Yards,FanDuel,fanduel,249.5,OVER,-114.0,274.3,60.35,24.8,84.3,0.6594403432811422,0.6594403432811422,0.3405596567188578,0.5,0.5,0.1594403432811422,-0.1594403432811422,15.9,0.1594403432811422,15.94,49.2,A,,PENDING,,0.8771929824561403,
374db6701ba8b21d3cb6b65147c05e27,2026-09-16 11:44:38,2026,2,2026_02_IND_KC,2026-09-20,00-0036223,Jonathan Taylor,jonathan taylor,IND,KC,RB,RB LEAD,player_receptions,Receptions,DraftKings,draftkings,2.5,UNDER,-111.0,2.0,1.8,-0.5,84.3,0.609408524566425,0.390591475433575,0.609408524566425,0.5041554124246831,0.4958445875753168,-0.1135639369911081,0.1135639369911082,11.4,0.1135639369911082,11.36,28.3,C,,PENDING,,0.9009009009009009,
50d0ced01f76c7151f135ecb23529eb8,2026-09-16 11:44:38,2026,2,2026_02_IND_KC,2026-09-20,00-0036223,Jonathan Taylor,jonathan taylor,IND,KC,RB,RB LEAD,player_receptions,Receptions,FanDuel,fanduel,2.5,UNDER,102.0,2.0,1.8,-0.5,84.3,0.609408524566425,0.390591475433575,0.609408524566425,0.5379072681704261,0.4620927318295739,-0.1473157927368511,0.147315792736851,14.7,0.147315792736851,14.73,30.3,C,,PENDING,,1.02,
7fc2b71dce6a1544d46778323a9e955d,2026-09-16 11:44:38,2026,2,2026_02_MIN_CHI,2026-09-20,00-0038994,Jordan Addison,jordan addison,MIN,CHI,WR,WR DEPTH,player_reception_yds,Receiving Yards,DraftKings,draftkings,35.5,OVER,-114.0,38.8,18.0,3.3,67.2,0.5727317593030404,0.5727317593030404,0.4272682406969595,0.5042122999157539,0.495787700084246,0.0685194593872865,-0.0685194593872864,6.9,0.0685194593872865,6.85,23.4,D,,PENDING,,0.8771929824561403,
9cf88bade17dca9c6cb756d5517f192f,2026-09-16 11:44:38,2026,2,2026_02_MIN_CHI,2026-09-20,00-0038994,Jordan Addison,jordan addison,MIN,CHI,WR,WR DEPTH,player_reception_yds,Receiving Yards,FanDuel,fanduel,35.5,OVER,-114.0,38.8,18.0,3.3,67.2,0.5727317593030404,0.5727317593030404,0.4272682406969595,0.5,0.5,0.0727317593030404,-0.0727317593030404,7.3,0.0727317593030404,7.27,23.6,D,,PENDING,,0.8771929824561403,
f8455656f6395011382762b55361c6eb,2026-09-16 11:44:38,2026,2,2026_02_MIN_CHI,2026-09-20,00-0038994,Jordan Addison,jordan addison,MIN,CHI,WR,WR DEPTH,player_receptions,Receptions,DraftKings,draftkings,2.5,UNDER,132.0,2.6,1.8,0.1,67.2,0.4778479356582178,0.5221520643417822,0.4778479356582178,0.593090094996067,0.4069099050039329,-0.0709380306542848,0.0709380306542848,7.1,0.0709380306542848,7.09,21.1,D,,PENDING,,1.32,
ab987f35e5fea27f90ab81f1070ba507,2026-09-16 11:44:38,2026,2,2026_02_MIN_CHI,2026-09-20,00-0038994,Jordan Addison,jordan addison,MIN,CHI,WR,WR DEPTH,player_receptions,Receptions,FanDuel,fanduel,2.5,UNDER,128.0,2.6,1.8,0.1,67.2,0.4778479356582178,0.5221520643417822,0.4778479356582178,0.5904601300891351,0.4095398699108648,-0.0683080657473529,0.0683080657473529,6.8,0.0683080657473529,6.83,21.0,D,,PENDING,,1.28,
633695556a20f7aa1e8c893e86353344,2026-09-16 11:44:38,2026,2,2026_02_GB_NYJ,2026-09-20,00-0036264,Jordan Love,jordan love,GB,NYJ,QB,QB STARTER,player_pass_yds,Pass Yards,DraftKings,draftkings,255.5,UNDER,-111.0,221.5,48.73,-34.0,81.4,0.7573245110413123,0.2426754889586877,0.7573245110413123,0.5021058838394474,0.4978941161605526,-0.2594303948807597,0.2594303948807596,25.9,0.2594303948807596,25.94,61.4,A,,PENDING,,0.9009009009009009,
c6bd55f80b68c30a4c3f7bfde8afd8a5,2026-09-16 11:44:38,2026,2,2026_02_GB_NYJ,2026-09-20,00-0036264,Jordan Love,jordan love,GB,NYJ,QB,QB STARTER,player_pass_yds,Pass Yards,FanDuel,fanduel,257.5,UNDER,-114.0,221.5,48.73,-36.0,81.4,0.7699750309269977,0.2300249690730023,0.7699750309269977,0.5,0.5,-0.2699750309269977,0.2699750309269977,27.0,0.2699750309269977,27.0,63.5,A,,PENDING,,0.8771929824561403,
20be84d3bf62fb6c4fed507b340737f8,2026-09-16 11:44:38,2026,2,2026_02_IND_KC,2026-09-20,00-0038997,Josh Downs,josh downs,IND,KC,WR,WR SECONDARY,player_reception_yds,Receiving Yards,DraftKings,draftkings,36.5,UNDER,-110.0,33.2,18.0,-3.3,75.4,0.5727317593030404,0.4272682406969595,0.5727317593030404,0.5042122999157539,0.495787700084246,-0.0769440592187943,0.0769440592187944,7.7,0.0769440592187944,7.69,25.9,D,,PENDING,,0.9090909090909091,
c3bab7578a54d1568588acc478e4eaa6,2026-09-16 11:44:38,2026,2,2026_02_IND_KC,2026-09-20,00-0038997,Josh Downs,josh downs,IND,KC,WR,WR SECONDARY,player_reception_yds,Receiving Yards,FanDuel,fanduel,36.5,UNDER,-114.0,33.2,18.0,-3.3,75.4,0.5727317593030404,0.4272682406969595,0.5727317593030404,0.5,0.5,-0.0727317593030404,0.0727317593030404,7.3,0.0727317593030404,7.27,25.7,D,,PENDING,,0.8771929824561403,
1bd1b3ec7fd9c26440074c6b249c625c,2026-09-16 11:44:38,2026,2,2026_02_IND_KC,2026-09-20,00-0038997,Josh Downs,josh downs,IND,KC,WR,WR SECONDARY,player_receptions,Receptions,DraftKings,draftkings,3.5,UNDER,111.0,3.1,1.8,-0.4,75.4,0.5879295521290574,0.4120704478709426,0.5879295521290574,0.5531922750267716,0.4468077249732284,-0.141121827155829,0.1411218271558289,14.1,0.1411218271558289,14.11,27.6,C,,PENDING,,1.11,
7543c357a66ab5b52db8a2fc93290039,2026-09-16 11:44:38,2026,2,2026_02_IND_KC,2026-09-20,00-0038997,Josh Downs,josh downs,IND,KC,WR,WR SECONDARY,player_receptions,Receptions,FanDuel,fanduel,3.5,UNDER,-106.0,3.1,1.8,-0.4,75.4,0.5879295521290574,0.4120704478709426,0.5879295521290574,0.5164392569455861,0.483560743054414,-0.1043688090746435,0.1043688090746434,10.4,0.1043688090746434,10.44,25.4,C,,PENDING,,0.9433962264150944,
6302cffa2656da0113c67e44600e4dae,2026-09-16 11:44:38,2026,2,2026_02_LV_LAC,2026-09-20,00-0036355,Justin Herbert,justin herbert,LAC,LV,QB,QB STARTER,player_pass_tds,Pass TDs,DraftKings,draftkings,1.5,UNDER,-127.0,1.21,0.85,-0.29,81.0,0.6335146322449776,0.3664853677550224,0.6335146322449776,0.4731704296858876,0.5268295703141123,-0.1066850619308652,0.1066850619308653,10.7,0.1066850619308653,10.67,26.9,C,,PENDING,,0.7874015748031497,
d9fbd202390c07a58376a0a76051e6c9,2026-09-16 11:44:38,2026,2,2026_02_LV_LAC,2026-09-20,00-0036355,Justin Herbert,justin herbert,LAC,LV,QB,QB STARTER,player_pass_tds,Pass TDs,FanDuel,fanduel,1.5,UNDER,-122.0,1.21,0.85,-0.29,81.0,0.6335146322449776,0.3664853677550224,0.6335146322449776,0.485816177662506,0.5141838223374939,-0.1193308099074836,0.1193308099074836,11.9,0.1193308099074836,11.93,27.6,C,,PENDING,,0.819672131147541,
e1eb973f3ca88c9becab276d6c7521dc,2026-09-16 11:44:38,2026,2,2026_02_LV_LAC,2026-09-20,00-0036355,Justin Herbert,justin herbert,LAC,LV,QB,QB STARTER,player_pass_yds,Pass Yards,DraftKings,draftkings,223.5,UNDER,-112.0,214.0,47.08,-9.5,81.0,0.5799572818458826,0.4200427181541174,0.5799572818458826,0.5,0.5,-0.0799572818458825,0.0799572818458825,8.0,0.0799572818458825,8.0,32.2,D,,PENDING,,0.8928571428571429,
9e2f0f1f126a7709240cd584efd335e4,2026-09-16 11:44:38,2026,2,2026_02_LV_LAC,2026-09-20,00-0036355,Justin Herbert,justin herbert,LAC,LV,QB,QB STARTER,player_pass_yds,Pass Yards,FanDuel,fanduel,223.5,UNDER,-114.0,214.0,47.08,-9.5,81.0,0.5799572818458826,0.4200427181541174,0.5799572818458826,0.5,0.5,-0.0799572818458825,0.0799572818458825,8.0,0.0799572818458825,8.0,32.2,D,,PENDING,,0.8771929824561403,
c1da59e947bb6790c94c923163e6865e,2026-09-16 11:44:38,2026,2,2026_02_MIN_CHI,2026-09-20,00-0036322,Justin Jefferson,justin jefferson,MIN,CHI,WR,WR PRIMARY,player_reception_yds,Receiving Yards,DraftKings,draftkings,74.5,OVER,-111.0,79.6,30.25,5.1,71.0,0.5669424094095584,0.5669424094095584,0.4330575905904416,0.4978941161605526,0.5021058838394474,0.0690482932490058,-0.0690482932490058,6.9,0.0690482932490058,6.9,25.7,D,,PENDING,,0.9009009009009009,
ce79b98f6357572cec4739cb87c4c6d7,2026-09-16 11:44:38,2026,2,2026_02_MIN_CHI,2026-09-20,00-0036322,Justin Jefferson,justin jefferson,MIN,CHI,WR,WR PRIMARY,player_reception_yds,Receiving Yards,FanDuel,fanduel,74.5,OVER,-114.0,79.6,30.25,5.1,71.0,0.5669424094095584,0.5669424094095584,0.4330575905904416,0.5,0.5,0.0669424094095584,-0.0669424094095584,6.7,0.0669424094095584,6.69,25.6,D,,PENDING,,0.8771929824561403,
49883d84f85c9274f8ddbea255bcb150,2026-09-16 11:44:38,2026,2,2026_02_IND_KC,2026-09-20,00-0030279,Keenan Allen,keenan allen,IND,KC,WR,WR SECONDARY,player_reception_yds,Receiving Yards,DraftKings,draftkings,30.5,OVER,-113.0,35.3,18.0,4.8,76.2,0.6051370895359748,0.6051370895359748,0.3948629104640252,0.5021058838394474,0.4978941161605526,0.1030312056965273,-0.1030312056965274,10.3,0.1030312056965273,10.3,28.8,C,,PENDING,,0.8849557522123894,
8826f8e1dd03c0897a2ebc9bb83139c0,2026-09-16 11:44:38,2026,2,2026_02_IND_KC,2026-09-20,00-0030279,Keenan Allen,keenan allen,IND,KC,WR,WR SECONDARY,player_reception_yds,Receiving Yards,FanDuel,fanduel,30.5,OVER,-114.0,35.3,18.0,4.8,76.2,0.6051370895359748,0.6051370895359748,0.3948629104640252,0.5,0.5,0.1051370895359747,-0.1051370895359747,10.5,0.1051370895359747,10.51,29.0,C,,PENDING,,0.8771929824561403,
cab0d5bcde97fbd98cae7bee4011f8b7,2026-09-16 11:44:38,2026,2,2026_02_IND_KC,2026-09-20,00-0030279,Keenan Allen,keenan allen,IND,KC,WR,WR SECONDARY,player_receptions,Receptions,DraftKings,draftkings,3.5,OVER,-117.0,4.2,1.8,0.7,76.2,0.6513208290612621,0.6513208290612621,0.3486791709387379,0.5083149711054754,0.4916850288945246,0.1430058579557866,-0.1430058579557866,14.3,0.1430058579557866,14.3,28.2,C,,PENDING,,0.8547008547008547,
6dbdee1d7278b2808aeafe95a2f66c80,2026-09-16 11:44:38,2026,2,2026_02_IND_KC,2026-09-20,00-0030279,Keenan Allen,keenan allen,IND,KC,WR,WR SECONDARY,player_receptions,Receptions,FanDuel,fanduel,3.5,OVER,-130.0,4.2,1.8,0.7,76.2,0.6513208290612621,0.6513208290612621,0.3486791709387379,0.5281576830249397,0.4718423169750604,0.1231631460363223,-0.1231631460363225,12.3,0.1231631460363223,12.32,27.0,C,,PENDING,,0.7692307692307693,
5c246a267b1b7c797f22e998d50cf96b,2026-09-16 11:44:38,2026,2,2026_02_IND_KC,2026-09-20,00-0038134,Kenneth Walker III,kenneth walker iii,KC,IND,RB,RB LEAD,player_receptions,Receptions,DraftKings,draftkings,2.5,UNDER,124.0,2.5,1.8,0.0,77.6,0.5,0.5,0.5,0.5789713245334547,0.4210286754665452,-0.0789713245334546,0.0789713245334547,7.9,0.0789713245334547,7.9,24.1,D,,PENDING,,1.24,
e248cdb39bf0969054012701199f1388,2026-09-16 11:44:38,2026,2,2026_02_IND_KC,2026-09-20,00-0038134,Kenneth Walker III,kenneth walker iii,KC,IND,RB,RB LEAD,player_receptions,Receptions,FanDuel,fanduel,2.5,UNDER,120.0,2.5,1.8,0.0,77.6,0.5,0.5,0.5,0.5751633986928104,0.4248366013071895,-0.0751633986928104,0.0751633986928105,7.5,0.0751633986928105,7.52,23.9,D,,PENDING,,1.2,
df29d083efb57adea61b40947ec1d6a5,2026-09-16 11:44:38,2026,2,2026_02_LV_LAC,2026-09-20,00-0029604,Kirk Cousins,kirk cousins,LV,LAC,QB,QB STARTER,player_pass_tds,Pass TDs,DraftKings,draftkings,0.5,OVER,-230.0,1.33,0.85,0.83,82.1,0.8355843419501616,0.8355843419501616,0.1644156580498383,0.6595832473695069,0.340416752630493,0.1760010945806547,-0.1760010945806546,17.6,0.1760010945806547,17.6,31.7,C,,PENDING,,0.43478260869565216,
b84c447ed8fcbcd34010b7a50df5db94,2026-09-16 11:44:38,2026,2,2026_02_LV_LAC,2026-09-20,00-0029604,Kirk Cousins,kirk cousins,LV,LAC,QB,QB STARTER,player_pass_tds,Pass TDs,FanDuel,fanduel,0.5,OVER,-260.0,1.33,0.85,0.83,82.1,0.8355843419501616,0.8355843419501616,0.1644156580498383,0.6753246753246753,0.3246753246753247,0.1602596666254863,-0.1602596666254863,16.0,0.1602596666254863,16.03,30.8,C,,PENDING,,0.38461538461538464,
c50b380c686ba4483455f181fb990875,2026-09-16 11:44:38,2026,2,2026_02_MIN_CHI,2026-09-20,00-0040236,Kyle Monangai,kyle monangai,CHI,MIN,RB,RB ROTATION,player_rush_yds,Rush Yards,DraftKings,draftkings,37.5,OVER,-110.0,54.0,18.9,16.5,76.5,0.8086727869982401,0.8086727869982401,0.1913272130017599,0.495787700084246,0.5042122999157539,0.3128850869139941,-0.3128850869139939,31.3,0.3128850869139941,31.29,50.3,B,,PENDING,,0.9090909090909091,
9912c2cb575cca6ce2320a1dfae56d6d,2026-09-16 11:44:38,2026,2,2026_02_MIN_CHI,2026-09-20,00-0040236,Kyle Monangai,kyle monangai,CHI,MIN,RB,RB ROTATION,player_rush_yds,Rush Yards,FanDuel,fanduel,37.5,OVER,-114.0,54.0,18.9,16.5,76.5,0.8086727869982401,0.8086727869982401,0.1913272130017599,0.5,0.5,0.3086727869982401,-0.3086727869982401,30.9,0.3086727869982401,30.87,50.0,B,,PENDING,,0.8771929824561403,
db6ae6f85747bd86cc063c076957306f,2026-09-16 11:44:38,2026,2,2026_02_NO_BAL,2026-09-20,00-0034796,Lamar Jackson,lamar jackson,BAL,NO,QB,QB DEPTH,player_pass_tds,Pass TDs,FanDuel,fanduel,1.5,OVER,-108.0,1.65,0.91,0.15,80.8,0.5654631374625522,0.5654631374625522,0.4345368625374478,0.485816177662506,0.5141838223374939,0.0796469598000461,-0.0796469598000461,8.0,0.0796469598000461,7.96,25.1,D,,PENDING,,0.9259259259259259,
b5bf8035f9d175beaacd5920a87a14b8,2026-09-16 11:44:38,2026,2,2026_02_NO_BAL,2026-09-20,00-0034796,Lamar Jackson,lamar jackson,BAL,NO,QB,QB DEPTH,player_pass_yds,Pass Yards,DraftKings,draftkings,227.5,UNDER,-113.0,210.9,46.4,-16.6,80.8,0.6397380202142572,0.3602619797857428,0.6397380202142572,0.4978941161605526,0.5021058838394474,-0.1376321363748098,0.1376321363748097,13.8,0.1376321363748097,13.76,40.9,B,,PENDING,,0.8849557522123894,
8ec2a0f7241ec3a036baee210af2478b,2026-09-16 11:44:38,2026,2,2026_02_NO_BAL,2026-09-20,00-0034796,Lamar Jackson,lamar jackson,BAL,NO,QB,QB DEPTH,player_pass_yds,Pass Yards,FanDuel,fanduel,228.5,UNDER,-114.0,210.9,46.4,-17.6,80.8,0.6477712907082058,0.3522287092917942,0.6477712907082058,0.5,0.5,-0.1477712907082058,0.1477712907082058,14.8,0.1477712907082058,14.78,42.3,A,,PENDING,,0.8771929824561403,
507e4bcd0fdf5b10a849950ef0eeaed9,2026-09-16 11:44:38,2026,2,2026_02_MIN_CHI,2026-09-20,00-0040735,Luther Burden III,luther burden iii,CHI,MIN,WR,WR SECONDARY,player_reception_yds,Receiving Yards,DraftKings,draftkings,50.5,OVER,-114.0,57.9,22.0,7.4,71.7,0.6317016662337849,0.6317016662337849,0.3682983337662151,0.5042122999157539,0.495787700084246,0.1274893663180309,-0.1274893663180308,12.7,0.1274893663180309,12.75,31.1,B,,PENDING,,0.8771929824561403,
1667982f32055d16077e18bbd0429dc8,2026-09-16 11:44:38,2026,2,2026_02_MIN_CHI,2026-09-20,00-0040735,Luther Burden III,luther burden iii,CHI,MIN,WR,WR SECONDARY,player_reception_yds,Receiving Yards,FanDuel,fanduel,51.5,OVER,-114.0,57.9,22.0,6.4,71.7,0.6144395758352781,0.6144395758352781,0.3855604241647219,0.5,0.5,0.114439575835278,-0.114439575835278,11.4,0.114439575835278,11.44,29.6,B,,PENDING,,0.8771929824561403,
0a8a0bf9252750e753f40b6ec59df8a5,2026-09-16 11:44:38,2026,2,2026_02_MIN_CHI,2026-09-20,00-0040735,Luther Burden III,luther burden iii,CHI,MIN,WR,WR SECONDARY,player_receptions,Receptions,DraftKings,draftkings,4.5,UNDER,-134.0,3.9,1.8,-0.6,71.7,0.6305586598182363,0.3694413401817636,0.6305586598182363,0.4599960684096717,0.5400039315903282,-0.090554728227908,0.0905547282279081,9.1,0.0905547282279081,9.06,23.8,C,,PENDING,,0.746268656716418,
89f5e5f097961b4683273cf493bf8e05,2026-09-16 11:44:38,2026,2,2026_02_MIN_CHI,2026-09-20,00-0040735,Luther Burden III,luther burden iii,CHI,MIN,WR,WR SECONDARY,player_receptions,Receptions,FanDuel,fanduel,4.5,UNDER,-140.0,3.9,1.8,-0.6,71.7,0.6305586598182363,0.3694413401817636,0.6305586598182363,0.4542013626040878,0.5457986373959123,-0.0847600224223241,0.084760022422324,8.5,0.084760022422324,8.48,23.5,C,,PENDING,,0.7142857142857143,
875be39660e03e7470731e252a9916d9,2026-09-16 11:44:38,2026,2,2026_02_MIA_SF,2026-09-20,00-0039880,Malik Washington,malik washington,MIA,SF,WR,WR DEPTH,player_reception_yds,Receiving Yards,FanDuel,fanduel,31.5,UNDER,-114.0,23.3,18.0,-8.2,71.2,0.6756451954231506,0.3243548045768494,0.6756451954231506,0.5,0.5,-0.1756451954231506,0.1756451954231506,17.6,0.1756451954231506,17.56,34.5,B,,PENDING,,0.8771929824561403,
49cb5153400eefd9ae59520282fcc7f5,2026-09-16 11:44:38,2026,2,2026_02_MIA_SF,2026-09-20,00-0039880,Malik Washington,malik washington,MIA,SF,WR,WR DEPTH,player_receptions,Receptions,FanDuel,fanduel,3.5,UNDER,-152.0,2.3,1.8,-1.2,71.2,0.7475074624530771,0.2524925375469229,0.7475074624530771,0.436529933481153,0.563470066518847,-0.1840373959342301,0.18403739593423,18.4,0.18403739593423,18.4,29.7,C,,PENDING,,0.6578947368421053,
700db6ab5e0287a7bd608aacd4c3a822,2026-09-16 11:44:38,2026,2,2026_02_MIA_SF,2026-09-20,00-0038128,Malik Willis,malik willis,MIA,SF,QB,QB DEPTH,player_pass_yds,Pass Yards,FanDuel,fanduel,184.5,UNDER,-114.0,152.2,38.0,-32.3,68.1,0.8023374568773077,0.1976625431226922,0.8023374568773077,0.5,0.5,-0.3023374568773077,0.3023374568773077,30.2,0.3023374568773077,30.23,59.4,C,,PENDING,,0.8771929824561403,
94ba93a7421912436db22a3a2c3db9ab,2026-09-16 11:44:38,2026,2,2026_02_MIA_SF,2026-09-20,00-0031408,Mike Evans,mike evans,SF,MIA,WR,WR PRIMARY,player_reception_yds,Receiving Yards,FanDuel,fanduel,47.5,OVER,-114.0,56.8,21.58,9.3,71.9,0.6667493045902365,0.6667493045902365,0.3332506954097635,0.5,0.5,0.1667493045902365,-0.1667493045902365,16.7,0.1667493045902365,16.67,35.0,B,,PENDING,,0.8771929824561403,
dcde047c43a7099ea1617f45f4b0a58c,2026-09-16 11:44:38,2026,2,2026_02_MIA_SF,2026-09-20,00-0031408,Mike Evans,mike evans,SF,MIA,WR,WR PRIMARY,player_receptions,Receptions,FanDuel,fanduel,3.5,OVER,-114.0,5.1,1.94,1.6,71.9,0.7952410353920173,0.7952410353920173,0.2047589646079827,0.5,0.5,0.2952410353920173,-0.2952410353920173,29.5,0.2952410353920173,29.52,36.9,C,,PENDING,,0.8771929824561403,
563707f7acfd6087c8628c3bdd9a6b96,2026-09-16 11:44:38,2026,2,2026_02_CIN_HOU,2026-09-20,00-0034829,Mike Gesicki,mike gesicki,CIN,HOU,TE,TE SECONDARY,player_reception_yds,Receiving Yards,DraftKings,draftkings,24.5,OVER,-111.0,44.6,18.0,20.1,68.7,0.8679315623719844,0.8679315623719844,0.1320684376280155,0.4978941161605526,0.5021058838394474,0.3700374462114318,-0.3700374462114318,37.0,0.3700374462114318,37.0,54.5,C,,PENDING,,0.9009009009009009,
f32c0c809596f8841249728570894871,2026-09-16 11:44:38,2026,2,2026_02_CIN_HOU,2026-09-20,00-0034829,Mike Gesicki,mike gesicki,CIN,HOU,TE,TE SECONDARY,player_reception_yds,Receiving Yards,FanDuel,fanduel,25.5,OVER,-114.0,44.6,18.0,19.1,68.7,0.8556802955404561,0.8556802955404561,0.1443197044595439,0.5,0.5,0.3556802955404561,-0.3556802955404561,35.6,0.3556802955404561,35.57,52.8,C,,PENDING,,0.8771929824561403,
15463764087e73035ef4a1c1f5e44b7d,2026-09-16 11:44:38,2026,2,2026_02_CIN_HOU,2026-09-20,00-0034829,Mike Gesicki,mike gesicki,CIN,HOU,TE,TE SECONDARY,player_receptions,Receptions,DraftKings,draftkings,2.5,OVER,-102.0,3.4,1.8,0.9,68.7,0.691462461274013,0.691462461274013,0.308537538725987,0.4761410788381742,0.5238589211618258,0.2153213824358387,-0.2153213824358387,21.5,0.2153213824358387,21.53,30.8,C,,PENDING,,0.9803921568627451,
81b72a0b50998a83686e03437d88cb73,2026-09-16 11:44:38,2026,2,2026_02_CIN_HOU,2026-09-20,00-0034829,Mike Gesicki,mike gesicki,CIN,HOU,TE,TE SECONDARY,player_receptions,Receptions,FanDuel,fanduel,2.5,OVER,-102.0,3.4,1.8,0.9,68.7,0.691462461274013,0.691462461274013,0.308537538725987,0.4718423169750604,0.5281576830249397,0.2196201442989526,-0.2196201442989527,22.0,0.2196201442989526,21.96,31.0,C,,PENDING,,0.9803921568627451,
872dd42df558b3dcaa1ec2ab183ec3d3,2026-09-16 11:44:38,2026,2,2026_02_CIN_HOU,2026-09-20,00-0036554,Nico Collins,nico collins,HOU,CIN,WR,WR PRIMARY,player_reception_yds,Receiving Yards,DraftKings,draftkings,70.5,UNDER,-111.0,64.1,24.36,-6.4,75.2,0.6036190274646571,0.3963809725353429,0.6036190274646571,0.5021058838394474,0.4978941161605526,-0.1057249113041045,0.1057249113041045,10.6,0.1057249113041045,10.57,29.9,C,,PENDING,,0.9009009009009009,
4bd38cb416ff71ac6abc412becda4e4d,2026-09-16 11:44:38,2026,2,2026_02_CIN_HOU,2026-09-20,00-0036554,Nico Collins,nico collins,HOU,CIN,WR,WR PRIMARY,player_reception_yds,Receiving Yards,FanDuel,fanduel,70.5,UNDER,-114.0,64.1,24.36,-6.4,75.2,0.6036190274646571,0.3963809725353429,0.6036190274646571,0.5,0.5,-0.1036190274646571,0.1036190274646571,10.4,0.1036190274646571,10.36,29.8,C,,PENDING,,0.8771929824561403,
c9ad8ff1a9f442f12642549e3fa3379a,2026-09-16 11:44:38,2026,2,2026_02_CIN_HOU,2026-09-20,00-0036554,Nico Collins,nico collins,HOU,CIN,WR,WR PRIMARY,player_receptions,Receptions,DraftKings,draftkings,5.5,UNDER,-146.0,4.6,1.8,-0.9,75.2,0.6914624612740131,0.3085375387259869,0.6914624612740131,0.4393641721736024,0.5606358278263976,-0.1308266334476155,0.1308266334476154,13.1,0.1308266334476154,13.08,27.3,C,,PENDING,,0.684931506849315,
47a4edacb725442c660d902e64e3306a,2026-09-16 11:44:38,2026,2,2026_02_CIN_HOU,2026-09-20,00-0036554,Nico Collins,nico collins,HOU,CIN,WR,WR PRIMARY,player_receptions,Receptions,FanDuel,fanduel,5.5,UNDER,-160.0,4.6,1.8,-0.9,75.2,0.6914624612740131,0.3085375387259869,0.6914624612740131,0.4248366013071895,0.5751633986928104,-0.1162990625812026,0.1162990625812027,11.6,0.1162990625812027,11.63,26.5,C,,PENDING,,0.625,
456b8e1c2a1fb095ccc7f9e3d3b8cb31,2026-09-16 11:44:38,2026,2,2026_02_LV_LAC,2026-09-20,00-0040666,Omarion Hampton,omarion hampton,LAC,LV,RB,RB LEAD,player_rush_yds,Rush Yards,DraftKings,draftkings,64.5,UNDER,-112.0,45.5,18.0,-19.0,74.1,0.8544143423773459,0.145585657622654,0.8544143423773459,0.5,0.5,-0.3544143423773459,0.3544143423773459,35.4,0.3544143423773459,35.44,54.0,B,,PENDING,,0.8928571428571429,
dd747f24c4c5e244712c9cf8fcea0977,2026-09-16 11:44:38,2026,2,2026_02_LV_LAC,2026-09-20,00-0040666,Omarion Hampton,omarion hampton,LAC,LV,RB,RB LEAD,player_rush_yds,Rush Yards,FanDuel,fanduel,65.5,UNDER,-114.0,45.5,18.0,-20.0,74.1,0.8667397370974945,0.1332602629025054,0.8667397370974945,0.5,0.5,-0.3667397370974945,0.3667397370974945,36.7,0.3667397370974945,36.67,55.5,B,,PENDING,,0.8771929824561403,
fbe05f7a1a6722913719abfcd2f8f145,2026-09-16 11:44:38,2026,2,2026_02_JAX_DEN,2026-09-20,00-0038606,Parker Washington,parker washington,JAX,DEN,WR,WR SECONDARY,player_reception_yds,Receiving Yards,DraftKings,draftkings,52.5,UNDER,-110.0,46.6,18.0,-5.9,73.8,0.6284601546602179,0.3715398453397821,0.6284601546602179,0.5042122999157539,0.495787700084246,-0.1326724545759717,0.1326724545759718,13.3,0.1326724545759718,13.27,30.8,B,,PENDING,,0.9090909090909091,
bd48f9ff27e356f057242e30a134c703,2026-09-16 11:44:38,2026,2,2026_02_JAX_DEN,2026-09-20,00-0038606,Parker Washington,parker washington,JAX,DEN,WR,WR SECONDARY,player_reception_yds,Receiving Yards,FanDuel,fanduel,51.5,UNDER,-114.0,46.6,18.0,-4.9,73.8,0.6072744220183162,0.3927255779816838,0.6072744220183162,0.5,0.5,-0.1072744220183161,0.1072744220183161,10.7,0.1072744220183161,10.73,28.6,C,,PENDING,,0.8771929824561403,
bb14bd544741b17cdfd724526496847e,2026-09-16 11:44:38,2026,2,2026_02_JAX_DEN,2026-09-20,00-0038606,Parker Washington,parker washington,JAX,DEN,WR,WR SECONDARY,player_receptions,Receptions,DraftKings,draftkings,4.5,UNDER,-146.0,3.4,1.8,-1.1,73.8,0.7294369877641659,0.2705630122358341,0.7294369877641659,0.4405128572451829,0.5594871427548169,-0.1699498450093488,0.1699498450093489,17.0,0.1699498450093489,16.99,29.5,C,,PENDING,,0.684931506849315,
93757995d83cb3ccf5ca67d433cdf78b,2026-09-16 11:44:38,2026,2,2026_02_JAX_DEN,2026-09-20,00-0038606,Parker Washington,parker washington,JAX,DEN,WR,WR SECONDARY,player_receptions,Receptions,FanDuel,fanduel,4.5,UNDER,-136.0,3.4,1.8,-1.1,73.8,0.7294369877641659,0.2705630122358341,0.7294369877641659,0.4620927318295739,0.5379072681704261,-0.1915297195937398,0.1915297195937397,19.2,0.1915297195937397,19.15,30.8,C,,PENDING,,0.7352941176470589,
8310cc286fd0ce1fb38cfe4756cc67a3,2026-09-16 11:44:38,2026,2,2026_02_IND_KC,2026-09-20,00-0033873,Patrick Mahomes,patrick mahomes,KC,IND,QB,QB STARTER,player_pass_interceptions,Interceptions,DraftKings,draftkings,0.5,UNDER,-153.0,0.0,0.65,-0.5,82.9,0.7791218362875403,0.2208781637124597,0.7791218362875403,0.4291044776119403,0.5708955223880597,-0.2082263138994806,0.2082263138994805,20.8,0.2082263138994805,20.82,33.6,C,,PENDING,,0.6535947712418301,
ae2ec6fe97d42b88cc44d7832af6ce85,2026-09-16 11:44:38,2026,2,2026_02_IND_KC,2026-09-20,00-0033873,Patrick Mahomes,patrick mahomes,KC,IND,QB,QB STARTER,player_pass_tds,Pass TDs,FanDuel,fanduel,1.5,UNDER,-110.0,1.38,0.85,-0.12,82.9,0.5561347331798223,0.4438652668201777,0.5561347331798223,0.5101214574898786,0.4898785425101215,-0.0662561906697009,0.0662561906697007,6.6,0.0662561906697007,6.63,24.8,D,,PENDING,,0.9090909090909091,
ca76228304ea48d990fc0d3ee13cc99d,2026-09-16 11:44:38,2026,2,2026_02_IND_KC,2026-09-20,00-0033873,Patrick Mahomes,patrick mahomes,KC,IND,QB,QB STARTER,player_pass_yds,Pass Yards,DraftKings,draftkings,219.5,OVER,-112.0,250.4,55.09,30.9,82.9,0.7125672625471442,0.7125672625471442,0.2874327374528558,0.5,0.5,0.2125672625471442,-0.2125672625471442,21.3,0.2125672625471442,21.26,56.7,A,,PENDING,,0.8928571428571429,
8b5d9a8127093a8bb35caa767d009d17,2026-09-16 11:44:38,2026,2,2026_02_IND_KC,2026-09-20,00-0033873,Patrick Mahomes,patrick mahomes,KC,IND,QB,QB STARTER,player_pass_yds,Pass Yards,FanDuel,fanduel,217.5,OVER,-114.0,250.4,55.09,32.9,82.9,0.7248145972343154,0.7248145972343154,0.2751854027656846,0.5,0.5,0.2248145972343154,-0.2248145972343154,22.5,0.2248145972343154,22.48,58.9,A,,PENDING,,0.8771929824561403,
a4bc8d05d5a0fe291308779793b2900e,2026-09-16 11:44:38,2026,2,2026_02_IND_KC,2026-09-20,00-0039067,Rashee Rice,rashee rice,KC,IND,WR,WR PRIMARY,player_reception_yds,Receiving Yards,DraftKings,draftkings,55.5,OVER,-112.0,65.7,24.97,10.2,71.5,0.658543083731781,0.658543083731781,0.3414569162682189,0.5,0.5,0.158543083731781,-0.158543083731781,15.9,0.158543083731781,15.85,35.0,B,,PENDING,,0.8928571428571429,
5f39ee01860c188240b710118d4679a5,2026-09-16 11:44:38,2026,2,2026_02_IND_KC,2026-09-20,00-0039067,Rashee Rice,rashee rice,KC,IND,WR,WR PRIMARY,player_reception_yds,Receiving Yards,FanDuel,fanduel,54.5,OVER,-114.0,65.7,24.97,11.2,71.5,0.6731176047664491,0.6731176047664491,0.3268823952335509,0.5,0.5,0.1731176047664491,-0.1731176047664491,17.3,0.1731176047664491,17.31,36.7,B,,PENDING,,0.8771929824561403,
8129d0f782bf4bc77ebf4cf3c51da501,2026-09-16 11:44:38,2026,2,2026_02_IND_KC,2026-09-20,00-0039067,Rashee Rice,rashee rice,KC,IND,WR,WR PRIMARY,player_receptions,Receptions,DraftKings,draftkings,4.5,OVER,-155.0,6.0,2.28,1.5,71.5,0.744697113569311,0.744697113569311,0.255302886430689,0.5732574679943101,0.4267425320056899,0.1714396455750009,-0.1714396455750009,17.1,0.1714396455750009,17.14,29.3,C,,PENDING,,0.6451612903225806,
6f675ca95ff8ee0da52f36743aea147d,2026-09-16 11:44:38,2026,2,2026_02_IND_KC,2026-09-20,00-0039067,Rashee Rice,rashee rice,KC,IND,WR,WR PRIMARY,player_receptions,Receptions,FanDuel,fanduel,4.5,OVER,-154.0,6.0,2.28,1.5,71.5,0.744697113569311,0.744697113569311,0.255302886430689,0.5670257738988136,0.4329742261011864,0.1776713396704974,-0.1776713396704974,17.8,0.1776713396704974,17.77,29.7,C,,PENDING,,0.6493506493506493,
8c5844b59b8a69089ac5899469cb97c9,2026-09-16 11:44:38,2026,2,2026_02_PHI_TEN,2026-09-20,00-0034844,Saquon Barkley,saquon barkley,PHI,TEN,RB,RB LEAD,player_receptions,Receptions,FanDuel,fanduel,1.5,UNDER,140.0,1.7,1.8,0.2,80.4,0.4557641189546886,0.5442358810453114,0.4557641189546886,0.6103896103896104,0.3896103896103896,-0.0661537293442989,0.0661537293442989,6.6,0.0661537293442989,6.62,24.2,D,,PENDING,,1.4,
69c044077c031e0afbc5f3b3fca4265c,2026-09-16 11:44:38,2026,2,2026_02_WAS_DAL,2026-09-20,00-0031588,Stefon Diggs,stefon diggs,WAS,DAL,WR,WR SECONDARY,player_reception_yds,Receiving Yards,DraftKings,draftkings,47.5,OVER,-111.0,63.5,24.13,16.0,73.5,0.7463587427578868,0.7463587427578868,0.2536412572421131,0.4978941161605526,0.5021058838394474,0.2484646265973342,-0.2484646265973342,24.8,0.2484646265973342,24.85,45.3,B,,PENDING,,0.9009009009009009,
1b1843acdae21fb0147754a04c0c3e3d,2026-09-16 11:44:38,2026,2,2026_02_WAS_DAL,2026-09-20,00-0031588,Stefon Diggs,stefon diggs,WAS,DAL,WR,WR SECONDARY,player_reception_yds,Receiving Yards,FanDuel,fanduel,44.5,OVER,-114.0,63.5,24.13,19.0,73.5,0.7844765874158026,0.7844765874158026,0.2155234125841973,0.5,0.5,0.2844765874158026,-0.2844765874158026,28.4,0.2844765874158026,28.45,49.7,B,,PENDING,,0.8771929824561403,
6b68428682a529731ce5d751d40fcc52,2026-09-16 11:44:38,2026,2,2026_02_WAS_DAL,2026-09-20,00-0031588,Stefon Diggs,stefon diggs,WAS,DAL,WR,WR SECONDARY,player_receptions,Receptions,DraftKings,draftkings,4.5,OVER,-129.0,5.0,1.9,0.5,73.5,0.6037855587977,0.6037855587977,0.3962144412023,0.5310164041860369,0.468983595813963,0.0727691546116631,-0.072769154611663,7.3,0.0727691546116631,7.28,23.1,D,,PENDING,,0.7751937984496124,
cc9acba6dd9f88cc3d3a64e4264a7cc5,2026-09-16 11:44:38,2026,2,2026_02_WAS_DAL,2026-09-20,00-0031588,Stefon Diggs,stefon diggs,WAS,DAL,WR,WR SECONDARY,player_receptions,Receptions,FanDuel,fanduel,4.5,OVER,-132.0,5.0,1.9,0.5,73.5,0.6037855587977,0.6037855587977,0.3962144412023,0.532258064516129,0.4677419354838709,0.071527494281571,-0.0715274942815709,7.2,0.071527494281571,7.15,23.0,D,,PENDING,,0.7575757575757576,
47c140116bc2f90d247c5d37043e214e,2026-09-16 11:44:38,2026,2,2026_02_CIN_HOU,2026-09-20,00-0036410,Tee Higgins,tee higgins,CIN,HOU,WR,WR SECONDARY,player_reception_yds,Receiving Yards,DraftKings,draftkings,51.5,OVER,-111.0,56.2,21.36,4.7,73.6,0.587079006998569,0.587079006998569,0.412920993001431,0.4978941161605526,0.5021058838394474,0.0891848908380163,-0.0891848908380164,8.9,0.0891848908380163,8.92,27.3,C,,PENDING,,0.9009009009009009,
87fb4f56b4093da4936584a317aeade9,2026-09-16 11:44:38,2026,2,2026_02_WAS_DAL,2026-09-20,00-0035659,Terry McLaurin,terry mclaurin,WAS,DAL,WR,WR SECONDARY,player_receptions,Receptions,DraftKings,draftkings,4.5,UNDER,-155.0,3.7,1.8,-0.8,73.7,0.6716393567181147,0.3283606432818853,0.6716393567181147,0.4267425320056899,0.5732574679943101,-0.0983818887238046,0.0983818887238046,9.8,0.0983818887238046,9.84,24.9,C,,PENDING,,0.6451612903225806,
62252bc9f2e76bed69830a059f3ec566,2026-09-16 11:44:38,2026,2,2026_02_CAR_ATL,2026-09-20,00-0040124,Tetairoa McMillan,tetairoa mcmillan,CAR,ATL,WR,WR SECONDARY,player_receptions,Receptions,DraftKings,draftkings,4.5,UNDER,-132.0,4.0,1.8,-0.5,69.2,0.609408524566425,0.390591475433575,0.609408524566425,0.4640371229698376,0.5359628770301624,-0.0734456475362626,0.0734456475362625,7.3,0.0734456475362625,7.34,22.1,D,,PENDING,,0.7575757575757576,
39247a9fe928a1d8c9b9830a55346538,2026-09-16 11:44:38,2026,2,2026_02_CAR_ATL,2026-09-20,00-0040124,Tetairoa McMillan,tetairoa mcmillan,CAR,ATL,WR,WR SECONDARY,player_receptions,Receptions,FanDuel,fanduel,4.5,UNDER,-130.0,4.0,1.8,-0.5,69.2,0.609408524566425,0.390591475433575,0.609408524566425,0.4718423169750604,0.5281576830249397,-0.0812508415414854,0.0812508415414853,8.1,0.0812508415414853,8.13,22.6,C,,PENDING,,0.7692307692307693,
fbebe47c0e1d42d45a784082d8e9166c,2026-09-16 11:44:38,2026,2,2026_02_PHI_TEN,2026-09-20,00-0035261,Tony Pollard,tony pollard,TEN,PHI,RB,RB LEAD,player_rush_yds,Rush Yards,DraftKings,draftkings,44.5,OVER,-111.0,58.6,20.51,14.1,76.9,0.754106551349542,0.754106551349542,0.245893448650458,0.4978941161605526,0.5021058838394474,0.2562124351889893,-0.2562124351889894,25.6,0.2562124351889893,25.62,45.2,B,,PENDING,,0.9009009009009009,
7955be00d6860ab43c572f7bb6792169,2026-09-16 11:44:38,2026,2,2026_02_PHI_TEN,2026-09-20,00-0035261,Tony Pollard,tony pollard,TEN,PHI,RB,RB LEAD,player_rush_yds,Rush Yards,FanDuel,fanduel,44.5,OVER,-114.0,58.6,20.51,14.1,76.9,0.754106551349542,0.754106551349542,0.245893448650458,0.5,0.5,0.2541065513495419,-0.2541065513495419,25.4,0.2541065513495419,25.41,45.0,B,,PENDING,,0.8771929824561403,
ae4693c6220320ef5670fb02423f0c45,2026-09-16 11:44:38,2026,2,2026_02_IND_KC,2026-09-20,00-0030506,Travis Kelce,travis kelce,KC,IND,TE,TE SECONDARY,player_reception_yds,Receiving Yards,DraftKings,draftkings,42.5,OVER,-114.0,64.0,24.32,21.5,70.3,0.8116643233969237,0.8116643233969237,0.1883356766030762,0.5042122999157539,0.495787700084246,0.3074520234811698,-0.3074520234811697,30.7,0.3074520234811698,30.75,52.1,B,,PENDING,,0.8771929824561403,
b68edb4c80e466fbe4eb96f21970286a,2026-09-16 11:44:38,2026,2,2026_02_IND_KC,2026-09-20,00-0030506,Travis Kelce,travis kelce,KC,IND,TE,TE SECONDARY,player_reception_yds,Receiving Yards,FanDuel,fanduel,42.5,OVER,-114.0,64.0,24.32,21.5,70.3,0.8116643233969237,0.8116643233969237,0.1883356766030762,0.5,0.5,0.3116643233969237,-0.3116643233969237,31.2,0.3116643233969237,31.17,52.4,B,,PENDING,,0.8771929824561403,
d0fbfe2cafe5914c6bcc12988f8352ab,2026-09-16 11:44:38,2026,2,2026_02_IND_KC,2026-09-20,00-0030506,Travis Kelce,travis kelce,KC,IND,TE,TE SECONDARY,player_receptions,Receptions,DraftKings,draftkings,3.5,OVER,-154.0,5.5,2.09,2.0,70.3,0.8307006744371651,0.8307006744371651,0.1692993255628349,0.5726351919776559,0.4273648080223441,0.2580654824595092,-0.2580654824595092,25.8,0.2580654824595092,25.81,34.6,C,,PENDING,,0.6493506493506493,
265065e39f2c8a4b440f270c16701b5c,2026-09-16 11:44:38,2026,2,2026_02_IND_KC,2026-09-20,00-0030506,Travis Kelce,travis kelce,KC,IND,TE,TE SECONDARY,player_receptions,Receptions,FanDuel,fanduel,3.5,OVER,-154.0,5.5,2.09,2.0,70.3,0.8307006744371651,0.8307006744371651,0.1692993255628349,0.5670257738988136,0.4329742261011864,0.2636749005383515,-0.2636749005383515,26.4,0.2636749005383515,26.37,34.9,C,,PENDING,,0.6493506493506493,
049821c6f276461785efa82f0c707932,2026-09-16 11:44:38,2026,2,2026_02_JAX_DEN,2026-09-20,00-0036971,Trevor Lawrence,trevor lawrence,JAX,DEN,QB,QB STARTER,player_pass_interceptions,Interceptions,DraftKings,draftkings,0.5,UNDER,105.0,0.0,0.65,-0.5,86.0,0.7791218362875403,0.2208781637124597,0.7791218362875403,0.5400039315903282,0.4599960684096717,-0.3191257678778685,0.3191257678778685,31.9,0.3191257678778685,31.91,41.0,C,,PENDING,,1.05,
e9464ef811f7eb9cd3d2d38274069d1d,2026-09-16 11:44:38,2026,2,2026_02_JAX_DEN,2026-09-20,00-0036971,Trevor Lawrence,trevor lawrence,JAX,DEN,QB,QB STARTER,player_pass_tds,Pass TDs,DraftKings,draftkings,1.5,OVER,114.0,1.79,0.98,0.29,86.0,0.6163537880926204,0.6163537880926204,0.3836462119073796,0.4405128572451829,0.5594871427548169,0.1758409308474374,-0.1758409308474373,17.6,0.1758409308474374,17.58,32.3,C,,PENDING,,1.14,
6c538be9b7249d79a81e09fc82adff18,2026-09-16 11:44:38,2026,2,2026_02_JAX_DEN,2026-09-20,00-0036971,Trevor Lawrence,trevor lawrence,JAX,DEN,QB,QB STARTER,player_pass_tds,Pass TDs,FanDuel,fanduel,1.5,OVER,118.0,1.79,0.98,0.29,86.0,0.6163537880926204,0.6163537880926204,0.3836462119073796,0.4282584157758449,0.571741584224155,0.1880953723167755,-0.1880953723167754,18.8,0.1880953723167755,18.81,33.0,C,,PENDING,,1.18,
098de950351e63e3a5dd22fb8561e047,2026-09-16 11:44:38,2026,2,2026_02_JAX_DEN,2026-09-20,00-0036971,Trevor Lawrence,trevor lawrence,JAX,DEN,QB,QB STARTER,player_pass_yds,Pass Yards,DraftKings,draftkings,222.5,UNDER,-111.0,210.4,46.29,-12.1,86.0,0.603106255737274,0.3968937442627259,0.603106255737274,0.5021058838394474,0.4978941161605526,-0.1052121395767214,0.1052121395767214,10.5,0.1052121395767214,10.52,36.9,C,,PENDING,,0.9009009009009009,
cba11c70482b1adfe213610376c743c1,2026-09-16 11:44:38,2026,2,2026_02_JAX_DEN,2026-09-20,00-0036971,Trevor Lawrence,trevor lawrence,JAX,DEN,QB,QB STARTER,player_pass_yds,Pass Yards,FanDuel,fanduel,220.5,UNDER,-114.0,210.4,46.29,-10.1,86.0,0.5863593348056405,0.4136406651943595,0.5863593348056405,0.5,0.5,-0.0863593348056405,0.0863593348056405,8.6,0.0863593348056405,8.64,34.3,C,,PENDING,,0.8771929824561403,
d3e48658291a49a30bb5bfd3668e5a41,2026-09-16 11:44:38,2026,2,2026_02_GB_NYJ,2026-09-20,00-0038996,Tucker Kraft,tucker kraft,GB,NYJ,TE,TE SECONDARY,player_reception_yds,Receiving Yards,DraftKings,draftkings,46.5,OVER,-114.0,52.2,19.84,5.7,68.9,0.6130580712309373,0.6130580712309373,0.3869419287690627,0.5042122999157539,0.495787700084246,0.1088457713151833,-0.1088457713151832,10.9,0.1088457713151833,10.88,28.0,C,,PENDING,,0.8771929824561403,
c61b3498e004e22fc287d082d1022614,2026-09-16 11:44:38,2026,2,2026_02_GB_NYJ,2026-09-20,00-0038996,Tucker Kraft,tucker kraft,GB,NYJ,TE,TE SECONDARY,player_reception_yds,Receiving Yards,FanDuel,fanduel,47.5,OVER,-114.0,52.2,19.84,4.7,68.9,0.5936309380539411,0.5936309380539411,0.4063690619460589,0.5,0.5,0.093630938053941,-0.093630938053941,9.4,0.093630938053941,9.36,26.4,C,,PENDING,,0.8771929824561403,
7f727c58ef9d1e0d01f66d477590d57f,2026-09-16 11:44:38,2026,2,2026_02_NO_BAL,2026-09-20,00-0040743,Tyler Shough,tyler shough,NO,BAL,QB,QB STARTER,player_pass_tds,Pass TDs,FanDuel,fanduel,1.5,OVER,174.0,1.36,0.85,-0.14,85.1,0.4345877433860987,0.4345877433860987,0.5654122566139013,0.3408179631114675,0.6591820368885326,0.0937697802746311,-0.0937697802746313,9.4,0.0937697802746311,9.38,27.0,C,,PENDING,,1.74,
813120b68e586e62e8c42d88a636499f,2026-09-16 11:44:38,2026,2,2026_02_NO_BAL,2026-09-20,00-0040743,Tyler Shough,tyler shough,NO,BAL,QB,QB STARTER,player_pass_yds,Pass Yards,DraftKings,draftkings,232.5,OVER,-112.0,304.6,67.01,72.1,85.1,0.8590271613401739,0.8590271613401739,0.1409728386598261,0.5,0.5,0.3590271613401739,-0.3590271613401739,35.9,0.3590271613401739,35.9,96.9,A,,PENDING,,0.8928571428571429,
fecc32a1c7a788674c1eb8fcdf7b49ba,2026-09-16 11:44:38,2026,2,2026_02_NO_BAL,2026-09-20,00-0040743,Tyler Shough,tyler shough,NO,BAL,QB,QB STARTER,player_pass_yds,Pass Yards,FanDuel,fanduel,240.5,OVER,-114.0,304.6,67.01,64.1,85.1,0.8306087519497418,0.8306087519497418,0.1693912480502581,0.5,0.5,0.3306087519497418,-0.3306087519497418,33.1,0.3306087519497418,33.06,89.2,A,,PENDING,,0.8771929824561403,
e43595aee1ea8285915ccd4040091bf6,2026-09-16 11:44:38,2026,2,2026_02_IND_KC,2026-09-20,00-0040128,Tyler Warren,tyler warren,IND,KC,TE,TE SECONDARY,player_reception_yds,Receiving Yards,DraftKings,draftkings,46.5,UNDER,-114.0,32.2,18.0,-14.3,76.8,0.7865316304644188,0.2134683695355812,0.7865316304644188,0.495787700084246,0.5042122999157539,-0.2823193305486647,0.2823193305486648,28.2,0.2823193305486648,28.23,46.9,B,,PENDING,,0.8771929824561403,
e80933f82d5970558c87dd2d126009d1,2026-09-16 11:44:38,2026,2,2026_02_IND_KC,2026-09-20,00-0040128,Tyler Warren,tyler warren,IND,KC,TE,TE SECONDARY,player_reception_yds,Receiving Yards,FanDuel,fanduel,42.5,UNDER,-114.0,32.2,18.0,-10.3,76.8,0.7164142828342952,0.2835857171657048,0.7164142828342952,0.5,0.5,-0.2164142828342952,0.2164142828342952,21.6,0.2164142828342952,21.64,39.9,B,,PENDING,,0.8771929824561403,
4ab072e853925a6afc2c603f4863e678,2026-09-16 11:44:38,2026,2,2026_02_IND_KC,2026-09-20,00-0040128,Tyler Warren,tyler warren,IND,KC,TE,TE SECONDARY,player_receptions,Receptions,DraftKings,draftkings,4.5,UNDER,106.0,3.8,1.8,-0.7,76.8,0.6513208290612621,0.3486791709387379,0.6513208290612621,0.5419996102124343,0.4580003897875657,-0.1933204392736963,0.1933204392736963,19.3,0.1933204392736963,19.33,31.3,C,,PENDING,,1.06,
39ef02523880a6ac45facfaede704627,2026-09-16 11:44:38,2026,2,2026_02_IND_KC,2026-09-20,00-0040128,Tyler Warren,tyler warren,IND,KC,TE,TE SECONDARY,player_receptions,Receptions,FanDuel,fanduel,4.5,UNDER,-102.0,3.8,1.8,-0.7,76.8,0.6513208290612621,0.3486791709387379,0.6513208290612621,0.5281576830249397,0.4718423169750604,-0.1794785120862018,0.1794785120862017,17.9,0.1794785120862017,17.95,30.5,C,,PENDING,,0.9803921568627451,
1aea35b80c7e98b9861c0af0eec76190,2026-09-16 11:44:38,2026,2,2026_02_IND_KC,2026-09-20,00-0038104,Tyquan Thornton,tyquan thornton,KC,IND,WR,WR DEPTH,player_reception_yds,Receiving Yards,DraftKings,draftkings,15.5,OVER,-108.0,30.7,18.0,15.2,62.3,0.8007894522180132,0.8007894522180132,0.1992105477819867,0.4915711395819285,0.5084288604180714,0.3092183126360847,-0.3092183126360847,30.9,0.3092183126360847,30.92,45.5,C,,PENDING,,0.9259259259259259,
bd0f1989c29e1e346f800c674f6f8854,2026-09-16 11:44:38,2026,2,2026_02_IND_KC,2026-09-20,00-0038104,Tyquan Thornton,tyquan thornton,KC,IND,WR,WR DEPTH,player_reception_yds,Receiving Yards,FanDuel,fanduel,13.5,OVER,-114.0,30.7,18.0,17.2,62.3,0.8303515875750735,0.8303515875750735,0.1696484124249264,0.5,0.5,0.3303515875750735,-0.3303515875750735,33.0,0.3303515875750735,33.04,48.3,C,,PENDING,,0.8771929824561403,
dc822489ccac260b36f7d0ebd2fb1803,2026-09-16 11:44:38,2026,2,2026_02_IND_KC,2026-09-20,00-0038104,Tyquan Thornton,tyquan thornton,KC,IND,WR,WR DEPTH,player_receptions,Receptions,DraftKings,draftkings,1.5,OVER,159.0,1.6,1.8,0.1,62.3,0.5221520643417822,0.5221520643417822,0.4778479356582178,0.3648543573180214,0.6351456426819786,0.1572977070237607,-0.1572977070237607,15.7,0.1572977070237607,15.73,25.1,C,,PENDING,,1.59,
6da813d9d7cb74f984561a290d049014,2026-09-16 11:44:38,2026,2,2026_02_IND_KC,2026-09-20,00-0038104,Tyquan Thornton,tyquan thornton,KC,IND,WR,WR DEPTH,player_receptions,Receptions,FanDuel,fanduel,1.5,OVER,162.0,1.6,1.8,0.1,62.3,0.5221520643417822,0.5221520643417822,0.4778479356582178,0.35698348951361,0.64301651048639,0.1651685748281721,-0.1651685748281721,16.5,0.1651685748281721,16.52,25.6,C,,PENDING,,1.62,
bb15971be8bccfb260c8c344ccc2d2a1,2026-09-16 11:44:38,2026,2,2026_02_PHI_TEN,2026-09-20,00-0038117,Wan'Dale Robinson,wandale robinson,TEN,PHI,WR,WR PRIMARY,player_reception_yds,Receiving Yards,DraftKings,draftkings,36.5,OVER,-113.0,42.4,18.0,5.9,72.6,0.6284601546602179,0.6284601546602179,0.3715398453397821,0.5021058838394474,0.4978941161605526,0.1263542708207704,-0.1263542708207705,12.6,0.1263542708207704,12.64,30.2,B,,PENDING,,0.8849557522123894,
b59b42be2d2cadadcca781e7a422d457,2026-09-16 11:44:38,2026,2,2026_02_PHI_TEN,2026-09-20,00-0038117,Wan'Dale Robinson,wandale robinson,TEN,PHI,WR,WR PRIMARY,player_reception_yds,Receiving Yards,FanDuel,fanduel,37.5,OVER,-114.0,42.4,18.0,4.9,72.6,0.6072744220183162,0.6072744220183162,0.3927255779816838,0.5,0.5,0.1072744220183161,-0.1072744220183161,10.7,0.1072744220183161,10.73,28.3,C,,PENDING,,0.8771929824561403,
52321261f53a46628eb85c3508d199da,2026-09-16 11:44:38,2026,2,2026_02_PHI_TEN,2026-09-20,00-0038117,Wan'Dale Robinson,wandale robinson,TEN,PHI,WR,WR PRIMARY,player_receptions,Receptions,DraftKings,draftkings,4.5,OVER,117.0,4.6,1.8,0.1,72.6,0.5221520643417821,0.5221520643417821,0.4778479356582179,0.4350636870337043,0.5649363129662957,0.0870883773080777,-0.0870883773080777,8.7,0.0870883773080777,8.71,23.5,C,,PENDING,,1.17,
c6d633e5a2e7efc9d8e275a5fdc31bab,2026-09-16 11:44:38,2026,2,2026_02_PHI_TEN,2026-09-20,00-0038117,Wan'Dale Robinson,wandale robinson,TEN,PHI,WR,WR PRIMARY,player_receptions,Receptions,FanDuel,fanduel,4.5,OVER,112.0,4.6,1.8,0.1,72.6,0.5221520643417821,0.5221520643417821,0.4778479356582179,0.4414696667616063,0.5585303332383936,0.0806823975801757,-0.0806823975801757,8.1,0.0806823975801757,8.07,23.1,C,,PENDING,,1.12,
f01c5c4b523b6f4dac83906ce079e210,2026-09-16 11:44:38,2026,2,2026_02_CIN_HOU,2026-09-20,00-0038618,Xavier Hutchinson,xavier hutchinson,HOU,CIN,WR,WR SECONDARY,player_reception_yds,Receiving Yards,DraftKings,draftkings,27.5,UNDER,-110.0,22.6,18.0,-4.9,66.8,0.6072744220183162,0.3927255779816838,0.6072744220183162,0.5042122999157539,0.495787700084246,-0.11148672193407,0.1114867219340701,11.1,0.1114867219340701,11.15,27.1,C,,PENDING,,0.9090909090909091,
9a8919db988b31328ff1fb0028f907a0,2026-09-16 11:44:38,2026,2,2026_02_CIN_HOU,2026-09-20,00-0038618,Xavier Hutchinson,xavier hutchinson,HOU,CIN,WR,WR SECONDARY,player_reception_yds,Receiving Yards,FanDuel,fanduel,27.5,UNDER,-114.0,22.6,18.0,-4.9,66.8,0.6072744220183162,0.3927255779816838,0.6072744220183162,0.5,0.5,-0.1072744220183161,0.1072744220183161,10.7,0.1072744220183161,10.73,26.8,C,,PENDING,,0.8771929824561403,
af78ec899d150b4efa0be5e3e334b661,2026-09-16 11:44:38,2026,2,2026_02_CIN_HOU,2026-09-20,00-0038618,Xavier Hutchinson,xavier hutchinson,HOU,CIN,WR,WR SECONDARY,player_receptions,Receptions,DraftKings,draftkings,2.5,UNDER,104.0,1.9,1.8,-0.6,66.8,0.6305586598182363,0.3694413401817636,0.6305586598182363,0.5371848068943506,0.4628151931056495,-0.1677434667125869,0.1677434667125867,16.8,0.1677434667125867,16.77,27.2,C,,PENDING,,1.04,
d7c23134c22462364a484a441b70cb2f,2026-09-16 11:44:38,2026,2,2026_02_CIN_HOU,2026-09-20,00-0038618,Xavier Hutchinson,xavier hutchinson,HOU,CIN,WR,WR SECONDARY,player_receptions,Receptions,FanDuel,fanduel,2.5,UNDER,100.0,1.9,1.8,-0.6,66.8,0.6305586598182363,0.3694413401817636,0.6305586598182363,0.532258064516129,0.4677419354838709,-0.1628167243343653,0.1628167243343654,16.3,0.1628167243343654,16.28,26.9,C,,PENDING,,1.0,
0df4b6a02f84d1c741e5325831eef8fe,2026-09-16 11:44:38,2026,2,2026_02_IND_KC,2026-09-20,00-0039894,Xavier Worthy,xavier worthy,KC,IND,WR,WR SECONDARY,player_reception_yds,Receiving Yards,FanDuel,fanduel,37.5,OVER,-114.0,40.3,18.0,2.8,70.4,0.5618083200493001,0.5618083200493001,0.4381916799506998,0.5,0.5,0.0618083200493001,-0.0618083200493001,6.2,0.0618083200493001,6.18,23.4,D,,PENDING,,0.8771929824561403,
aec676602cc07e400f41597a7fc78b67,2026-09-16 11:44:38,2026,2,2026_02_IND_KC,2026-09-20,00-0039894,Xavier Worthy,xavier worthy,KC,IND,WR,WR SECONDARY,player_receptions,Receptions,DraftKings,draftkings,3.5,OVER,117.0,3.8,1.8,0.3,70.4,0.5661838326109037,0.5661838326109037,0.4338161673890963,0.4344048653344918,0.5655951346655083,0.1317789672764118,-0.1317789672764119,13.2,0.1317789672764118,13.18,25.7,C,,PENDING,,1.17,
9ca78434b5f826c4de3a9cb98166b3ab,2026-09-16 11:44:38,2026,2,2026_02_IND_KC,2026-09-20,00-0039894,Xavier Worthy,xavier worthy,KC,IND,WR,WR SECONDARY,player_receptions,Receptions,FanDuel,fanduel,3.5,OVER,106.0,3.8,1.8,0.3,70.4,0.5661838326109037,0.5661838326109037,0.4338161673890963,0.4542013626040878,0.5457986373959123,0.1119824700068158,-0.1119824700068159,11.2,0.1119824700068158,11.2,24.5,C,,PENDING,,1.06,
7408ce582b5a2a52882184e9a649b3db,2026-09-16 11:44:38,2026,2,2026_02_NYG_LA,2026-09-21,00-0039738,Blake Corum,blake corum,LA,NYG,RB,RB ROTATION,player_rush_yds,Rush Yards,DraftKings,draftkings,45.5,UNDER,-111.0,35.2,18.0,-10.3,72.7,0.7164142828342952,0.2835857171657048,0.7164142828342952,0.5021058838394474,0.4978941161605526,-0.2185201666737426,0.2185201666737425,21.9,0.2185201666737425,21.85,39.0,B,,PENDING,,0.9009009009009009,
464fa2f5440552bec05ab556beef96da,2026-09-16 11:44:38,2026,2,2026_02_NYG_LA,2026-09-21,00-0039738,Blake Corum,blake corum,LA,NYG,RB,RB ROTATION,player_rush_yds,Rush Yards,FanDuel,fanduel,43.5,UNDER,-114.0,35.2,18.0,-8.3,72.7,0.6776405547679102,0.3223594452320898,0.6776405547679102,0.5,0.5,-0.1776405547679101,0.1776405547679101,17.8,0.1776405547679101,17.76,35.1,B,,PENDING,,0.8771929824561403,
436ffdf5e1bb58cfedf7630fe55b9273,2026-09-16 11:44:38,2026,2,2026_02_NYG_LA,2026-09-21,00-0040715,Cam Skattebo,cam skattebo,NYG,LA,RB,RB LEAD,player_rush_yds,Rush Yards,DraftKings,draftkings,50.5,OVER,-110.0,60.0,21.0,9.5,76.2,0.6745027167397403,0.6745027167397403,0.3254972832602597,0.495787700084246,0.5042122999157539,0.1787150166554942,-0.1787150166554941,17.9,0.1787150166554942,17.87,36.9,B,,PENDING,,0.9090909090909091,
15a677a9f341fc770f32c1010e85bc94,2026-09-16 11:44:38,2026,2,2026_02_NYG_LA,2026-09-21,00-0040715,Cam Skattebo,cam skattebo,NYG,LA,RB,RB LEAD,player_rush_yds,Rush Yards,FanDuel,fanduel,49.5,OVER,-114.0,60.0,21.0,10.5,76.2,0.6914624612740131,0.6914624612740131,0.3085375387259869,0.5,0.5,0.1914624612740131,-0.1914624612740131,19.1,0.1914624612740131,19.15,38.4,B,,PENDING,,0.8771929824561403,
d71712be935f4552ec600ad16af15ed8,2026-09-16 11:44:38,2026,2,2026_02_NYG_LA,2026-09-21,00-0031381,Davante Adams,davante adams,LA,NYG,WR,WR PRIMARY,player_reception_yds,Receiving Yards,DraftKings,draftkings,44.5,OVER,-114.0,56.4,21.43,11.9,72.3,0.7106540000300405,0.7106540000300405,0.2893459999699594,0.5042122999157539,0.495787700084246,0.2064417001142866,-0.2064417001142865,20.6,0.2064417001142866,20.64,39.4,B,,PENDING,,0.8771929824561403,
24bf8d9d0091c9be558f77ab02f42742,2026-09-16 11:44:38,2026,2,2026_02_NYG_LA,2026-09-21,00-0031381,Davante Adams,davante adams,LA,NYG,WR,WR PRIMARY,player_reception_yds,Receiving Yards,FanDuel,fanduel,44.5,OVER,-114.0,56.4,21.43,11.9,72.3,0.7106540000300405,0.7106540000300405,0.2893459999699594,0.5,0.5,0.2106540000300405,-0.2106540000300405,21.1,0.2106540000300405,21.07,39.6,B,,PENDING,,0.8771929824561403,
5ea4528ac5a2a434b34a68865ca7a468,2026-09-16 11:44:38,2026,2,2026_02_NYG_LA,2026-09-21,00-0031381,Davante Adams,davante adams,LA,NYG,WR,WR PRIMARY,player_receptions,Receptions,DraftKings,draftkings,3.5,OVER,-138.0,4.9,1.86,1.4,72.3,0.7741813403864829,0.7741813403864829,0.2258186596135171,0.5467012037178121,0.453298796282188,0.2274801366686708,-0.2274801366686709,22.7,0.2274801366686708,22.75,32.8,C,,PENDING,,0.7246376811594203,
ad9007e3848391ff67ac467a28151873,2026-09-16 11:44:38,2026,2,2026_02_NYG_LA,2026-09-21,00-0031381,Davante Adams,davante adams,LA,NYG,WR,WR PRIMARY,player_receptions,Receptions,FanDuel,fanduel,3.5,OVER,-136.0,4.9,1.86,1.4,72.3,0.7741813403864829,0.7741813403864829,0.2258186596135171,0.5379072681704261,0.4620927318295739,0.2362740722160567,-0.2362740722160568,23.6,0.2362740722160567,23.63,33.3,C,,PENDING,,0.7352941176470589,
702847b87729bb02d5e87fd87aa1110e,2026-09-16 11:44:38,2026,2,2026_02_NYG_LA,2026-09-21,00-0037838,Isaiah Likely,isaiah likely,NYG,LA,TE,TE DEPTH,player_reception_yds,Receiving Yards,DraftKings,draftkings,45.5,UNDER,-111.0,32.1,18.0,-13.4,66.7,0.7716961802889222,0.2283038197110778,0.7716961802889222,0.5021058838394474,0.4978941161605526,-0.2738020641283696,0.2738020641283695,27.4,0.2738020641283695,27.38,43.2,C,,PENDING,,0.9009009009009009,
4a3214fc29c35e69afff2f37a385f875,2026-09-16 11:44:38,2026,2,2026_02_NYG_LA,2026-09-21,00-0037838,Isaiah Likely,isaiah likely,NYG,LA,TE,TE DEPTH,player_reception_yds,Receiving Yards,FanDuel,fanduel,46.5,UNDER,-114.0,32.1,18.0,-14.4,66.7,0.7881446014166033,0.2118553985833967,0.7881446014166033,0.5,0.5,-0.2881446014166032,0.2881446014166032,28.8,0.2881446014166032,28.81,44.8,C,,PENDING,,0.8771929824561403,
5fedf21b32609e6e978a8ea5fe46f332,2026-09-16 11:44:38,2026,2,2026_02_NYG_LA,2026-09-21,00-0037838,Isaiah Likely,isaiah likely,NYG,LA,TE,TE DEPTH,player_receptions,Receptions,DraftKings,draftkings,4.5,UNDER,-107.0,3.5,1.8,-1.0,66.7,0.710742639246028,0.289257360753972,0.710742639246028,0.512482836100362,0.487517163899638,-0.22322547534639,0.2232254753463899,22.3,0.2232254753463899,22.32,30.8,C,,PENDING,,0.9345794392523364,
06d344dbd5dfee00c23fcbe66b3e29db,2026-09-16 11:44:38,2026,2,2026_02_NYG_LA,2026-09-21,00-0037838,Isaiah Likely,isaiah likely,NYG,LA,TE,TE DEPTH,player_receptions,Receptions,FanDuel,fanduel,4.5,UNDER,104.0,3.5,1.8,-1.0,66.7,0.710742639246028,0.289257360753972,0.710742639246028,0.5418848167539267,0.4581151832460733,-0.2526274559999547,0.2526274559999547,25.3,0.2526274559999547,25.26,32.6,C,,PENDING,,1.04,
d483de02f4e4b7fe04153d4c1742ac15,2026-09-16 11:44:38,2026,2,2026_02_NYG_LA,2026-09-21,00-0040691,Jaxson Dart,jaxson dart,NYG,LA,QB,QB STARTER,player_pass_interceptions,Interceptions,DraftKings,draftkings,0.5,UNDER,-144.0,0.0,0.65,-0.5,84.2,0.7791218362875403,0.2208781637124597,0.7791218362875403,0.4430563625798954,0.5569436374201047,-0.2221781988674357,0.2221781988674356,22.2,0.2221781988674356,22.22,34.8,C,,PENDING,,0.6944444444444444,
b8b42f67f8e53c29598881864e21a0d2,2026-09-16 11:44:38,2026,2,2026_02_NYG_LA,2026-09-21,00-0040691,Jaxson Dart,jaxson dart,NYG,LA,QB,QB STARTER,player_pass_tds,Pass TDs,DraftKings,draftkings,1.5,OVER,187.0,1.81,1.0,0.31,84.2,0.6217195218220193,0.6217195218220193,0.3782804781779807,0.3299438516603315,0.6700561483396685,0.2917756701616877,-0.2917756701616878,29.2,0.2917756701616877,29.18,38.8,C,,PENDING,,1.87,
8c166cf7764a6ce84f30b1b772091cc2,2026-09-16 11:44:38,2026,2,2026_02_NYG_LA,2026-09-21,00-0040691,Jaxson Dart,jaxson dart,NYG,LA,QB,QB STARTER,player_pass_tds,Pass TDs,FanDuel,fanduel,1.5,OVER,188.0,1.81,1.0,0.31,84.2,0.6217195218220193,0.6217195218220193,0.3782804781779807,0.3246753246753247,0.6753246753246753,0.2970441971466946,-0.2970441971466946,29.7,0.2970441971466946,29.7,39.1,C,,PENDING,,1.88,
443c7e620b52d68d4ee727c25c705031,2026-09-16 11:44:38,2026,2,2026_02_NYG_LA,2026-09-21,00-0040691,Jaxson Dart,jaxson dart,NYG,LA,QB,QB STARTER,player_pass_yds,Pass Yards,DraftKings,draftkings,212.5,UNDER,-113.0,205.3,45.17,-7.2,84.2,0.5633222759333248,0.4366777240666751,0.5633222759333248,0.4978941161605526,0.5021058838394474,-0.0612163920938774,0.0612163920938774,6.1,0.0612163920938774,6.12,30.1,D,,PENDING,,0.8849557522123894,
7de24dc1a7477eab8ce8b910790dd0d4,2026-09-16 11:44:38,2026,2,2026_02_NYG_LA,2026-09-21,00-0040691,Jaxson Dart,jaxson dart,NYG,LA,QB,QB STARTER,player_pass_yds,Pass Yards,FanDuel,fanduel,216.5,UNDER,-114.0,205.3,45.17,-11.2,84.2,0.5979142970610014,0.4020857029389986,0.5979142970610014,0.5,0.5,-0.0979142970610014,0.0979142970610014,9.8,0.0979142970610014,9.79,35.3,C,,PENDING,,0.8771929824561403,
d40e42294827a70a2c740086921ad233,2026-09-16 11:44:38,2026,2,2026_02_NYG_LA,2026-09-21,00-0039337,Malik Nabers,malik nabers,NYG,LA,WR,WR PRIMARY,player_receptions,Receptions,FanDuel,fanduel,5.5,OVER,-114.0,5.9,2.24,0.4,71.7,0.5708628847262718,0.5708628847262718,0.4291371152737282,0.5,0.5,0.0708628847262717,-0.0708628847262717,7.1,0.0708628847262717,7.09,22.5,D,,PENDING,,0.8771929824561403,
5a2eb02d7ecbb2fe9cd07c748c71e217,2026-09-16 11:44:38,2026,2,2026_02_NYG_LA,2026-09-21,00-0026498,Matthew Stafford,matthew stafford,LA,NYG,QB,QB STARTER,player_pass_interceptions,Interceptions,DraftKings,draftkings,0.5,UNDER,-123.0,0.0,0.65,-0.5,82.1,0.7791218362875403,0.2208781637124597,0.7791218362875403,0.480324745257228,0.519675254742772,-0.2594465815447683,0.2594465815447683,25.9,0.2594465815447683,25.94,36.5,C,,PENDING,,0.8130081300813008,
efff87991c0db92a17c16998f4b354c5,2026-09-16 11:44:38,2026,2,2026_02_NYG_LA,2026-09-21,00-0026498,Matthew Stafford,matthew stafford,LA,NYG,QB,QB STARTER,player_pass_tds,Pass TDs,DraftKings,draftkings,2.5,UNDER,-221.0,1.53,0.85,-0.97,82.1,0.873101753102752,0.126898246897248,0.873101753102752,0.3489471796153972,0.6510528203846029,-0.2220489327181491,0.222048932718149,22.2,0.222048932718149,22.2,34.6,C,,PENDING,,0.45248868778280543,
c8cc4438d0a53faa264d4d697e9a77ad,2026-09-16 11:44:38,2026,2,2026_02_NYG_LA,2026-09-21,00-0026498,Matthew Stafford,matthew stafford,LA,NYG,QB,QB STARTER,player_pass_tds,Pass TDs,FanDuel,fanduel,1.5,UNDER,162.0,1.53,0.85,0.03,82.1,0.4859226069239448,0.5140773930760552,0.4859226069239448,0.64301651048639,0.35698348951361,-0.1289391174103348,0.1289391174103348,12.9,0.1289391174103348,12.89,28.3,C,,PENDING,,1.62,
ea448870050c8a0ac560681edc115555,2026-09-16 11:44:38,2026,2,2026_02_NYG_LA,2026-09-21,00-0026498,Matthew Stafford,matthew stafford,LA,NYG,QB,QB STARTER,player_pass_yds,Pass Yards,DraftKings,draftkings,247.5,UNDER,-113.0,217.0,47.74,-30.5,82.1,0.7385486061504827,0.2614513938495173,0.7385486061504827,0.4978941161605526,0.5021058838394474,-0.2364427223110353,0.2364427223110352,23.6,0.2364427223110352,23.64,57.6,A,,PENDING,,0.8849557522123894,
1c950666a9db4215e338fa67c03ad44f,2026-09-16 11:44:38,2026,2,2026_02_NYG_LA,2026-09-21,00-0026498,Matthew Stafford,matthew stafford,LA,NYG,QB,QB STARTER,player_pass_yds,Pass Yards,FanDuel,fanduel,242.5,UNDER,-114.0,217.0,47.74,-25.5,82.1,0.7033787946775049,0.2966212053224951,0.7033787946775049,0.5,0.5,-0.2033787946775048,0.2033787946775048,20.3,0.2033787946775048,20.34,51.9,A,,PENDING,,0.8771929824561403,
c1bff3b656369fc93a86e2036dc41d71,2026-09-16 11:44:38,2026,2,2026_02_NYG_LA,2026-09-21,00-0039075,Puka Nacua,puka nacua,LA,NYG,WR,WR PRIMARY,player_reception_yds,Receiving Yards,DraftKings,draftkings,87.5,OVER,-112.0,95.3,36.21,7.8,76.4,0.5852762049150996,0.5852762049150996,0.4147237950849004,0.5,0.5,0.0852762049150995,-0.0852762049150995,8.5,0.0852762049150995,8.53,30.1,C,,PENDING,,0.8928571428571429,
02a83994882e0ed0aaa3c5de11a3a620,2026-09-16 11:44:38,2026,2,2026_02_NYG_LA,2026-09-21,00-0039075,Puka Nacua,puka nacua,LA,NYG,WR,WR PRIMARY,player_reception_yds,Receiving Yards,FanDuel,fanduel,85.5,OVER,-114.0,95.3,36.21,9.8,76.4,0.6066673700460348,0.6066673700460348,0.3933326299539652,0.5,0.5,0.1066673700460347,-0.1066673700460347,10.7,0.1066673700460347,10.67,32.9,C,,PENDING,,0.8771929824561403,
bedbb92c8b0069d217cc4436d32f020d,2026-09-16 11:44:38,2026,2,2026_02_NYG_LA,2026-09-21,00-0039075,Puka Nacua,puka nacua,LA,NYG,WR,WR PRIMARY,player_receptions,Receptions,DraftKings,draftkings,6.5,OVER,-143.0,7.5,2.85,1.0,76.4,0.6371597588089657,0.6371597588089657,0.3628402411910343,0.5550754357697378,0.4449245642302622,0.0820843230392278,-0.0820843230392279,8.2,0.0820843230392278,8.21,24.8,C,,PENDING,,0.6993006993006993,
0f51f6ef26389dbb83aa95a8249ccb99,2026-09-16 11:44:38,2026,2,2026_02_NYG_LA,2026-09-21,00-0039075,Puka Nacua,puka nacua,LA,NYG,WR,WR PRIMARY,player_receptions,Receptions,FanDuel,fanduel,6.5,OVER,-130.0,7.5,2.85,1.0,76.4,0.6371597588089657,0.6371597588089657,0.3628402411910343,0.5281576830249397,0.4718423169750604,0.1090020757840259,-0.1090020757840261,10.9,0.1090020757840259,10.9,26.4,C,,PENDING,,0.7692307692307693,
56e87f3c0bd0f5e5bb17502fa59fccf7,2026-09-16 11:44:38,2026,3,2026_03_ATL_GB,2026-09-24,00-0038542,Bijan Robinson,bijan robinson,ATL,GB,RB,RB LEAD,player_reception_yds,Receiving Yards,FanDuel,fanduel,42.5,UNDER,-114.0,38.9,18.0,-3.6,83.4,0.579259709439103,0.420740290560897,0.579259709439103,0.5,0.5,-0.0792597094391029,0.0792597094391029,7.9,0.0792597094391029,7.93,28.3,C,,PENDING,,0.8771929824561403,
abf192f17cd8a329f1d7063d35786c9c,2026-09-16 11:44:38,2026,3,2026_03_ATL_GB,2026-09-24,00-0038542,Bijan Robinson,bijan robinson,ATL,GB,RB,RB LEAD,player_receptions,Receptions,FanDuel,fanduel,4.5,UNDER,116.0,4.0,1.8,-0.5,83.4,0.609408524566425,0.390591475433575,0.609408524566425,0.5670257738988136,0.4329742261011864,-0.1764342984652386,0.1764342984652386,17.6,0.1764342984652386,17.64,31.8,B,,PENDING,,1.16,
7514069dc4ddd343feab7fa793d2019b,2026-09-16 11:44:38,2026,3,2026_03_ATL_GB,2026-09-24,00-0038542,Bijan Robinson,bijan robinson,ATL,GB,RB,RB LEAD,player_rush_yds,Rush Yards,FanDuel,fanduel,84.5,OVER,-114.0,91.4,31.99,6.9,83.4,0.5853862386570582,0.5853862386570582,0.4146137613429418,0.5,0.5,0.0853862386570581,-0.0853862386570581,8.5,0.0853862386570581,8.54,31.1,C,,PENDING,,0.8771929824561403,
3581aad1d9d78a288c8adbb77638edda,2026-09-16 11:44:38,2026,3,2026_03_ATL_GB,2026-09-24,00-0038124,Christian Watson,christian watson,GB,ATL,WR,WR SECONDARY,player_reception_yds,Receiving Yards,DraftKings,draftkings,60.5,OVER,-110.0,75.5,28.69,15.0,71.2,0.6994538081752455,0.6994538081752455,0.3005461918247545,0.495787700084246,0.5042122999157539,0.2036661080909995,-0.2036661080909994,20.4,0.2036661080909995,20.37,41.3,B,,PENDING,,0.9090909090909091,
9e74ebf23cb8f9b9783d9f76175394b7,2026-09-16 11:44:38,2026,3,2026_03_ATL_GB,2026-09-24,00-0038124,Christian Watson,christian watson,GB,ATL,WR,WR SECONDARY,player_reception_yds,Receiving Yards,FanDuel,fanduel,61.5,OVER,-114.0,75.5,28.69,14.0,71.2,0.6872161914987798,0.6872161914987798,0.3127838085012202,0.5,0.5,0.1872161914987797,-0.1872161914987797,18.7,0.1872161914987797,18.72,39.5,B,,PENDING,,0.8771929824561403,
b2155679ab24213bd608047b18227b44,2026-09-16 11:44:38,2026,3,2026_03_ATL_GB,2026-09-24,00-0038124,Christian Watson,christian watson,GB,ATL,WR,WR SECONDARY,player_receptions,Receptions,DraftKings,draftkings,4.5,UNDER,-163.0,3.8,1.8,-0.7,71.2,0.6513208290612621,0.3486791709387379,0.6513208290612621,0.4154752689530971,0.584524731046903,-0.0667960980143592,0.0667960980143591,6.7,0.0667960980143591,6.68,22.3,D,,PENDING,,0.6134969325153374,
2cda4ee7b5480ee6805cc9609dfad2d2,2026-09-16 11:44:38,2026,3,2026_03_ATL_GB,2026-09-24,00-0037238,Drake London,drake london,ATL,GB,WR,WR PRIMARY,player_reception_yds,Receiving Yards,FanDuel,fanduel,56.5,UNDER,-114.0,51.6,19.61,-4.9,70.1,0.5986570301350316,0.4013429698649684,0.5986570301350316,0.5,0.5,-0.0986570301350315,0.0986570301350315,9.9,0.0986570301350315,9.87,27.1,C,,PENDING,,0.8771929824561403,
540c8ee3350e26460286a4207ba84c84,2026-09-16 11:44:38,2026,3,2026_03_ATL_GB,2026-09-24,00-0037238,Drake London,drake london,ATL,GB,WR,WR PRIMARY,player_receptions,Receptions,FanDuel,fanduel,4.5,UNDER,100.0,4.1,1.8,-0.4,70.1,0.5879295521290575,0.4120704478709425,0.5879295521290575,0.532258064516129,0.4677419354838709,-0.1201876166451865,0.1201876166451866,12.0,0.1201876166451866,12.02,25.0,B,,PENDING,,1.0,
89678675e7e0a053cfe2e5e6d9090c80,2026-09-16 11:44:38,2026,3,2026_03_ATL_GB,2026-09-24,00-0036264,Jordan Love,jordan love,GB,ATL,QB,QB STARTER,player_pass_tds,Pass TDs,DraftKings,draftkings,1.5,UNDER,105.0,1.36,0.85,-0.14,81.8,0.5654122566139013,0.4345877433860987,0.5654122566139013,0.5407914020517831,0.4592085979482169,-0.1062036586656843,0.1062036586656843,10.6,0.1062036586656843,10.62,26.9,B,,PENDING,,1.05,
f0c8b5bc38d84ab2f14718b7ab9d1253,2026-09-16 11:44:38,2026,3,2026_03_ATL_GB,2026-09-24,00-0036264,Jordan Love,jordan love,GB,ATL,QB,QB STARTER,player_pass_tds,Pass TDs,FanDuel,fanduel,1.5,UNDER,-102.0,1.36,0.85,-0.14,81.8,0.5654122566139013,0.4345877433860987,0.5654122566139013,0.5281576830249397,0.4718423169750604,-0.0935699396388409,0.0935699396388408,9.4,0.0935699396388408,9.36,26.2,C,,PENDING,,0.9803921568627451,
37d7840ab1551e95bdb71c8f0044ed3b,2026-09-16 11:44:38,2026,3,2026_03_ATL_GB,2026-09-24,00-0036264,Jordan Love,jordan love,GB,ATL,QB,QB STARTER,player_pass_yds,Pass Yards,DraftKings,draftkings,255.5,UNDER,-111.0,238.1,52.38,-17.4,81.8,0.6301262941807672,0.3698737058192328,0.6301262941807672,0.5021058838394474,0.4978941161605526,-0.1322321780202145,0.1322321780202145,13.2,0.1322321780202145,13.22,41.4,A,,PENDING,,0.9009009009009009,
c69a3311a6fea28813c43467d97c807a,2026-09-16 11:44:38,2026,3,2026_03_ATL_GB,2026-09-24,00-0036264,Jordan Love,jordan love,GB,ATL,QB,QB STARTER,player_pass_yds,Pass Yards,FanDuel,fanduel,257.5,UNDER,-114.0,238.1,52.38,-19.4,81.8,0.6444467262025981,0.3555532737974018,0.6444467262025981,0.5,0.5,-0.1444467262025981,0.1444467262025981,14.4,0.1444467262025981,14.44,43.7,A,,PENDING,,0.8771929824561403,
20918870bb92db4e7130e0d4eba579c8,2026-09-16 11:44:38,2026,3,2026_03_ATL_GB,2026-09-24,00-0038996,Tucker Kraft,tucker kraft,GB,ATL,TE,TE SECONDARY,player_reception_yds,Receiving Yards,DraftKings,draftkings,46.5,OVER,-114.0,53.7,20.41,7.2,69.4,0.6378689062037923,0.6378689062037923,0.3621310937962076,0.5042122999157539,0.495787700084246,0.1336566062880384,-0.1336566062880383,13.4,0.1336566062880384,13.37,30.8,B,,PENDING,,0.8771929824561403,
50e5fa878cfdd145236d8981855c50cf,2026-09-16 11:44:38,2026,3,2026_03_ATL_GB,2026-09-24,00-0038996,Tucker Kraft,tucker kraft,GB,ATL,TE,TE SECONDARY,player_reception_yds,Receiving Yards,FanDuel,fanduel,47.5,OVER,-114.0,53.7,20.41,6.2,69.4,0.6193494515752793,0.6193494515752793,0.3806505484247207,0.5,0.5,0.1193494515752793,-0.1193494515752793,11.9,0.1193494515752793,11.93,29.2,B,,PENDING,,0.8771929824561403,
aac4919d205f43d90958ed4e4bcb8c23,2026-09-16 11:44:38,2026,3,2026_03_ATL_GB,2026-09-24,00-0038996,Tucker Kraft,tucker kraft,GB,ATL,TE,TE SECONDARY,player_receptions,Receptions,DraftKings,draftkings,3.5,UNDER,112.0,3.4,1.8,-0.1,69.4,0.5221520643417822,0.4778479356582178,0.5221520643417822,0.5557821147684242,0.4442178852315759,-0.0779341791102063,0.0779341791102062,7.8,0.0779341791102062,7.79,22.1,C,,PENDING,,1.12,
516059822513c00e2d18a085230e43e9,2026-09-16 11:44:38,2026,3,2026_03_ATL_GB,2026-09-24,00-0038996,Tucker Kraft,tucker kraft,GB,ATL,TE,TE SECONDARY,player_receptions,Receptions,FanDuel,fanduel,3.5,UNDER,110.0,3.4,1.8,-0.1,69.4,0.5221520643417822,0.4778479356582178,0.5221520643417822,0.5548317046688382,0.4451682953311618,-0.0769837690106204,0.0769837690106203,7.7,0.0769837690106203,7.7,22.0,C,,PENDING,,1.1,
4a5a45518556a7391bfc93decfad9468,2026-09-16 11:44:38,2026,3,2026_03_CIN_PIT,2026-09-27,00-0023459,Aaron Rodgers,aaron rodgers,PIT,CIN,QB,QB STARTER,player_pass_interceptions,Interceptions,DraftKings,draftkings,0.5,UNDER,-140.0,0.0,0.65,-0.5,83.8,0.7791218362875403,0.2208781637124597,0.7791218362875403,0.449438202247191,0.550561797752809,-0.2285600385347312,0.2285600385347312,22.9,0.2285600385347312,22.86,35.0,B,,PENDING,,0.7142857142857143,
12e9cfd4c130f8285e37dc46048b861e,2026-09-16 11:44:38,2026,3,2026_03_CIN_PIT,2026-09-27,00-0023459,Aaron Rodgers,aaron rodgers,PIT,CIN,QB,QB STARTER,player_pass_tds,Pass TDs,DraftKings,draftkings,1.5,OVER,206.0,1.22,0.85,-0.28,83.8,0.3709222383099357,0.3709222383099357,0.6290777616900642,0.3095274044994715,0.6904725955005284,0.0613948338104642,-0.0613948338104641,6.1,0.0613948338104642,6.14,24.8,D,,PENDING,,2.06,
d35c97c69eb8a2fc747668e07f3776c5,2026-09-16 11:44:38,2026,3,2026_03_CIN_PIT,2026-09-27,00-0023459,Aaron Rodgers,aaron rodgers,PIT,CIN,QB,QB STARTER,player_pass_tds,Pass TDs,FanDuel,fanduel,0.5,OVER,-245.0,1.22,0.85,0.72,83.8,0.8015188325965723,0.8015188325965723,0.1984811674034277,0.6637754604814345,0.3362245395185654,0.1377433721151377,-0.1377433721151377,13.8,0.1377433721151377,13.77,29.8,B,,PENDING,,0.40816326530612246,
1b8de0b5de11e8a76896d1fef5b8ce31,2026-09-16 11:44:38,2026,3,2026_03_CIN_PIT,2026-09-27,00-0023459,Aaron Rodgers,aaron rodgers,PIT,CIN,QB,QB STARTER,player_pass_yds,Pass Yards,DraftKings,draftkings,207.5,OVER,-113.0,226.2,49.76,18.7,83.8,0.6464686404767197,0.6464686404767197,0.3535313595232803,0.5021058838394474,0.4978941161605526,0.1443627566372722,-0.1443627566372723,14.4,0.1443627566372722,14.44,43.6,A,,PENDING,,0.8849557522123894,
812797431dfae55a662969b84571954b,2026-09-16 11:44:38,2026,3,2026_03_CIN_PIT,2026-09-27,00-0023459,Aaron Rodgers,aaron rodgers,PIT,CIN,QB,QB STARTER,player_pass_yds,Pass Yards,FanDuel,fanduel,206.5,OVER,-114.0,226.2,49.76,19.7,83.8,0.6539107180773949,0.6539107180773949,0.3460892819226051,0.5,0.5,0.1539107180773948,-0.1539107180773948,15.4,0.1539107180773948,15.39,45.0,A,,PENDING,,0.8771929824561403,
a1172cbd6e06e158c8c555b5c8ed9a09,2026-09-16 11:44:38,2026,3,2026_03_HOU_IND,2026-09-27,00-0037664,Alec Pierce,alec pierce,IND,HOU,WR,WR SECONDARY,player_reception_yds,Receiving Yards,DraftKings,draftkings,43.5,OVER,-112.0,55.8,21.2,12.3,67.9,0.7191063064774783,0.7191063064774783,0.2808936935225217,0.5,0.5,0.2191063064774783,-0.2191063064774783,21.9,0.2191063064774783,21.91,39.3,C,,PENDING,,0.8928571428571429,
0fe4aea1d53eba96a5a13b27a5f7122f,2026-09-16 11:44:38,2026,3,2026_03_HOU_IND,2026-09-27,00-0037664,Alec Pierce,alec pierce,IND,HOU,WR,WR SECONDARY,player_reception_yds,Receiving Yards,FanDuel,fanduel,43.5,OVER,-114.0,55.8,21.2,12.3,67.9,0.7191063064774783,0.7191063064774783,0.2808936935225217,0.5,0.5,0.2191063064774783,-0.2191063064774783,21.9,0.2191063064774783,21.91,39.3,C,,PENDING,,0.8771929824561403,
86de95c10eb8f7261bf95c90d6562864,2026-09-16 11:44:38,2026,3,2026_03_NYJ_DET,2026-09-27,00-0036963,Amon-Ra St. Brown,amon ra st brown,DET,NYJ,WR,WR PRIMARY,player_reception_yds,Receiving Yards,DraftKings,draftkings,80.5,UNDER,-111.0,71.9,27.32,-8.6,76.1,0.6235385748479798,0.3764614251520202,0.6235385748479798,0.5021058838394474,0.4978941161605526,-0.1256444586874272,0.1256444586874271,12.6,0.1256444586874271,12.56,33.0,B,,PENDING,,0.9009009009009009,
49435f496f5e5fb4c46a2ade04273df0,2026-09-16 11:44:38,2026,3,2026_03_NYJ_DET,2026-09-27,00-0036963,Amon-Ra St. Brown,amon ra st brown,DET,NYJ,WR,WR PRIMARY,player_reception_yds,Receiving Yards,FanDuel,fanduel,79.5,UNDER,-114.0,71.9,27.32,-7.6,76.1,0.6095646260855669,0.390435373914433,0.6095646260855669,0.5,0.5,-0.1095646260855669,0.1095646260855669,11.0,0.1095646260855669,10.96,31.3,B,,PENDING,,0.8771929824561403,
e3e2b76f69ac4a2cc0e21ef7a2fb0369,2026-09-16 11:44:38,2026,3,2026_03_LV_NO,2026-09-27,00-0040122,Ashton Jeanty,ashton jeanty,LV,NO,RB,RB LEAD,player_reception_yds,Receiving Yards,FanDuel,fanduel,28.5,UNDER,-114.0,23.3,18.0,-5.2,80.8,0.613666796614539,0.3863332033854609,0.613666796614539,0.5,0.5,-0.113666796614539,0.113666796614539,11.4,0.113666796614539,11.37,30.9,B,,PENDING,,0.8771929824561403,
2837443128634da46576703ad4058cce,2026-09-16 11:44:38,2026,3,2026_03_LV_NO,2026-09-27,00-0040122,Ashton Jeanty,ashton jeanty,LV,NO,RB,RB LEAD,player_receptions,Receptions,FanDuel,fanduel,4.5,UNDER,-148.0,3.4,1.8,-1.1,80.8,0.7294369877641659,0.2705630122358341,0.7294369877641659,0.4414696667616063,0.5585303332383936,-0.1709066545257722,0.1709066545257722,17.1,0.1709066545257722,17.09,31.3,B,,PENDING,,0.6756756756756757,
b1e97a52aaba709f175b433591685af2,2026-09-16 11:44:38,2026,3,2026_03_LV_NO,2026-09-27,00-0040122,Ashton Jeanty,ashton jeanty,LV,NO,RB,RB LEAD,player_rush_yds,Rush Yards,DraftKings,draftkings,64.5,OVER,-115.0,76.0,26.6,11.5,80.8,0.6672495074511735,0.6672495074511735,0.3327504925488265,0.5063197809142617,0.4936802190857384,0.1609297265369118,-0.1609297265369119,16.1,0.1609297265369118,16.09,38.5,A,,PENDING,,0.8695652173913043,
dee87a02a23c76719f4daa532f113d3a,2026-09-16 11:44:38,2026,3,2026_03_LV_NO,2026-09-27,00-0040122,Ashton Jeanty,ashton jeanty,LV,NO,RB,RB LEAD,player_rush_yds,Rush Yards,FanDuel,fanduel,65.5,OVER,-114.0,76.0,26.6,10.5,80.8,0.6534814449663683,0.6534814449663683,0.3465185550336317,0.5,0.5,0.1534814449663682,-0.1534814449663682,15.3,0.1534814449663682,15.35,37.3,A,,PENDING,,0.8771929824561403,
27fd8369faa8315e2abe98df59cdbce2,2026-09-16 11:44:38,2026,3,2026_03_NE_JAX,2026-09-27,00-0040719,Bhayshul Tuten,bhayshul tuten,JAX,NE,RB,RB DEPTH,player_rush_yds,Rush Yards,DraftKings,draftkings,52.5,UNDER,-112.0,26.9,18.0,-25.6,70.8,0.9225191252157896,0.0774808747842104,0.9225191252157896,0.5,0.5,-0.4225191252157896,0.4225191252157896,42.3,0.4225191252157896,42.25,62.3,B,,PENDING,,0.8928571428571429,
15b87e1a40b4d3b7c401d85e7e1f0457,2026-09-16 11:44:38,2026,3,2026_03_NE_JAX,2026-09-27,00-0040719,Bhayshul Tuten,bhayshul tuten,JAX,NE,RB,RB DEPTH,player_rush_yds,Rush Yards,FanDuel,fanduel,51.5,UNDER,-114.0,26.9,18.0,-24.6,70.8,0.914135094742644,0.0858649052573559,0.914135094742644,0.5,0.5,-0.4141350947426441,0.4141350947426441,41.4,0.4141350947426441,41.41,61.0,B,,PENDING,,0.8771929824561403,
2cc0f56a09b8bda635841cfd9f8d487d,2026-09-16 11:44:38,2026,3,2026_03_LA_DEN,2026-09-27,00-0039738,Blake Corum,blake corum,LA,DEN,RB,RB ROTATION,player_rush_yds,Rush Yards,DraftKings,draftkings,45.5,UNDER,-111.0,36.1,18.0,-9.4,72.7,0.6992421923474517,0.3007578076525483,0.6992421923474517,0.5021058838394474,0.4978941161605526,-0.2013480761868991,0.201348076186899,20.1,0.201348076186899,20.13,37.3,B,,PENDING,,0.9009009009009009,
a22aff3bf7ca20f0ad3db6b938006d7a,2026-09-16 11:44:38,2026,3,2026_03_LA_DEN,2026-09-27,00-0039738,Blake Corum,blake corum,LA,DEN,RB,RB ROTATION,player_rush_yds,Rush Yards,FanDuel,fanduel,43.5,UNDER,-114.0,36.1,18.0,-7.4,72.7,0.6595044685109736,0.3404955314890264,0.6595044685109736,0.5,0.5,-0.1595044685109735,0.1595044685109735,16.0,0.1595044685109735,15.95,33.3,B,,PENDING,,0.8771929824561403,
58cb7bbc2bff72e5d175b250ed3bf7e4,2026-09-16 11:44:38,2026,3,2026_03_LA_DEN,2026-09-27,00-0039732,Bo Nix,bo nix,DEN,LA,QB,QB STARTER,player_pass_interceptions,Interceptions,DraftKings,draftkings,0.5,UNDER,-130.0,0.0,0.65,-0.5,83.2,0.7791218362875403,0.2208781637124597,0.7791218362875403,0.4669102720259846,0.5330897279740154,-0.2460321083135249,0.2460321083135248,24.6,0.2460321083135248,24.6,35.9,B,,PENDING,,0.7692307692307693,
25ff2f89f3b04498fff5b52f04c6a4f5,2026-09-16 11:44:38,2026,3,2026_03_LA_DEN,2026-09-27,00-0039732,Bo Nix,bo nix,DEN,LA,QB,QB STARTER,player_pass_tds,Pass TDs,DraftKings,draftkings,1.5,OVER,-102.0,1.61,0.89,0.11,83.2,0.5491822244006037,0.5491822244006037,0.4508177755993963,0.4761410788381742,0.5238589211618258,0.0730411455624294,-0.0730411455624294,7.3,0.0730411455624294,7.3,25.3,C,,PENDING,,0.9803921568627451,
87ba785c9b1a0b23754f4620a2f6c1a8,2026-09-16 11:44:38,2026,3,2026_03_LA_DEN,2026-09-27,00-0039732,Bo Nix,bo nix,DEN,LA,QB,QB STARTER,player_pass_tds,Pass TDs,FanDuel,fanduel,1.5,OVER,114.0,1.61,0.89,0.11,83.2,0.5491822244006037,0.5491822244006037,0.4508177755993963,0.436529933481153,0.563470066518847,0.1126522909194506,-0.1126522909194507,11.3,0.1126522909194506,11.27,27.6,B,,PENDING,,1.14,
e324ce126084414b052c4691cb816d5b,2026-09-16 11:44:38,2026,3,2026_03_LA_DEN,2026-09-27,00-0039732,Bo Nix,bo nix,DEN,LA,QB,QB STARTER,player_pass_yds,Pass Yards,DraftKings,draftkings,222.5,UNDER,-112.0,208.7,45.91,-13.8,83.2,0.6181356992979674,0.3818643007020326,0.6181356992979674,0.5,0.5,-0.1181356992979674,0.1181356992979674,11.8,0.1181356992979674,11.81,38.2,B,,PENDING,,0.8928571428571429,
86f4f4f578f8190252c0fedce03aadb8,2026-09-16 11:44:38,2026,3,2026_03_LA_DEN,2026-09-27,00-0039732,Bo Nix,bo nix,DEN,LA,QB,QB STARTER,player_pass_yds,Pass Yards,FanDuel,fanduel,220.5,UNDER,-114.0,208.7,45.91,-11.8,83.2,0.6014201137674965,0.3985798862325035,0.6014201137674965,0.5,0.5,-0.1014201137674964,0.1014201137674964,10.1,0.1014201137674964,10.14,35.7,B,,PENDING,,0.8771929824561403,
01c9c07b7b20f1f8587c8234cabda29d,2026-09-16 11:44:38,2026,3,2026_03_CAR_CLE,2026-09-27,00-0039150,Bryce Young,bryce young,CAR,CLE,QB,QB STARTER,player_pass_tds,Pass TDs,DraftKings,draftkings,1.5,OVER,112.0,1.81,1.0,0.31,81.2,0.6217195218220193,0.6217195218220193,0.3782804781779807,0.4449245642302622,0.5550754357697378,0.176794957591757,-0.1767949575917571,17.7,0.176794957591757,17.68,31.1,B,,PENDING,,1.12,
d93a760b511d2bf455aa5e02175fa08f,2026-09-16 11:44:38,2026,3,2026_03_CAR_CLE,2026-09-27,00-0039150,Bryce Young,bryce young,CAR,CLE,QB,QB STARTER,player_pass_tds,Pass TDs,FanDuel,fanduel,1.5,OVER,114.0,1.81,1.0,0.31,81.2,0.6217195218220193,0.6217195218220193,0.3782804781779807,0.436529933481153,0.563470066518847,0.1851895883408662,-0.1851895883408663,18.5,0.1851895883408662,18.52,31.6,B,,PENDING,,1.14,
efc3ad5514258f40dc749de7be76a3c2,2026-09-16 11:44:38,2026,3,2026_03_CAR_CLE,2026-09-27,00-0039150,Bryce Young,bryce young,CAR,CLE,QB,QB STARTER,player_pass_yds,Pass Yards,DraftKings,draftkings,219.5,UNDER,-113.0,192.8,42.42,-26.7,81.2,0.7354629638715847,0.2645370361284153,0.7354629638715847,0.4978941161605526,0.5021058838394474,-0.2333570800321373,0.2333570800321373,23.3,0.2333570800321373,23.34,54.3,A,,PENDING,,0.8849557522123894,
1575d46119bc8cafafc833d4ab3e367e,2026-09-16 11:44:38,2026,3,2026_03_CAR_CLE,2026-09-27,00-0039150,Bryce Young,bryce young,CAR,CLE,QB,QB STARTER,player_pass_yds,Pass Yards,FanDuel,fanduel,222.5,UNDER,-114.0,192.8,42.42,-29.7,81.2,0.7580805116347373,0.2419194883652626,0.7580805116347373,0.5,0.5,-0.2580805116347373,0.2580805116347373,25.8,0.2580805116347373,25.81,58.1,A,,PENDING,,0.8771929824561403,
8b8672c5cf9fec95d728f8a39f0bb545,2026-09-16 11:44:38,2026,3,2026_03_HOU_IND,2026-09-27,00-0039163,C.J. Stroud,cj stroud,HOU,IND,QB,QB STARTER,player_pass_tds,Pass TDs,DraftKings,draftkings,1.5,UNDER,-101.0,1.25,0.85,-0.25,84.7,0.6156659967195957,0.3843340032804043,0.6156659967195957,0.5259594617046021,0.4740405382953979,-0.1416254584241977,0.1416254584241977,14.2,0.1416254584241977,14.16,29.9,B,,PENDING,,0.9900990099009901,
347156ecd29ba8e24d76c2c227e21a7e,2026-09-16 11:44:38,2026,3,2026_03_HOU_IND,2026-09-27,00-0039163,C.J. Stroud,cj stroud,HOU,IND,QB,QB STARTER,player_pass_tds,Pass TDs,FanDuel,fanduel,1.5,UNDER,-122.0,1.25,0.85,-0.25,84.7,0.6156659967195957,0.3843340032804043,0.6156659967195957,0.485816177662506,0.5141838223374939,-0.1014821743821017,0.1014821743821017,10.1,0.1014821743821017,10.15,27.5,B,,PENDING,,0.819672131147541,
2e330bc1e4d74f815ba2e2e4b4d7da58,2026-09-16 11:44:38,2026,3,2026_03_HOU_IND,2026-09-27,00-0039163,C.J. Stroud,cj stroud,HOU,IND,QB,QB STARTER,player_pass_yds,Pass Yards,DraftKings,draftkings,238.5,OVER,-111.0,253.1,55.68,14.6,84.7,0.6034212469520878,0.6034212469520878,0.3965787530479122,0.4978941161605526,0.5021058838394474,0.1055271307915351,-0.1055271307915352,10.6,0.1055271307915351,10.55,38.5,B,,PENDING,,0.9009009009009009,
8fafa6096e225ee89e76e58498d11108,2026-09-16 11:44:38,2026,3,2026_03_HOU_IND,2026-09-27,00-0039163,C.J. Stroud,cj stroud,HOU,IND,QB,QB STARTER,player_pass_yds,Pass Yards,FanDuel,fanduel,238.5,OVER,-114.0,253.1,55.68,14.6,84.7,0.6034212469520878,0.6034212469520878,0.3965787530479122,0.5,0.5,0.1034212469520877,-0.1034212469520877,10.3,0.1034212469520877,10.34,38.3,B,,PENDING,,0.8771929824561403,
69ccdbee4660b990823e76297a69ced1,2026-09-16 11:44:38,2026,3,2026_03_TEN_NYG,2026-09-27,00-0040715,Cam Skattebo,cam skattebo,NYG,TEN,RB,RB LEAD,player_rush_yds,Rush Yards,DraftKings,draftkings,50.5,OVER,-110.0,53.7,18.79,3.2,73.8,0.5676142127052068,0.5676142127052068,0.4323857872947931,0.495787700084246,0.5042122999157539,0.0718265126209608,-0.0718265126209607,7.2,0.0718265126209608,7.18,25.2,C,,PENDING,,0.9090909090909091,
98cdc5097bb68f4dbd6e8b082d20f3fc,2026-09-16 11:44:38,2026,3,2026_03_TEN_NYG,2026-09-27,00-0040715,Cam Skattebo,cam skattebo,NYG,TEN,RB,RB LEAD,player_rush_yds,Rush Yards,FanDuel,fanduel,49.5,OVER,-114.0,53.7,18.79,4.2,73.8,0.5884358163542533,0.5884358163542533,0.4115641836457466,0.5,0.5,0.0884358163542533,-0.0884358163542533,8.8,0.0884358163542533,8.84,26.9,C,,PENDING,,0.8771929824561403,
2eca83ee3f85cc6c9314c0c54a2a9d42,2026-09-16 11:44:38,2026,3,2026_03_TEN_NYG,2026-09-27,00-0040676,Cam Ward,cam ward,TEN,NYG,QB,QB STARTER,player_pass_tds,Pass TDs,DraftKings,draftkings,0.5,OVER,-197.0,0.97,0.85,0.47,84.6,0.709848154769382,0.709848154769382,0.290151845230618,0.626607661457613,0.3733923385423869,0.0832404933117689,-0.0832404933117689,8.3,0.0832404933117689,8.32,26.5,C,,PENDING,,0.5076142131979695,
620f2534eb7817d2b0239985a74cd1b7,2026-09-16 11:44:38,2026,3,2026_03_TEN_NYG,2026-09-27,00-0040676,Cam Ward,cam ward,TEN,NYG,QB,QB STARTER,player_pass_tds,Pass TDs,FanDuel,fanduel,0.5,OVER,-192.0,0.97,0.85,0.47,84.6,0.709848154769382,0.709848154769382,0.290151845230618,0.6121147715196599,0.38788522848034,0.0977333832497221,-0.097733383249722,9.8,0.0977333832497221,9.77,27.4,C,,PENDING,,0.5208333333333334,
291365492ed95e36a41d08076442784b,2026-09-16 11:44:38,2026,3,2026_03_TEN_NYG,2026-09-27,00-0040676,Cam Ward,cam ward,TEN,NYG,QB,QB STARTER,player_pass_yds,Pass Yards,DraftKings,draftkings,189.5,UNDER,-112.0,172.6,38.0,-16.9,84.6,0.6717450293325654,0.3282549706674346,0.6717450293325654,0.5,0.5,-0.1717450293325654,0.1717450293325654,17.2,0.1717450293325654,17.17,44.1,A,,PENDING,,0.8928571428571429,
14ec809d1b2627fa3971676be6773c63,2026-09-16 11:44:38,2026,3,2026_03_TEN_NYG,2026-09-27,00-0040676,Cam Ward,cam ward,TEN,NYG,QB,QB STARTER,player_pass_yds,Pass Yards,FanDuel,fanduel,188.5,UNDER,-114.0,172.6,38.0,-15.9,84.6,0.662180351581806,0.337819648418194,0.662180351581806,0.5,0.5,-0.162180351581806,0.162180351581806,16.2,0.162180351581806,16.22,42.8,A,,PENDING,,0.8771929824561403,
f31d86d9df731afe403a75ab5359902b,2026-09-16 11:44:38,2026,3,2026_03_BAL_DAL,2026-09-27,00-0036358,CeeDee Lamb,ceedee lamb,DAL,BAL,WR,WR PRIMARY,player_receptions,Receptions,DraftKings,draftkings,5.5,OVER,-122.0,6.0,2.28,0.5,75.7,0.5867911357796858,0.5867911357796858,0.4132088642203142,0.5187593796898449,0.4812406203101549,0.0680317560898409,-0.0680317560898407,6.8,0.0680317560898409,6.8,23.4,D,,PENDING,,0.819672131147541,
20fd234236f0fe32cf86f1a63f6bf51c,2026-09-16 11:44:38,2026,3,2026_03_LV_NO,2026-09-27,00-0037239,Chris Olave,chris olave,NO,LV,WR,WR PRIMARY,player_reception_yds,Receiving Yards,DraftKings,draftkings,70.5,OVER,-111.0,100.4,38.15,29.9,76.9,0.7834061104486161,0.7834061104486161,0.2165938895513839,0.4978941161605526,0.5021058838394474,0.2855119942880634,-0.2855119942880635,28.6,0.2855119942880634,28.55,58.8,A,,PENDING,,0.9009009009009009,
5d3c1a1cc6e1914dd1f97c366f2a9eb4,2026-09-16 11:44:38,2026,3,2026_03_LV_NO,2026-09-27,00-0037239,Chris Olave,chris olave,NO,LV,WR,WR PRIMARY,player_reception_yds,Receiving Yards,FanDuel,fanduel,69.5,OVER,-114.0,100.4,38.15,30.9,76.9,0.7910186130403372,0.7910186130403372,0.2089813869596628,0.5,0.5,0.2910186130403371,-0.2910186130403371,29.1,0.2910186130403371,29.1,59.9,A,,PENDING,,0.8771929824561403,
04be5c1b73c37906a428e8dae37a40f2,2026-09-16 11:44:38,2026,3,2026_03_LV_NO,2026-09-27,00-0037239,Chris Olave,chris olave,NO,LV,WR,WR PRIMARY,player_receptions,Receptions,DraftKings,draftkings,5.5,OVER,-143.0,7.1,2.7,1.6,76.9,0.7232730811922007,0.7232730811922007,0.2767269188077993,0.5550754357697378,0.4449245642302622,0.1681976454224628,-0.1681976454224629,16.8,0.1681976454224628,16.82,30.5,B,,PENDING,,0.6993006993006993,
332947aecd3ece07e70800313f7b3e82,2026-09-16 11:44:38,2026,3,2026_03_LV_NO,2026-09-27,00-0037239,Chris Olave,chris olave,NO,LV,WR,WR PRIMARY,player_receptions,Receptions,FanDuel,fanduel,5.5,OVER,-118.0,7.1,2.7,1.6,76.9,0.7232730811922007,0.7232730811922007,0.2767269188077993,0.5060689431946916,0.4939310568053083,0.217204137997509,-0.2172041379975089,21.7,0.217204137997509,21.72,33.5,B,,PENDING,,0.847457627118644,
89c70b9459c1b00f3ba7039791ddc201,2026-09-16 11:44:38,2026,3,2026_03_ARI_SF,2026-09-27,00-0033280,Christian McCaffrey,christian mccaffrey,SF,ARI,RB,RB LEAD,player_reception_yds,Receiving Yards,FanDuel,fanduel,42.5,UNDER,-114.0,38.3,18.0,-4.2,83.6,0.5922487117031048,0.4077512882968952,0.5922487117031048,0.5,0.5,-0.0922487117031047,0.0922487117031047,9.2,0.0922487117031047,9.22,29.6,C,,PENDING,,0.8771929824561403,
4dcc5f108632fb52ff4e344de454ddb2,2026-09-16 11:44:38,2026,3,2026_03_LA_DEN,2026-09-27,00-0034348,Courtland Sutton,courtland sutton,DEN,LA,WR,WR PRIMARY,player_reception_yds,Receiving Yards,DraftKings,draftkings,42.5,OVER,-114.0,48.3,18.35,5.8,70.7,0.6240277002514624,0.6240277002514624,0.3759722997485376,0.5042122999157539,0.495787700084246,0.1198154003357084,-0.1198154003357083,12.0,0.1198154003357084,11.98,29.2,B,,PENDING,,0.8771929824561403,
564346a075d16231a1ee8b97f313b8b5,2026-09-16 11:44:38,2026,3,2026_03_LA_DEN,2026-09-27,00-0034348,Courtland Sutton,courtland sutton,DEN,LA,WR,WR PRIMARY,player_reception_yds,Receiving Yards,FanDuel,fanduel,41.5,OVER,-114.0,48.3,18.35,6.8,70.7,0.6445219070118229,0.6445219070118229,0.3554780929881771,0.5,0.5,0.1445219070118228,-0.1445219070118228,14.5,0.1445219070118228,14.45,31.4,B,,PENDING,,0.8771929824561403,
a09f174fdfd38b5a5701068ab8774cc4,2026-09-16 11:44:38,2026,3,2026_03_LA_DEN,2026-09-27,00-0034348,Courtland Sutton,courtland sutton,DEN,LA,WR,WR PRIMARY,player_receptions,Receptions,DraftKings,draftkings,3.5,OVER,-117.0,4.0,1.8,0.5,70.7,0.609408524566425,0.609408524566425,0.390591475433575,0.5083149711054754,0.4916850288945246,0.1010935534609496,-0.1010935534609496,10.1,0.1010935534609496,10.11,24.1,B,,PENDING,,0.8547008547008547,
ed947bf46d2bcb9ad74f202ea0e5d618,2026-09-16 11:44:38,2026,3,2026_03_LA_DEN,2026-09-27,00-0034348,Courtland Sutton,courtland sutton,DEN,LA,WR,WR PRIMARY,player_receptions,Receptions,FanDuel,fanduel,3.5,OVER,-106.0,4.0,1.8,0.5,70.7,0.609408524566425,0.609408524566425,0.390591475433575,0.4808467741935484,0.5191532258064516,0.1285617503728766,-0.1285617503728766,12.9,0.1285617503728766,12.86,25.8,B,,PENDING,,0.9433962264150944,
21eedff76b8967af084a59b851d9638a,2026-09-16 11:44:38,2026,3,2026_03_LAC_BUF,2026-09-27,00-0034827,DJ Moore,dj moore,BUF,LAC,WR,WR SECONDARY,player_reception_yds,Receiving Yards,DraftKings,draftkings,62.5,UNDER,-111.0,55.4,21.05,-7.1,68.4,0.6320516659670481,0.3679483340329519,0.6320516659670481,0.5021058838394474,0.4978941161605526,-0.1341575498064955,0.1341575498064954,13.4,0.1341575498064954,13.42,30.5,B,,PENDING,,0.9009009009009009,
16d85e05f1560e185e016b9991844d51,2026-09-16 11:44:38,2026,3,2026_03_LAC_BUF,2026-09-27,00-0034827,DJ Moore,dj moore,BUF,LAC,WR,WR SECONDARY,player_reception_yds,Receiving Yards,FanDuel,fanduel,62.5,UNDER,-114.0,55.4,21.05,-7.1,68.4,0.6320516659670481,0.3679483340329519,0.6320516659670481,0.5,0.5,-0.1320516659670481,0.1320516659670481,13.2,0.1320516659670481,13.21,30.3,B,,PENDING,,0.8771929824561403,
92f0d2b6d5034d368db847a4445ef8f3,2026-09-16 11:44:38,2026,3,2026_03_BAL_DAL,2026-09-27,00-0033077,Dak Prescott,dak prescott,DAL,BAL,QB,QB STARTER,player_pass_tds,Pass TDs,DraftKings,draftkings,1.5,UNDER,156.0,1.55,0.85,0.05,84.5,0.4765463335737199,0.5234536664262801,0.4765463335737199,0.6305418719211823,0.3694581280788178,-0.1070882054949021,0.1070882054949021,10.7,0.1070882054949021,10.71,27.6,B,,PENDING,,1.56,
4bf2660e431ee5b621da345717838a43,2026-09-16 11:44:38,2026,3,2026_03_BAL_DAL,2026-09-27,00-0033077,Dak Prescott,dak prescott,DAL,BAL,QB,QB STARTER,player_pass_tds,Pass TDs,FanDuel,fanduel,1.5,UNDER,154.0,1.55,0.85,0.05,84.5,0.4765463335737199,0.5234536664262801,0.4765463335737199,0.6324401233104102,0.3675598766895898,-0.1089864568841301,0.1089864568841301,10.9,0.1089864568841301,10.9,27.7,B,,PENDING,,1.54,
a319d0000c3bd1f563f34d5223483d3f,2026-09-16 11:44:38,2026,3,2026_03_LAC_BUF,2026-09-27,00-0038933,Dalton Kincaid,dalton kincaid,BUF,LAC,TE,TE DEPTH,player_reception_yds,Receiving Yards,DraftKings,draftkings,50.5,OVER,-111.0,61.6,23.41,11.1,68.6,0.6823057888139699,0.6823057888139699,0.3176942111860301,0.4978941161605526,0.5021058838394474,0.1844116726534172,-0.1844116726534173,18.4,0.1844116726534172,18.44,36.5,B,,PENDING,,0.9009009009009009,
47756dcdfc48c2e99fdcf12e35c2f119,2026-09-16 11:44:38,2026,3,2026_03_LAC_BUF,2026-09-27,00-0038933,Dalton Kincaid,dalton kincaid,BUF,LAC,TE,TE DEPTH,player_reception_yds,Receiving Yards,FanDuel,fanduel,51.5,OVER,-114.0,61.6,23.41,10.1,68.6,0.6669256032081033,0.6669256032081033,0.3330743967918966,0.5,0.5,0.1669256032081033,-0.1669256032081033,16.7,0.1669256032081033,16.69,34.7,B,,PENDING,,0.8771929824561403,
3489dee1c1f871b082c595e5eb26362c,2026-09-16 11:44:38,2026,3,2026_03_HOU_IND,2026-09-27,00-0034383,Dalton Schultz,dalton schultz,HOU,IND,TE,TE SECONDARY,player_reception_yds,Receiving Yards,DraftKings,draftkings,37.5,OVER,-109.0,42.1,18.0,4.6,70.9,0.6008529797640081,0.6008529797640081,0.3991470202359919,0.4936802190857384,0.5063197809142617,0.1071727606782697,-0.1071727606782697,10.7,0.1071727606782697,10.72,27.6,B,,PENDING,,0.9174311926605505,
a83850490678cf02ed49c11140d354a1,2026-09-16 11:44:38,2026,3,2026_03_HOU_IND,2026-09-27,00-0034383,Dalton Schultz,dalton schultz,HOU,IND,TE,TE SECONDARY,player_reception_yds,Receiving Yards,FanDuel,fanduel,37.5,OVER,-114.0,42.1,18.0,4.6,70.9,0.6008529797640081,0.6008529797640081,0.3991470202359919,0.5,0.5,0.100852979764008,-0.100852979764008,10.1,0.100852979764008,10.09,27.2,B,,PENDING,,0.8771929824561403,
49aff70d0336525d2e6c20a3cb9135df,2026-09-16 11:44:38,2026,3,2026_03_HOU_IND,2026-09-27,00-0034383,Dalton Schultz,dalton schultz,HOU,IND,TE,TE SECONDARY,player_receptions,Receptions,DraftKings,draftkings,3.5,OVER,-127.0,4.5,1.8,1.0,70.9,0.710742639246028,0.710742639246028,0.289257360753972,0.528066528066528,0.4719334719334718,0.1826761111795,-0.1826761111794998,18.3,0.1826761111795,18.27,29.4,B,,PENDING,,0.7874015748031497,
f3654a9faf3949a398ac0d37ce64c7d7,2026-09-16 11:44:38,2026,3,2026_03_HOU_IND,2026-09-27,00-0034383,Dalton Schultz,dalton schultz,HOU,IND,TE,TE SECONDARY,player_receptions,Receptions,FanDuel,fanduel,3.5,OVER,-144.0,4.5,1.8,1.0,70.9,0.710742639246028,0.710742639246028,0.289257360753972,0.5510744774801295,0.4489255225198704,0.1596681617658985,-0.1596681617658984,16.0,0.1596681617658985,15.97,28.1,B,,PENDING,,0.6944444444444444,
af84c1064d2d4591e5cd120e9976b458,2026-09-16 11:44:38,2026,3,2026_03_HOU_IND,2026-09-27,00-0035710,Daniel Jones,daniel jones,IND,HOU,QB,QB STARTER,player_pass_interceptions,Interceptions,DraftKings,draftkings,0.5,UNDER,-107.0,0.0,0.65,-0.5,81.9,0.7791218362875403,0.2208781637124597,0.7791218362875403,0.512482836100362,0.487517163899638,-0.2916046723879023,0.2916046723879023,29.2,0.2916046723879023,29.16,38.3,B,,PENDING,,0.9345794392523364,
8e63f6e411894137a13bbb444b8cba59,2026-09-16 11:44:38,2026,3,2026_03_HOU_IND,2026-09-27,00-0035710,Daniel Jones,daniel jones,IND,HOU,QB,QB STARTER,player_pass_tds,Pass TDs,DraftKings,draftkings,1.5,UNDER,-198.0,1.05,0.85,-0.45,81.9,0.7017400806366911,0.2982599193633088,0.7017400806366911,0.3720721170653748,0.6279278829346252,-0.0738121977020659,0.0738121977020659,7.4,0.0738121977020659,7.38,25.2,C,,PENDING,,0.5050505050505051,
5cbe606b6fb7eae053245545e4aaba80,2026-09-16 11:44:38,2026,3,2026_03_LA_DEN,2026-09-27,00-0031381,Davante Adams,davante adams,LA,DEN,WR,WR PRIMARY,player_reception_yds,Receiving Yards,FanDuel,fanduel,44.5,OVER,-114.0,47.3,18.0,2.8,72.4,0.5618083200493001,0.5618083200493001,0.4381916799506998,0.5,0.5,0.0618083200493001,-0.0618083200493001,6.2,0.0618083200493001,6.18,23.9,D,,PENDING,,0.8771929824561403,
5862ca026e75b67f65fdaf88a91bad88,2026-09-16 11:44:38,2026,3,2026_03_LA_DEN,2026-09-27,00-0031381,Davante Adams,davante adams,LA,DEN,WR,WR PRIMARY,player_receptions,Receptions,DraftKings,draftkings,3.5,OVER,-138.0,4.1,1.8,0.6,72.4,0.6305586598182362,0.6305586598182362,0.3694413401817638,0.5467012037178121,0.453298796282188,0.0838574561004241,-0.0838574561004242,8.4,0.0838574561004241,8.39,23.6,C,,PENDING,,0.7246376811594203,
a88bedab1823c937ed134ec944b5d695,2026-09-16 11:44:38,2026,3,2026_03_LA_DEN,2026-09-27,00-0031381,Davante Adams,davante adams,LA,DEN,WR,WR PRIMARY,player_receptions,Receptions,FanDuel,fanduel,3.5,OVER,-136.0,4.1,1.8,0.6,72.4,0.6305586598182362,0.6305586598182362,0.3694413401817638,0.5379072681704261,0.4620927318295739,0.0926513916478101,-0.0926513916478101,9.3,0.0926513916478101,9.27,24.1,C,,PENDING,,0.7352941176470589,
476437d0f2139f94e5825151f82f43d7,2026-09-16 11:44:38,2026,3,2026_03_HOU_IND,2026-09-27,00-0035685,David Montgomery,david montgomery,HOU,IND,RB,RB ROTATION,player_rush_yds,Rush Yards,DraftKings,draftkings,66.5,UNDER,-114.0,49.4,18.0,-17.1,71.7,0.8289438736915182,0.1710561263084817,0.8289438736915182,0.495787700084246,0.5042122999157539,-0.3247315737757642,0.3247315737757643,32.5,0.3247315737757643,32.47,50.2,B,,PENDING,,0.8771929824561403,
1bc30ae1f0e3b9b3a9f92fb76f8f2f21,2026-09-16 11:44:38,2026,3,2026_03_HOU_IND,2026-09-27,00-0035685,David Montgomery,david montgomery,HOU,IND,RB,RB ROTATION,player_rush_yds,Rush Yards,FanDuel,fanduel,66.5,UNDER,-114.0,49.4,18.0,-17.1,71.7,0.8289438736915182,0.1710561263084817,0.8289438736915182,0.5,0.5,-0.3289438736915182,0.3289438736915182,32.9,0.3289438736915182,32.89,50.5,B,,PENDING,,0.8771929824561403,
ce61bcd4dc601d32cb6687510cbfcc3e,2026-09-16 11:44:38,2026,3,2026_03_LAC_BUF,2026-09-27,00-0035689,Dawson Knox,dawson knox,BUF,LAC,TE,TE DEPTH,player_reception_yds,Receiving Yards,DraftKings,draftkings,12.5,OVER,-112.0,22.4,18.0,9.9,68.0,0.7088403132116536,0.7088403132116536,0.2911596867883463,0.5,0.5,0.2088403132116536,-0.2088403132116536,20.9,0.2088403132116536,20.88,37.0,B,,PENDING,,0.8928571428571429,
1bcfa4a4519f19d01ad48c964f0cb333,2026-09-16 11:44:38,2026,3,2026_03_LAC_BUF,2026-09-27,00-0035689,Dawson Knox,dawson knox,BUF,LAC,TE,TE DEPTH,player_reception_yds,Receiving Yards,FanDuel,fanduel,12.5,OVER,-114.0,22.4,18.0,9.9,68.0,0.7088403132116536,0.7088403132116536,0.2911596867883463,0.5,0.5,0.2088403132116536,-0.2088403132116536,20.9,0.2088403132116536,20.88,37.0,B,,PENDING,,0.8771929824561403,
4fd8d0564ddcf280b418b378952ce5d6,2026-09-16 11:44:38,2026,3,2026_03_LAC_BUF,2026-09-27,00-0035689,Dawson Knox,dawson knox,BUF,LAC,TE,TE DEPTH,player_receptions,Receptions,DraftKings,draftkings,1.5,OVER,122.0,1.9,1.8,0.4,68.0,0.5879295521290574,0.5879295521290574,0.4120704478709426,0.4250232434586266,0.5749767565413734,0.1629063086704307,-0.1629063086704307,16.3,0.1629063086704307,16.29,27.1,B,,PENDING,,1.22,
c020db9297aa6aa82b28e5c2f64be012,2026-09-16 11:44:38,2026,3,2026_03_LAC_BUF,2026-09-27,00-0035689,Dawson Knox,dawson knox,BUF,LAC,TE,TE DEPTH,player_receptions,Receptions,FanDuel,fanduel,1.5,OVER,124.0,1.9,1.8,0.4,68.0,0.5879295521290574,0.5879295521290574,0.4120704478709426,0.4170324846356453,0.5829675153643546,0.1708970674934121,-0.170897067493412,17.1,0.1708970674934121,17.09,27.6,B,,PENDING,,1.24,
49612de21be1adeec662ed62b715b1af,2026-09-16 11:44:38,2026,3,2026_03_KC_MIA,2026-09-27,00-0039040,De'Von Achane,devon achane,MIA,KC,RB,RB LEAD,player_reception_yds,Receiving Yards,FanDuel,fanduel,27.5,UNDER,-114.0,23.8,18.0,-3.7,83.5,0.5814309512092242,0.4185690487907758,0.5814309512092242,0.5,0.5,-0.0814309512092241,0.0814309512092241,8.1,0.0814309512092241,8.14,28.5,C,,PENDING,,0.8771929824561403,
e93e4c9a756920f32d53a575973e9298,2026-09-16 11:44:38,2026,3,2026_03_KC_MIA,2026-09-27,00-0039040,De'Von Achane,devon achane,MIA,KC,RB,RB LEAD,player_receptions,Receptions,FanDuel,fanduel,4.5,UNDER,-168.0,3.2,1.8,-1.3,83.5,0.7649210685711652,0.2350789314288348,0.7649210685711652,0.4137845849802372,0.5862154150197628,-0.1787056535514023,0.1787056535514023,17.9,0.1787056535514023,17.87,32.6,B,,PENDING,,0.5952380952380952,
615cfa23231bf8d6b1b030b8a6ccc153,2026-09-16 11:44:38,2026,3,2026_03_KC_MIA,2026-09-27,00-0039040,De'Von Achane,devon achane,MIA,KC,RB,RB LEAD,player_rush_yds,Rush Yards,FanDuel,fanduel,54.5,OVER,-114.0,58.3,20.4,3.8,83.5,0.5738852520783392,0.5738852520783392,0.4261147479216608,0.5,0.5,0.0738852520783391,-0.0738852520783391,7.4,0.0738852520783391,7.39,28.2,C,,PENDING,,0.8771929824561403,
526372edee215f9b4963aa8521d54320,2026-09-16 11:44:38,2026,3,2026_03_ARI_SF,2026-09-27,00-0032775,Demarcus Robinson,demarcus robinson,SF,ARI,WR,WR DEPTH,player_reception_yds,Receiving Yards,FanDuel,fanduel,24.5,OVER,-114.0,31.7,18.0,7.2,67.4,0.6554217416103241,0.6554217416103241,0.3445782583896759,0.5,0.5,0.155421741610324,-0.155421741610324,15.5,0.155421741610324,15.54,31.6,C,,PENDING,,0.8771929824561403,
e2acac312d2de9fad046c653122b4750,2026-09-16 11:44:38,2026,3,2026_03_ARI_SF,2026-09-27,00-0032775,Demarcus Robinson,demarcus robinson,SF,ARI,WR,WR DEPTH,player_receptions,Receptions,FanDuel,fanduel,1.5,OVER,-128.0,2.0,1.8,0.5,67.4,0.609408524566425,0.609408524566425,0.390591475433575,0.5240847784200385,0.4759152215799614,0.0853237461463864,-0.0853237461463864,8.5,0.0853237461463864,8.53,22.3,C,,PENDING,,0.78125,
dd9528ff76718acd344767de922810fa,2026-09-16 11:44:38,2026,3,2026_03_BAL_DAL,2026-09-27,00-0032764,Derrick Henry,derrick henry,BAL,DAL,RB,RB LEAD,player_rush_yds,Rush Yards,DraftKings,draftkings,88.5,OVER,-112.0,104.0,36.4,15.5,83.4,0.6648820153768589,0.6648820153768589,0.3351179846231411,0.5,0.5,0.1648820153768588,-0.1648820153768588,16.5,0.1648820153768588,16.49,42.4,A,,PENDING,,0.8928571428571429,
3ee202f7bf153eb174c3d8b1d08c69ef,2026-09-16 11:44:38,2026,3,2026_03_BAL_DAL,2026-09-27,00-0032764,Derrick Henry,derrick henry,BAL,DAL,RB,RB LEAD,player_rush_yds,Rush Yards,FanDuel,fanduel,88.5,OVER,-114.0,104.0,36.4,15.5,83.4,0.6648820153768589,0.6648820153768589,0.3351179846231411,0.5,0.5,0.1648820153768588,-0.1648820153768588,16.5,0.1648820153768588,16.49,42.4,A,,PENDING,,0.8771929824561403,
f8e8193ab234d0b536be2c6f285775f4,2026-09-16 11:44:38,2026,3,2026_03_LV_NO,2026-09-27,00-0039424,Devaughn Vele,devaughn vele,NO,LV,WR,WR SECONDARY,player_reception_yds,Receiving Yards,DraftKings,draftkings,41.5,OVER,-112.0,47.2,18.0,5.7,69.4,0.6242517279060125,0.6242517279060125,0.3757482720939875,0.5,0.5,0.1242517279060124,-0.1242517279060124,12.4,0.1242517279060124,12.43,29.1,B,,PENDING,,0.8928571428571429,
68bc48e658ba863bc4e715cf825778f6,2026-09-16 11:44:38,2026,3,2026_03_LV_NO,2026-09-27,00-0039424,Devaughn Vele,devaughn vele,NO,LV,WR,WR SECONDARY,player_reception_yds,Receiving Yards,FanDuel,fanduel,42.5,OVER,-114.0,47.2,18.0,4.7,69.4,0.6029965882966434,0.6029965882966434,0.3970034117033566,0.5,0.5,0.1029965882966433,-0.1029965882966433,10.3,0.1029965882966433,10.3,27.1,B,,PENDING,,0.8771929824561403,
c425a42ae9ca1a8177aa493aed362f17,2026-09-16 11:44:38,2026,3,2026_03_LV_NO,2026-09-27,00-0039424,Devaughn Vele,devaughn vele,NO,LV,WR,WR SECONDARY,player_receptions,Receptions,DraftKings,draftkings,3.5,OVER,-108.0,4.2,1.8,0.7,69.4,0.6513208290612621,0.6513208290612621,0.3486791709387379,0.4896023956080519,0.510397604391948,0.1617184334532102,-0.1617184334532101,16.2,0.1617184334532102,16.17,27.6,B,,PENDING,,0.9259259259259259,
2cb9a3d98169183aac3be260ae991fb8,2026-09-16 11:44:38,2026,3,2026_03_LV_NO,2026-09-27,00-0039424,Devaughn Vele,devaughn vele,NO,LV,WR,WR SECONDARY,player_receptions,Receptions,FanDuel,fanduel,3.5,OVER,-130.0,4.2,1.8,0.7,69.4,0.6513208290612621,0.6513208290612621,0.3486791709387379,0.5281576830249397,0.4718423169750604,0.1231631460363223,-0.1231631460363225,12.3,0.1231631460363223,12.32,25.3,B,,PENDING,,0.7692307692307693,
a4ec76294834fdd95c4cf533671145e1,2026-09-16 11:44:38,2026,3,2026_03_NE_JAX,2026-09-27,00-0039851,Drake Maye,drake maye,NE,JAX,QB,QB STARTER,player_pass_interceptions,Interceptions,DraftKings,draftkings,0.5,UNDER,-148.0,0.0,0.65,-0.5,84.5,0.7791218362875403,0.2208781637124597,0.7791218362875403,0.4368658399098084,0.5631341600901917,-0.2159876761973486,0.2159876761973486,21.6,0.2159876761973486,21.6,34.5,B,,PENDING,,0.6756756756756757,
d59b9682d0cd89cb7661d7fcbf8dff83,2026-09-16 11:44:38,2026,3,2026_03_SEA_WAS,2026-09-27,00-0035704,Drew Lock,drew lock,SEA,WAS,QB,QB DEPTH,player_pass_tds,Pass TDs,FanDuel,fanduel,1.5,UNDER,-210.0,0.81,0.85,-0.69,65.6,0.7915366711782525,0.2084633288217474,0.7915366711782525,0.3675598766895898,0.6324401233104102,-0.1590965478678423,0.1590965478678423,15.9,0.1590965478678423,15.91,26.5,C,,PENDING,,0.47619047619047616,
3aac942bf9f40b6b9204c26400b2ee05,2026-09-16 11:44:38,2026,3,2026_03_SEA_WAS,2026-09-27,00-0035704,Drew Lock,drew lock,SEA,WAS,QB,QB DEPTH,player_pass_yds,Pass Yards,FanDuel,fanduel,207.5,UNDER,-114.0,131.7,38.0,-75.8,65.6,0.9769642055363136,0.0230357944636865,0.9769642055363136,0.5,0.5,-0.4769642055363134,0.4769642055363134,47.7,0.4769642055363134,47.7,101.9,C,,PENDING,,0.8771929824561403,
4e2bad1644c78f335282387f6735c295,2026-09-16 11:44:38,2026,3,2026_03_NYJ_DET,2026-09-27,00-0030565,Geno Smith,geno smith,NYJ,DET,QB,QB STARTER,player_pass_yds,Pass Yards,DraftKings,draftkings,208.5,OVER,-113.0,256.1,56.34,47.6,87.3,0.8009084069144699,0.8009084069144699,0.1990915930855301,0.5021058838394474,0.4978941161605526,0.2988025230750224,-0.2988025230750225,29.9,0.2988025230750224,29.88,75.5,A,,PENDING,,0.8849557522123894,
9b5bd03300b93caadf74b33be49e5236,2026-09-16 11:44:38,2026,3,2026_03_NYJ_DET,2026-09-27,00-0030565,Geno Smith,geno smith,NYJ,DET,QB,QB STARTER,player_pass_yds,Pass Yards,FanDuel,fanduel,207.5,OVER,-114.0,256.1,56.34,48.6,87.3,0.8058267320863997,0.8058267320863997,0.1941732679136003,0.5,0.5,0.3058267320863996,-0.3058267320863996,30.6,0.3058267320863996,30.58,76.6,A,,PENDING,,0.8771929824561403,
0df6bf5c9da0133d265e25254160b90d,2026-09-16 11:44:38,2026,3,2026_03_ARI_SF,2026-09-27,00-0033288,George Kittle,george kittle,SF,ARI,TE,TE PRIMARY,player_reception_yds,Receiving Yards,FanDuel,fanduel,44.5,OVER,-114.0,61.0,23.18,16.5,71.9,0.7617120425240265,0.7617120425240265,0.2382879574759735,0.5,0.5,0.2617120425240264,-0.2617120425240264,26.2,0.2617120425240264,26.17,46.1,B,,PENDING,,0.8771929824561403,
3fea4c238fcbb041b7f36bdb85a19456,2026-09-16 11:44:38,2026,3,2026_03_ARI_SF,2026-09-27,00-0033288,George Kittle,george kittle,SF,ARI,TE,TE PRIMARY,player_receptions,Receptions,FanDuel,fanduel,4.5,OVER,120.0,5.2,1.98,0.7,71.9,0.6381564352856981,0.6381564352856981,0.3618435647143019,0.4248366013071895,0.5751633986928104,0.2133198339785086,-0.2133198339785085,21.3,0.2133198339785086,21.33,31.3,B,,PENDING,,1.2,
cf1d25a8943a0ec0f9ec3a95ee90c572,2026-09-16 11:44:38,2026,3,2026_03_BAL_DAL,2026-09-27,00-0037247,George Pickens,george pickens,DAL,BAL,WR,WR SECONDARY,player_reception_yds,Receiving Yards,DraftKings,draftkings,63.5,OVER,-112.0,67.6,25.69,4.1,71.8,0.5634000092708642,0.5634000092708642,0.4365999907291358,0.5,0.5,0.0634000092708642,-0.0634000092708642,6.3,0.0634000092708642,6.34,24.8,D,,PENDING,,0.8928571428571429,
8fbe014ea804dd881a7412761f5db1a4,2026-09-16 11:44:38,2026,3,2026_03_BAL_DAL,2026-09-27,00-0037247,George Pickens,george pickens,DAL,BAL,WR,WR SECONDARY,player_reception_yds,Receiving Yards,FanDuel,fanduel,60.5,OVER,-114.0,67.6,25.69,7.1,71.8,0.6088688694842789,0.6088688694842789,0.3911311305157211,0.5,0.5,0.1088688694842788,-0.1088688694842788,10.9,0.1088688694842788,10.89,29.8,B,,PENDING,,0.8771929824561403,
1cb2214362e51028dc39722b6df03b79,2026-09-16 11:44:38,2026,3,2026_03_KC_MIA,2026-09-27,00-0037252,Greg Dulcich,greg dulcich,MIA,KC,TE,TE DEPTH,player_receptions,Receptions,FanDuel,fanduel,2.5,OVER,144.0,2.3,1.8,-0.2,68.5,0.4557641189546886,0.4557641189546886,0.5442358810453114,0.3831317764804004,0.6168682235195997,0.0726323424742881,-0.0726323424742882,7.3,0.0726323424742881,7.26,21.6,C,,PENDING,,1.44,
89985da0c4d68f547db56a1503c0d4d2,2026-09-16 11:44:38,2026,3,2026_03_TEN_NYG,2026-09-27,00-0037838,Isaiah Likely,isaiah likely,NYG,TEN,TE,TE DEPTH,player_reception_yds,Receiving Yards,DraftKings,draftkings,45.5,UNDER,-111.0,37.5,18.0,-8.0,64.3,0.6716393567181148,0.3283606432818852,0.6716393567181148,0.5021058838394474,0.4978941161605526,-0.1737452405575622,0.1737452405575621,17.4,0.1737452405575621,17.37,32.5,C,,PENDING,,0.9009009009009009,
5a6ca0c2b7b7d603b92b7d3d74bc49b2,2026-09-16 11:44:38,2026,3,2026_03_TEN_NYG,2026-09-27,00-0037838,Isaiah Likely,isaiah likely,NYG,TEN,TE,TE DEPTH,player_reception_yds,Receiving Yards,FanDuel,fanduel,46.5,UNDER,-114.0,37.5,18.0,-9.0,64.3,0.6914624612740131,0.3085375387259869,0.6914624612740131,0.5,0.5,-0.1914624612740131,0.1914624612740131,19.1,0.1914624612740131,19.15,34.3,C,,PENDING,,0.8771929824561403,
06cbb23debb3f92a54e3edcdcc03c5b7,2026-09-16 11:44:38,2026,3,2026_03_TEN_NYG,2026-09-27,00-0037838,Isaiah Likely,isaiah likely,NYG,TEN,TE,TE DEPTH,player_receptions,Receptions,DraftKings,draftkings,4.5,UNDER,-107.0,4.2,1.8,-0.3,64.3,0.5661838326109037,0.4338161673890963,0.5661838326109037,0.512482836100362,0.487517163899638,-0.0786666687112657,0.0786666687112656,7.9,0.0786666687112656,7.87,21.0,C,,PENDING,,0.9345794392523364,
e148bfd0a65d48dc12ee85788145b1a4,2026-09-16 11:44:38,2026,3,2026_03_TEN_NYG,2026-09-27,00-0037838,Isaiah Likely,isaiah likely,NYG,TEN,TE,TE DEPTH,player_receptions,Receptions,FanDuel,fanduel,4.5,UNDER,104.0,4.2,1.8,-0.3,64.3,0.5661838326109037,0.4338161673890963,0.5661838326109037,0.5418848167539267,0.4581151832460733,-0.1080686493648304,0.1080686493648303,10.8,0.1080686493648303,10.81,22.8,C,,PENDING,,1.04,
967ae02b2599e798a216ee16b48bf76a,2026-09-16 11:44:38,2026,3,2026_03_LA_DEN,2026-09-27,00-0036158,J.K. Dobbins,jk dobbins,DEN,LA,RB,RB LEAD,player_rush_yds,Rush Yards,DraftKings,draftkings,50.5,OVER,-111.0,61.5,21.52,11.0,80.0,0.6953778324984624,0.6953778324984624,0.3046221675015376,0.4978941161605526,0.5021058838394474,0.1974837163379098,-0.1974837163379098,19.7,0.1974837163379098,19.75,40.1,A,,PENDING,,0.9009009009009009,
ea41d5aaa1056bd8080a0a99dbc9a01a,2026-09-16 11:44:38,2026,3,2026_03_LA_DEN,2026-09-27,00-0036158,J.K. Dobbins,jk dobbins,DEN,LA,RB,RB LEAD,player_rush_yds,Rush Yards,FanDuel,fanduel,53.5,OVER,-114.0,61.5,21.52,8.0,80.0,0.6449594649703398,0.6449594649703398,0.3550405350296601,0.5,0.5,0.1449594649703398,-0.1449594649703398,14.5,0.1449594649703398,14.5,34.7,A,,PENDING,,0.8771929824561403,
ea4cf16cd1ff57a44b3aef6fd52e3696,2026-09-16 11:44:38,2026,3,2026_03_CIN_PIT,2026-09-27,00-0036900,Ja'Marr Chase,jamarr chase,CIN,PIT,WR,WR PRIMARY,player_reception_yds,Receiving Yards,DraftKings,draftkings,76.5,UNDER,-113.0,72.2,27.44,-4.3,74.5,0.5622615393772905,0.4377384606227095,0.5622615393772905,0.4978941161605526,0.5021058838394474,-0.0601556555378431,0.060155655537843,6.0,0.060155655537843,6.02,25.5,D,,PENDING,,0.8849557522123894,
336d677f9f4b9ae0ede5f33f671eeb21,2026-09-16 11:44:38,2026,3,2026_03_CIN_PIT,2026-09-27,00-0036900,Ja'Marr Chase,jamarr chase,CIN,PIT,WR,WR PRIMARY,player_receptions,Receptions,DraftKings,draftkings,6.5,UNDER,-107.0,6.1,2.32,-0.4,74.5,0.5684438853866676,0.4315561146133324,0.5684438853866676,0.5134353038445638,0.486564696155436,-0.0818791892312313,0.0818791892312315,8.2,0.0818791892312315,8.19,23.8,C,,PENDING,,0.9345794392523364,
3f0263796e9072d65d12160ee93740d6,2026-09-16 11:44:38,2026,3,2026_03_CIN_PIT,2026-09-27,00-0036900,Ja'Marr Chase,jamarr chase,CIN,PIT,WR,WR PRIMARY,player_receptions,Receptions,FanDuel,fanduel,6.5,UNDER,-114.0,6.1,2.32,-0.4,74.5,0.5684438853866676,0.4315561146133324,0.5684438853866676,0.5,0.5,-0.0684438853866675,0.0684438853866675,6.8,0.0684438853866675,6.84,23.0,D,,PENDING,,0.8771929824561403,
a40e5145f2420196bf40d15f80e3fbdb,2026-09-16 11:44:38,2026,3,2026_03_ARI_SF,2026-09-27,00-0033119,Jacoby Brissett,jacoby brissett,ARI,SF,QB,QB STARTER,player_pass_yds,Pass Yards,FanDuel,fanduel,228.5,OVER,-114.0,240.7,52.95,12.2,89.8,0.5911118672535561,0.5911118672535561,0.4088881327464438,0.5,0.5,0.0911118672535561,-0.0911118672535561,9.1,0.0911118672535561,9.11,37.1,C,,PENDING,,0.8771929824561403,
32dbbbcd8bbbe376f462917da9b7e26b,2026-09-16 11:44:38,2026,3,2026_03_SEA_WAS,2026-09-27,00-0040242,Jacory Croskey-Merritt,jacory croskey merritt,WAS,SEA,RB,RB ROTATION,player_rush_yds,Rush Yards,DraftKings,draftkings,56.5,UNDER,-110.0,45.8,18.0,-10.7,72.2,0.7238925551586723,0.2761074448413276,0.7238925551586723,0.5042122999157539,0.495787700084246,-0.2281048550744262,0.2281048550744263,22.8,0.2281048550744263,22.81,39.8,B,,PENDING,,0.9090909090909091,
8728a7e7687c93434044c18cba5b50e9,2026-09-16 11:44:38,2026,3,2026_03_SEA_WAS,2026-09-27,00-0040242,Jacory Croskey-Merritt,jacory croskey merritt,WAS,SEA,RB,RB ROTATION,player_rush_yds,Rush Yards,FanDuel,fanduel,56.5,UNDER,-114.0,45.8,18.0,-10.7,72.2,0.7238925551586723,0.2761074448413276,0.7238925551586723,0.5,0.5,-0.2238925551586723,0.2238925551586723,22.4,0.2238925551586723,22.39,39.5,B,,PENDING,,0.8771929824561403,
5bb192769aafc7b0b166bbd832524a49,2026-09-16 11:44:38,2026,3,2026_03_NYJ_DET,2026-09-27,00-0039139,Jahmyr Gibbs,jahmyr gibbs,DET,NYJ,RB,RB LEAD,player_reception_yds,Receiving Yards,FanDuel,fanduel,29.5,OVER,-114.0,33.2,18.0,3.7,80.9,0.5814309512092243,0.5814309512092243,0.4185690487907757,0.5,0.5,0.0814309512092242,-0.0814309512092242,8.1,0.0814309512092242,8.14,27.9,C,,PENDING,,0.8771929824561403,
8b71731022c2b8962d686a38ba10c7e1,2026-09-16 11:44:38,2026,3,2026_03_NYJ_DET,2026-09-27,00-0039139,Jahmyr Gibbs,jahmyr gibbs,DET,NYJ,RB,RB LEAD,player_receptions,Receptions,DraftKings,draftkings,4.5,UNDER,-136.0,3.7,1.8,-0.8,80.9,0.6716393567181147,0.3283606432818853,0.6716393567181147,0.4572225666460012,0.5427774333539988,-0.1288619233641159,0.1288619233641159,12.9,0.1288619233641159,12.89,28.6,B,,PENDING,,0.7352941176470589,
3a25ffee357596dfa54e07fa1d684a86,2026-09-16 11:44:38,2026,3,2026_03_NYJ_DET,2026-09-27,00-0039139,Jahmyr Gibbs,jahmyr gibbs,DET,NYJ,RB,RB LEAD,player_receptions,Receptions,FanDuel,fanduel,4.5,UNDER,-146.0,3.7,1.8,-0.8,80.9,0.6716393567181147,0.3283606432818853,0.6716393567181147,0.4451682953311618,0.5548317046688382,-0.1168076520492765,0.1168076520492764,11.7,0.1168076520492764,11.68,27.8,B,,PENDING,,0.684931506849315,
e3037c6f952d2cb91412fd0fb6efeda8,2026-09-16 11:44:38,2026,3,2026_03_NYJ_DET,2026-09-27,00-0039139,Jahmyr Gibbs,jahmyr gibbs,DET,NYJ,RB,RB LEAD,player_rush_yds,Rush Yards,DraftKings,draftkings,90.5,UNDER,-114.0,78.0,27.3,-12.5,80.9,0.6764790400802756,0.3235209599197244,0.6764790400802756,0.495787700084246,0.5042122999157539,-0.1722667401645216,0.1722667401645217,17.2,0.1722667401645217,17.23,39.9,A,,PENDING,,0.8771929824561403,
8f4893da3fbd1ad75020a9dc975acc2e,2026-09-16 11:44:38,2026,3,2026_03_NYJ_DET,2026-09-27,00-0039139,Jahmyr Gibbs,jahmyr gibbs,DET,NYJ,RB,RB LEAD,player_rush_yds,Rush Yards,FanDuel,fanduel,90.5,UNDER,-114.0,78.0,27.3,-12.5,80.9,0.6764790400802756,0.3235209599197244,0.6764790400802756,0.5,0.5,-0.1764790400802756,0.1764790400802756,17.6,0.1764790400802756,17.65,40.2,A,,PENDING,,0.8771929824561403,
aa8c312f79af45c6da76e619ac6af857,2026-09-16 11:44:38,2026,3,2026_03_CAR_CLE,2026-09-27,00-0039491,Jalen Coker,jalen coker,CAR,CLE,WR,WR SECONDARY,player_reception_yds,Receiving Yards,DraftKings,draftkings,48.5,OVER,-111.0,55.3,21.01,6.8,67.7,0.6269005306367069,0.6269005306367069,0.3730994693632931,0.4978941161605526,0.5021058838394474,0.1290064144761543,-0.1290064144761543,12.9,0.1290064144761543,12.9,29.8,C,,PENDING,,0.9009009009009009,
b4ab5ccd3a970b826ca47af6bc384f7e,2026-09-16 11:44:38,2026,3,2026_03_CAR_CLE,2026-09-27,00-0039491,Jalen Coker,jalen coker,CAR,CLE,WR,WR SECONDARY,player_reception_yds,Receiving Yards,FanDuel,fanduel,50.5,OVER,-114.0,55.3,21.01,4.8,67.7,0.5903567002286898,0.5903567002286898,0.4096432997713102,0.5,0.5,0.0903567002286898,-0.0903567002286898,9.0,0.0903567002286898,9.04,25.9,C,,PENDING,,0.8771929824561403,
081b6050b84762f3f78c645b864abec9,2026-09-16 11:44:38,2026,3,2026_03_CAR_CLE,2026-09-27,00-0039491,Jalen Coker,jalen coker,CAR,CLE,WR,WR SECONDARY,player_receptions,Receptions,DraftKings,draftkings,4.5,UNDER,-117.0,3.7,1.8,-0.8,67.7,0.6716393567181147,0.3283606432818853,0.6716393567181147,0.4916850288945246,0.5083149711054754,-0.1633243856126393,0.1633243856126393,16.3,0.1633243856126393,16.33,27.3,C,,PENDING,,0.8547008547008547,
233c5ae7d2f8774698a82ccd5d57d20e,2026-09-16 11:44:38,2026,3,2026_03_CAR_CLE,2026-09-27,00-0039491,Jalen Coker,jalen coker,CAR,CLE,WR,WR SECONDARY,player_receptions,Receptions,FanDuel,fanduel,4.5,UNDER,-125.0,3.7,1.8,-0.8,67.7,0.6716393567181147,0.3283606432818853,0.6716393567181147,0.4808467741935484,0.5191532258064516,-0.152486130911663,0.152486130911663,15.2,0.152486130911663,15.25,26.7,C,,PENDING,,0.8,
eafc04746c6253ad942f6e74e98bc15d,2026-09-16 11:44:38,2026,3,2026_03_LAC_BUF,2026-09-27,00-0037248,James Cook,james cook,BUF,LAC,RB,RB LEAD,player_reception_yds,Receiving Yards,DraftKings,draftkings,17.5,UNDER,-114.0,13.6,18.0,-3.9,79.7,0.5857659364695248,0.4142340635304752,0.5857659364695248,0.495787700084246,0.5042122999157539,-0.0815536365537707,0.0815536365537709,8.2,0.0815536365537709,8.16,27.7,C,,PENDING,,0.8771929824561403,
f642a5b76ff149bb7c5c5c0ad9e72c79,2026-09-16 11:44:38,2026,3,2026_03_LAC_BUF,2026-09-27,00-0037248,James Cook,james cook,BUF,LAC,RB,RB LEAD,player_reception_yds,Receiving Yards,FanDuel,fanduel,17.5,UNDER,-114.0,13.6,18.0,-3.9,79.7,0.5857659364695248,0.4142340635304752,0.5857659364695248,0.5,0.5,-0.0857659364695248,0.0857659364695248,8.6,0.0857659364695248,8.58,28.0,C,,PENDING,,0.8771929824561403,
9b06e7ccd5e7e6933139c6fd95bc2f91,2026-09-16 11:44:38,2026,3,2026_03_LAC_BUF,2026-09-27,00-0037248,James Cook,james cook,BUF,LAC,RB,RB LEAD,player_receptions,Receptions,DraftKings,draftkings,2.5,UNDER,-130.0,1.9,1.8,-0.6,79.7,0.6305586598182363,0.3694413401817636,0.6305586598182363,0.4669102720259846,0.5330897279740154,-0.0974689318442209,0.0974689318442209,9.7,0.0974689318442209,9.75,26.2,C,,PENDING,,0.7692307692307693,
2ff3db67d3da5fe821adb8b48bebb47b,2026-09-16 11:44:38,2026,3,2026_03_LAC_BUF,2026-09-27,00-0037248,James Cook,james cook,BUF,LAC,RB,RB LEAD,player_receptions,Receptions,FanDuel,fanduel,2.5,UNDER,-130.0,1.9,1.8,-0.6,79.7,0.6305586598182363,0.3694413401817636,0.6305586598182363,0.4718423169750604,0.5281576830249397,-0.1024009767932967,0.1024009767932966,10.2,0.1024009767932966,10.24,26.5,B,,PENDING,,0.7692307692307693,
4bcc1d8a7cc260bec2b327a467178450,2026-09-16 11:44:38,2026,3,2026_03_LAC_BUF,2026-09-27,00-0037248,James Cook,james cook,BUF,LAC,RB,RB LEAD,player_rush_yds,Rush Yards,DraftKings,draftkings,79.5,UNDER,-114.0,61.0,21.35,-18.5,79.7,0.8068948751910847,0.1931051248089152,0.8068948751910847,0.495787700084246,0.5042122999157539,-0.3026825752753307,0.3026825752753308,30.3,0.3026825752753308,30.27,52.0,A,,PENDING,,0.8771929824561403,
a55d3c0bfd66d36f664e63ba6440a9b3,2026-09-16 11:44:38,2026,3,2026_03_LAC_BUF,2026-09-27,00-0037248,James Cook,james cook,BUF,LAC,RB,RB LEAD,player_rush_yds,Rush Yards,FanDuel,fanduel,78.5,UNDER,-114.0,61.0,21.35,-17.5,79.7,0.7937984793082269,0.2062015206917731,0.7937984793082269,0.5,0.5,-0.2937984793082269,0.2937984793082269,29.4,0.2937984793082269,29.38,50.7,A,,PENDING,,0.8771929824561403,
9fde5efac9cf01246d009a2dff2ece74,2026-09-16 11:44:38,2026,3,2026_03_NYJ_DET,2026-09-27,00-0033106,Jared Goff,jared goff,DET,NYJ,QB,QB STARTER,player_pass_interceptions,Interceptions,DraftKings,draftkings,0.5,UNDER,-113.0,0.0,0.65,-0.5,83.2,0.7791218362875403,0.2208781637124597,0.7791218362875403,0.4989542374299339,0.5010457625700661,-0.2780760737174741,0.2780760737174742,27.8,0.2780760737174742,27.81,37.9,B,,PENDING,,0.8849557522123894,
d8c16bf4d847f06b2f53356ddefb858d,2026-09-16 11:44:38,2026,3,2026_03_NYJ_DET,2026-09-27,00-0033106,Jared Goff,jared goff,DET,NYJ,QB,QB STARTER,player_pass_tds,Pass TDs,DraftKings,draftkings,1.5,OVER,-145.0,2.11,1.16,0.61,83.2,0.7005079774428769,0.7005079774428769,0.2994920225571231,0.5576419608197165,0.4423580391802834,0.1428660166231603,-0.1428660166231602,14.3,0.1428660166231603,14.29,29.8,B,,PENDING,,0.6896551724137931,
906ddb5ff1125c61974db2bc53b0acba,2026-09-16 11:44:38,2026,3,2026_03_NYJ_DET,2026-09-27,00-0033106,Jared Goff,jared goff,DET,NYJ,QB,QB STARTER,player_pass_tds,Pass TDs,FanDuel,fanduel,1.5,OVER,-132.0,2.11,1.16,0.61,83.2,0.7005079774428769,0.7005079774428769,0.2994920225571231,0.532258064516129,0.4677419354838709,0.1682499129267478,-0.1682499129267477,16.8,0.1682499129267478,16.82,31.4,B,,PENDING,,0.7575757575757576,
71554eb7270a85f6fe4a471d098a55e1,2026-09-16 11:44:38,2026,3,2026_03_NYJ_DET,2026-09-27,00-0033106,Jared Goff,jared goff,DET,NYJ,QB,QB STARTER,player_pass_yds,Pass Yards,DraftKings,draftkings,271.5,UNDER,-111.0,225.2,49.54,-46.3,83.2,0.8250023234030521,0.1749976765969478,0.8250023234030521,0.5021058838394474,0.4978941161605526,-0.3271082072424995,0.3271082072424995,32.7,0.3271082072424995,32.71,75.2,A,,PENDING,,0.9009009009009009,
da1d397abaf96e1731d7c533e02ae1ac,2026-09-16 11:44:38,2026,3,2026_03_NYJ_DET,2026-09-27,00-0033106,Jared Goff,jared goff,DET,NYJ,QB,QB STARTER,player_pass_yds,Pass Yards,FanDuel,fanduel,270.5,UNDER,-114.0,225.2,49.54,-45.3,83.2,0.8197499571430661,0.1802500428569339,0.8197499571430661,0.5,0.5,-0.3197499571430661,0.3197499571430661,32.0,0.3197499571430661,31.97,74.0,A,,PENDING,,0.8771929824561403,
8118e96d0a670a9c0a92444dc95471aa,2026-09-16 11:44:38,2026,3,2026_03_BAL_DAL,2026-09-27,00-0036997,Javonte Williams,javonte williams,DAL,BAL,RB,RB LEAD,player_reception_yds,Receiving Yards,DraftKings,draftkings,11.5,OVER,-118.0,18.1,18.0,6.6,84.5,0.6430661632625014,0.6430661632625014,0.3569338367374985,0.5126539564703898,0.4873460435296103,0.1304122067921116,-0.1304122067921117,13.0,0.1304122067921116,13.04,33.9,B,,PENDING,,0.847457627118644,
b68b0db1134ab191509157560fc12ee8,2026-09-16 11:44:38,2026,3,2026_03_BAL_DAL,2026-09-27,00-0036997,Javonte Williams,javonte williams,DAL,BAL,RB,RB LEAD,player_reception_yds,Receiving Yards,FanDuel,fanduel,11.5,OVER,-114.0,18.1,18.0,6.6,84.5,0.6430661632625014,0.6430661632625014,0.3569338367374985,0.5,0.5,0.1430661632625014,-0.1430661632625014,14.3,0.1430661632625014,14.31,34.7,B,,PENDING,,0.8771929824561403,
8fdb4c53d90610937e9c576d1d9fba9a,2026-09-16 11:44:38,2026,3,2026_03_BAL_DAL,2026-09-27,00-0036997,Javonte Williams,javonte williams,DAL,BAL,RB,RB LEAD,player_receptions,Receptions,DraftKings,draftkings,2.5,OVER,-112.0,3.1,1.8,0.6,84.5,0.6305586598182363,0.6305586598182363,0.3694413401817636,0.4989542374299339,0.5010457625700661,0.1316044223883024,-0.1316044223883024,13.2,0.1316044223883024,13.16,29.5,B,,PENDING,,0.8928571428571429,
8ac625e4e4f5edda3c939ee7140189c8,2026-09-16 11:44:38,2026,3,2026_03_BAL_DAL,2026-09-27,00-0036997,Javonte Williams,javonte williams,DAL,BAL,RB,RB LEAD,player_receptions,Receptions,FanDuel,fanduel,2.5,OVER,-110.0,3.1,1.8,0.6,84.5,0.6305586598182363,0.6305586598182363,0.3694413401817636,0.4898785425101215,0.5101214574898786,0.1406801173081148,-0.1406801173081149,14.1,0.1406801173081148,14.07,30.0,B,,PENDING,,0.9090909090909091,
1dd8768b94c14c5be7f871557804db89,2026-09-16 11:44:38,2026,3,2026_03_BAL_DAL,2026-09-27,00-0036997,Javonte Williams,javonte williams,DAL,BAL,RB,RB LEAD,player_rush_yds,Rush Yards,DraftKings,draftkings,75.5,UNDER,-114.0,45.9,18.0,-29.6,84.5,0.9499577844964048,0.0500422155035951,0.9499577844964048,0.495787700084246,0.5042122999157539,-0.4457454845806509,0.445745484580651,44.6,0.445745484580651,44.57,70.1,A,,PENDING,,0.8771929824561403,
1c6c06fa8f5a0a154a544357189355ad,2026-09-16 11:44:38,2026,3,2026_03_BAL_DAL,2026-09-27,00-0036997,Javonte Williams,javonte williams,DAL,BAL,RB,RB LEAD,player_rush_yds,Rush Yards,FanDuel,fanduel,72.5,UNDER,-114.0,45.9,18.0,-26.6,84.5,0.9302663658632112,0.0697336341367887,0.9302663658632112,0.5,0.5,-0.4302663658632112,0.4302663658632112,43.0,0.4302663658632112,43.03,66.9,A,,PENDING,,0.8771929824561403,
2558fd368a358c0433d0da9e871e274a,2026-09-16 11:44:38,2026,3,2026_03_SEA_WAS,2026-09-27,00-0038543,Jaxon Smith-Njigba,jaxon smith njigba,SEA,WAS,WR,WR PRIMARY,player_reception_yds,Receiving Yards,FanDuel,fanduel,81.5,OVER,-114.0,96.7,36.75,15.2,75.3,0.6604184565087226,0.6604184565087226,0.3395815434912774,0.5,0.5,0.1604184565087225,-0.1604184565087225,16.0,0.1604184565087225,16.04,39.9,B,,PENDING,,0.8771929824561403,
65f7d370cbcbbe41717dbe48e688d70f,2026-09-16 11:44:38,2026,3,2026_03_TEN_NYG,2026-09-27,00-0040691,Jaxson Dart,jaxson dart,NYG,TEN,QB,QB STARTER,player_pass_interceptions,Interceptions,DraftKings,draftkings,0.5,UNDER,-144.0,0.0,0.65,-0.5,81.8,0.7791218362875403,0.2208781637124597,0.7791218362875403,0.4430563625798954,0.5569436374201047,-0.2221781988674357,0.2221781988674356,22.2,0.2221781988674356,22.22,34.2,B,,PENDING,,0.6944444444444444,
811dc6f3b30763b34d322ed6abf3d224,2026-09-16 11:44:38,2026,3,2026_03_TEN_NYG,2026-09-27,00-0040691,Jaxson Dart,jaxson dart,NYG,TEN,QB,QB STARTER,player_pass_tds,Pass TDs,DraftKings,draftkings,1.5,OVER,187.0,1.31,0.85,-0.19,81.8,0.411561747435219,0.411561747435219,0.588438252564781,0.3299438516603315,0.6700561483396685,0.0816178957748874,-0.0816178957748875,8.2,0.0816178957748874,8.16,25.5,C,,PENDING,,1.87,
900e18502fb5e64910ffdd21a2aa1f83,2026-09-16 11:44:38,2026,3,2026_03_TEN_NYG,2026-09-27,00-0040691,Jaxson Dart,jaxson dart,NYG,TEN,QB,QB STARTER,player_pass_tds,Pass TDs,FanDuel,fanduel,1.5,OVER,188.0,1.31,0.85,-0.19,81.8,0.411561747435219,0.411561747435219,0.588438252564781,0.3246753246753247,0.6753246753246753,0.0868864227598943,-0.0868864227598943,8.7,0.0868864227598943,8.69,25.8,C,,PENDING,,1.88,
ee7b1323a4b9403ff97d35952f960bd4,2026-09-16 11:44:38,2026,3,2026_03_TEN_NYG,2026-09-27,00-0040691,Jaxson Dart,jaxson dart,NYG,TEN,QB,QB STARTER,player_pass_yds,Pass Yards,DraftKings,draftkings,212.5,UNDER,-113.0,198.4,43.65,-14.1,81.8,0.6266614877157756,0.3733385122842244,0.6266614877157756,0.4978941161605526,0.5021058838394474,-0.1245556038763281,0.1245556038763281,12.5,0.1245556038763281,12.46,38.5,B,,PENDING,,0.8849557522123894,
02bf49eaa7205c4dd7f92d9e490d6c79,2026-09-16 11:44:38,2026,3,2026_03_TEN_NYG,2026-09-27,00-0040691,Jaxson Dart,jaxson dart,NYG,TEN,QB,QB STARTER,player_pass_yds,Pass Yards,FanDuel,fanduel,216.5,UNDER,-114.0,198.4,43.65,-18.1,81.8,0.660805354021109,0.339194645978891,0.660805354021109,0.5,0.5,-0.1608053540211089,0.1608053540211089,16.1,0.1608053540211089,16.08,43.7,A,,PENDING,,0.8771929824561403,
38ca1dfead71ea705f219b5350771c8f,2026-09-16 11:44:38,2026,3,2026_03_SEA_WAS,2026-09-27,00-0039910,Jayden Daniels,jayden daniels,WAS,SEA,QB,QB STARTER,player_pass_yds,Pass Yards,DraftKings,draftkings,203.5,UNDER,-112.0,168.7,38.0,-34.8,82.9,0.8201113372219931,0.1798886627780068,0.8201113372219931,0.5,0.5,-0.3201113372219931,0.3201113372219931,32.0,0.3201113372219931,32.01,66.0,A,,PENDING,,0.8928571428571429,
6191954c5e896d9585343686c5919906,2026-09-16 11:44:38,2026,3,2026_03_SEA_WAS,2026-09-27,00-0039910,Jayden Daniels,jayden daniels,WAS,SEA,QB,QB STARTER,player_pass_yds,Pass Yards,FanDuel,fanduel,202.5,UNDER,-114.0,168.7,38.0,-33.8,82.9,0.813125719973643,0.1868742800263569,0.813125719973643,0.5,0.5,-0.313125719973643,0.313125719973643,31.3,0.313125719973643,31.31,64.9,A,,PENDING,,0.8771929824561403,
c5ef2724420d5757c2d61d7f84b49701,2026-09-16 11:44:38,2026,3,2026_03_LA_DEN,2026-09-27,00-0036613,Jaylen Waddle,jaylen waddle,DEN,LA,WR,WR SECONDARY,player_reception_yds,Receiving Yards,DraftKings,draftkings,53.5,UNDER,-112.0,40.3,18.0,-13.2,67.9,0.7683224253652018,0.2316775746347982,0.7683224253652018,0.5,0.5,-0.2683224253652018,0.2683224253652018,26.8,0.2683224253652018,26.83,43.0,C,,PENDING,,0.8928571428571429,
8a88c2cdf3f6b01350b457049f486e0a,2026-09-16 11:44:38,2026,3,2026_03_LA_DEN,2026-09-27,00-0036613,Jaylen Waddle,jaylen waddle,DEN,LA,WR,WR SECONDARY,player_reception_yds,Receiving Yards,FanDuel,fanduel,52.5,UNDER,-114.0,40.3,18.0,-12.2,67.9,0.7510436984999656,0.2489563015000344,0.7510436984999656,0.5,0.5,-0.2510436984999655,0.2510436984999655,25.1,0.2510436984999655,25.1,41.2,C,,PENDING,,0.8771929824561403,
7f39dd8f206ff9f8aba4c844afc9777e,2026-09-16 11:44:38,2026,3,2026_03_LA_DEN,2026-09-27,00-0036613,Jaylen Waddle,jaylen waddle,DEN,LA,WR,WR SECONDARY,player_receptions,Receptions,DraftKings,draftkings,4.5,UNDER,-134.0,3.4,1.8,-1.1,67.9,0.7294369877641659,0.2705630122358341,0.7294369877641659,0.4599960684096717,0.5400039315903282,-0.1894330561738376,0.1894330561738376,18.9,0.1894330561738376,18.94,29.2,C,,PENDING,,0.746268656716418,
3795e1dbd8fc9a1907fd54943f46e3ea,2026-09-16 11:44:38,2026,3,2026_03_LA_DEN,2026-09-27,00-0036613,Jaylen Waddle,jaylen waddle,DEN,LA,WR,WR SECONDARY,player_receptions,Receptions,FanDuel,fanduel,4.5,UNDER,-146.0,3.4,1.8,-1.1,67.9,0.7294369877641659,0.2705630122358341,0.7294369877641659,0.4451682953311618,0.5548317046688382,-0.1746052830953277,0.1746052830953276,17.5,0.1746052830953276,17.46,28.3,C,,PENDING,,0.684931506849315,
2ada79d485a0ef954f4d9bb087e5389e,2026-09-16 11:44:38,2026,3,2026_03_CIN_PIT,2026-09-27,00-0036442,Joe Burrow,joe burrow,CIN,PIT,QB,QB STARTER,player_pass_tds,Pass TDs,DraftKings,draftkings,1.5,OVER,-131.0,1.94,1.07,0.44,83.4,0.6595425377278695,0.6595425377278695,0.3404574622721305,0.53514579518242,0.4648542048175799,0.1243967425454495,-0.1243967425454494,12.4,0.1243967425454495,12.44,28.6,B,,PENDING,,0.7633587786259542,
b1f8cdff8d4b3178521ca17344c290f0,2026-09-16 11:44:38,2026,3,2026_03_CIN_PIT,2026-09-27,00-0036442,Joe Burrow,joe burrow,CIN,PIT,QB,QB STARTER,player_pass_tds,Pass TDs,FanDuel,fanduel,1.5,OVER,-125.0,1.94,1.07,0.44,83.4,0.6595425377278695,0.6595425377278695,0.3404574622721305,0.5191532258064516,0.4808467741935484,0.1403893119214179,-0.1403893119214179,14.0,0.1403893119214179,14.04,29.6,B,,PENDING,,0.8,
c09f9ab221e01c6ed44c5307a3545303,2026-09-16 11:44:38,2026,3,2026_03_CIN_PIT,2026-09-27,00-0036442,Joe Burrow,joe burrow,CIN,PIT,QB,QB STARTER,player_pass_yds,Pass Yards,DraftKings,draftkings,250.5,OVER,-112.0,267.1,58.76,16.6,83.4,0.6112218838398069,0.6112218838398069,0.3887781161601931,0.5,0.5,0.1112218838398069,-0.1112218838398069,11.1,0.1112218838398069,11.12,40.0,B,,PENDING,,0.8928571428571429,
58e025f85d606447b48054734b027c44,2026-09-16 11:44:38,2026,3,2026_03_CIN_PIT,2026-09-27,00-0036442,Joe Burrow,joe burrow,CIN,PIT,QB,QB STARTER,player_pass_yds,Pass Yards,FanDuel,fanduel,249.5,OVER,-114.0,267.1,58.76,17.6,83.4,0.6177296723291847,0.6177296723291847,0.3822703276708152,0.5,0.5,0.1177296723291847,-0.1177296723291847,11.8,0.1177296723291847,11.77,41.1,B,,PENDING,,0.8771929824561403,
d551fb572ff4847fa7251cb414abec5e,2026-09-16 11:44:38,2026,3,2026_03_HOU_IND,2026-09-27,00-0036223,Jonathan Taylor,jonathan taylor,IND,HOU,RB,RB LEAD,player_receptions,Receptions,DraftKings,draftkings,2.5,UNDER,-111.0,2.1,1.8,-0.4,83.6,0.5879295521290574,0.4120704478709426,0.5879295521290574,0.5041554124246831,0.4958445875753168,-0.0920849645537404,0.0920849645537406,9.2,0.0920849645537406,9.21,26.7,C,,PENDING,,0.9009009009009009,
7d9099967dc7bc000e87b7f50fbcc59d,2026-09-16 11:44:38,2026,3,2026_03_HOU_IND,2026-09-27,00-0036223,Jonathan Taylor,jonathan taylor,IND,HOU,RB,RB LEAD,player_receptions,Receptions,FanDuel,fanduel,2.5,UNDER,102.0,2.1,1.8,-0.4,83.6,0.5879295521290574,0.4120704478709426,0.5879295521290574,0.5379072681704261,0.4620927318295739,-0.1258368202994835,0.1258368202994834,12.6,0.1258368202994834,12.58,28.8,B,,PENDING,,1.02,
ed8c038d96b136e8bc25417bb32e0784,2026-09-16 11:44:38,2026,3,2026_03_MIN_TB,2026-09-27,00-0038994,Jordan Addison,jordan addison,MIN,TB,WR,WR DEPTH,player_receptions,Receptions,DraftKings,draftkings,2.5,UNDER,132.0,2.6,1.8,0.1,66.2,0.4778479356582178,0.5221520643417822,0.4778479356582178,0.593090094996067,0.4069099050039329,-0.0709380306542848,0.0709380306542848,7.1,0.0709380306542848,7.09,20.9,C,,PENDING,,1.32,
1cb77723c63324be50a994a49c9f5dd0,2026-09-16 11:44:38,2026,3,2026_03_MIN_TB,2026-09-27,00-0038994,Jordan Addison,jordan addison,MIN,TB,WR,WR DEPTH,player_receptions,Receptions,FanDuel,fanduel,2.5,UNDER,128.0,2.6,1.8,0.1,66.2,0.4778479356582178,0.5221520643417822,0.4778479356582178,0.5904601300891351,0.4095398699108648,-0.0683080657473529,0.0683080657473529,6.8,0.0683080657473529,6.83,20.7,D,,PENDING,,1.28,
28bd03783573705c2b83f566b1c1c1b6,2026-09-16 11:44:38,2026,3,2026_03_LAC_BUF,2026-09-27,00-0034857,Josh Allen,josh allen,BUF,LAC,QB,QB STARTER,player_pass_interceptions,Interceptions,DraftKings,draftkings,0.5,UNDER,-167.0,0.0,0.65,-0.5,82.9,0.7791218362875403,0.2208781637124597,0.7791218362875403,0.4100752572569498,0.5899247427430503,-0.1891970935444901,0.18919709354449,18.9,0.18919709354449,18.92,32.5,B,,PENDING,,0.5988023952095808,
41edc654190435e27f08d563b6ac1b69,2026-09-16 11:44:38,2026,3,2026_03_LAC_BUF,2026-09-27,00-0034857,Josh Allen,josh allen,BUF,LAC,QB,QB STARTER,player_pass_tds,Pass TDs,DraftKings,draftkings,1.5,UNDER,137.0,1.46,0.85,-0.04,82.9,0.518766827490263,0.4812331725097369,0.518766827490263,0.6013048205871693,0.3986951794128307,-0.1200716480774323,0.1200716480774323,12.0,0.1200716480774323,12.01,28.0,B,,PENDING,,1.37,
89be8e5b3a4e950496235f266eaf14ac,2026-09-16 11:44:38,2026,3,2026_03_LAC_BUF,2026-09-27,00-0034857,Josh Allen,josh allen,BUF,LAC,QB,QB STARTER,player_pass_tds,Pass TDs,FanDuel,fanduel,1.5,UNDER,132.0,1.46,0.85,-0.04,82.9,0.518766827490263,0.4812331725097369,0.518766827490263,0.5976612249623713,0.4023387750376288,-0.1164280524526343,0.1164280524526342,11.6,0.1164280524526342,11.64,27.7,B,,PENDING,,1.32,
033cba87984d8aba7350963e2bc5ff82,2026-09-16 11:44:38,2026,3,2026_03_LAC_BUF,2026-09-27,00-0034857,Josh Allen,josh allen,BUF,LAC,QB,QB STARTER,player_pass_yds,Pass Yards,DraftKings,draftkings,253.5,UNDER,-113.0,235.2,51.74,-18.3,82.9,0.6382149662671637,0.3617850337328363,0.6382149662671637,0.4978941161605526,0.5021058838394474,-0.1361090824277163,0.1361090824277162,13.6,0.1361090824277162,13.61,42.6,A,,PENDING,,0.8849557522123894,
ecbf8b1d24e9bbae4d0ee5b2c714d162,2026-09-16 11:44:38,2026,3,2026_03_LAC_BUF,2026-09-27,00-0034857,Josh Allen,josh allen,BUF,LAC,QB,QB STARTER,player_pass_yds,Pass Yards,FanDuel,fanduel,248.5,UNDER,-114.0,235.2,51.74,-13.3,82.9,0.6014316506354972,0.3985683493645028,0.6014316506354972,0.5,0.5,-0.1014316506354972,0.1014316506354972,10.1,0.1014316506354972,10.14,36.8,B,,PENDING,,0.8771929824561403,
5a798d96869a9905971b55df4a392113,2026-09-16 11:44:38,2026,3,2026_03_HOU_IND,2026-09-27,00-0038997,Josh Downs,josh downs,IND,HOU,WR,WR SECONDARY,player_receptions,Receptions,DraftKings,draftkings,3.5,UNDER,111.0,3.0,1.8,-0.5,74.7,0.609408524566425,0.390591475433575,0.609408524566425,0.5531922750267716,0.4468077249732284,-0.1626007995931966,0.1626007995931965,16.3,0.1626007995931965,16.26,28.8,B,,PENDING,,1.11,
72ce20eb8656bc67479c1de9a78f4bc0,2026-09-16 11:44:38,2026,3,2026_03_HOU_IND,2026-09-27,00-0038997,Josh Downs,josh downs,IND,HOU,WR,WR SECONDARY,player_receptions,Receptions,FanDuel,fanduel,3.5,UNDER,-106.0,3.0,1.8,-0.5,74.7,0.609408524566425,0.390591475433575,0.609408524566425,0.5164392569455861,0.483560743054414,-0.1258477815120111,0.125847781512011,12.6,0.125847781512011,12.58,26.6,B,,PENDING,,0.9433962264150944,
2f45e4b73b362de5854f6ce5b9636049,2026-09-16 11:44:38,2026,3,2026_03_LAC_BUF,2026-09-27,00-0036355,Justin Herbert,justin herbert,LAC,BUF,QB,QB STARTER,player_pass_tds,Pass TDs,FanDuel,fanduel,1.5,UNDER,-122.0,1.34,0.85,-0.16,83.9,0.5746538968637975,0.4253461031362024,0.5746538968637975,0.485816177662506,0.5141838223374939,-0.0604700745263036,0.0604700745263036,6.0,0.0604700745263036,6.05,24.7,D,,PENDING,,0.819672131147541,
e9b94e732d0e4bdb71f057018da96d53,2026-09-16 11:44:38,2026,3,2026_03_LAC_BUF,2026-09-27,00-0036355,Justin Herbert,justin herbert,LAC,BUF,QB,QB STARTER,player_pass_yds,Pass Yards,DraftKings,draftkings,223.5,UNDER,-112.0,216.0,47.52,-7.5,83.9,0.5627039442526947,0.4372960557473053,0.5627039442526947,0.5,0.5,-0.0627039442526946,0.0627039442526946,6.3,0.0627039442526946,6.27,30.4,D,,PENDING,,0.8928571428571429,
6a9e38abc2ff16e377785d2c338164ec,2026-09-16 11:44:38,2026,3,2026_03_LAC_BUF,2026-09-27,00-0036355,Justin Herbert,justin herbert,LAC,BUF,QB,QB STARTER,player_pass_yds,Pass Yards,FanDuel,fanduel,223.5,UNDER,-114.0,216.0,47.52,-7.5,83.9,0.5627039442526947,0.4372960557473053,0.5627039442526947,0.5,0.5,-0.0627039442526946,0.0627039442526946,6.3,0.0627039442526946,6.27,30.4,D,,PENDING,,0.8771929824561403,
ccf8b8af66bf52f23c70e37827e68fab,2026-09-16 11:44:38,2026,3,2026_03_HOU_IND,2026-09-27,00-0030279,Keenan Allen,keenan allen,IND,HOU,WR,WR SECONDARY,player_reception_yds,Receiving Yards,DraftKings,draftkings,30.5,OVER,-113.0,41.0,18.0,10.5,75.5,0.7201655364002942,0.7201655364002942,0.2798344635997057,0.5021058838394474,0.4978941161605526,0.2180596525608468,-0.2180596525608468,21.8,0.2180596525608468,21.81,39.8,B,,PENDING,,0.8849557522123894,
de43d091807807e6cca1d7129be9438a,2026-09-16 11:44:38,2026,3,2026_03_HOU_IND,2026-09-27,00-0030279,Keenan Allen,keenan allen,IND,HOU,WR,WR SECONDARY,player_reception_yds,Receiving Yards,FanDuel,fanduel,30.5,OVER,-114.0,41.0,18.0,10.5,75.5,0.7201655364002942,0.7201655364002942,0.2798344635997057,0.5,0.5,0.2201655364002942,-0.2201655364002942,22.0,0.2201655364002942,22.02,40.0,B,,PENDING,,0.8771929824561403,
8b478e38aad5389dcd1e0076aa1ff530,2026-09-16 11:44:38,2026,3,2026_03_HOU_IND,2026-09-27,00-0030279,Keenan Allen,keenan allen,IND,HOU,WR,WR SECONDARY,player_receptions,Receptions,DraftKings,draftkings,3.5,OVER,-117.0,4.2,1.8,0.7,75.5,0.6513208290612621,0.6513208290612621,0.3486791709387379,0.5083149711054754,0.4916850288945246,0.1430058579557866,-0.1430058579557866,14.3,0.1430058579557866,14.3,28.0,B,,PENDING,,0.8547008547008547,
f018ce7360729b0ae5d4111a90654cbf,2026-09-16 11:44:38,2026,3,2026_03_HOU_IND,2026-09-27,00-0030279,Keenan Allen,keenan allen,IND,HOU,WR,WR SECONDARY,player_receptions,Receptions,FanDuel,fanduel,3.5,OVER,-130.0,4.2,1.8,0.7,75.5,0.6513208290612621,0.6513208290612621,0.3486791709387379,0.5281576830249397,0.4718423169750604,0.1231631460363223,-0.1231631460363225,12.3,0.1231631460363223,12.32,26.8,B,,PENDING,,0.7692307692307693,
4d4de3654e216eafa26ff6d2e8165abd,2026-09-16 11:44:38,2026,3,2026_03_KC_MIA,2026-09-27,00-0038134,Kenneth Walker III,kenneth walker iii,KC,MIA,RB,RB LEAD,player_reception_yds,Receiving Yards,DraftKings,draftkings,19.5,OVER,-114.0,23.6,18.0,4.1,76.8,0.5900904983131755,0.5900904983131755,0.4099095016868245,0.5042122999157539,0.495787700084246,0.0858781983974216,-0.0858781983974215,8.6,0.0858781983974216,8.59,27.4,C,,PENDING,,0.8771929824561403,
03df2b3ea41fb1b9db45f68783ee8591,2026-09-16 11:44:38,2026,3,2026_03_KC_MIA,2026-09-27,00-0038134,Kenneth Walker III,kenneth walker iii,KC,MIA,RB,RB LEAD,player_reception_yds,Receiving Yards,FanDuel,fanduel,19.5,OVER,-114.0,23.6,18.0,4.1,76.8,0.5900904983131755,0.5900904983131755,0.4099095016868245,0.5,0.5,0.0900904983131755,-0.0900904983131755,9.0,0.0900904983131755,9.01,27.7,C,,PENDING,,0.8771929824561403,
485a74fbd1d6b4034d3aecad2c85035e,2026-09-16 11:44:38,2026,3,2026_03_LAC_BUF,2026-09-27,00-0039901,Keon Coleman,keon coleman,BUF,LAC,WR,WR DEPTH,player_reception_yds,Receiving Yards,DraftKings,draftkings,13.5,OVER,-115.0,28.9,18.0,15.4,69.4,0.8038781687659506,0.8038781687659506,0.1961218312340493,0.5063197809142617,0.4936802190857384,0.297558387851689,-0.297558387851689,29.8,0.297558387851689,29.76,46.8,B,,PENDING,,0.8695652173913043,
7d1d0f30b5def2e1cdbbcb67b580ee27,2026-09-16 11:44:38,2026,3,2026_03_LAC_BUF,2026-09-27,00-0039901,Keon Coleman,keon coleman,BUF,LAC,WR,WR DEPTH,player_reception_yds,Receiving Yards,FanDuel,fanduel,13.5,OVER,-114.0,28.9,18.0,15.4,69.4,0.8038781687659506,0.8038781687659506,0.1961218312340493,0.5,0.5,0.3038781687659506,-0.3038781687659506,30.4,0.3038781687659506,30.39,47.1,B,,PENDING,,0.8771929824561403,
bdb2682c31b669f0e4c2171fc5c2cac0,2026-09-16 11:44:38,2026,3,2026_03_LAC_BUF,2026-09-27,00-0039901,Keon Coleman,keon coleman,BUF,LAC,WR,WR DEPTH,player_receptions,Receptions,DraftKings,draftkings,1.5,OVER,136.0,2.5,1.8,1.0,69.4,0.710742639246028,0.710742639246028,0.289257360753972,0.4002103295162421,0.5997896704837579,0.3105323097297859,-0.3105323097297858,31.1,0.3105323097297859,31.05,36.7,B,,PENDING,,1.36,
48b42969d63ef9b5967d627dae9a6187,2026-09-16 11:44:38,2026,3,2026_03_LAC_BUF,2026-09-27,00-0039901,Keon Coleman,keon coleman,BUF,LAC,WR,WR DEPTH,player_receptions,Receptions,FanDuel,fanduel,1.5,OVER,158.0,2.5,1.8,1.0,69.4,0.710742639246028,0.710742639246028,0.289257360753972,0.3621938599517075,0.6378061400482925,0.3485487792943205,-0.3485487792943205,34.9,0.3485487792943205,34.85,39.0,B,,PENDING,,1.58,
e6fc12ca3a59877c1965e8c1aac47599,2026-09-16 11:44:38,2026,3,2026_03_LAC_BUF,2026-09-27,00-0037261,Khalil Shakir,khalil shakir,BUF,LAC,WR,WR SECONDARY,player_reception_yds,Receiving Yards,DraftKings,draftkings,44.5,OVER,-113.0,48.7,18.51,4.2,72.8,0.5897509503830172,0.5897509503830172,0.4102490496169828,0.5021058838394474,0.4978941161605526,0.0876450665435697,-0.0876450665435698,8.8,0.0876450665435697,8.76,26.6,C,,PENDING,,0.8849557522123894,
fd8ca2d9921f02965e2973b3d07453ca,2026-09-16 11:44:38,2026,3,2026_03_LAC_BUF,2026-09-27,00-0037261,Khalil Shakir,khalil shakir,BUF,LAC,WR,WR SECONDARY,player_reception_yds,Receiving Yards,FanDuel,fanduel,44.5,OVER,-114.0,48.7,18.51,4.2,72.8,0.5897509503830172,0.5897509503830172,0.4102490496169828,0.5,0.5,0.0897509503830171,-0.0897509503830171,9.0,0.0897509503830171,8.98,26.7,C,,PENDING,,0.8771929824561403,
7420390347c715b4a616ad2d24f2938a,2026-09-16 11:44:38,2026,3,2026_03_LAC_BUF,2026-09-27,00-0037261,Khalil Shakir,khalil shakir,BUF,LAC,WR,WR SECONDARY,player_receptions,Receptions,DraftKings,draftkings,4.5,OVER,112.0,4.8,1.82,0.3,72.8,0.5654631374625522,0.5654631374625522,0.4345368625374478,0.4456393635827931,0.5543606364172068,0.119823773879759,-0.1198237738797589,12.0,0.119823773879759,11.98,25.6,B,,PENDING,,1.12,
da49f28e75cecd6efe62040520767e18,2026-09-16 11:44:38,2026,3,2026_03_LAC_BUF,2026-09-27,00-0037261,Khalil Shakir,khalil shakir,BUF,LAC,WR,WR SECONDARY,player_receptions,Receptions,FanDuel,fanduel,4.5,OVER,102.0,4.8,1.82,0.3,72.8,0.5654631374625522,0.5654631374625522,0.4345368625374478,0.4620927318295739,0.5379072681704261,0.1033704056329782,-0.1033704056329782,10.3,0.1033704056329782,10.34,24.6,B,,PENDING,,1.02,
44879e585f0138f4ed75bd49b0bf1df6,2026-09-16 11:44:38,2026,3,2026_03_LV_NO,2026-09-27,00-0029604,Kirk Cousins,kirk cousins,LV,NO,QB,QB STARTER,player_pass_tds,Pass TDs,DraftKings,draftkings,0.5,OVER,-230.0,1.45,0.85,0.95,82.4,0.8681411190831516,0.8681411190831516,0.1318588809168484,0.6595832473695069,0.340416752630493,0.2085578717136447,-0.2085578717136446,20.9,0.2085578717136447,20.86,33.8,B,,PENDING,,0.43478260869565216,
1abe5f8435a04a08d77c4ec15fc50be7,2026-09-16 11:44:38,2026,3,2026_03_LV_NO,2026-09-27,00-0029604,Kirk Cousins,kirk cousins,LV,NO,QB,QB STARTER,player_pass_tds,Pass TDs,FanDuel,fanduel,0.5,OVER,-260.0,1.45,0.85,0.95,82.4,0.8681411190831516,0.8681411190831516,0.1318588809168484,0.6753246753246753,0.3246753246753247,0.1928164437584762,-0.1928164437584762,19.3,0.1928164437584762,19.28,32.9,B,,PENDING,,0.38461538461538464,
f08208ea3e5894917949f21e237e7ce3,2026-09-16 11:44:38,2026,3,2026_03_LV_NO,2026-09-27,00-0029604,Kirk Cousins,kirk cousins,LV,NO,QB,QB STARTER,player_pass_yds,Pass Yards,DraftKings,draftkings,188.5,UNDER,-114.0,177.2,38.98,-11.3,82.4,0.6140506655422874,0.3859493344577126,0.6140506655422874,0.495787700084246,0.5042122999157539,-0.1098383656265333,0.1098383656265334,11.0,0.1098383656265334,10.98,35.7,B,,PENDING,,0.8771929824561403,
939d66daec0897c7a95ca252ecff7202,2026-09-16 11:44:38,2026,3,2026_03_LV_NO,2026-09-27,00-0029604,Kirk Cousins,kirk cousins,LV,NO,QB,QB STARTER,player_pass_yds,Pass Yards,FanDuel,fanduel,192.5,UNDER,-114.0,177.2,38.98,-15.3,82.4,0.6526589108449282,0.3473410891550718,0.6526589108449282,0.5,0.5,-0.1526589108449282,0.1526589108449282,15.3,0.1526589108449282,15.27,41.2,A,,PENDING,,0.8771929824561403,
2f611f19057f71d17c093ccca796ba15,2026-09-16 11:44:38,2026,3,2026_03_BAL_DAL,2026-09-27,00-0034796,Lamar Jackson,lamar jackson,BAL,DAL,QB,QB DEPTH,player_pass_tds,Pass TDs,DraftKings,draftkings,1.5,OVER,-128.0,2.06,1.13,0.56,83.2,0.6899029306713913,0.6899029306713913,0.3100970693286087,0.5301681503461919,0.4698318496538081,0.1597347803251994,-0.1597347803251994,16.0,0.1597347803251994,15.97,30.8,B,,PENDING,,0.78125,
0d4f0404c19bbbbc6fdef0ae72767b18,2026-09-16 11:44:38,2026,3,2026_03_BAL_DAL,2026-09-27,00-0034796,Lamar Jackson,lamar jackson,BAL,DAL,QB,QB DEPTH,player_pass_tds,Pass TDs,FanDuel,fanduel,1.5,OVER,-108.0,2.06,1.13,0.56,83.2,0.6899029306713913,0.6899029306713913,0.3100970693286087,0.485816177662506,0.5141838223374939,0.2040867530088852,-0.2040867530088852,20.4,0.2040867530088852,20.41,33.5,B,,PENDING,,0.9259259259259259,
f4635c474966ee0fbb27454315ba46c6,2026-09-16 11:44:38,2026,3,2026_03_BAL_DAL,2026-09-27,00-0034796,Lamar Jackson,lamar jackson,BAL,DAL,QB,QB DEPTH,player_pass_yds,Pass Yards,DraftKings,draftkings,227.5,OVER,-111.0,283.9,62.46,56.4,83.2,0.816731189426696,0.816731189426696,0.183268810573304,0.4978941161605526,0.5021058838394474,0.3188370732661433,-0.3188370732661434,31.9,0.3188370732661433,31.88,82.2,A,,PENDING,,0.9009009009009009,
4c17f693cf4c6eb8a634c76659bf59d7,2026-09-16 11:44:38,2026,3,2026_03_BAL_DAL,2026-09-27,00-0034796,Lamar Jackson,lamar jackson,BAL,DAL,QB,QB DEPTH,player_pass_yds,Pass Yards,FanDuel,fanduel,228.5,OVER,-114.0,283.9,62.46,55.4,83.2,0.8124518437122104,0.8124518437122104,0.1875481562877896,0.5,0.5,0.3124518437122103,-0.3124518437122103,31.2,0.3124518437122103,31.25,81.1,A,,PENDING,,0.8771929824561403,
31315a0a7d1879d3d8af28c6d979359d,2026-09-16 11:44:38,2026,3,2026_03_TEN_NYG,2026-09-27,00-0039337,Malik Nabers,malik nabers,NYG,TEN,WR,WR PRIMARY,player_reception_yds,Receiving Yards,DraftKings,draftkings,63.5,OVER,-112.0,81.3,30.89,17.8,69.3,0.7177729277494272,0.7177729277494272,0.2822270722505727,0.5,0.5,0.2177729277494272,-0.2177729277494272,21.8,0.2177729277494272,21.78,43.7,B,,PENDING,,0.8928571428571429,
1871e1befc00e04e08d8640d14f17351,2026-09-16 11:44:38,2026,3,2026_03_TEN_NYG,2026-09-27,00-0039337,Malik Nabers,malik nabers,NYG,TEN,WR,WR PRIMARY,player_reception_yds,Receiving Yards,FanDuel,fanduel,65.5,OVER,-114.0,81.3,30.89,15.8,69.3,0.6954968429358814,0.6954968429358814,0.3045031570641185,0.5,0.5,0.1954968429358814,-0.1954968429358814,19.5,0.1954968429358814,19.55,40.9,B,,PENDING,,0.8771929824561403,
c06596fbe029bf8b0b071665c54559f9,2026-09-16 11:44:38,2026,3,2026_03_TEN_NYG,2026-09-27,00-0039337,Malik Nabers,malik nabers,NYG,TEN,WR,WR PRIMARY,player_receptions,Receptions,DraftKings,draftkings,5.5,OVER,-122.0,6.5,2.47,1.0,69.3,0.6572091639198688,0.6572091639198688,0.3427908360801311,0.517591059602649,0.4824089403973509,0.1396181043172198,-0.1396181043172197,14.0,0.1396181043172198,13.96,26.5,B,,PENDING,,0.819672131147541,
a78b82d9e02856c35d79238e5411dcca,2026-09-16 11:44:38,2026,3,2026_03_TEN_NYG,2026-09-27,00-0039337,Malik Nabers,malik nabers,NYG,TEN,WR,WR PRIMARY,player_receptions,Receptions,FanDuel,fanduel,5.5,OVER,-114.0,6.5,2.47,1.0,69.3,0.6572091639198688,0.6572091639198688,0.3427908360801311,0.5,0.5,0.1572091639198688,-0.1572091639198688,15.7,0.1572091639198688,15.72,27.5,B,,PENDING,,0.8771929824561403,
222b774daf7ddc4a819449105681d237,2026-09-16 11:44:38,2026,3,2026_03_KC_MIA,2026-09-27,00-0039880,Malik Washington,malik washington,MIA,KC,WR,WR DEPTH,player_reception_yds,Receiving Yards,FanDuel,fanduel,31.5,UNDER,-114.0,22.2,18.0,-9.3,70.5,0.697305565559739,0.302694434440261,0.697305565559739,0.5,0.5,-0.197305565559739,0.197305565559739,19.7,0.197305565559739,19.73,36.4,B,,PENDING,,0.8771929824561403,
4b77bd01adb317005475474e79fc821d,2026-09-16 11:44:38,2026,3,2026_03_KC_MIA,2026-09-27,00-0039880,Malik Washington,malik washington,MIA,KC,WR,WR DEPTH,player_receptions,Receptions,FanDuel,fanduel,3.5,UNDER,-152.0,2.2,1.8,-1.3,70.5,0.7649210685711652,0.2350789314288348,0.7649210685711652,0.436529933481153,0.563470066518847,-0.2014510020523182,0.2014510020523181,20.1,0.2014510020523181,20.15,30.7,B,,PENDING,,0.6578947368421053,
4bc99044ff558205885935fca8591237,2026-09-16 11:44:38,2026,3,2026_03_KC_MIA,2026-09-27,00-0038128,Malik Willis,malik willis,MIA,KC,QB,QB DEPTH,player_pass_tds,Pass TDs,FanDuel,fanduel,0.5,UNDER,122.0,0.53,0.85,0.03,67.3,0.4859226069239448,0.5140773930760552,0.4859226069239448,0.5785341998584389,0.421465800141561,-0.0644568067823837,0.0644568067823838,6.4,0.0644568067823838,6.45,20.7,D,,PENDING,,1.22,
d7885d8ce1d26fb05ef6d22dd26aad5f,2026-09-16 11:44:38,2026,3,2026_03_KC_MIA,2026-09-27,00-0038128,Malik Willis,malik willis,MIA,KC,QB,QB DEPTH,player_pass_yds,Pass Yards,FanDuel,fanduel,184.5,UNDER,-114.0,130.2,38.0,-54.3,67.3,0.9234903193219156,0.0765096806780845,0.9234903193219156,0.5,0.5,-0.4234903193219155,0.4234903193219155,42.3,0.4234903193219155,42.35,83.0,C,,PENDING,,0.8771929824561403,
ad8dc0a3342183a8d99f2905caaa6861,2026-09-16 11:44:38,2026,3,2026_03_LA_DEN,2026-09-27,00-0026498,Matthew Stafford,matthew stafford,LA,DEN,QB,QB STARTER,player_pass_interceptions,Interceptions,DraftKings,draftkings,0.5,UNDER,-123.0,0.0,0.65,-0.5,82.2,0.7791218362875403,0.2208781637124597,0.7791218362875403,0.480324745257228,0.519675254742772,-0.2594465815447683,0.2594465815447683,25.9,0.2594465815447683,25.94,36.5,B,,PENDING,,0.8130081300813008,
5d3ad73bc61b45d5f3175e2246cea870,2026-09-16 11:44:38,2026,3,2026_03_LA_DEN,2026-09-27,00-0026498,Matthew Stafford,matthew stafford,LA,DEN,QB,QB STARTER,player_pass_tds,Pass TDs,DraftKings,draftkings,2.5,UNDER,-221.0,1.43,0.85,-1.07,82.2,0.895952960202798,0.1040470397972019,0.895952960202798,0.3489471796153972,0.6510528203846029,-0.2449001398181952,0.2449001398181951,24.5,0.2449001398181951,24.49,36.0,B,,PENDING,,0.45248868778280543,
5cc88cfb8b2d2b6d01d31f3479d587b9,2026-09-16 11:44:38,2026,3,2026_03_LA_DEN,2026-09-27,00-0026498,Matthew Stafford,matthew stafford,LA,DEN,QB,QB STARTER,player_pass_tds,Pass TDs,FanDuel,fanduel,1.5,UNDER,162.0,1.43,0.85,-0.07,82.2,0.532816971810285,0.467183028189715,0.532816971810285,0.64301651048639,0.35698348951361,-0.1758334822966749,0.1758334822966749,17.6,0.1758334822966749,17.58,31.2,B,,PENDING,,1.62,
bec9a81f1c6febcbf66468bea450a8d4,2026-09-16 11:44:38,2026,3,2026_03_LA_DEN,2026-09-27,00-0026498,Matthew Stafford,matthew stafford,LA,DEN,QB,QB STARTER,player_pass_yds,Pass Yards,DraftKings,draftkings,247.5,UNDER,-113.0,210.5,46.31,-37.0,82.2,0.7878442136236679,0.2121557863763321,0.7878442136236679,0.4978941161605526,0.5021058838394474,-0.2857383297842205,0.2857383297842204,28.6,0.2857383297842204,28.57,65.4,A,,PENDING,,0.8849557522123894,
c10be636fee3681c89edd2369c327779,2026-09-16 11:44:38,2026,3,2026_03_LA_DEN,2026-09-27,00-0026498,Matthew Stafford,matthew stafford,LA,DEN,QB,QB STARTER,player_pass_yds,Pass Yards,FanDuel,fanduel,242.5,UNDER,-114.0,210.5,46.31,-32.0,82.2,0.7552158046183868,0.2447841953816132,0.7552158046183868,0.5,0.5,-0.2552158046183868,0.2552158046183868,25.5,0.2552158046183868,25.52,59.9,A,,PENDING,,0.8771929824561403,
84983b0a0fa22a1e50dac97a3585910e,2026-09-16 11:44:38,2026,3,2026_03_ARI_SF,2026-09-27,00-0031408,Mike Evans,mike evans,SF,ARI,WR,WR PRIMARY,player_reception_yds,Receiving Yards,FanDuel,fanduel,47.5,OVER,-114.0,58.4,22.19,10.9,73.0,0.688361834911259,0.688361834911259,0.311638165088741,0.5,0.5,0.188361834911259,-0.188361834911259,18.8,0.188361834911259,18.84,37.7,B,,PENDING,,0.8771929824561403,
966af9b7d1c8d699ea6219ec3a0e4cc6,2026-09-16 11:44:38,2026,3,2026_03_ARI_SF,2026-09-27,00-0031408,Mike Evans,mike evans,SF,ARI,WR,WR PRIMARY,player_receptions,Receptions,FanDuel,fanduel,3.5,OVER,-114.0,5.2,1.98,1.7,73.0,0.804715478596808,0.804715478596808,0.1952845214031919,0.5,0.5,0.304715478596808,-0.304715478596808,30.5,0.304715478596808,30.47,37.8,B,,PENDING,,0.8771929824561403,
563ea32bbaf15a5d00d3ed3663e822e2,2026-09-16 11:44:38,2026,3,2026_03_CIN_PIT,2026-09-27,00-0034829,Mike Gesicki,mike gesicki,CIN,PIT,TE,TE SECONDARY,player_reception_yds,Receiving Yards,DraftKings,draftkings,24.5,OVER,-111.0,40.4,18.0,15.9,67.8,0.8114719005309449,0.8114719005309449,0.1885280994690551,0.4978941161605526,0.5021058838394474,0.3135777843703922,-0.3135777843703923,31.4,0.3135777843703922,31.36,47.7,C,,PENDING,,0.9009009009009009,
e37da042d2248706701db886d189fca0,2026-09-16 11:44:38,2026,3,2026_03_CIN_PIT,2026-09-27,00-0034829,Mike Gesicki,mike gesicki,CIN,PIT,TE,TE SECONDARY,player_reception_yds,Receiving Yards,FanDuel,fanduel,25.5,OVER,-114.0,40.4,18.0,14.9,67.8,0.7961018190240287,0.7961018190240287,0.2038981809759713,0.5,0.5,0.2961018190240286,-0.2961018190240286,29.6,0.2961018190240286,29.61,45.9,C,,PENDING,,0.8771929824561403,
26a126fe26e1714bf75e4006602085e3,2026-09-16 11:44:38,2026,3,2026_03_CIN_PIT,2026-09-27,00-0034829,Mike Gesicki,mike gesicki,CIN,PIT,TE,TE SECONDARY,player_receptions,Receptions,DraftKings,draftkings,2.5,OVER,-102.0,3.4,1.8,0.9,67.8,0.691462461274013,0.691462461274013,0.308537538725987,0.4761410788381742,0.5238589211618258,0.2153213824358387,-0.2153213824358387,21.5,0.2153213824358387,21.53,30.5,C,,PENDING,,0.9803921568627451,
d7facfaba72815bded866d43b4638eeb,2026-09-16 11:44:38,2026,3,2026_03_CIN_PIT,2026-09-27,00-0034829,Mike Gesicki,mike gesicki,CIN,PIT,TE,TE SECONDARY,player_receptions,Receptions,FanDuel,fanduel,2.5,OVER,-102.0,3.4,1.8,0.9,67.8,0.691462461274013,0.691462461274013,0.308537538725987,0.4718423169750604,0.5281576830249397,0.2196201442989526,-0.2196201442989527,22.0,0.2196201442989526,21.96,30.8,C,,PENDING,,0.9803921568627451,
25df12b2d6e3ad5986e227940eb9d69f,2026-09-16 11:44:38,2026,3,2026_03_HOU_IND,2026-09-27,00-0036554,Nico Collins,nico collins,HOU,IND,WR,WR PRIMARY,player_reception_yds,Receiving Yards,DraftKings,draftkings,70.5,OVER,-113.0,80.9,30.74,10.4,74.9,0.6324395026642443,0.6324395026642443,0.3675604973357557,0.5021058838394474,0.4978941161605526,0.1303336188247968,-0.1303336188247969,13.0,0.1303336188247968,13.03,34.3,B,,PENDING,,0.8849557522123894,
ce227d30007fce4ac53df729ae7ac46e,2026-09-16 11:44:38,2026,3,2026_03_HOU_IND,2026-09-27,00-0036554,Nico Collins,nico collins,HOU,IND,WR,WR PRIMARY,player_reception_yds,Receiving Yards,FanDuel,fanduel,70.5,OVER,-114.0,80.9,30.74,10.4,74.9,0.6324395026642443,0.6324395026642443,0.3675604973357557,0.5,0.5,0.1324395026642443,-0.1324395026642443,13.2,0.1324395026642443,13.24,34.5,B,,PENDING,,0.8771929824561403,
02b3e12f344852aed1f243f30074bddf,2026-09-16 11:44:38,2026,3,2026_03_HOU_IND,2026-09-27,00-0036554,Nico Collins,nico collins,HOU,IND,WR,WR PRIMARY,player_receptions,Receptions,DraftKings,draftkings,5.5,OVER,115.0,5.8,2.2,0.3,74.9,0.5542330904584227,0.5542330904584227,0.4457669095415772,0.4393641721736024,0.5606358278263976,0.1148689182848202,-0.1148689182848203,11.5,0.1148689182848202,11.49,25.8,B,,PENDING,,1.15,
d1446fc630d28f129ced1785697df9ab,2026-09-16 11:44:38,2026,3,2026_03_HOU_IND,2026-09-27,00-0036554,Nico Collins,nico collins,HOU,IND,WR,WR PRIMARY,player_receptions,Receptions,FanDuel,fanduel,5.5,OVER,120.0,5.8,2.2,0.3,74.9,0.5542330904584227,0.5542330904584227,0.4457669095415772,0.4248366013071895,0.5751633986928104,0.1293964891512332,-0.1293964891512331,12.9,0.1293964891512332,12.94,26.7,B,,PENDING,,1.2,
eaabf3a18ccc8b4566b2bb79cf5a6ef7,2026-09-16 11:44:38,2026,3,2026_03_NE_JAX,2026-09-27,00-0038606,Parker Washington,parker washington,JAX,NE,WR,WR SECONDARY,player_receptions,Receptions,DraftKings,draftkings,4.5,UNDER,-146.0,3.5,1.8,-1.0,73.3,0.710742639246028,0.289257360753972,0.710742639246028,0.4405128572451829,0.5594871427548169,-0.1512554964912109,0.151255496491211,15.1,0.151255496491211,15.13,28.2,B,,PENDING,,0.684931506849315,
a2fa36ca178718d09091d3b0e2b64bed,2026-09-16 11:44:38,2026,3,2026_03_NE_JAX,2026-09-27,00-0038606,Parker Washington,parker washington,JAX,NE,WR,WR SECONDARY,player_receptions,Receptions,FanDuel,fanduel,4.5,UNDER,-136.0,3.5,1.8,-1.0,73.3,0.710742639246028,0.289257360753972,0.710742639246028,0.4620927318295739,0.5379072681704261,-0.1728353710756019,0.1728353710756018,17.3,0.1728353710756018,17.28,29.4,B,,PENDING,,0.7352941176470589,
f272b0f8e0b07a0cea5f6054b24abd9a,2026-09-16 11:44:38,2026,3,2026_03_KC_MIA,2026-09-27,00-0033873,Patrick Mahomes,patrick mahomes,KC,MIA,QB,QB STARTER,player_pass_interceptions,Interceptions,DraftKings,draftkings,0.5,UNDER,-153.0,0.0,0.65,-0.5,82.0,0.7791218362875403,0.2208781637124597,0.7791218362875403,0.4291044776119403,0.5708955223880597,-0.2082263138994806,0.2082263138994805,20.8,0.2082263138994805,20.82,33.4,B,,PENDING,,0.6535947712418301,
9c8d2bf9848bcdefdbab61612e902f60,2026-09-16 11:44:38,2026,3,2026_03_KC_MIA,2026-09-27,00-0033873,Patrick Mahomes,patrick mahomes,KC,MIA,QB,QB STARTER,player_pass_tds,Pass TDs,DraftKings,draftkings,1.5,OVER,-106.0,1.72,0.95,0.22,82.0,0.5915674696954519,0.5915674696954519,0.408432530304548,0.485428809325562,0.5145711906744379,0.1061386603698898,-0.1061386603698898,10.6,0.1061386603698898,10.61,27.0,B,,PENDING,,0.9433962264150944,
204ca1d86330d5b7c3dbdf039d3f4a94,2026-09-16 11:44:38,2026,3,2026_03_KC_MIA,2026-09-27,00-0033873,Patrick Mahomes,patrick mahomes,KC,MIA,QB,QB STARTER,player_pass_tds,Pass TDs,FanDuel,fanduel,1.5,OVER,-120.0,1.72,0.95,0.22,82.0,0.5915674696954519,0.5915674696954519,0.408432530304548,0.5101214574898786,0.4898785425101215,0.0814460122055733,-0.0814460122055734,8.1,0.0814460122055733,8.14,25.6,C,,PENDING,,0.8333333333333334,
4608dee938f196886116894265f25076,2026-09-16 11:44:38,2026,3,2026_03_KC_MIA,2026-09-27,00-0033873,Patrick Mahomes,patrick mahomes,KC,MIA,QB,QB STARTER,player_pass_yds,Pass Yards,DraftKings,draftkings,219.5,UNDER,-112.0,208.8,45.94,-10.7,82.0,0.5920853220076845,0.4079146779923155,0.5920853220076845,0.5,0.5,-0.0920853220076844,0.0920853220076844,9.2,0.0920853220076844,9.21,34.1,C,,PENDING,,0.8928571428571429,
b8c110c2959018e8f51e65c79e4c7a35,2026-09-16 11:44:38,2026,3,2026_03_KC_MIA,2026-09-27,00-0033873,Patrick Mahomes,patrick mahomes,KC,MIA,QB,QB STARTER,player_pass_yds,Pass Yards,FanDuel,fanduel,217.5,UNDER,-114.0,208.8,45.94,-8.7,82.0,0.5751015010646457,0.4248984989353542,0.5751015010646457,0.5,0.5,-0.0751015010646457,0.0751015010646457,7.5,0.0751015010646457,7.51,31.5,C,,PENDING,,0.8771929824561403,
3730667cd1100b98579cd676f4b99137,2026-09-16 11:44:38,2026,3,2026_03_LA_DEN,2026-09-27,00-0039075,Puka Nacua,puka nacua,LA,DEN,WR,WR PRIMARY,player_reception_yds,Receiving Yards,DraftKings,draftkings,87.5,UNDER,-112.0,79.8,30.32,-7.7,76.5,0.6002359135888804,0.3997640864111196,0.6002359135888804,0.5,0.5,-0.1002359135888804,0.1002359135888804,10.0,0.1002359135888804,10.02,30.9,B,,PENDING,,0.8928571428571429,
80c51141516b3f0520e94b9f3e2bd161,2026-09-16 11:44:38,2026,3,2026_03_LA_DEN,2026-09-27,00-0039075,Puka Nacua,puka nacua,LA,DEN,WR,WR PRIMARY,player_reception_yds,Receiving Yards,FanDuel,fanduel,85.5,UNDER,-114.0,79.8,30.32,-5.7,76.5,0.5745596060494556,0.4254403939505444,0.5745596060494556,0.5,0.5,-0.0745596060494555,0.0745596060494555,7.5,0.0745596060494555,7.46,27.9,C,,PENDING,,0.8771929824561403,
b6f1cdbabdce947a940cb8809385e388,2026-09-16 11:44:38,2026,3,2026_03_LA_DEN,2026-09-27,00-0039075,Puka Nacua,puka nacua,LA,DEN,WR,WR PRIMARY,player_receptions,Receptions,DraftKings,draftkings,6.5,UNDER,112.0,6.4,2.43,-0.1,76.5,0.516412745142266,0.483587254857734,0.516412745142266,0.5550754357697378,0.4449245642302622,-0.0714881809120038,0.0714881809120037,7.1,0.0714881809120037,7.15,23.5,C,,PENDING,,1.12,
aa36cddd9b40340d03af5de0f8eb5432,2026-09-16 11:44:38,2026,3,2026_03_KC_MIA,2026-09-27,00-0039067,Rashee Rice,rashee rice,KC,MIA,WR,WR PRIMARY,player_reception_yds,Receiving Yards,DraftKings,draftkings,55.5,UNDER,-112.0,52.4,19.91,-3.1,70.7,0.5618655087611779,0.4381344912388221,0.5618655087611779,0.5,0.5,-0.0618655087611779,0.0618655087611779,6.2,0.0618655087611779,6.19,23.7,D,,PENDING,,0.8928571428571429,
ef11a33fe708879bbe336f38dcd47be0,2026-09-16 11:44:38,2026,3,2026_03_NYJ_DET,2026-09-27,00-0039065,Sam LaPorta,sam laporta,DET,NYJ,TE,TE SECONDARY,player_reception_yds,Receiving Yards,DraftKings,draftkings,46.5,OVER,-110.0,49.6,18.85,3.1,72.5,0.5653140008752541,0.5653140008752541,0.4346859991247459,0.495787700084246,0.5042122999157539,0.069526300791008,-0.0695263007910079,7.0,0.069526300791008,6.95,24.6,D,,PENDING,,0.9090909090909091,
0a5a899666e5aa4caabb8422d877931d,2026-09-16 11:44:38,2026,3,2026_03_NYJ_DET,2026-09-27,00-0039065,Sam LaPorta,sam laporta,DET,NYJ,TE,TE SECONDARY,player_reception_yds,Receiving Yards,FanDuel,fanduel,46.5,OVER,-114.0,49.6,18.85,3.1,72.5,0.5653140008752541,0.5653140008752541,0.4346859991247459,0.5,0.5,0.065314000875254,-0.065314000875254,6.5,0.065314000875254,6.53,24.4,D,,PENDING,,0.8771929824561403,
a051bed70da9063da129bc5117a06597,2026-09-16 11:44:38,2026,3,2026_03_NYJ_DET,2026-09-27,00-0039065,Sam LaPorta,sam laporta,DET,NYJ,TE,TE SECONDARY,player_receptions,Receptions,DraftKings,draftkings,4.5,OVER,105.0,4.8,1.82,0.3,72.5,0.5654631374625522,0.5654631374625522,0.4345368625374478,0.4599960684096717,0.5400039315903282,0.1054670690528804,-0.1054670690528803,10.5,0.1054670690528804,10.55,24.7,B,,PENDING,,1.05,
db2d32116be42f70cc0f82f79ece1d72,2026-09-16 11:44:38,2026,3,2026_03_NYJ_DET,2026-09-27,00-0039065,Sam LaPorta,sam laporta,DET,NYJ,TE,TE SECONDARY,player_receptions,Receptions,FanDuel,fanduel,4.5,OVER,102.0,4.8,1.82,0.3,72.5,0.5654631374625522,0.5654631374625522,0.4345368625374478,0.4620927318295739,0.5379072681704261,0.1033704056329782,-0.1033704056329782,10.3,0.1033704056329782,10.34,24.6,B,,PENDING,,1.02,
fe07f15b1273463ddfbd26d3c3b4ff53,2026-09-16 11:44:38,2026,3,2026_03_SEA_WAS,2026-09-27,00-0031588,Stefon Diggs,stefon diggs,WAS,SEA,WR,WR SECONDARY,player_reception_yds,Receiving Yards,FanDuel,fanduel,44.5,OVER,-114.0,49.9,18.96,5.4,70.5,0.6121051932413178,0.6121051932413178,0.3878948067586821,0.5,0.5,0.1121051932413178,-0.1121051932413178,11.2,0.1121051932413178,11.21,28.4,B,,PENDING,,0.8771929824561403,
d1c9c6117e1f8a25b9852e667a7a80eb,2026-09-16 11:44:38,2026,3,2026_03_CIN_PIT,2026-09-27,00-0036410,Tee Higgins,tee higgins,CIN,PIT,WR,WR SECONDARY,player_reception_yds,Receiving Yards,DraftKings,draftkings,51.5,OVER,-111.0,58.9,22.38,7.4,72.8,0.6295464575373579,0.6295464575373579,0.370453542462642,0.4978941161605526,0.5021058838394474,0.1316523413768053,-0.1316523413768053,13.2,0.1316523413768053,13.17,31.6,B,,PENDING,,0.9009009009009009,
d09fd2370d53616017441bc7d9efc33d,2026-09-16 11:44:38,2026,3,2026_03_CIN_PIT,2026-09-27,00-0036410,Tee Higgins,tee higgins,CIN,PIT,WR,WR SECONDARY,player_reception_yds,Receiving Yards,FanDuel,fanduel,54.5,OVER,-114.0,58.9,22.38,4.4,72.8,0.5779313232816486,0.5779313232816486,0.4220686767183513,0.5,0.5,0.0779313232816486,-0.0779313232816486,7.8,0.0779313232816486,7.79,26.2,C,,PENDING,,0.8771929824561403,
72607a69434455658b7d8d78531cdaa5,2026-09-16 11:44:38,2026,3,2026_03_CIN_PIT,2026-09-27,00-0036410,Tee Higgins,tee higgins,CIN,PIT,WR,WR SECONDARY,player_receptions,Receptions,DraftKings,draftkings,3.5,OVER,-153.0,4.1,1.8,0.6,72.8,0.6305586598182362,0.6305586598182362,0.3694413401817638,0.5697791079293282,0.4302208920706719,0.060779551888908,-0.0607795518889081,6.1,0.060779551888908,6.08,22.3,D,,PENDING,,0.6535947712418301,
c016f9166614ec949ca25ff74f55156b,2026-09-16 11:44:38,2026,3,2026_03_SEA_WAS,2026-09-27,00-0035659,Terry McLaurin,terry mclaurin,WAS,SEA,WR,WR SECONDARY,player_reception_yds,Receiving Yards,DraftKings,draftkings,51.5,UNDER,-110.0,40.8,18.0,-10.7,70.7,0.7238925551586723,0.2761074448413276,0.7238925551586723,0.5042122999157539,0.495787700084246,-0.2281048550744262,0.2281048550744263,22.8,0.2281048550744263,22.81,39.4,B,,PENDING,,0.9090909090909091,
7ec127f90cd0d651a1133034ca850d7b,2026-09-16 11:44:38,2026,3,2026_03_SEA_WAS,2026-09-27,00-0035659,Terry McLaurin,terry mclaurin,WAS,SEA,WR,WR SECONDARY,player_reception_yds,Receiving Yards,FanDuel,fanduel,51.5,UNDER,-114.0,40.8,18.0,-10.7,70.7,0.7238925551586723,0.2761074448413276,0.7238925551586723,0.5,0.5,-0.2238925551586723,0.2238925551586723,22.4,0.2238925551586723,22.39,39.1,B,,PENDING,,0.8771929824561403,
fc20fd75ddb91ed34458a89b265f5c88,2026-09-16 11:44:38,2026,3,2026_03_SEA_WAS,2026-09-27,00-0035659,Terry McLaurin,terry mclaurin,WAS,SEA,WR,WR SECONDARY,player_receptions,Receptions,DraftKings,draftkings,4.5,UNDER,-155.0,3.3,1.8,-1.2,70.7,0.7475074624530771,0.2524925375469229,0.7475074624530771,0.4267425320056899,0.5732574679943101,-0.174249994458767,0.174249994458767,17.4,0.174249994458767,17.42,29.0,B,,PENDING,,0.6451612903225806,
357fe629de44e560f19361d01f9a5e33,2026-09-16 11:44:38,2026,3,2026_03_SEA_WAS,2026-09-27,00-0035659,Terry McLaurin,terry mclaurin,WAS,SEA,WR,WR SECONDARY,player_receptions,Receptions,FanDuel,fanduel,3.5,UNDER,128.0,3.3,1.8,-0.2,70.7,0.5442358810453114,0.4557641189546886,0.5442358810453114,0.5904601300891351,0.4095398699108648,-0.1346960111344465,0.1346960111344465,13.5,0.1346960111344465,13.47,25.9,B,,PENDING,,1.28,
48e31ac61dbf150c58aac637155fd516,2026-09-16 11:44:38,2026,3,2026_03_CAR_CLE,2026-09-27,00-0040124,Tetairoa McMillan,tetairoa mcmillan,CAR,CLE,WR,WR SECONDARY,player_reception_yds,Receiving Yards,DraftKings,draftkings,57.5,UNDER,-112.0,52.1,19.8,-5.4,68.3,0.6074685657262202,0.3925314342737798,0.6074685657262202,0.5,0.5,-0.1074685657262202,0.1074685657262202,10.7,0.1074685657262202,10.75,27.6,B,,PENDING,,0.8928571428571429,
cb8940d6d31aac7898f64b592b8f695a,2026-09-16 11:44:38,2026,3,2026_03_CAR_CLE,2026-09-27,00-0040124,Tetairoa McMillan,tetairoa mcmillan,CAR,CLE,WR,WR SECONDARY,player_reception_yds,Receiving Yards,FanDuel,fanduel,57.5,UNDER,-114.0,52.1,19.8,-5.4,68.3,0.6074685657262202,0.3925314342737798,0.6074685657262202,0.5,0.5,-0.1074685657262202,0.1074685657262202,10.7,0.1074685657262202,10.75,27.6,B,,PENDING,,0.8771929824561403,
95b080116136dbe0c4d1d0f0bfc9f95e,2026-09-16 11:44:38,2026,3,2026_03_CAR_CLE,2026-09-27,00-0040124,Tetairoa McMillan,tetairoa mcmillan,CAR,CLE,WR,WR SECONDARY,player_receptions,Receptions,DraftKings,draftkings,4.5,UNDER,-132.0,3.6,1.8,-0.9,68.3,0.691462461274013,0.308537538725987,0.691462461274013,0.4640371229698376,0.5359628770301624,-0.1554995842438506,0.1554995842438505,15.5,0.1554995842438505,15.55,27.1,B,,PENDING,,0.7575757575757576,
ba5668d66f296d4f4159f00e56426d10,2026-09-16 11:44:38,2026,3,2026_03_CAR_CLE,2026-09-27,00-0040124,Tetairoa McMillan,tetairoa mcmillan,CAR,CLE,WR,WR SECONDARY,player_receptions,Receptions,FanDuel,fanduel,4.5,UNDER,-130.0,3.6,1.8,-0.9,68.3,0.691462461274013,0.308537538725987,0.691462461274013,0.4718423169750604,0.5281576830249397,-0.1633047782490734,0.1633047782490733,16.3,0.1633047782490733,16.33,27.5,B,,PENDING,,0.7692307692307693,
71edc508d189caa66e8e7a9d91b1d0e2,2026-09-16 11:44:38,2026,3,2026_03_TEN_NYG,2026-09-27,00-0035261,Tony Pollard,tony pollard,TEN,NYG,RB,RB LEAD,player_rush_yds,Rush Yards,DraftKings,draftkings,44.5,OVER,-111.0,60.7,21.24,16.2,78.0,0.7771823733548049,0.7771823733548049,0.2228176266451951,0.4978941161605526,0.5021058838394474,0.2792882571942522,-0.2792882571942523,27.9,0.2792882571942522,27.93,48.4,A,,PENDING,,0.9009009009009009,
349b7f870f601558abcb14d73e2e1186,2026-09-16 11:44:38,2026,3,2026_03_TEN_NYG,2026-09-27,00-0035261,Tony Pollard,tony pollard,TEN,NYG,RB,RB LEAD,player_rush_yds,Rush Yards,FanDuel,fanduel,44.5,OVER,-114.0,60.7,21.24,16.2,78.0,0.7771823733548049,0.7771823733548049,0.2228176266451951,0.5,0.5,0.2771823733548049,-0.2771823733548049,27.7,0.2771823733548049,27.72,48.3,A,,PENDING,,0.8771929824561403,
29d4421e0eae54f25345fff20fc1cd1d,2026-09-16 11:44:38,2026,3,2026_03_KC_MIA,2026-09-27,00-0030506,Travis Kelce,travis kelce,KC,MIA,TE,TE SECONDARY,player_reception_yds,Receiving Yards,DraftKings,draftkings,42.5,OVER,-114.0,63.4,24.09,20.9,69.5,0.8071878254254301,0.8071878254254301,0.1928121745745699,0.5042122999157539,0.495787700084246,0.3029755255096762,-0.3029755255096761,30.3,0.3029755255096762,30.3,51.2,B,,PENDING,,0.8771929824561403,
1d50b4bcbb6b0f2e4d708c42dbbc53df,2026-09-16 11:44:38,2026,3,2026_03_KC_MIA,2026-09-27,00-0030506,Travis Kelce,travis kelce,KC,MIA,TE,TE SECONDARY,player_reception_yds,Receiving Yards,FanDuel,fanduel,42.5,OVER,-114.0,63.4,24.09,20.9,69.5,0.8071878254254301,0.8071878254254301,0.1928121745745699,0.5,0.5,0.3071878254254301,-0.3071878254254301,30.7,0.3071878254254301,30.72,51.5,B,,PENDING,,0.8771929824561403,
93fbb9bb0d1df1bcdf71fd862ab87900,2026-09-16 11:44:38,2026,3,2026_03_KC_MIA,2026-09-27,00-0030506,Travis Kelce,travis kelce,KC,MIA,TE,TE SECONDARY,player_receptions,Receptions,DraftKings,draftkings,3.5,OVER,-154.0,5.5,2.09,2.0,69.5,0.8307006744371651,0.8307006744371651,0.1692993255628349,0.5726351919776559,0.4273648080223441,0.2580654824595092,-0.2580654824595092,25.8,0.2580654824595092,25.81,34.4,B,,PENDING,,0.6493506493506493,
140db19417b819ba91e2d4eb1c9ecc6a,2026-09-16 11:44:38,2026,3,2026_03_KC_MIA,2026-09-27,00-0030506,Travis Kelce,travis kelce,KC,MIA,TE,TE SECONDARY,player_receptions,Receptions,FanDuel,fanduel,3.5,OVER,-154.0,5.5,2.09,2.0,69.5,0.8307006744371651,0.8307006744371651,0.1692993255628349,0.5670257738988136,0.4329742261011864,0.2636749005383515,-0.2636749005383515,26.4,0.2636749005383515,26.37,34.7,B,,PENDING,,0.6493506493506493,
bf2aadbd27c1f47604d1c433e2256435,2026-09-16 11:44:38,2026,3,2026_03_NE_JAX,2026-09-27,00-0036971,Trevor Lawrence,trevor lawrence,JAX,NE,QB,QB STARTER,player_pass_interceptions,Interceptions,DraftKings,draftkings,0.5,UNDER,105.0,0.0,0.65,-0.5,85.6,0.7791218362875403,0.2208781637124597,0.7791218362875403,0.5400039315903282,0.4599960684096717,-0.3191257678778685,0.3191257678778685,31.9,0.3191257678778685,31.91,40.9,B,,PENDING,,1.05,
38aa6adbf7434042aa61199081569682,2026-09-16 11:44:38,2026,3,2026_03_NE_JAX,2026-09-27,00-0036971,Trevor Lawrence,trevor lawrence,JAX,NE,QB,QB STARTER,player_pass_tds,Pass TDs,DraftKings,draftkings,1.5,OVER,114.0,1.75,0.96,0.25,85.6,0.6027288058965958,0.6027288058965958,0.3972711941034041,0.4405128572451829,0.5594871427548169,0.1622159486514128,-0.1622159486514127,16.2,0.1622159486514128,16.22,31.3,B,,PENDING,,1.14,
a2f23c0368981c0968b72b4ba4ae20b9,2026-09-16 11:44:38,2026,3,2026_03_NE_JAX,2026-09-27,00-0036971,Trevor Lawrence,trevor lawrence,JAX,NE,QB,QB STARTER,player_pass_tds,Pass TDs,FanDuel,fanduel,1.5,OVER,118.0,1.75,0.96,0.25,85.6,0.6027288058965958,0.6027288058965958,0.3972711941034041,0.4282584157758449,0.571741584224155,0.1744703901207509,-0.1744703901207508,17.4,0.1744703901207509,17.45,32.1,B,,PENDING,,1.18,
7f5ca70a0ae927122271946515c949a6,2026-09-16 11:44:38,2026,3,2026_03_NE_JAX,2026-09-27,00-0036971,Trevor Lawrence,trevor lawrence,JAX,NE,QB,QB STARTER,player_pass_yds,Pass Yards,DraftKings,draftkings,222.5,UNDER,-111.0,204.5,44.99,-18.0,85.6,0.6554544834277428,0.3445455165722572,0.6554544834277428,0.5021058838394474,0.4978941161605526,-0.1575603672671902,0.1575603672671902,15.8,0.1575603672671902,15.76,44.4,A,,PENDING,,0.9009009009009009,
6e1780c614307837f59084d66f1be2b1,2026-09-16 11:44:38,2026,3,2026_03_NE_JAX,2026-09-27,00-0036971,Trevor Lawrence,trevor lawrence,JAX,NE,QB,QB STARTER,player_pass_yds,Pass Yards,FanDuel,fanduel,220.5,UNDER,-114.0,204.5,44.99,-16.0,85.6,0.6389428803441013,0.3610571196558987,0.6389428803441013,0.5,0.5,-0.1389428803441013,0.1389428803441013,13.9,0.1389428803441013,13.89,41.7,A,,PENDING,,0.8771929824561403,
45d445c4713b7dec7875e0bdef94ee3d,2026-09-16 11:44:38,2026,3,2026_03_LV_NO,2026-09-27,00-0040743,Tyler Shough,tyler shough,NO,LV,QB,QB STARTER,player_pass_yds,Pass Yards,DraftKings,draftkings,232.5,OVER,-112.0,261.3,57.49,28.8,83.7,0.6917991973938227,0.6917991973938227,0.3082008026061773,0.5,0.5,0.1917991973938226,-0.1917991973938226,19.2,0.1917991973938226,19.18,54.0,A,,PENDING,,0.8928571428571429,
2482c9374006d22d079c4ffdf15eacbc,2026-09-16 11:44:38,2026,3,2026_03_LV_NO,2026-09-27,00-0040743,Tyler Shough,tyler shough,NO,LV,QB,QB STARTER,player_pass_yds,Pass Yards,FanDuel,fanduel,240.5,OVER,-114.0,261.3,57.49,20.8,83.7,0.6412500208912076,0.6412500208912076,0.3587499791087923,0.5,0.5,0.1412500208912076,-0.1412500208912076,14.1,0.1412500208912076,14.13,45.0,A,,PENDING,,0.8771929824561403,
f427d81141cedc4c6b5e1a75b0559df2,2026-09-16 11:44:38,2026,3,2026_03_HOU_IND,2026-09-27,00-0040128,Tyler Warren,tyler warren,IND,HOU,TE,TE SECONDARY,player_reception_yds,Receiving Yards,DraftKings,draftkings,46.5,UNDER,-114.0,40.7,18.0,-5.8,76.1,0.6263578246786302,0.3736421753213698,0.6263578246786302,0.495787700084246,0.5042122999157539,-0.1221455247628762,0.1221455247628763,12.2,0.1221455247628763,12.21,30.7,B,,PENDING,,0.8771929824561403,
23d4bf078f60e968af5105d799d2f95a,2026-09-16 11:44:38,2026,3,2026_03_HOU_IND,2026-09-27,00-0040128,Tyler Warren,tyler warren,IND,HOU,TE,TE SECONDARY,player_receptions,Receptions,DraftKings,draftkings,4.5,UNDER,106.0,4.1,1.8,-0.4,76.1,0.5879295521290575,0.4120704478709425,0.5879295521290575,0.5419996102124343,0.4580003897875657,-0.1299291623414917,0.1299291623414917,13.0,0.1299291623414917,12.99,27.1,B,,PENDING,,1.06,
37dfa7cf21f548aac9ce1972f36b63ae,2026-09-16 11:44:38,2026,3,2026_03_HOU_IND,2026-09-27,00-0040128,Tyler Warren,tyler warren,IND,HOU,TE,TE SECONDARY,player_receptions,Receptions,FanDuel,fanduel,4.5,UNDER,-102.0,4.1,1.8,-0.4,76.1,0.5879295521290575,0.4120704478709425,0.5879295521290575,0.5281576830249397,0.4718423169750604,-0.1160872351539972,0.1160872351539971,11.6,0.1160872351539971,11.61,26.3,B,,PENDING,,0.9803921568627451,
858d11bdc025db63ec3105fabb951ed0,2026-09-16 11:44:38,2026,3,2026_03_KC_MIA,2026-09-27,00-0038104,Tyquan Thornton,tyquan thornton,KC,MIA,WR,WR DEPTH,player_reception_yds,Receiving Yards,DraftKings,draftkings,15.5,OVER,-108.0,24.5,18.0,9.0,61.5,0.6914624612740131,0.6914624612740131,0.3085375387259869,0.4915711395819285,0.5084288604180714,0.1998913216920846,-0.1998913216920845,20.0,0.1998913216920846,19.99,34.1,C,,PENDING,,0.9259259259259259,
2cda7c027b38ccc95d71445cf147b253,2026-09-16 11:44:38,2026,3,2026_03_KC_MIA,2026-09-27,00-0038104,Tyquan Thornton,tyquan thornton,KC,MIA,WR,WR DEPTH,player_reception_yds,Receiving Yards,FanDuel,fanduel,13.5,OVER,-114.0,24.5,18.0,11.0,61.5,0.7294369877641659,0.7294369877641659,0.2705630122358341,0.5,0.5,0.2294369877641658,-0.2294369877641658,22.9,0.2294369877641658,22.94,37.4,C,,PENDING,,0.8771929824561403,
156ff7fed543fd2858c4b1c686450356,2026-09-16 11:44:38,2026,3,2026_03_KC_MIA,2026-09-27,00-0038104,Tyquan Thornton,tyquan thornton,KC,MIA,WR,WR DEPTH,player_receptions,Receptions,DraftKings,draftkings,1.5,OVER,159.0,1.3,1.8,-0.2,61.5,0.4557641189546886,0.4557641189546886,0.5442358810453114,0.3648543573180214,0.6351456426819786,0.0909097616366672,-0.0909097616366672,9.1,0.0909097616366672,9.09,21.0,C,,PENDING,,1.59,
6eb5ce6bb22b4c667f8a439dbc172ebf,2026-09-16 11:44:38,2026,3,2026_03_KC_MIA,2026-09-27,00-0038104,Tyquan Thornton,tyquan thornton,KC,MIA,WR,WR DEPTH,player_receptions,Receptions,FanDuel,fanduel,1.5,OVER,162.0,1.3,1.8,-0.2,61.5,0.4557641189546886,0.4557641189546886,0.5442358810453114,0.35698348951361,0.64301651048639,0.0987806294410785,-0.0987806294410785,9.9,0.0987806294410785,9.88,21.5,C,,PENDING,,1.62,
531dbd2cb2ba42ad5a5ba8aafa74bda8,2026-09-16 11:44:38,2026,3,2026_03_TEN_NYG,2026-09-27,00-0038117,Wan'Dale Robinson,wandale robinson,TEN,NYG,WR,WR PRIMARY,player_reception_yds,Receiving Yards,DraftKings,draftkings,36.5,OVER,-113.0,45.3,18.0,8.8,73.7,0.6875398187706774,0.6875398187706774,0.3124601812293226,0.5021058838394474,0.4978941161605526,0.1854339349312299,-0.18543393493123,18.5,0.1854339349312299,18.54,36.2,B,,PENDING,,0.8849557522123894,
ff52d4febbaa98de628a2306de69cc3a,2026-09-16 11:44:38,2026,3,2026_03_TEN_NYG,2026-09-27,00-0038117,Wan'Dale Robinson,wandale robinson,TEN,NYG,WR,WR PRIMARY,player_reception_yds,Receiving Yards,FanDuel,fanduel,37.5,OVER,-114.0,45.3,18.0,7.8,73.7,0.6676136873733249,0.6676136873733249,0.332386312626675,0.5,0.5,0.1676136873733249,-0.1676136873733249,16.8,0.1676136873733249,16.76,34.3,B,,PENDING,,0.8771929824561403,
f44a0d7f089c9c63fcbcfc685244595b,2026-09-16 11:44:38,2026,3,2026_03_TEN_NYG,2026-09-27,00-0038117,Wan'Dale Robinson,wandale robinson,TEN,NYG,WR,WR PRIMARY,player_receptions,Receptions,DraftKings,draftkings,4.5,OVER,117.0,5.1,1.94,0.6,73.7,0.6214451009985427,0.6214451009985427,0.3785548990014573,0.4350636870337043,0.5649363129662957,0.1863814139648383,-0.1863814139648383,18.6,0.1863814139648383,18.64,30.1,B,,PENDING,,1.17,
9b728a58fb4712da1871af0ff97f6970,2026-09-16 11:44:38,2026,3,2026_03_TEN_NYG,2026-09-27,00-0038117,Wan'Dale Robinson,wandale robinson,TEN,NYG,WR,WR PRIMARY,player_receptions,Receptions,FanDuel,fanduel,4.5,OVER,112.0,5.1,1.94,0.6,73.7,0.6214451009985427,0.6214451009985427,0.3785548990014573,0.4414696667616063,0.5585303332383936,0.1799754342369363,-0.1799754342369363,18.0,0.1799754342369363,18.0,29.7,B,,PENDING,,1.12,
b4d59e3379739630a758310855b16808,2026-09-16 11:44:38,2026,3,2026_03_KC_MIA,2026-09-27,00-0039894,Xavier Worthy,xavier worthy,KC,MIA,WR,WR SECONDARY,player_reception_yds,Receiving Yards,DraftKings,draftkings,37.5,UNDER,-111.0,32.1,18.0,-5.4,69.6,0.6179114221889526,0.3820885778110474,0.6179114221889526,0.5021058838394474,0.4978941161605526,-0.1200173060284,0.1200173060283999,12.0,0.1200173060283999,12.0,28.7,B,,PENDING,,0.9009009009009009,
1e2b3ef3cde5eb42a0c611b9997444ca,2026-09-16 11:44:38,2026,3,2026_03_KC_MIA,2026-09-27,00-0039894,Xavier Worthy,xavier worthy,KC,MIA,WR,WR SECONDARY,player_reception_yds,Receiving Yards,FanDuel,fanduel,37.5,UNDER,-114.0,32.1,18.0,-5.4,69.6,0.6179114221889526,0.3820885778110474,0.6179114221889526,0.5,0.5,-0.1179114221889525,0.1179114221889525,11.8,0.1179114221889525,11.79,28.5,B,,PENDING,,0.8771929824561403,
efbe80425dac7327701a773ba07406c5,2026-09-16 11:44:38,2026,3,2026_03_PHI_CHI,2026-09-28,00-0039918,Caleb Williams,caleb williams,CHI,PHI,QB,QB STARTER,player_pass_interceptions,Interceptions,DraftKings,draftkings,0.5,UNDER,-153.0,0.0,0.65,-0.5,84.5,0.7791218362875403,0.2208781637124597,0.7791218362875403,0.4291044776119403,0.5708955223880597,-0.2082263138994806,0.2082263138994805,20.8,0.2082263138994805,20.82,34.0,B,,PENDING,,0.6535947712418301,
0f0ba007913a0ca68115f1491b99c7e1,2026-09-16 11:44:38,2026,3,2026_03_PHI_CHI,2026-09-28,00-0039918,Caleb Williams,caleb williams,CHI,PHI,QB,QB STARTER,player_pass_tds,Pass TDs,DraftKings,draftkings,1.5,UNDER,109.0,1.42,0.85,-0.08,84.5,0.5374921488600098,0.4625078511399901,0.5374921488600098,0.5486393080395082,0.4513606919604917,-0.086131456899518,0.0861314568995181,8.6,0.0861314568995181,8.61,26.4,C,,PENDING,,1.09,
2e0ee2f6df574d8328e4825425750daf,2026-09-16 11:44:38,2026,3,2026_03_PHI_CHI,2026-09-28,00-0039918,Caleb Williams,caleb williams,CHI,PHI,QB,QB STARTER,player_pass_tds,Pass TDs,FanDuel,fanduel,1.5,UNDER,108.0,1.42,0.85,-0.08,84.5,0.5374921488600098,0.4625078511399901,0.5374921488600098,0.5510744774801295,0.4489255225198704,-0.0885666263401393,0.0885666263401394,8.9,0.0885666263401394,8.86,26.5,C,,PENDING,,1.08,
2344ca38dd6368e45f1b3ccc8a7ab796,2026-09-16 11:44:38,2026,3,2026_03_PHI_CHI,2026-09-28,00-0039918,Caleb Williams,caleb williams,CHI,PHI,QB,QB STARTER,player_pass_yds,Pass Yards,DraftKings,draftkings,227.5,UNDER,-112.0,212.5,46.75,-15.0,84.5,0.6258400944845863,0.3741599055154136,0.6258400944845863,0.5,0.5,-0.1258400944845863,0.1258400944845863,12.6,0.1258400944845863,12.58,39.9,B,,PENDING,,0.8928571428571429,
12c8ce29f4c0c8b3fc8ddc3458b12b18,2026-09-16 11:44:38,2026,3,2026_03_PHI_CHI,2026-09-28,00-0039918,Caleb Williams,caleb williams,CHI,PHI,QB,QB STARTER,player_pass_yds,Pass Yards,FanDuel,fanduel,225.5,UNDER,-114.0,212.5,46.75,-13.0,84.5,0.609522555541922,0.3904774444580779,0.609522555541922,0.5,0.5,-0.109522555541922,0.109522555541922,11.0,0.109522555541922,10.95,37.4,B,,PENDING,,0.8771929824561403,
e193c7d5822d9005b5c6169c30b0f3e8,2026-09-16 11:44:38,2026,3,2026_03_PHI_CHI,2026-09-28,00-0040126,Colston Loveland,colston loveland,CHI,PHI,TE,TE SECONDARY,player_reception_yds,Receiving Yards,DraftKings,draftkings,48.5,UNDER,-111.0,34.2,18.0,-14.3,70.2,0.7865316304644188,0.2134683695355812,0.7865316304644188,0.5021058838394474,0.4978941161605526,-0.2886375143038662,0.2886375143038661,28.9,0.2886375143038661,28.86,45.6,B,,PENDING,,0.9009009009009009,
3c1d280263772922568a19a79e9f0f80,2026-09-16 11:44:38,2026,3,2026_03_PHI_CHI,2026-09-28,00-0040126,Colston Loveland,colston loveland,CHI,PHI,TE,TE SECONDARY,player_reception_yds,Receiving Yards,FanDuel,fanduel,46.5,UNDER,-114.0,34.2,18.0,-12.3,70.2,0.7528018821733389,0.2471981178266611,0.7528018821733389,0.5,0.5,-0.2528018821733389,0.2528018821733389,25.3,0.2528018821733389,25.28,41.9,B,,PENDING,,0.8771929824561403,
31945a1b80fe695a0e8d531e5d42a745,2026-09-16 11:44:38,2026,3,2026_03_PHI_CHI,2026-09-28,00-0040126,Colston Loveland,colston loveland,CHI,PHI,TE,TE SECONDARY,player_receptions,Receptions,DraftKings,draftkings,4.5,UNDER,-131.0,2.8,1.8,-1.7,70.2,0.8275287105856918,0.1724712894143082,0.8275287105856918,0.4648542048175799,0.53514579518242,-0.2923829154032717,0.2923829154032717,29.2,0.2923829154032717,29.24,36.4,B,,PENDING,,0.7633587786259542,
9d9ffe727575efa2c9b17e6535b7a495,2026-09-16 11:44:38,2026,3,2026_03_PHI_CHI,2026-09-28,00-0040126,Colston Loveland,colston loveland,CHI,PHI,TE,TE SECONDARY,player_receptions,Receptions,FanDuel,fanduel,4.5,UNDER,-136.0,2.8,1.8,-1.7,70.2,0.8275287105856918,0.1724712894143082,0.8275287105856918,0.4620927318295739,0.5379072681704261,-0.2896214424152657,0.2896214424152656,29.0,0.2896214424152656,28.96,36.2,B,,PENDING,,0.7352941176470589,
84e48c9cf0d74aff8b7d4810e65f6a02,2026-09-16 11:44:38,2026,3,2026_03_PHI_CHI,2026-09-28,00-0036275,D'Andre Swift,dandre swift,CHI,PHI,RB,RB LEAD,player_rush_yds,Rush Yards,DraftKings,draftkings,61.5,OVER,-114.0,72.7,25.44,11.2,77.9,0.670122544411519,0.670122544411519,0.329877455588481,0.5042122999157539,0.495787700084246,0.165910244495765,-0.1659102444957649,16.6,0.165910244495765,16.59,37.8,A,,PENDING,,0.8771929824561403,
184ae9c5e5d4fb573c47aae64fae96f7,2026-09-16 11:44:38,2026,3,2026_03_PHI_CHI,2026-09-28,00-0036275,D'Andre Swift,dandre swift,CHI,PHI,RB,RB LEAD,player_rush_yds,Rush Yards,FanDuel,fanduel,60.5,OVER,-114.0,72.7,25.44,12.2,77.9,0.6842297631946224,0.6842297631946224,0.3157702368053776,0.5,0.5,0.1842297631946223,-0.1842297631946223,18.4,0.1842297631946223,18.42,39.7,A,,PENDING,,0.8771929824561403,
bbc7d4df9ac4d12d3dfd5e94ee6be8b2,2026-09-16 11:44:38,2026,3,2026_03_PHI_CHI,2026-09-28,00-0036912,DeVonta Smith,devonta smith,PHI,CHI,WR,WR SECONDARY,player_receptions,Receptions,DraftKings,draftkings,4.5,UNDER,104.0,4.2,1.8,-0.3,74.7,0.5661838326109037,0.4338161673890963,0.5661838326109037,0.5371848068943506,0.4628151931056495,-0.1033686395052542,0.1033686395052541,10.3,0.1033686395052541,10.34,25.1,B,,PENDING,,1.04,
b7908d5bfbf48cec4986f649f346519e,2026-09-16 11:44:38,2026,3,2026_03_PHI_CHI,2026-09-28,00-0036912,DeVonta Smith,devonta smith,PHI,CHI,WR,WR SECONDARY,player_receptions,Receptions,FanDuel,fanduel,4.5,UNDER,102.0,4.2,1.8,-0.3,74.7,0.5661838326109037,0.4338161673890963,0.5661838326109037,0.5379072681704261,0.4620927318295739,-0.1040911007813297,0.1040911007813297,10.4,0.1040911007813297,10.41,25.1,B,,PENDING,,1.02,
fdd5b3f55927b9654daa2d9422f8cc55,2026-09-16 11:44:38,2026,3,2026_03_PHI_CHI,2026-09-28,00-0036389,Jalen Hurts,jalen hurts,PHI,CHI,QB,QB STARTER,player_pass_tds,Pass TDs,DraftKings,draftkings,1.5,OVER,136.0,2.06,1.13,0.56,83.1,0.6899029306713913,0.6899029306713913,0.3100970693286087,0.3997093023255813,0.6002906976744186,0.29019362834581,-0.2901936283458098,29.0,0.29019362834581,29.02,38.6,B,,PENDING,,1.36,
15e2b0b9f84c4e7a3a498ed7cea5ce62,2026-09-16 11:44:38,2026,3,2026_03_PHI_CHI,2026-09-28,00-0036389,Jalen Hurts,jalen hurts,PHI,CHI,QB,QB STARTER,player_pass_tds,Pass TDs,FanDuel,fanduel,1.5,OVER,140.0,2.06,1.13,0.56,83.1,0.6899029306713913,0.6899029306713913,0.3100970693286087,0.3896103896103896,0.6103896103896104,0.3002925410610016,-0.3002925410610016,30.0,0.3002925410610016,30.03,39.2,B,,PENDING,,1.4,
9987a6076a27bc04680c180da93557be,2026-09-16 11:44:38,2026,3,2026_03_PHI_CHI,2026-09-28,00-0036389,Jalen Hurts,jalen hurts,PHI,CHI,QB,QB STARTER,player_pass_yds,Pass Yards,DraftKings,draftkings,206.5,OVER,-111.0,236.3,51.99,29.8,83.1,0.7167410084731112,0.7167410084731112,0.2832589915268888,0.4978941161605526,0.5021058838394474,0.2188468923125585,-0.2188468923125586,21.9,0.2188468923125585,21.88,56.3,A,,PENDING,,0.9009009009009009,
1acb3c0c4e68b5c196ccd99b621a7239,2026-09-16 11:44:38,2026,3,2026_03_PHI_CHI,2026-09-28,00-0036389,Jalen Hurts,jalen hurts,PHI,CHI,QB,QB STARTER,player_pass_yds,Pass Yards,FanDuel,fanduel,206.5,OVER,-114.0,236.3,51.99,29.8,83.1,0.7167410084731112,0.7167410084731112,0.2832589915268888,0.5,0.5,0.2167410084731111,-0.2167410084731111,21.7,0.2167410084731111,21.67,56.1,A,,PENDING,,0.8771929824561403,
5f3e16559376ec4bb3de9f36043015a6,2026-09-16 11:44:38,2026,3,2026_03_PHI_CHI,2026-09-28,00-0040236,Kyle Monangai,kyle monangai,CHI,PHI,RB,RB ROTATION,player_rush_yds,Rush Yards,DraftKings,draftkings,37.5,OVER,-110.0,57.2,20.02,19.7,76.9,0.837446173059523,0.837446173059523,0.162553826940477,0.495787700084246,0.5042122999157539,0.3416584729752769,-0.3416584729752768,34.2,0.3416584729752769,34.17,54.5,A,,PENDING,,0.9090909090909091,
7695402eb339e4bcea664a6c70005959,2026-09-16 11:44:38,2026,3,2026_03_PHI_CHI,2026-09-28,00-0040236,Kyle Monangai,kyle monangai,CHI,PHI,RB,RB ROTATION,player_rush_yds,Rush Yards,FanDuel,fanduel,37.5,OVER,-114.0,57.2,20.02,19.7,76.9,0.837446173059523,0.837446173059523,0.162553826940477,0.5,0.5,0.3374461730595229,-0.3374461730595229,33.7,0.3374461730595229,33.74,54.2,A,,PENDING,,0.8771929824561403,
3cb52c61fbc344b3029c270b1a9c92d4,2026-09-16 11:44:38,2026,3,2026_03_PHI_CHI,2026-09-28,00-0040735,Luther Burden III,luther burden iii,CHI,PHI,WR,WR SECONDARY,player_receptions,Receptions,DraftKings,draftkings,4.5,UNDER,-134.0,3.8,1.8,-0.7,72.0,0.6513208290612621,0.3486791709387379,0.6513208290612621,0.4599960684096717,0.5400039315903282,-0.1113168974709338,0.1113168974709338,11.1,0.1113168974709338,11.13,25.2,B,,PENDING,,0.746268656716418,
0f83a3bb69cba99c6fd48748ca95dcf6,2026-09-16 11:44:38,2026,3,2026_03_PHI_CHI,2026-09-28,00-0040735,Luther Burden III,luther burden iii,CHI,PHI,WR,WR SECONDARY,player_receptions,Receptions,FanDuel,fanduel,4.5,UNDER,-140.0,3.8,1.8,-0.7,72.0,0.6513208290612621,0.3486791709387379,0.6513208290612621,0.4542013626040878,0.5457986373959123,-0.1055221916653499,0.1055221916653498,10.6,0.1055221916653498,10.55,24.9,B,,PENDING,,0.7142857142857143,
0a3a8f32b99e9e1f47094cfe8e2be13b,2026-09-16 11:44:38,2026,3,2026_03_PHI_CHI,2026-09-28,00-0034844,Saquon Barkley,saquon barkley,PHI,CHI,RB,RB LEAD,player_reception_yds,Receiving Yards,FanDuel,fanduel,10.5,OVER,-114.0,13.4,18.0,2.9,83.7,0.5639970554159773,0.5639970554159773,0.4360029445840226,0.5,0.5,0.0639970554159773,-0.0639970554159773,6.4,0.0639970554159773,6.4,26.9,D,,PENDING,,0.8771929824561403,
c271e7dc730513ce58b83d3c32896208,2026-09-16 11:44:38,2026,3,2026_03_PHI_CHI,2026-09-28,00-0034844,Saquon Barkley,saquon barkley,PHI,CHI,RB,RB LEAD,player_receptions,Receptions,FanDuel,fanduel,1.5,UNDER,140.0,1.7,1.8,0.2,83.7,0.4557641189546886,0.5442358810453114,0.4557641189546886,0.6103896103896104,0.3896103896103896,-0.0661537293442989,0.0661537293442989,6.6,0.0661537293442989,6.62,25.0,D,,PENDING,,1.4,
7f03796181a4f46dbfff65f5784a60d3,2026-09-16 11:44:38,2026,3,2026_03_PHI_CHI,2026-09-28,00-0034844,Saquon Barkley,saquon barkley,PHI,CHI,RB,RB LEAD,player_rush_yds,Rush Yards,DraftKings,draftkings,77.5,OVER,-114.0,88.7,31.04,11.2,83.7,0.6408847672881837,0.6408847672881837,0.3591152327118163,0.5042122999157539,0.495787700084246,0.1366724673724297,-0.1366724673724296,13.7,0.1366724673724297,13.67,37.5,A,,PENDING,,0.8771929824561403,
6ca34d6dc10cac41966355f2f788dc58,2026-09-16 11:44:38,2026,3,2026_03_PHI_CHI,2026-09-28,00-0034844,Saquon Barkley,saquon barkley,PHI,CHI,RB,RB LEAD,player_rush_yds,Rush Yards,FanDuel,fanduel,79.5,OVER,-114.0,88.7,31.04,9.2,83.7,0.6165345384875658,0.6165345384875658,0.3834654615124342,0.5,0.5,0.1165345384875657,-0.1165345384875657,11.7,0.1165345384875657,11.65,34.8,B,,PENDING,,0.8771929824561403,
