season,week,game_id,game_date,game_time,player_id,player_name,player_key,team,opponent_team,position,role_label,is_home,home_team,away_team,team_spread,total_line,implied_team_total,roof,surface,current_games,prior_games,recent_games,current_weight,prior_weight,league_weight,games_used,last_week,fantasy_mean,fantasy_std,fantasy_floor,fantasy_ceiling,fantasy_form_trend,consistency_rating,projection_confidence,projection_confidence_final,game_environment_score,environment_factor,volume_factor,form_factor,rush_game_script_factor,pass_game_script_factor,overall_matchup_label,overall_def_factor,defense_factor_passing_yards,defense_factor_passing_tds,defense_factor_interceptions,defense_factor_rushing_yards,defense_factor_receptions,defense_factor_receiving_yards,defense_factor_rush_rec_yards,defense_adjustment_pct_passing_yards,defense_adjustment_pct_passing_tds,defense_adjustment_pct_interceptions,defense_adjustment_pct_rushing_yards,defense_adjustment_pct_receptions,defense_adjustment_pct_receiving_yards,defense_adjustment_pct_rush_rec_yards,blend_passing_yards_base,blend_passing_tds_base,blend_interceptions_base,blend_rushing_yards_base,blend_receptions_base,blend_receiving_yards_base,blend_rush_rec_yards_base,blend_passing_rushing_yards_base,blend_fantasy_points_ppr_base,projection_before_defense_passing_yards,projection_before_defense_passing_tds,projection_before_defense_interceptions,projection_before_defense_passing_rushing_yards,projection_before_defense_rushing_yards,projection_before_defense_receptions,projection_before_defense_receiving_yards,projection_before_defense_rush_rec_yards,projection_before_defense_fantasy,projected_passing_yards,projected_passing_tds,projected_interceptions,projected_passing_rushing_yards,projected_rushing_yards,projected_receptions,projected_receiving_yards,projected_rush_rec_yards,projected_fantasy,std_passing_yards,std_passing_tds,std_interceptions,std_passing_rushing_yards,std_rushing_yards,std_receptions,std_receiving_yards,std_rush_rec_yards,std_fantasy,model_confidence,event_id,commence_time,home_team_odds,away_team_odds,bookmaker_key,bookmaker,market,market_label,line,under_odds,over_odds,projection_value,projection_std,prop_type,model_prob_over,model_prob_under,market_prob_over,market_prob_under,edge_over,edge_under,diff_from_line,recommended_bet,selected_edge,edge_pct,edge_over_pct,edge_under_pct,model_prob_over_pct,model_prob_under_pct,market_prob_over_pct,market_prob_under_pct,bet_score,bet_grade,grade_model,grade_reason
2026,3,,2026-09-24,20:15,00-0039917,Michael Penix Jr.,michael penix jr,ATL,GB,QB,STARTING QB,False,,,-6.5,46.5,26.5,,,1,14,8,0.2,0.7,0.1,8,18,13.26,5.18,10.21,15.63,-0.336,71.92,92.98,85.0,65.62,1.057,0.863,0.97,1.078,0.946,Neutral,0.968,0.925,0.943,1.0,0.968,1.0,1.0,0.968,-7.5,-5.7,0.0,-3.2,0.0,0.0,-3.2,214.59505494505493,0.97795649945909,0.0,5.565962534874452,0.0009992598075499,0.0017764618800888,5.5677389967545405,220.16101747992943,12.85805887376872,220.0,1.0,0.0,225.7,,,,,13.2,203.5,0.94,0.0,208.8,,,,,12.8,44.77,0.85,0.65,45.94,18.0,1.8,18.0,22.0,6.0,85.0,,,,,,,,,,,,,,,,,,,,,,NO ODDS,,,,,,,,,21.2,,EARLY MODERATE,No OVER/UNDER recommendation.
2026,3,,2026-09-24,20:15,00-0038542,Bijan Robinson,bijan robinson,ATL,GB,RB,FEATURE RB,False,,,-6.5,46.5,26.5,,,3,34,8,0.2,0.7,0.1,8,18,24.67,12.06,10.68,32.3,0.009,67.17,91.79,83.4,65.62,1.057,1.2,1.001,1.078,0.946,Neutral,0.968,0.925,0.943,1.0,1.12,0.97,0.919,1.078,-7.5,-5.7,0.0,12.0,-3.0,-8.1,7.8,0.0019669551534225,0.0001573564122738,0.0,91.5059939409567,3.789570319222748,33.76307274959194,125.26906669054864,91.50796089611012,21.03971637859064,,,,,98.7,3.6,32.0,126.9,22.3,,,,,110.5,3.5,29.4,136.8,21.6,38.0,0.85,0.65,42.0,38.67,1.8,18.0,46.51,6.48,83.4,,,,,,,,,,,,,,,,,,,,,,NO ODDS,,,,,,,,,20.8,,EARLY MODERATE,No OVER/UNDER recommendation.
2026,3,,2026-09-24,20:15,00-0035700,Josh Jacobs,josh jacobs,GB,ATL,RB,ROTATION RB,True,,,6.5,46.5,20.0,,,0,32,8,0.2,0.7,0.1,8,18,11.46,8.21,4.6,19.77,-0.064,58.26,81.09,74.9,52.62,0.992,1.112,0.992,0.922,1.076,Neutral,1.003,1.02,1.064,1.0,0.957,0.952,0.931,0.95,2.0,6.4,0.0,-4.3,-4.8,-6.9,-5.0,0.0024586939417781,0.0001966955153422,0.0,63.44554484657749,2.173540765145555,18.156990066876475,81.60253491345397,63.44800354051928,15.286029209284028,,,,,58.0,2.3,19.4,80.9,15.0,,,,,55.5,2.2,18.1,76.9,15.0,38.0,0.85,0.65,42.0,19.42,1.8,18.0,26.15,6.0,74.9,,,,,,,,,,,,,,,,,,,,,,NO ODDS,,,,,,,,,18.7,,EARLY MODERATE,No OVER/UNDER recommendation.
2026,3,,2026-09-24,20:15,00-0033572,Jamal Agnew,jamal agnew,ATL,GB,WR,LOW TARGET,False,,,-6.5,46.5,26.5,,,0,11,8,0.2,0.7,0.1,8,18,0.0,0.0,0.0,0.0,0.0,100.0,65.0,74.6,65.62,1.057,0.55,1.0,1.078,0.946,Neutral,0.968,0.925,0.943,1.0,0.968,1.019,0.948,0.968,-7.5,-5.7,0.0,-3.2,1.9,-5.2,-3.2,0.0045788902053712,0.0001110781990521,0.0,0.1242101105845181,0.3245951816745656,4.0921825631911535,4.2163926737756725,0.1287890007898894,0.9020751875987362,,,,,0.1,0.3,3.9,,1.0,,,,,0.1,0.3,3.7,,1.0,38.0,0.85,0.65,42.0,18.0,1.8,18.0,22.0,6.0,74.6,,,,,,,,,,,,,,,,,,,,,,NO ODDS,,,,,,,,,18.6,,EARLY MODERATE,No OVER/UNDER recommendation.
2026,3,,2026-09-24,20:15,00-0033662,Cooper Rush,cooper rush,ATL,GB,QB,QB,False,,,-6.5,46.5,26.5,,,2,16,8,0.2,0.7,0.1,8,18,2.64,4.38,-0.44,5.81,0.4,37.65,81.87,72.0,65.62,1.057,0.701,1.03,1.078,0.946,Neutral,0.968,0.925,0.943,1.0,0.968,1.0,1.0,0.968,-7.5,-5.7,0.0,-3.2,0.0,0.0,-3.2,136.91178571428574,0.7032586972612881,0.0,4.893132864544783,0.0009992598075499,0.0017764618800888,4.894909326424872,141.80491857883052,6.433390192450037,149.1,0.77,0.0,154.4,,,,,7.0,137.9,0.73,0.0,142.8,,,,,6.8,38.0,0.85,0.65,42.0,18.0,1.8,18.0,22.0,6.0,72.0,,,,,,,,,,,,,,,,,,,,,,NO ODDS,,,,,,,,,18.0,,EARLY MODERATE,No OVER/UNDER recommendation.
2026,3,,2026-09-24,20:15,00-0037746,Brian Robinson,brian robinson,ATL,GB,RB,DEPTH RB,False,,,-6.5,46.5,26.5,,,3,31,8,0.2,0.7,0.1,8,18,4.98,3.7,2.08,5.02,1.0,57.41,68.45,71.6,65.62,1.057,0.6,1.03,1.078,0.946,Neutral,0.968,0.925,0.943,1.0,1.12,0.97,0.919,1.078,-7.5,-5.7,0.0,12.0,-3.0,-8.1,7.8,0.0019669551534225,0.0001573564122738,0.0,36.73187366528043,0.8390611067400997,5.524920010490428,42.25679367577086,36.73384062043386,6.807231201528603,,,,,40.8,0.8,5.4,44.0,7.4,,,,,45.7,0.8,5.0,47.4,7.2,38.0,0.85,0.65,42.0,18.0,1.8,18.0,22.0,6.0,71.6,,,,,,,,,,,,,,,,,,,,,,NO ODDS,,,,,,,,,17.9,,EARLY MODERATE,No OVER/UNDER recommendation.
2026,3,,2026-09-24,20:15,00-0037238,Drake London,drake london,ATL,GB,WR,REGULAR TARGET,False,,,-6.5,46.5,26.5,,,3,29,8,0.2,0.7,0.1,8,18,13.83,9.45,5.65,20.27,0.719,59.4,67.05,71.5,65.62,1.057,1.18,1.03,1.078,0.946,Neutral,0.968,0.925,0.943,1.0,0.968,1.019,0.948,0.968,-7.5,-5.7,0.0,-3.2,1.9,-5.2,-3.2,0.0036631121642969,8.886255924170617e-05,0.0,0.1288426369076802,5.487508657654924,80.14164424431318,80.27048688122089,0.1325057490719772,16.00523978883104,,,,,0.1,5.3,78.0,,17.4,,,,,0.1,5.4,73.9,,16.8,38.0,0.85,0.65,42.0,18.0,2.05,28.08,22.0,6.0,71.5,,,,,,,,,,,,,,,,,,,,,,NO ODDS,,,,,,,,,17.9,,EARLY MODERATE,No OVER/UNDER recommendation.
2026,3,,2026-09-24,20:15,00-0039146,Jayden Reed,jayden reed,GB,ATL,WR,LOW TARGET,True,,,6.5,46.5,20.0,,,2,22,8,0.2,0.7,0.1,8,18,6.92,3.51,5.07,9.6,-0.461,66.35,64.55,70.3,52.62,0.992,0.565,0.97,0.922,1.076,Neutral,1.003,1.02,1.064,1.0,1.003,1.056,1.049,1.003,2.0,6.4,0.0,0.3,5.6,4.9,0.3,0.0036631121642969,8.886255924170617e-05,0.0,5.32534211444164,2.880455366118873,36.47764215444904,41.80298426889067,5.329005226605937,8.416595215014055,,,,,4.8,3.0,38.1,40.5,8.1,,,,,4.8,3.2,40.0,40.6,8.1,38.0,0.85,0.65,42.0,18.0,1.8,18.0,22.0,6.0,70.3,,,,,,,,,,,,,,,,,,,,,,NO ODDS,,,,,,,,,17.6,,EARLY MODERATE,No OVER/UNDER recommendation.
2026,3,,2026-09-24,20:15,00-0032392,Austin Hooper,austin hooper,ATL,GB,TE,LOW TARGET,False,,,-6.5,46.5,26.5,,,2,30,8,0.2,0.7,0.1,8,18,5.26,3.16,2.62,7.45,-0.318,62.47,59.92,69.4,65.62,1.057,0.55,0.97,1.078,0.946,Neutral,0.968,0.925,0.943,1.0,0.968,1.054,0.88,0.968,-7.5,-5.7,0.0,-3.2,5.4,-12.0,-3.2,0.0079202054118111,7.90045427612088e-05,0.0,0.0336164329448943,2.130884374127375,22.06526294145329,22.098879374398187,0.0415366383567055,5.978183711507584,,,,,0.0,2.0,20.2,,6.1,,,,,0.0,2.1,17.8,,5.9,38.0,0.85,0.65,42.0,18.0,1.8,18.0,22.0,6.0,69.4,,,,,,,,,,,,,,,,,,,,,,NO ODDS,,,,,,,,,17.4,,EARLY MODERATE,No OVER/UNDER recommendation.
2026,3,,2026-09-24,20:15,00-0037741,Jahan Dotson,jahan dotson,ATL,GB,WR,LOW TARGET,False,,,-6.5,46.5,26.5,,,3,29,8,0.2,0.7,0.1,8,18,2.95,1.95,1.9,3.4,-0.283,60.22,61.34,69.4,65.62,1.057,0.55,0.97,1.078,0.946,Neutral,0.968,0.925,0.943,1.0,0.968,1.019,0.948,0.968,-7.5,-5.7,0.0,-3.2,1.9,-5.2,-3.2,0.0036631121642969,8.886255924170617e-05,0.0,0.3171020786153978,1.437180250429965,17.74131583708823,18.05841791570363,0.3207651907796948,3.539123204266181,,,,,0.3,1.3,16.3,,3.6,,,,,0.3,1.3,15.5,,3.5,38.0,0.85,0.65,42.0,18.0,1.8,18.0,22.0,6.0,69.4,,,,,,,,,,,,,,,,,,,,,,NO ODDS,,,,,,,,,17.4,,EARLY MODERATE,No OVER/UNDER recommendation.
2026,3,,2026-09-24,20:15,00-0038685,Chris Brooks,chris brooks,GB,ATL,RB,DEPTH RB,True,,,6.5,46.5,20.0,,,3,28,8,0.2,0.7,0.1,8,18,2.7,1.63,1.55,3.08,-0.081,62.44,64.05,69.1,52.62,0.992,0.6,0.99,0.922,1.076,Neutral,1.003,1.02,1.064,1.0,0.957,0.952,0.931,0.95,2.0,6.4,0.0,-4.3,-4.8,-6.9,-5.0,0.0019669551534225,0.0001573564122738,0.0,12.278555692930205,0.8880933648046159,6.367418730408503,18.64597442333871,12.280522648083624,3.052324391492763,,,,,11.2,0.9,6.8,18.4,3.0,,,,,10.7,0.9,6.3,17.5,3.0,38.0,0.85,0.65,42.0,18.0,1.8,18.0,22.0,6.0,69.1,,,,,,,,,,,,,,,,,,,,,,NO ODDS,,,,,,,,,17.3,,EARLY MODERATE,No OVER/UNDER recommendation.
2026,3,,2026-09-24,20:15,00-0039144,Luke Musgrave,luke musgrave,GB,ATL,TE,LOW TARGET,True,,,6.5,46.5,20.0,,,0,20,8,0.2,0.7,0.1,8,18,4.98,2.66,2.9,6.5,1.0,65.2,61.82,68.9,52.62,0.992,0.55,1.03,0.922,1.076,Neutral,1.003,1.02,1.064,1.0,1.003,0.939,0.988,1.003,2.0,6.4,0.0,0.3,-6.1,-1.2,0.3,0.0099002567647639,9.8755678451511e-05,0.0,0.0420205411811179,1.7583649957898893,17.8223270995977,17.864347640778817,0.0519207979458819,3.66898601307733,,,,,0.0,1.9,19.7,,3.7,,,,,0.0,1.8,19.5,,3.7,38.0,0.85,0.65,42.0,18.0,1.8,18.0,22.0,6.0,68.9,,,,,,,,,,,,,,,,,,,,,,NO ODDS,,,,,,,,,17.2,,EARLY MODERATE,No OVER/UNDER recommendation.
2026,3,,2026-09-24,20:15,00-0040667,Matthew Golden,matthew golden,GB,ATL,WR,REGULAR TARGET,True,,,6.5,46.5,20.0,,,3,14,8,0.2,0.7,0.1,8,18,8.92,7.6,1.45,11.23,1.0,54.0,64.65,67.3,52.62,0.992,0.649,1.03,0.922,1.076,Neutral,1.003,1.02,1.064,1.0,1.003,1.056,1.049,1.003,2.0,6.4,0.0,0.3,5.6,4.9,0.3,0.0036631121642969,8.886255924170617e-05,0.0,2.0136538027533293,2.554181639845148,36.80854458535147,38.8221983881048,2.017316914917626,7.132502640921481,,,,,1.9,2.8,40.8,,7.3,,,,,1.9,3.0,42.8,,7.3,38.0,0.85,0.65,42.0,18.0,1.8,18.0,22.0,6.0,67.3,,,,,,,,,,,,,,,,,,,,,,NO ODDS,,,,,,,,,16.8,,EARLY MODERATE,No OVER/UNDER recommendation.
2026,3,,2026-09-24,20:15,00-0035208,Olamide Zaccheaus,olamide zaccheaus,ATL,GB,WR,LOW TARGET,False,,,-6.5,46.5,26.5,,,3,30,8,0.2,0.7,0.1,8,18,3.0,2.47,1.45,4.25,-0.593,54.83,58.34,66.9,65.62,1.057,0.557,0.97,1.078,0.946,Neutral,0.968,0.925,0.943,1.0,0.968,1.019,0.948,0.968,-7.5,-5.7,0.0,-3.2,1.9,-5.2,-3.2,0.0036631121642969,8.886255924170617e-05,0.0,0.9262646401917526,2.505948723336369,23.161365098171974,24.08762973836372,0.9299277523560496,5.811798081113472,,,,,1.0,2.3,21.2,,6.0,,,,,1.0,2.3,20.1,,5.8,38.0,0.85,0.65,42.0,18.0,1.8,18.0,22.0,6.0,66.9,,,,,,,,,,,,,,,,,,,,,,NO ODDS,,,,,,,,,16.7,,EARLY MODERATE,No OVER/UNDER recommendation.
2026,3,,2026-09-24,20:15,00-0033858,Jonnu Smith,jonnu smith,GB,ATL,TE,LOW TARGET,True,,,6.5,46.5,20.0,,,2,34,8,0.2,0.7,0.1,8,18,4.54,3.23,1.55,7.17,-0.431,58.42,60.35,66.6,52.62,0.992,0.583,0.97,0.922,1.076,Neutral,1.003,1.02,1.064,1.0,1.003,0.939,0.988,1.003,2.0,6.4,0.0,0.3,-6.1,-1.2,0.3,0.0079202054118111,7.90045427612088e-05,0.0,1.934685951661472,3.0198498913687546,27.387552484229648,29.32223843589112,1.942606157073283,7.294203486188615,,,,,1.7,3.2,28.6,,7.0,,,,,1.7,3.0,28.3,,7.0,38.0,0.85,0.65,42.0,18.0,1.8,18.0,22.0,6.0,66.6,,,,,,,,,,,,,,,,,,,,,,NO ODDS,,,,,,,,,16.6,,EARLY MODERATE,No OVER/UNDER recommendation.
2026,3,,2026-09-24,20:15,00-0036970,Kyle Pitts,kyle pitts,ATL,GB,TE,REGULAR TARGET,False,,,-6.5,46.5,26.5,,,3,34,8,0.2,0.7,0.1,8,18,9.6,12.7,2.25,15.93,-0.883,43.04,59.88,64.6,65.62,1.057,0.7,0.97,1.078,0.946,Neutral,0.968,0.925,0.943,1.0,0.968,1.054,0.88,0.968,-7.5,-5.7,0.0,-3.2,5.4,-12.0,-3.2,0.0079202054118111,7.90045427612088e-05,0.0,0.0336164329448943,3.342182460760147,36.672757475317,36.70637390826189,0.0415366383567055,8.292917517255589,,,,,0.0,3.1,33.6,,8.5,,,,,0.0,3.3,29.6,,8.2,38.0,0.85,0.65,42.0,18.0,1.8,18.0,22.0,6.0,64.6,,,,,,,,,,,,,,,,,,,,,,NO ODDS,,,,,,,,,16.2,,EARLY MODERATE,No OVER/UNDER recommendation.
2026,3,,2026-09-24,20:15,00-0040142,Kaleb Johnson,kaleb johnson,GB,ATL,RB,DEPTH RB,True,,,6.5,46.5,20.0,,,3,10,8,0.2,0.7,0.1,8,15,1.27,1.23,0.3,1.77,1.0,50.72,59.39,64.3,52.62,0.992,0.6,1.03,0.922,1.076,Neutral,1.003,1.02,1.064,1.0,0.957,0.952,0.931,0.95,2.0,6.4,0.0,-4.3,-4.8,-6.9,-5.0,0.0019669551534225,0.0001573564122738,0.0,10.76474616912068,0.3166647933760444,2.688053651043423,13.452799820164104,10.7667131242741,1.8330069311753023,,,,,10.2,0.4,3.0,13.8,1.9,,,,,9.8,0.4,2.8,13.1,1.9,38.0,0.85,0.65,42.0,18.0,1.8,18.0,22.0,6.0,64.3,,,,,,,,,,,,,,,,,,,,,,NO ODDS,,,,,,,,,16.1,,EARLY MODERATE,No OVER/UNDER recommendation.
2026,3,,2026-09-24,20:15,00-0036429,Charlie Woerner,charlie woerner,ATL,GB,TE,LOW TARGET,False,,,-6.5,46.5,26.5,,,1,19,8,0.2,0.7,0.1,8,18,1.53,1.81,0.0,2.6,-0.882,45.77,53.55,62.7,65.62,1.057,0.55,0.97,1.078,0.946,Neutral,0.968,0.925,0.943,1.0,0.968,1.054,0.88,0.968,-7.5,-5.7,0.0,-3.2,5.4,-12.0,-3.2,0.0079202054118111,7.90045427612088e-05,0.0,0.0336164329448943,0.8198498913687536,5.980317820029038,6.013934252973932,0.0415366383567055,1.520592319233795,,,,,0.0,0.8,5.5,,1.6,,,,,0.0,0.8,4.8,,1.5,38.0,0.85,0.65,42.0,18.0,1.8,18.0,22.0,6.0,62.7,,,,,,,,,,,,,,,,,,,,,,NO ODDS,,,,,,,,,15.7,,EARLY MODERATE,No OVER/UNDER recommendation.
2026,3,,2026-09-24,20:15,00-0038589,Josh Whyle,josh whyle,GB,ATL,TE,LOW TARGET,True,,,6.5,46.5,20.0,,,0,21,8,0.2,0.7,0.1,8,18,2.73,2.97,0.83,4.12,-0.241,47.87,54.63,61.7,52.62,0.992,0.55,0.971,0.922,1.076,Neutral,1.003,1.02,1.064,1.0,1.003,0.939,0.988,1.003,2.0,6.4,0.0,0.3,-6.1,-1.2,0.3,0.0099002567647639,9.8755678451511e-05,0.0,0.0420205411811179,1.5873123642109424,13.777370959246824,13.819391500427944,0.0519207979458819,3.766056815082344,,,,,0.0,1.7,14.4,,3.6,,,,,0.0,1.6,14.2,,3.6,38.0,0.85,0.65,42.0,18.0,1.8,18.0,22.0,6.0,61.7,,,,,,,,,,,,,,,,,,,,,,NO ODDS,,,,,,,,,15.4,,EARLY MODERATE,No OVER/UNDER recommendation.
2026,3,,2026-09-24,20:15,00-0038090,Skyy Moore,skyy moore,GB,ATL,WR,LOW TARGET,True,,,6.5,46.5,20.0,,,3,20,8,0.2,0.7,0.1,8,18,1.97,2.26,0.0,2.77,1.0,46.55,55.33,61.7,52.62,0.992,0.55,1.03,0.922,1.076,Neutral,1.003,1.02,1.064,1.0,1.003,1.056,1.049,1.003,2.0,6.4,0.0,0.3,5.6,4.9,0.3,0.0036631121642969,8.886255924170617e-05,0.0,0.6146312463623516,0.8639869222820086,9.981390160828614,10.596021407190966,0.6182943585266485,2.048261653838388,,,,,0.6,1.0,11.1,,2.1,,,,,0.6,1.1,11.6,,2.1,38.0,0.85,0.65,42.0,18.0,1.8,18.0,22.0,6.0,61.7,,,,,,,,,,,,,,,,,,,,,,NO ODDS,,,,,,,,,15.4,,EARLY MODERATE,No OVER/UNDER recommendation.
2026,3,,2026-09-24,20:15,00-0035359,David Sills,david sills,ATL,GB,WR,LOW TARGET,False,,,-6.5,46.5,26.5,,,0,12,8,0.2,0.7,0.1,8,18,5.25,4.83,1.58,9.53,-0.622,52.1,59.3,61.6,65.62,1.057,0.55,0.97,1.078,0.946,Neutral,0.968,0.925,0.943,1.0,0.968,1.019,0.948,0.968,-7.5,-5.7,0.0,-3.2,1.9,-5.2,-3.2,0.0045788902053712,0.0001110781990521,0.0,0.1242101105845181,1.7393679089472929,19.681197714706308,19.805407825290825,0.1287890007898894,4.750749430022978,,,,,0.1,1.6,18.1,,4.9,,,,,0.1,1.6,17.2,,4.7,38.0,0.85,0.65,42.0,18.0,1.8,18.0,22.0,6.0,61.6,,,,,,,,,,,,,,,,,,,,,,NO ODDS,,,,,,,,,15.4,,EARLY MODERATE,No OVER/UNDER recommendation.
2026,3,,2026-09-24,20:15,00-0037306,John FitzPatrick,john fitzpatrick,GB,ATL,TE,LOW TARGET,True,,,6.5,46.5,20.0,,,0,12,8,0.2,0.7,0.1,8,18,1.92,1.7,1.05,2.42,1.0,53.12,56.14,58.6,52.62,0.992,0.55,1.03,0.922,1.076,Neutral,1.003,1.02,1.064,1.0,1.003,0.939,0.988,1.003,2.0,6.4,0.0,0.3,-6.1,-1.2,0.3,0.0099002567647639,9.8755678451511e-05,0.0,0.0420205411811179,1.2539790308776089,8.702370959246824,8.744391500427943,0.0519207979458819,2.604877161402689,,,,,0.0,1.4,9.6,,2.7,,,,,0.0,1.3,9.5,,2.7,38.0,0.85,0.65,42.0,18.0,1.8,18.0,22.0,6.0,58.6,,,,,,,,,,,,,,,,,,,,,,NO ODDS,,,,,,,,,14.6,,EARLY MODERATE,No OVER/UNDER recommendation.
2026,3,,2026-09-24,20:15,00-0037091,Bo Melton,bo melton,GB,ATL,WR,LOW TARGET,True,,,6.5,46.5,20.0,,,3,26,8,0.2,0.7,0.1,8,18,1.63,3.11,0.0,2.6,-0.545,34.48,50.88,56.9,52.62,0.992,0.55,0.97,0.922,1.076,Neutral,1.003,1.02,1.064,1.0,1.003,1.056,1.049,1.003,2.0,6.4,0.0,0.3,5.6,4.9,0.3,0.0036631121642969,8.886255924170617e-05,0.0,2.3935219346214613,0.6116175372810445,9.308544585351456,11.702066519972918,2.3971850467857583,2.115112164731004,,,,,2.1,0.6,9.7,,2.0,,,,,2.1,0.6,10.2,,2.0,38.0,0.85,0.65,42.0,18.0,1.8,18.0,22.0,6.0,56.9,,,,,,,,,,,,,,,,,,,,,,NO ODDS,,,,,,,,,14.2,,EARLY MODERATE,No OVER/UNDER recommendation.
2026,3,,2026-09-24,20:15,00-0038465,Malik Heath,malik heath,GB,ATL,WR,LOW TARGET,True,,,6.5,46.5,20.0,,,0,12,8,0.2,0.7,0.1,8,18,2.44,2.68,0.0,5.0,1.0,47.65,54.27,56.5,52.62,0.992,0.55,1.03,0.922,1.076,Neutral,1.003,1.02,1.064,1.0,1.003,1.056,1.049,1.003,2.0,6.4,0.0,0.3,5.6,4.9,0.3,0.0045788902053712,0.0001110781990521,0.0,0.1242101105845181,1.388989121068505,16.739909835918425,16.864119946502942,0.1287890007898894,3.901696399719949,,,,,0.1,1.5,18.5,,4.0,,,,,0.1,1.6,19.4,,4.0,38.0,0.85,0.65,42.0,18.0,1.8,18.0,22.0,6.0,56.5,,,,,,,,,,,,,,,,,,,,,,NO ODDS,,,,,,,,,14.1,,EARLY MODERATE,No OVER/UNDER recommendation.
2026,3,,2026-09-24,20:15,00-0040009,Savion Williams,savion williams,GB,ATL,WR,LOW TARGET,True,,,6.5,46.5,20.0,,,0,12,8,0.2,0.7,0.1,8,16,2.06,2.42,0.22,2.73,-0.54,45.99,54.23,56.1,52.62,0.992,0.55,0.97,0.922,1.076,Neutral,1.003,1.02,1.064,1.0,1.003,1.056,1.049,1.003,2.0,6.4,0.0,0.3,5.6,4.9,0.3,0.0045788902053712,0.0001110781990521,0.0,2.4726949590693663,1.048080030159414,10.245591654100243,12.718286613169612,2.477273849274738,2.767416096689645,,,,,2.2,1.1,10.7,,2.7,,,,,2.2,1.2,11.2,,2.7,38.0,0.85,0.65,42.0,18.0,1.8,18.0,22.0,6.0,56.1,,,,,,,,,,,,,,,,,,,,,,NO ODDS,,,,,,,,,14.0,,EARLY MODERATE,No OVER/UNDER recommendation.
2026,3,,2026-09-24,20:15,00-0037487,Deven Thompkins,deven thompkins,ATL,GB,WR,LOW TARGET,False,,,-6.5,46.5,26.5,,,0,12,8,0.2,0.7,0.1,8,18,0.72,1.46,0.0,1.02,-1.0,40.7,51.04,55.4,65.62,1.057,0.55,0.97,1.078,0.946,Neutral,0.968,0.925,0.943,1.0,0.968,1.019,0.948,0.968,-7.5,-5.7,0.0,-3.2,1.9,-5.2,-3.2,0.0045788902053712,0.0001110781990521,0.0,0.9992101105845184,0.7526254847048687,7.147106805615396,8.146316916199915,1.0037890007898895,1.7230979148714634,,,,,1.0,0.7,6.6,,1.8,,,,,1.0,0.7,6.3,,1.7,38.0,0.85,0.65,42.0,18.0,1.8,18.0,22.0,6.0,55.4,,,,,,,,,,,,,,,,,,,,,,NO ODDS,,,,,,,,,13.8,,EARLY MODERATE,No OVER/UNDER recommendation.
2026,3,,2026-09-24,20:15,00-0036250,Tyler Davis,tyler davis,GB,ATL,TE,LOW TARGET,True,,,6.5,46.5,20.0,,,0,0,8,0.2,0.7,0.1,8,18,0.06,0.2,0.0,0.0,0.0,83.54,61.39,53.3,52.62,0.992,0.55,1.0,0.922,1.076,Neutral,1.003,1.02,1.064,1.0,1.003,0.939,0.988,1.003,2.0,6.4,0.0,0.3,-6.1,-1.2,0.3,0.0792020541181117,0.000790045427612,0.0,0.3361643294489433,2.198498913687537,22.45230100730792,22.788465336756865,0.4153663835670551,5.4708354730397,,,,,0.3,2.4,24.1,,5.4,,,,,0.3,2.3,23.8,,5.4,38.0,0.85,0.65,42.0,18.0,1.8,18.0,22.0,6.0,53.3,,,,,,,,,,,,,,,,,,,,,,NO ODDS,,,,,,,,,13.3,,EARLY MODERATE,No OVER/UNDER recommendation.
2026,3,,2026-09-24,20:15,00-0039394,Casey Washington,casey washington,ATL,GB,WR,LOW TARGET,False,,,-6.5,46.5,26.5,,,0,7,7,0.2,0.7,0.1,7,11,2.59,1.91,1.2,3.2,-0.326,50.36,53.32,52.5,65.62,1.057,0.55,0.97,1.078,0.946,Neutral,0.968,0.925,0.943,1.0,0.968,1.019,0.948,0.968,-7.5,-5.7,0.0,-3.2,1.9,-5.2,-3.2,0.0045788902053712,0.0001110781990521,0.0,0.1242101105845181,1.1817380388174226,18.19932542033401,18.323535530918527,0.1287890007898894,3.169932330455879,,,,,0.1,1.1,16.7,,3.3,,,,,0.1,1.1,15.8,,3.2,38.0,0.85,0.65,42.0,18.0,1.8,18.0,22.0,6.0,52.5,,,,,,,,,,,,,,,,,,,,,,NO ODDS,,,,,,,,,13.1,,EARLY MODERATE,No OVER/UNDER recommendation.
2026,3,,2026-09-24,20:15,00-0036463,Chris Blair,chris blair,ATL,GB,WR,LOW TARGET,False,,,-6.5,46.5,26.5,,,3,3,6,0.2,0.7,0.1,6,17,1.07,1.02,0.0,1.9,0.3,38.36,44.27,48.4,65.62,1.057,0.55,1.03,1.078,0.946,Neutral,0.968,0.925,0.943,1.0,0.968,1.019,0.948,0.968,-7.5,-5.7,0.0,-3.2,1.9,-5.2,-3.2,0.0036631121642969,8.886255924170617e-05,0.0,0.0993680884676145,0.4596761453396525,5.94041271721959,6.039780805687205,0.1030312006319115,1.3788030072218465,,,,,0.1,0.4,5.8,,1.5,,,,,0.1,0.4,5.5,,1.5,38.0,0.85,0.65,42.0,18.0,1.8,18.0,22.0,6.0,48.4,,,,,,,,,,,,,,,,,,,,,,NO ODDS,,,,,,,,,12.1,,EARLY MODERATE,No OVER/UNDER recommendation.
2026,3,,2026-09-24,20:15,00-0036829,Caleb Huntley,caleb huntley,ATL,GB,RB,DEPTH RB,False,,,-6.5,46.5,26.5,,,0,0,8,0.2,0.7,0.1,8,15,2.53,2.26,1.68,3.25,-0.488,52.92,61.12,47.5,65.62,1.057,0.602,0.97,1.078,0.946,Neutral,0.968,0.925,0.943,1.0,1.12,0.97,0.919,1.078,-7.5,-5.7,0.0,12.0,-3.0,-8.1,7.8,0.019669551534225,0.001573564122738,0.0,32.999842643587726,1.5476003147128248,11.356726986624706,44.356569630212434,33.01951219512195,7.693878835562549,,,,,34.5,1.4,10.4,43.5,7.9,,,,,38.6,1.4,9.6,46.9,7.6,38.0,0.85,0.65,42.0,18.0,1.8,18.0,22.0,6.0,47.5,,,,,,,,,,,,,,,,,,,,,,NO ODDS,,,,,,,,,11.9,,EARLY MODERATE,No OVER/UNDER recommendation.
2026,3,,2026-09-24,20:15,00-0038582,Clayton Tune,clayton tune,GB,ATL,QB,QB,True,,,6.5,46.5,20.0,,,0,7,8,0.2,0.7,0.1,8,18,0.23,1.85,-0.49,0.21,0.62,35.14,53.83,47.0,52.62,0.992,0.7,1.03,0.922,1.076,Neutral,1.003,1.02,1.064,1.0,1.003,1.0,1.0,1.003,2.0,6.4,0.0,0.3,0.0,0.0,0.3,32.36607142857144,0.1482698001480385,0.0,5.833826794966692,0.0012490747594374,0.002220577350111,5.836047372316802,38.19989822353813,1.9509252405625468,33.1,0.15,0.0,39.0,,,,,2.0,33.8,0.16,0.0,39.8,,,,,2.0,38.0,0.85,0.65,42.0,18.0,1.8,18.0,22.0,6.0,47.0,,,,,,,,,,,,,,,,,,,,,,NO ODDS,,,,,,,,,11.8,,EARLY MODERATE,No OVER/UNDER recommendation.
2026,3,,2026-09-24,20:15,00-0033118,Kenyan Drake,kenyan drake,GB,ATL,RB,DEPTH RB,True,,,6.5,46.5,20.0,,,0,0,8,0.2,0.7,0.1,8,18,6.36,7.3,1.7,9.45,1.0,46.56,67.19,46.4,52.62,0.992,0.602,1.03,0.922,1.076,Neutral,1.003,1.02,1.064,1.0,0.957,0.952,0.931,0.95,2.0,6.4,0.0,-4.3,-4.8,-6.9,-5.0,0.019669551534225,0.001573564122738,0.0,32.999842643587726,1.5476003147128248,11.356726986624706,44.356569630212434,33.01951219512195,7.693878835562549,,,,,31.3,1.7,12.6,45.6,7.9,,,,,30.0,1.6,11.7,43.3,7.9,38.0,0.85,0.65,42.0,18.0,1.8,18.0,22.0,6.0,46.4,,,,,,,,,,,,,,,,,,,,,,NO ODDS,,,,,,,,,11.6,,EARLY MODERATE,No OVER/UNDER recommendation.
2026,3,,2026-09-24,20:15,00-0039811,MarShawn Lloyd,marshawn lloyd,GB,ATL,RB,DEPTH RB,True,,,6.5,46.5,20.0,,,3,1,4,0.2,0.7,0.1,4,3,5.01,2.3,3.48,5.0,0.908,34.28,52.52,46.2,52.62,0.992,0.6,1.03,0.922,1.076,Neutral,1.003,1.02,1.064,1.0,0.957,0.952,0.931,0.95,2.0,6.4,0.0,-4.3,-4.8,-6.9,-5.0,0.0019669551534225,0.0001573564122738,0.0,17.590460454834968,1.1785695552808064,4.3023393653291375,21.892799820164104,17.59242740998839,3.805578359746731,,,,,16.7,1.3,4.8,22.5,3.9,,,,,16.0,1.2,4.5,21.4,3.9,38.0,0.85,0.65,42.0,18.0,1.8,18.0,22.0,6.0,46.2,,,,,,,,,,,,,,,,,,,,,,NO ODDS,,,,,,,,,11.6,,EARLY MODERATE,No OVER/UNDER recommendation.
2026,3,,2026-09-24,20:15,00-0035572,Parker Hesse,parker hesse,ATL,GB,TE,LOW TARGET,False,,,-6.5,46.5,26.5,,,0,0,8,0.2,0.7,0.1,8,18,1.16,0.98,0.0,1.9,-0.244,54.18,54.78,45.3,65.62,1.057,0.55,0.971,1.078,0.946,Neutral,0.968,0.925,0.943,1.0,0.968,1.054,0.88,0.968,-7.5,-5.7,0.0,-3.2,5.4,-12.0,-3.2,0.0792020541181117,0.000790045427612,0.0,0.3361643294489433,2.198498913687537,22.45230100730792,22.788465336756865,0.4153663835670551,5.4708354730397,,,,,0.4,2.0,20.6,,5.6,,,,,0.4,2.1,18.1,,5.4,38.0,0.85,0.65,42.0,18.0,1.8,18.0,22.0,6.0,45.3,,,,,,,,,,,,,,,,,,,,,,NO ODDS,,,,,,,,,11.3,,EARLY MODERATE,No OVER/UNDER recommendation.
2026,3,,2026-09-24,20:15,00-0035831,James Robinson,james robinson,GB,ATL,RB,DEPTH RB,True,,,6.5,46.5,20.0,,,0,0,8,0.2,0.7,0.1,8,13,3.44,4.32,1.0,6.05,-0.8,44.35,63.03,44.2,52.62,0.992,0.602,0.97,0.922,1.076,Neutral,1.003,1.02,1.064,1.0,0.957,0.952,0.931,0.95,2.0,6.4,0.0,-4.3,-4.8,-6.9,-5.0,0.019669551534225,0.001573564122738,0.0,32.999842643587726,1.5476003147128248,11.356726986624706,44.356569630212434,33.01951219512195,7.693878835562549,,,,,29.5,1.6,11.8,43.0,7.4,,,,,28.2,1.5,11.0,40.8,7.4,38.0,0.85,0.65,42.0,18.0,1.8,18.0,22.0,6.0,44.2,,,,,,,,,,,,,,,,,,,,,,NO ODDS,,,,,,,,,11.0,,EARLY MODERATE,No OVER/UNDER recommendation.
2026,3,,2026-09-24,20:15,00-0031868,Damiere Byrd,damiere byrd,ATL,GB,WR,LOW TARGET,False,,,-6.5,46.5,26.5,,,0,0,8,0.2,0.7,0.1,8,18,2.1,2.33,0.75,3.1,-0.319,47.42,54.94,43.7,65.62,1.057,0.588,0.97,1.078,0.946,Neutral,0.968,0.925,0.943,1.0,0.968,1.019,0.948,0.968,-7.5,-5.7,0.0,-3.2,1.9,-5.2,-3.2,0.0366311216429699,0.000888625592417,0.0,0.9936808846761452,2.5967614533965246,32.73746050552923,33.73114139020537,1.0303120063191151,7.216601500789888,,,,,1.0,2.4,30.0,,7.4,,,,,1.0,2.4,28.4,,7.2,38.0,0.85,0.65,42.0,18.0,1.8,18.0,22.0,6.0,43.7,,,,,,,,,,,,,,,,,,,,,,NO ODDS,,,,,,,,,10.9,,EARLY MODERATE,No OVER/UNDER recommendation.
2026,3,,2026-09-24,20:15,00-0037277,Teagan Quitoriano,teagan quitoriano,ATL,GB,TE,LOW TARGET,False,,,-6.5,46.5,26.5,,,0,2,8,0.2,0.7,0.1,8,18,2.43,3.67,0.0,4.35,-0.761,39.81,51.76,43.0,65.62,1.057,0.55,0.97,1.078,0.946,Neutral,0.968,0.925,0.943,1.0,0.968,1.054,0.88,0.968,-7.5,-5.7,0.0,-3.2,5.4,-12.0,-3.2,0.0099002567647639,9.8755678451511e-05,0.0,0.0420205411811179,0.2748123642109422,2.8065376259134904,2.8485581670946085,0.0519207979458819,0.6838544341299626,,,,,0.0,0.3,2.6,,0.7,,,,,0.0,0.3,2.3,,0.7,38.0,0.85,0.65,42.0,18.0,1.8,18.0,22.0,6.0,43.0,,,,,,,,,,,,,,,,,,,,,,NO ODDS,,,,,,,,,10.8,,EARLY MODERATE,No OVER/UNDER recommendation.
2026,3,,2026-09-24,20:15,00-0038953,Dylan Drummond,dylan drummond,ATL,GB,WR,LOW TARGET,False,,,-6.5,46.5,26.5,,,0,6,6,0.2,0.7,0.1,6,18,1.4,2.1,0.0,3.92,-1.0,29.92,42.46,41.8,65.62,1.057,0.55,0.97,1.078,0.946,Neutral,0.968,0.925,0.943,1.0,0.968,1.019,0.948,0.968,-7.5,-5.7,0.0,-3.2,1.9,-5.2,-3.2,0.0045788902053712,0.0001110781990521,0.0,0.1242101105845181,1.082928515007899,8.717182563191153,8.841392673775673,0.1287890007898894,2.1229085209320693,,,,,0.1,1.0,8.0,,2.2,,,,,0.1,1.0,7.6,,2.1,38.0,0.85,0.65,42.0,18.0,1.8,18.0,22.0,6.0,41.8,,,,,,,,,,,,,,,,,,,,,,NO ODDS,,,,,,,,,10.4,,EARLY MODERATE,No OVER/UNDER recommendation.
2026,3,,2026-09-24,20:15,00-0041044,Zachariah Branch,zachariah branch,ATL,GB,WR,LOW TARGET,False,,,-6.5,46.5,26.5,,,3,0,3,0.2,0.7,0.1,3,3,1.94,1.21,0.85,2.55,1.0,23.14,33.26,36.4,65.62,1.057,0.55,1.03,1.078,0.946,Neutral,0.968,0.925,0.943,1.0,0.968,1.019,0.948,0.968,-7.5,-5.7,0.0,-3.2,1.9,-5.2,-3.2,0.0122103738809899,0.0002962085308056,0.0,0.331226961558715,1.6274919130369367,16.245820168509738,16.577047130068458,0.343437335439705,3.7007719288347247,,,,,0.4,1.6,15.8,,4.0,,,,,0.4,1.6,15.0,,3.9,38.0,0.85,0.65,42.0,18.0,1.8,18.0,22.0,6.0,36.4,,,,,,,,,,,,,,,,,,,,,,NO ODDS,,,,,,,,,9.1,,EARLY MODERATE,No OVER/UNDER recommendation.
2026,3,,2026-09-24,20:15,00-0036365,Bryan Edwards,bryan edwards,ATL,GB,WR,LOW TARGET,False,,,-6.5,46.5,26.5,,,0,0,4,0.2,0.7,0.1,4,8,1.29,0.62,0.9,1.48,1.0,33.81,39.03,33.9,65.62,1.057,0.588,1.03,1.078,0.946,Neutral,0.968,0.925,0.943,1.0,0.968,1.019,0.948,0.968,-7.5,-5.7,0.0,-3.2,1.9,-5.2,-3.2,0.0366311216429699,0.000888625592417,0.0,0.9936808846761452,2.5967614533965246,32.73746050552923,33.73114139020537,1.0303120063191151,7.216601500789888,,,,,1.1,2.5,31.9,,7.9,,,,,1.1,2.5,30.2,,7.6,38.0,0.85,0.65,42.0,18.0,1.8,18.0,22.0,6.0,33.9,,,,,,,,,,,,,,,,,,,,,,NO ODDS,,,,,,,,,8.5,,EARLY MODERATE,No OVER/UNDER recommendation.
2026,3,,2026-09-24,20:15,00-0037317,Nick Muse,nick muse,ATL,GB,TE,LOW TARGET,False,,,-6.5,46.5,26.5,,,2,0,3,0.2,0.7,0.1,3,18,0.61,1.26,0.0,1.6,-1.0,16.62,26.41,29.6,65.62,1.057,0.55,0.97,1.078,0.946,Neutral,0.968,0.925,0.943,1.0,0.968,1.054,0.88,0.968,-7.5,-5.7,0.0,-3.2,5.4,-12.0,-3.2,0.0264006847060372,0.0002633484758706,0.0,0.112054776482981,0.7328329712291789,7.4841003357693054,7.596155112252287,0.1384554611890183,1.8236118243465664,,,,,0.1,0.7,6.9,,1.9,,,,,0.1,0.7,6.1,,1.8,38.0,0.85,0.65,42.0,18.0,1.8,18.0,22.0,6.0,29.6,,,,,,,,,,,,,,,,,,,,,,NO ODDS,,,,,,,,,7.4,,EARLY MODERATE,No OVER/UNDER recommendation.
2026,3,,2026-09-24,20:15,00-0038124,Christian Watson,christian watson,GB,ATL,WR,REGULAR TARGET,True,,,6.5,46.5,20.0,,,3,24,8,0.2,0.7,0.1,8,18,18.64,9.13,12.05,23.18,1.0,67.12,70.62,72.9,52.62,0.992,0.815,1.03,0.922,1.076,Neutral,1.003,1.02,1.064,1.0,1.003,1.056,1.049,1.003,2.0,6.4,0.0,0.3,5.6,4.9,0.3,0.0036631121642969,8.886255924170617e-05,0.0,0.9120492478879044,3.3860736608676034,58.06986406297528,58.98191331086319,0.9157123600522016,12.40490031571046,,,,,0.9,3.8,64.3,,12.7,,,,,0.9,4.0,67.5,,12.7,38.0,0.85,0.65,42.0,18.0,1.8,25.65,22.0,6.0,72.9,4aeee070bb6ec60bdfae4dede61b9014,2026-09-20T17:00:00Z,New York Jets,Green Bay Packers,draftkings,DraftKings,player_reception_yds,Receiving Yards,59.5,-113.0,,67.5,25.65,Receiving Yards,0.6224382572449079,0.37756174275509213,,0.5305164319248826,,-0.1529546891697905,8.0,PASS,,,,-15.3,62.2,37.8,,53.1,24.2,,EARLY MODERATE,No OVER/UNDER recommendation.
2026,3,,2026-09-24,20:15,00-0036264,Jordan Love,jordan love,GB,ATL,QB,STARTING QB,True,,,6.5,46.5,20.0,,,3,30,8,0.2,0.7,0.1,8,18,15.28,6.21,12.12,19.32,0.4,71.11,92.78,82.8,52.62,0.992,0.976,1.03,0.922,1.076,Neutral,1.003,1.02,1.064,1.0,1.003,1.0,1.0,1.003,2.0,6.4,0.0,0.3,0.0,0.0,0.3,228.17555008210175,1.5903399780494651,0.0,8.646076214298478,0.0009992598075499,0.0017764618800888,8.647852676178568,236.82162629640024,15.492773689986986,233.1,1.62,0.0,242.0,,,,,15.8,237.8,1.72,0.0,246.8,,,,,15.8,52.32,0.95,0.65,54.3,18.0,1.8,18.0,22.0,6.0,82.8,4aeee070bb6ec60bdfae4dede61b9014,2026-09-20T17:00:00Z,New York Jets,Green Bay Packers,draftkings,DraftKings,player_pass_tds,Pass TDs,1.5,-103.0,,1.72,0.95,Pass TDs,0.5915674696954519,0.40843253030454807,,0.5073891625615764,,-0.09895663225702833,0.22,PASS,,,,-9.9,59.2,40.8,,50.7,20.9,,EARLY MODERATE,No OVER/UNDER recommendation.
2026,3,,2026-09-24,20:15,00-0038124,Christian Watson,christian watson,GB,ATL,WR,REGULAR TARGET,True,,,6.5,46.5,20.0,,,3,24,8,0.2,0.7,0.1,8,18,18.64,9.13,12.05,23.18,1.0,67.12,70.62,72.9,52.62,0.992,0.815,1.03,0.922,1.076,Neutral,1.003,1.02,1.064,1.0,1.003,1.056,1.049,1.003,2.0,6.4,0.0,0.3,5.6,4.9,0.3,0.0036631121642969,8.886255924170617e-05,0.0,0.9120492478879044,3.3860736608676034,58.06986406297528,58.98191331086319,0.9157123600522016,12.40490031571046,,,,,0.9,3.8,64.3,,12.7,,,,,0.9,4.0,67.5,,12.7,38.0,0.85,0.65,42.0,18.0,1.8,25.65,22.0,6.0,72.9,4aeee070bb6ec60bdfae4dede61b9014,2026-09-20T17:00:00Z,New York Jets,Green Bay Packers,draftkings,DraftKings,player_receptions,Receptions,3.5,130.0,,4.0,1.8,Receptions,0.609408524566425,0.390591475433575,,0.43478260869565216,,-0.04419113326207719,0.5,PASS,,,,-4.4,60.9,39.1,,43.5,18.6,,EARLY MODERATE,No OVER/UNDER recommendation.
2026,3,,2026-09-24,20:15,00-0038996,Tucker Kraft,tucker kraft,GB,ATL,TE,REGULAR TARGET,True,,,6.5,46.5,20.0,,,3,25,8,0.2,0.7,0.1,8,18,11.13,9.02,5.95,13.43,-0.638,55.23,63.98,67.3,52.62,0.992,0.687,0.97,0.922,1.076,Neutral,1.003,1.02,1.064,1.0,1.003,0.939,0.988,1.003,2.0,6.4,0.0,0.3,-6.1,-1.2,0.3,0.0079202054118111,7.90045427612088e-05,0.0,0.2826164329448943,3.2254213199401827,43.41761105311175,43.700227486056654,0.2905366383567055,9.962793071113492,,,,,0.3,3.4,45.3,,9.6,,,,,0.3,3.2,44.8,,9.6,38.0,0.85,0.65,42.0,18.0,1.8,18.0,22.0,6.0,67.3,4aeee070bb6ec60bdfae4dede61b9014,2026-09-20T17:00:00Z,New York Jets,Green Bay Packers,draftkings,DraftKings,player_reception_yds,Receiving Yards,45.5,-112.0,,44.8,18.0,Receiving Yards,0.4844894876256207,0.5155105123743793,,0.5283018867924528,,-0.012791374418073542,-0.7,PASS,,,,-1.3,48.4,51.6,,52.8,17.3,,EARLY MODERATE,No OVER/UNDER recommendation.
2026,3,,2026-09-24,20:15,00-0036264,Jordan Love,jordan love,GB,ATL,QB,STARTING QB,True,,,6.5,46.5,20.0,,,3,30,8,0.2,0.7,0.1,8,18,15.28,6.21,12.12,19.32,0.4,71.11,92.78,82.8,52.62,0.992,0.976,1.03,0.922,1.076,Neutral,1.003,1.02,1.064,1.0,1.003,1.0,1.0,1.003,2.0,6.4,0.0,0.3,0.0,0.0,0.3,228.17555008210175,1.5903399780494651,0.0,8.646076214298478,0.0009992598075499,0.0017764618800888,8.647852676178568,236.82162629640024,15.492773689986986,233.1,1.62,0.0,242.0,,,,,15.8,237.8,1.72,0.0,246.8,,,,,15.8,52.32,0.95,0.65,54.3,18.0,1.8,18.0,22.0,6.0,82.8,4aeee070bb6ec60bdfae4dede61b9014,2026-09-20T17:00:00Z,New York Jets,Green Bay Packers,draftkings,DraftKings,player_pass_yds,Pass Yards,252.5,-112.0,,237.8,52.32,Pass Yards,0.3893692733353953,0.6106307266646047,,0.5283018867924528,,0.0823288398721519,-14.7,UNDER,0.0823288398721519,8.2,,8.2,38.9,61.1,,52.8,36.7,C,EARLY MODERATE,"C: EARLY MODERATE. Edge 8.2% >= 7.0%, confidence 82.8 >= 58.0."
2026,3,,2026-09-24,20:15,00-0038996,Tucker Kraft,tucker kraft,GB,ATL,TE,REGULAR TARGET,True,,,6.5,46.5,20.0,,,3,25,8,0.2,0.7,0.1,8,18,11.13,9.02,5.95,13.43,-0.638,55.23,63.98,67.3,52.62,0.992,0.687,0.97,0.922,1.076,Neutral,1.003,1.02,1.064,1.0,1.003,0.939,0.988,1.003,2.0,6.4,0.0,0.3,-6.1,-1.2,0.3,0.0079202054118111,7.90045427612088e-05,0.0,0.2826164329448943,3.2254213199401827,43.41761105311175,43.700227486056654,0.2905366383567055,9.962793071113492,,,,,0.3,3.4,45.3,,9.6,,,,,0.3,3.2,44.8,,9.6,38.0,0.85,0.65,42.0,18.0,1.8,18.0,22.0,6.0,67.3,4aeee070bb6ec60bdfae4dede61b9014,2026-09-20T17:00:00Z,New York Jets,Green Bay Packers,draftkings,DraftKings,player_receptions,Receptions,3.5,108.0,,3.2,1.8,Receptions,0.43381616738909634,0.5661838326109037,,0.4807692307692308,,0.08541460184167288,-0.3,UNDER,0.08541460184167288,8.5,,8.5,43.4,56.6,,48.1,22.2,C,EARLY MODERATE,"C: EARLY MODERATE. Edge 8.5% >= 7.0%, confidence 67.3 >= 58.0."
2026,3,,2026-09-27,13:00,00-0039040,De'Von Achane,devon achane,MIA,KC,RB,FEATURE RB,True,,,-8.5,44.5,26.5,,,2,33,8,0.2,0.7,0.1,8,18,15.61,3.51,13.72,18.88,-0.315,81.65,94.59,87.6,62.12,1.053,1.177,0.97,1.102,0.92,Tough,0.891,0.88,0.88,1.0,0.884,0.912,0.955,0.901,-12.0,-12.0,0.0,-11.6,-8.8,-4.5,-9.9,0.0019669551534225,0.0001573564122738,0.0,67.16397235959688,3.813228646189897,27.801744127233903,94.9657164868308,67.1659393147503,16.545635177928553,,,,,71.8,3.4,24.8,93.1,16.9,,,,,63.5,3.1,23.7,83.9,15.1,38.0,0.85,0.65,42.0,22.22,1.8,18.0,28.53,6.0,87.6,,,,,,,,,,,,,,,,,,,,,,NO ODDS,,,,,,,,,21.9,,EARLY MODERATE,No OVER/UNDER recommendation.
2026,3,,2026-09-27,16:05,00-0034855,Baker Mayfield,baker mayfield,TB,MIN,QB,STARTING QB,True,,,1.5,45.5,22.0,,,2,34,8,0.2,0.7,0.1,8,18,13.79,2.61,12.04,15.21,-0.249,84.09,96.02,87.4,53.38,1.01,0.997,0.97,0.982,1.022,Neutral,0.956,0.898,0.88,1.0,0.956,1.0,1.0,0.956,-10.2,-12.0,0.0,-4.4,0.0,0.0,-4.4,222.61096256684496,1.5668205765584613,0.0,23.2282531854004,0.0009992598075499,0.0017764618800888,23.23002964728049,245.8392157522453,16.368394890692976,218.1,1.54,0.0,240.9,,,,,16.0,195.9,1.36,0.0,216.3,,,,,15.3,43.1,0.85,0.65,47.59,18.0,1.8,18.0,22.0,6.0,87.4,,,,,,,,,,,,,,,,,,,,,,NO ODDS,,,,,,,,,21.8,,EARLY MODERATE,No OVER/UNDER recommendation.
2026,3,,2026-09-27,16:05,00-0033119,Jacoby Brissett,jacoby brissett,ARI,SF,QB,STARTING QB,False,,,-8.5,47.5,28.0,,,2,21,8,0.2,0.7,0.1,8,18,14.75,4.68,14.37,19.19,-0.19,75.91,93.98,87.2,71.12,1.074,0.989,0.977,1.102,0.928,Neutral,0.998,1.001,0.926,1.0,0.998,1.0,1.0,0.998,0.1,-7.4,0.0,-0.2,0.0,0.0,-0.2,199.474761904762,1.2762348877374787,0.0,11.13229953121145,0.0009992598075499,0.0017764618800888,11.13407599309154,210.60706143597335,13.14958781149766,209.4,1.34,0.0,221.0,,,,,13.8,209.6,1.24,0.0,221.2,,,,,13.8,46.11,0.85,0.65,48.66,18.0,1.8,18.0,22.0,6.0,87.2,,,,,,,,,,,,,,,,,,,,,,NO ODDS,,,,,,,,,21.8,,EARLY MODERATE,No OVER/UNDER recommendation.
2026,3,,2026-09-27,20:20,00-0037840,Kyren Williams,kyren williams,LAR,DEN,RB,ROTATION RB,False,,,2.5,46.5,22.0,,,2,33,8,0.2,0.7,0.1,8,18,15.15,3.08,12.77,16.43,-0.142,83.09,90.1,85.2,55.62,1.012,1.095,0.983,0.97,1.035,Neutral,0.966,0.913,0.88,1.0,0.95,0.88,0.88,0.912,-8.7,-12.0,0.0,-5.0,-12.0,-12.0,-8.8,0.0019669551534225,0.0001573564122738,0.0,71.78304703492155,2.070046828008079,14.296576378316152,86.0796234132377,71.78501399007497,15.072826736370107,,,,,68.4,2.1,14.6,84.8,15.0,,,,,65.0,1.8,12.8,77.3,14.5,38.0,0.85,0.65,42.0,22.75,1.8,18.0,26.28,6.0,85.2,,,,,,,,,,,,,,,,,,,,,,NO ODDS,,,,,,,,,21.3,,EARLY MODERATE,No OVER/UNDER recommendation.
2026,3,,2026-09-27,16:25,00-0033077,Dak Prescott,dak prescott,DAL,BAL,QB,STARTING QB,True,,,-3.0,52.5,27.75,,,2,25,8,0.2,0.7,0.1,8,18,17.32,8.83,13.79,21.12,-0.166,66.24,91.56,85.1,79.25,1.082,1.049,0.98,1.036,0.998,Neutral,0.998,1.077,0.88,1.0,0.998,1.0,1.0,0.998,7.7,-12.0,0.0,-0.2,0.0,0.0,-0.2,252.28128571428576,1.9563301258327168,0.0,12.83577572168764,0.0009992598075499,0.0017764618800888,12.837552183567729,265.1170614359734,18.579148763878614,267.4,2.07,0.0,281.0,,,,,19.7,288.0,1.82,0.0,302.6,,,,,19.7,63.36,1.0,0.65,66.57,18.0,1.8,18.0,22.0,6.0,85.1,,,,,,,,,,,,,,,,,,,,,,NO ODDS,,,,,,,,,21.3,,EARLY MODERATE,No OVER/UNDER recommendation.
2026,3,,2026-09-27,13:00,00-0040676,Cam Ward,cam ward,TEN,NYG,QB,QB,False,,,-5.5,43.5,24.5,,,2,17,8,0.2,0.7,0.1,8,18,14.16,4.35,10.61,17.29,-0.183,76.51,94.13,85.1,55.38,1.031,0.911,0.978,1.066,0.946,Neutral,1.044,1.021,1.12,1.0,1.044,1.0,1.0,1.044,2.1,12.0,0.0,4.4,0.0,0.0,4.4,182.775,0.8551704619671704,0.0,10.612019419166634,0.0009992598075499,0.0017764618800888,10.61379588104672,193.38701941916665,13.077160360517263,184.3,0.86,0.0,195.0,,,,,13.2,188.2,0.96,0.0,199.1,,,,,13.8,41.4,0.85,0.65,43.8,18.0,1.8,18.0,22.0,6.0,85.1,,,,,,,,,,,,,,,,,,,,,,NO ODDS,,,,,,,,,21.3,,EARLY MODERATE,No OVER/UNDER recommendation.
2026,3,,2026-09-27,16:05,00-0033293,Aaron Jones,aaron jones,MIN,TB,RB,ROTATION RB,False,,,-1.5,45.5,23.5,,,2,29,8,0.2,0.7,0.1,8,18,10.17,2.79,8.42,10.7,0.261,78.51,90.7,84.4,56.38,1.025,1.038,1.03,1.018,0.992,Neutral,1.013,1.096,1.079,1.0,0.88,1.12,1.12,0.989,9.6,7.9,0.0,-12.0,12.0,12.0,-1.1,0.0019669551534225,0.0001573564122738,0.0,59.6248611116494,2.016582691569805,14.888874669105824,74.51373578075524,59.62682806680283,11.158722858925712,,,,,62.5,2.1,15.2,77.2,11.8,,,,,55.0,2.4,17.0,76.4,12.0,38.0,0.85,0.65,42.0,19.25,1.8,18.0,25.98,6.0,84.4,,,,,,,,,,,,,,,,,,,,,,NO ODDS,,,,,,,,,21.1,,EARLY MODERATE,No OVER/UNDER recommendation.
2026,3,,2026-09-27,16:05,00-0033280,Christian McCaffrey,christian mccaffrey,SF,ARI,RB,FEATURE RB,True,,,8.5,47.5,19.5,,,2,21,8,0.2,0.7,0.1,8,18,20.63,7.13,15.22,27.43,-0.37,74.32,93.58,84.1,54.12,0.989,1.2,0.97,0.898,1.098,Neutral,1.062,1.039,1.12,1.0,1.12,0.88,0.93,1.119,3.9,12.0,0.0,12.0,-12.0,-7.0,11.9,0.0019669551534225,0.0001573564122738,0.0,59.2985556929302,4.866188602899855,42.80376793675772,102.10232362968794,59.30052264808363,20.72938788355626,,,,,51.7,5.2,45.6,98.9,19.9,,,,,57.9,4.6,42.4,110.7,21.1,38.0,0.85,0.65,42.0,20.26,1.8,18.0,37.64,6.33,84.1,,,,,,,,,,,,,,,,,,,,,,NO ODDS,,,,,,,,,21.0,,EARLY MODERATE,No OVER/UNDER recommendation.
2026,3,,2026-09-27,16:25,00-0036997,Javonte Williams,javonte williams,DAL,BAL,RB,ROTATION RB,True,,,-3.0,52.5,27.75,,,2,33,8,0.2,0.7,0.1,8,18,13.51,5.77,10.55,15.57,0.208,70.08,86.79,84.1,79.25,1.082,0.964,1.025,1.036,0.998,Neutral,0.998,1.077,0.88,1.0,0.88,1.12,1.12,0.954,7.7,-12.0,0.0,-12.0,12.0,12.0,-4.6,0.0019669551534225,0.0001573564122738,0.0,49.02988145050596,2.6020002912115427,14.857994127233903,63.88787557773987,49.03184840565939,12.081276411694786,,,,,52.1,2.7,15.2,66.6,13.4,,,,,45.8,3.0,17.0,63.5,13.4,38.0,0.85,0.65,42.0,18.0,1.8,18.0,22.0,6.0,84.1,,,,,,,,,,,,,,,,,,,,,,NO ODDS,,,,,,,,,21.0,,EARLY MODERATE,No OVER/UNDER recommendation.
2026,3,,2026-09-27,13:00,00-0036355,Justin Herbert,justin herbert,LAC,BUF,QB,QB,False,,,-4.5,49.5,27.0,,,2,33,8,0.2,0.7,0.1,8,18,13.63,7.19,9.77,13.73,-0.312,65.46,91.36,83.7,72.12,1.068,0.933,0.97,1.054,0.974,Neutral,0.94,0.885,0.982,1.0,0.94,1.0,1.0,0.94,-11.5,-1.8,0.0,-6.0,0.0,0.0,-6.0,220.7486471861472,1.3801688704214612,0.0,21.87168805934998,0.0009992598075499,0.0017764618800888,21.87346452123007,242.6203352454972,15.570618439203288,228.7,1.43,0.0,251.3,,,,,16.1,202.4,1.4,0.0,222.4,,,,,15.1,44.53,0.85,0.65,48.93,18.0,1.8,18.0,22.0,6.0,83.7,,,,,,,,,,,,,,,,,,,,,,NO ODDS,,,,,,,,,20.9,,EARLY MODERATE,No OVER/UNDER recommendation.
2026,3,,2026-09-27,20:20,00-0039732,Bo Nix,bo nix,DEN,LAR,QB,STARTING QB,True,,,-2.5,46.5,24.5,,,2,34,8,0.2,0.7,0.1,8,18,14.86,6.41,13.22,17.2,-0.528,69.86,92.47,83.5,60.62,1.037,1.039,0.97,1.03,0.985,Neutral,1.0,1.0,1.0,1.0,1.0,1.0,1.0,1.0,0.0,0.0,0.0,0.0,0.0,0.0,0.0,229.08491214667688,1.441610492524848,0.0,18.31366189433852,0.017042040556213,0.033862023377415,18.34752391771593,247.3985740410154,16.573326899860273,230.4,1.45,0.0,248.9,,,,,16.7,230.4,1.45,0.0,248.9,,,,,16.7,50.69,0.85,0.65,54.76,18.0,1.8,18.0,22.0,6.0,83.5,,,,,,,,,,,,,,,,,,,,,,NO ODDS,,,,,,,,,20.9,,EARLY MODERATE,No OVER/UNDER recommendation.
2026,3,,2026-09-27,16:05,00-0039361,Bucky Irving,bucky irving,TB,MIN,RB,FEATURE RB,True,,,1.5,45.5,22.0,,,2,27,8,0.2,0.7,0.1,8,18,12.54,4.49,8.25,16.1,0.877,73.62,92.39,83.4,53.38,1.01,1.099,1.03,0.982,1.022,Neutral,0.956,0.898,0.88,1.0,1.063,0.88,0.88,0.991,-10.2,-12.0,0.0,6.3,-12.0,-12.0,-0.9,0.0019669551534225,0.0001573564122738,0.0,63.61646778084229,3.1404336171448684,21.79745536044513,85.41392314128743,63.61843473599572,13.837584871753243,,,,,64.3,3.3,23.0,88.2,14.4,,,,,68.4,2.9,20.2,87.4,13.8,38.0,0.85,0.65,42.0,23.94,1.8,18.0,29.72,6.0,83.4,,,,,,,,,,,,,,,,,,,,,,NO ODDS,,,,,,,,,20.8,,EARLY MODERATE,No OVER/UNDER recommendation.
2026,3,,2026-09-27,13:00,00-0036223,Jonathan Taylor,jonathan taylor,IND,HOU,RB,FEATURE RB,True,,,-2.5,45.5,24.0,,,2,31,8,0.2,0.7,0.1,8,18,17.88,7.7,12.68,19.32,0.27,69.9,92.47,83.1,57.62,1.03,1.2,1.03,1.03,0.982,Neutral,0.956,0.963,0.88,1.0,0.88,0.936,0.935,0.88,-3.7,-12.0,0.0,-12.0,-6.4,-6.5,-12.0,0.0019669551534225,0.0001573564122738,0.0,89.50348656850623,2.427939754973587,20.318437675621,109.82192424412725,89.50545352365965,20.23465055636732,,,,,95.0,2.5,20.6,113.8,21.5,,,,,83.6,2.3,19.3,100.1,20.6,38.0,0.85,0.65,42.0,29.26,1.8,18.0,34.03,6.18,83.1,,,,,,,,,,,,,,,,,,,,,,NO ODDS,,,,,,,,,20.8,,EARLY MODERATE,No OVER/UNDER recommendation.
2026,3,,2026-09-27,13:00,00-0039851,Drake Maye,drake maye,NE,JAC,QB,QB,False,,,-2.5,45.5,24.0,,,2,30,8,0.2,0.7,0.1,8,18,17.46,7.88,14.26,21.3,-0.562,68.9,92.22,82.8,57.62,1.03,0.851,0.97,1.03,0.982,Neutral,1.0,1.0,1.0,1.0,1.0,1.0,1.0,1.0,0.0,0.0,0.0,0.0,0.0,0.0,0.0,221.01515599343188,1.3021954788704837,0.0,26.402660779158904,0.0232981103822626,0.0463741630295141,26.449034942188412,247.4178167725908,15.933241341875323,220.8,1.3,0.0,247.2,,,,,15.9,220.8,1.3,0.0,247.2,,,,,15.9,48.58,0.85,0.65,54.38,18.0,1.8,18.0,22.0,6.0,82.8,,,,,,,,,,,,,,,,,,,,,,NO ODDS,,,,,,,,,20.7,,EARLY MODERATE,No OVER/UNDER recommendation.
2026,3,,2026-09-27,16:25,00-0029604,Kirk Cousins,kirk cousins,LV,NO,QB,STARTING QB,False,,,-3.0,45.5,24.25,,,2,24,8,0.2,0.7,0.1,8,18,14.42,6.58,9.18,18.24,-0.194,68.65,92.16,82.8,58.25,1.032,0.917,0.977,1.036,0.977,Neutral,0.981,0.895,0.948,1.0,0.981,1.0,1.0,0.981,-10.5,-5.2,0.0,-1.9,0.0,0.0,-1.9,211.8493788819876,1.5059346806981413,0.0,1.5953740653729394,0.0009992598075499,0.0017764618800888,1.5971505272530282,213.4447529473605,12.980859240069083,213.6,1.52,0.0,215.3,,,,,13.1,191.2,1.44,0.0,192.7,,,,,12.9,42.06,0.85,0.65,42.39,18.0,1.8,18.0,22.0,6.0,82.8,,,,,,,,,,,,,,,,,,,,,,NO ODDS,,,,,,,,,20.7,,EARLY MODERATE,No OVER/UNDER recommendation.
2026,3,,2026-09-27,13:00,00-0039910,Jayden Daniels,jayden daniels,WAS,SEA,QB,QB,True,,,-2.5,41.5,22.0,,,2,24,8,0.2,0.7,0.1,8,18,15.12,5.55,15.1,18.23,-0.357,73.14,93.29,82.4,45.62,1.002,0.83,0.97,1.03,0.97,Neutral,0.94,0.88,0.88,1.0,0.94,1.0,1.0,0.94,-12.0,-12.0,0.0,-6.0,0.0,0.0,-6.0,179.43850931677022,1.367063045087375,0.0,46.660177378002345,0.0009992598075499,0.0017764618800888,46.66195383988244,226.0986866947725,17.853327148971783,174.4,1.33,0.0,219.8,,,,,17.4,153.5,1.17,0.0,193.4,,,,,16.4,38.0,0.85,0.65,42.55,18.0,1.8,18.0,22.0,6.0,82.4,,,,,,,,,,,,,,,,,,,,,,NO ODDS,,,,,,,,,20.6,,EARLY MODERATE,No OVER/UNDER recommendation.
2026,3,,2026-09-27,20:20,00-0026498,Matthew Stafford,matthew stafford,LAR,DEN,QB,STARTING QB,False,,,2.5,46.5,22.0,,,2,33,8,0.2,0.7,0.1,8,18,19.73,9.13,12.47,26.74,-0.106,68.37,92.09,82.3,55.62,1.012,1.012,0.987,0.97,1.035,Neutral,0.966,0.913,0.88,1.0,0.966,1.0,1.0,0.966,-8.7,-12.0,0.0,-3.4,0.0,0.0,-3.4,257.4501623376624,2.2207262297288213,0.0,2.2407627346746524,0.0009992598075499,0.0017764618800888,2.2425391965547408,259.690925072337,18.0761817508916,257.2,2.22,0.0,259.5,,,,,18.1,234.8,1.95,0.0,236.9,,,,,17.5,51.66,1.07,0.65,52.12,18.0,1.8,18.0,22.0,6.0,82.3,,,,,,,,,,,,,,,,,,,,,,NO ODDS,,,,,,,,,20.6,,EARLY MODERATE,No OVER/UNDER recommendation.
2026,3,,2026-09-27,13:00,00-0036945,Justin Fields,justin fields,NYJ,DET,QB,QB,False,,,-7.0,48.5,27.75,,,0,19,8,0.2,0.7,0.1,8,18,14.07,8.93,4.69,22.12,0.353,61.19,90.3,82.3,72.25,1.074,0.7,1.03,1.084,0.946,Favorable,1.088,1.108,1.12,1.0,1.088,1.0,1.0,1.088,10.8,12.0,0.0,8.8,0.0,0.0,8.8,129.8641917293233,0.7118662913761086,0.0,33.401182684691,0.0012490747594374,0.002220577350111,33.40340326204111,163.26537441401433,13.620116969885856,143.6,0.79,0.0,180.5,,,,,15.1,159.1,0.88,0.0,200.0,,,,,16.4,38.0,0.85,0.65,44.0,18.0,1.8,18.0,22.0,6.0,82.3,,,,,,,,,,,,,,,,,,,,,,NO ODDS,,,,,,,,,20.6,,EARLY MODERATE,No OVER/UNDER recommendation.
2026,3,,2026-09-27,13:00,00-0035710,Daniel Jones,daniel jones,IND,HOU,QB,QB,True,,,-2.5,45.5,24.0,,,2,23,8,0.2,0.7,0.1,8,17,12.21,5.97,10.81,16.32,-0.562,67.17,91.79,82.2,57.62,1.03,0.951,0.97,1.03,0.982,Neutral,0.956,0.963,0.88,1.0,0.956,1.0,1.0,0.956,-3.7,-12.0,0.0,-4.4,0.0,0.0,-4.4,216.17665160926032,1.1866000298417512,0.0,15.278636817113954,0.0009992598075499,0.0017764618800888,15.28041327899404,231.45528842637427,14.593610886972908,216.0,1.19,0.0,231.2,,,,,14.6,208.0,1.05,0.0,222.6,,,,,14.0,45.76,0.85,0.65,48.97,18.0,1.8,18.0,22.0,6.0,82.2,,,,,,,,,,,,,,,,,,,,,,NO ODDS,,,,,,,,,20.6,,EARLY MODERATE,No OVER/UNDER recommendation.
2026,3,,2026-09-27,16:05,00-0037834,Brock Purdy,brock purdy,SF,ARI,QB,STARTING QB,True,,,8.5,47.5,19.5,,,2,24,8,0.2,0.7,0.1,8,18,22.5,10.36,14.67,29.09,-0.418,68.47,92.12,82.1,54.12,0.989,0.92,0.97,0.898,1.098,Neutral,1.062,1.039,1.12,1.0,1.062,1.0,1.0,1.062,3.9,12.0,0.0,6.2,0.0,0.0,6.2,246.10983436853004,1.820686233493172,0.0,20.776637005331533,0.0009992598075499,0.0017764618800888,20.77841346721162,266.8864713738616,19.853668763878613,236.1,1.75,0.0,256.0,,,,,19.0,245.3,1.96,0.0,266.0,,,,,20.2,53.97,1.08,0.65,58.52,18.0,1.8,18.0,22.0,6.06,82.1,,,,,,,,,,,,,,,,,,,,,,NO ODDS,,,,,,,,,20.5,,EARLY MODERATE,No OVER/UNDER recommendation.
2026,3,,2026-09-27,13:00,00-0036971,Trevor Lawrence,trevor lawrence,JAC,NE,QB,STARTING QB,True,,,2.5,45.5,21.5,,,2,27,8,0.2,0.7,0.1,8,18,23.28,10.37,21.09,27.37,-0.436,69.18,92.3,82.1,52.62,1.005,0.944,0.97,0.97,1.032,Tough,0.919,0.902,0.88,1.0,0.919,1.0,1.0,0.919,-9.8,-12.0,0.0,-8.1,0.0,0.0,-8.1,220.32623117623123,1.4611473826499737,0.0,15.828030096942015,0.0009992598075499,-0.085118125014498,15.74291197192752,236.1542612731732,16.998189113898963,214.8,1.42,0.0,230.2,,,,,16.6,193.7,1.25,0.0,207.6,,,,,15.3,42.61,0.85,0.65,45.67,18.0,1.8,18.0,22.0,6.0,82.1,,,,,,,,,,,,,,,,,,,,,,NO ODDS,,,,,,,,,20.5,,EARLY MODERATE,No OVER/UNDER recommendation.
2026,3,,2026-09-27,13:00,00-0023459,Aaron Rodgers,aaron rodgers,PIT,CIN,QB,STARTING QB,True,,,-2.5,45.5,24.0,,,2,33,8,0.2,0.7,0.1,8,18,11.96,6.11,6.49,17.16,-0.139,66.21,91.55,81.8,57.62,1.03,1.043,0.983,1.03,0.982,Neutral,1.046,1.1,0.888,1.0,1.046,1.0,1.0,1.046,10.0,-11.2,0.0,4.6,0.0,0.0,4.6,210.57007575757575,1.2503799093825,0.0,5.5864607866227045,0.0290295628378529,-0.2504962653926385,5.335964521230066,216.15653654419845,12.819628179463024,213.3,1.27,0.0,218.9,,,,,13.0,234.6,1.13,0.0,240.8,,,,,13.6,51.61,0.85,0.65,52.98,18.0,1.8,18.0,22.0,6.0,81.8,,,,,,,,,,,,,,,,,,,,,,NO ODDS,,,,,,,,,20.4,,EARLY MODERATE,No OVER/UNDER recommendation.
2026,3,,2026-09-27,13:00,00-0036950,Avery Williams,avery williams,NYJ,DET,RB,DEPTH RB,False,,,-7.0,48.5,27.75,,,0,18,8,0.2,0.7,0.1,8,18,0.0,0.0,0.0,0.0,0.0,100.0,65.0,81.8,72.25,1.074,0.6,1.0,1.084,0.946,Favorable,1.088,1.108,1.12,1.0,1.004,0.88,0.88,0.95,10.8,12.0,0.0,0.4,-12.0,-12.0,-5.0,0.0024586939417781,0.0001966955153422,0.0,4.124980330448467,0.1934500393391031,1.4195908733280884,5.544571203776555,4.127439024390244,0.9617348544453188,,,,,4.5,0.2,1.3,5.6,1.0,,,,,4.5,0.2,1.1,5.3,1.1,38.0,0.85,0.65,42.0,18.0,1.8,18.0,22.0,6.0,81.8,,,,,,,,,,,,,,,,,,,,,,NO ODDS,,,,,,,,,20.4,,EARLY MODERATE,No OVER/UNDER recommendation.
2026,3,,2026-09-27,13:00,00-0040666,Omarion Hampton,omarion hampton,LAC,BUF,RB,FEATURE RB,False,,,-4.5,49.5,27.0,,,2,9,8,0.2,0.7,0.1,8,17,15.1,5.53,11.82,18.12,0.183,73.2,90.24,81.5,72.12,1.068,1.111,1.022,1.054,0.974,Neutral,0.94,0.885,0.982,1.0,1.083,0.981,0.981,1.058,-11.5,-1.8,0.0,8.3,-1.9,-1.9,5.8,0.0019669551534225,0.0001573564122738,0.0,61.71625410562861,3.021029872741124,18.760672698662475,80.4769268042911,61.71822106078204,14.623118042286416,,,,,66.5,3.0,18.7,83.4,16.0,,,,,72.0,2.9,18.3,88.2,15.0,38.0,0.85,0.65,42.0,25.2,1.8,18.0,29.99,6.0,81.5,,,,,,,,,,,,,,,,,,,,,,NO ODDS,,,,,,,,,20.4,,EARLY MODERATE,No OVER/UNDER recommendation.
2026,3,,2026-09-27,13:00,00-0033873,Patrick Mahomes,patrick mahomes,KC,MIA,QB,STARTING QB,False,,,8.5,44.5,18.0,,,2,30,8,0.2,0.7,0.1,8,18,18.58,8.15,12.42,23.49,0.206,69.5,92.38,81.1,45.12,0.968,1.137,1.025,0.898,1.09,Neutral,1.031,1.002,1.12,1.0,1.031,1.0,1.0,1.031,0.2,12.0,0.0,3.1,0.0,0.0,3.1,260.6673399014779,1.7794040174583323,0.0,22.99169197784528,0.0469762713018028,-0.2979936530624398,22.69369832478284,283.65903187932315,20.207932967491093,258.6,1.77,0.0,281.4,,,,,20.0,259.1,1.98,0.0,282.0,,,,,20.6,57.0,1.09,0.65,62.04,18.0,1.8,18.0,22.0,6.18,81.1,,,,,,,,,,,,,,,,,,,,,,NO ODDS,,,,,,,,,20.3,,EARLY MODERATE,No OVER/UNDER recommendation.
2026,3,,2026-09-27,16:05,00-0035228,Kyler Murray,kyler murray,MIN,TB,QB,STARTING QB,False,,,-1.5,45.5,23.5,,,1,22,8,0.2,0.7,0.1,8,18,13.75,7.53,14.04,16.66,-0.331,64.62,91.15,81.1,56.38,1.025,0.829,0.97,1.018,0.992,Neutral,1.013,1.096,1.079,1.0,1.013,1.0,1.0,1.013,9.6,7.9,0.0,1.3,0.0,0.0,1.3,176.83311688311684,0.979654801157392,0.0,26.30082766973959,0.0009992598075499,0.0017764618800888,26.30260413161968,203.1339445528565,13.133155776865625,175.8,0.97,0.0,202.0,,,,,13.1,192.7,1.05,0.0,221.4,,,,,13.3,42.39,0.85,0.65,48.71,18.0,1.8,18.0,22.0,6.0,81.1,,,,,,,,,,,,,,,,,,,,,,NO ODDS,,,,,,,,,20.3,,EARLY MODERATE,No OVER/UNDER recommendation.
2026,3,,2026-09-27,13:00,00-0036212,Tua Tagovailoa,tua tagovailoa,MIA,KC,QB,QB,True,,,-8.5,44.5,26.5,,,0,25,8,0.2,0.7,0.1,8,18,10.12,6.29,6.3,12.17,0.144,61.65,90.41,80.9,62.12,1.053,0.936,1.017,1.102,0.92,Tough,0.891,0.88,0.88,1.0,0.891,1.0,1.0,0.891,-12.0,-12.0,0.0,-10.9,0.0,0.0,-10.9,210.76142857142855,1.4707698001480385,0.0,4.681862509252406,0.0012490747594374,0.002220577350111,4.6840830866025165,215.443291080681,13.138328811991116,225.8,1.58,0.0,230.8,,,,,14.1,198.7,1.39,0.0,203.1,,,,,12.6,43.71,0.85,0.65,44.68,18.0,1.8,18.0,22.0,6.0,80.9,,,,,,,,,,,,,,,,,,,,,,NO ODDS,,,,,,,,,20.2,,EARLY MODERATE,No OVER/UNDER recommendation.
2026,3,,2026-09-27,16:05,00-0036924,Michael Carter,michael carter,ARI,SF,RB,ROTATION RB,False,,,-8.5,47.5,28.0,,,0,16,8,0.2,0.7,0.1,8,18,8.08,2.67,6.45,9.45,-0.341,75.2,78.35,80.8,71.12,1.074,0.69,0.97,1.102,0.928,Neutral,0.998,1.001,0.926,1.0,1.024,1.12,1.12,1.055,0.1,-7.4,0.0,2.4,12.0,12.0,5.5,0.0024586939417781,0.0001966955153422,0.0,29.353105330448464,2.543450039339102,19.394590873328088,48.74769620377656,29.35556402439024,8.11954735444532,,,,,31.4,2.3,17.5,48.0,8.5,,,,,32.2,2.6,19.6,50.6,8.5,38.0,0.85,0.65,42.0,18.0,1.8,18.0,22.0,6.0,80.8,,,,,,,,,,,,,,,,,,,,,,NO ODDS,,,,,,,,,20.2,,EARLY MODERATE,No OVER/UNDER recommendation.
2026,3,,2026-09-27,16:05,00-0036646,Simi Fehoko,simi fehoko,ARI,SF,WR,LOW TARGET,False,,,-8.5,47.5,28.0,,,1,13,8,0.2,0.7,0.1,8,10,0.0,0.0,0.0,0.0,0.0,100.0,65.0,80.4,71.12,1.074,0.55,1.0,1.102,0.928,Neutral,0.998,1.001,0.926,1.0,0.998,0.987,0.959,0.998,0.1,-7.4,0.0,-0.2,-1.3,-4.1,-0.2,0.0036631121642969,8.886255924170617e-05,0.0,0.0993680884676145,0.4942915299550371,7.392976819783693,7.492344908251308,0.1030312006319115,1.3681986116174507,,,,,0.1,0.5,6.9,,1.5,,,,,0.1,0.5,6.6,,1.5,38.0,0.85,0.65,42.0,18.0,1.8,18.0,22.0,6.0,80.4,,,,,,,,,,,,,,,,,,,,,,NO ODDS,,,,,,,,,20.1,,EARLY MODERATE,No OVER/UNDER recommendation.
2026,3,,2026-09-27,13:00,00-0040583,Woody Marks,woody marks,HOU,IND,RB,ROTATION RB,False,,,2.5,45.5,21.5,,,2,16,8,0.2,0.7,0.1,8,18,7.86,2.97,6.35,8.5,-0.298,72.54,85.59,80.3,52.62,1.005,0.898,0.97,0.97,1.032,Favorable,1.108,1.12,0.986,1.0,1.071,0.958,1.032,1.062,12.0,-1.4,0.0,7.1,-4.2,3.2,6.2,0.0019669551534225,0.0001573564122738,0.0,40.09534140721592,1.9786886028998545,12.691029841519615,52.786371248735534,40.09730836236935,8.643387883556256,,,,,37.7,2.0,12.7,51.3,8.4,,,,,40.4,1.9,13.1,54.5,9.3,38.0,0.85,0.65,42.0,18.0,1.8,18.0,22.0,6.0,80.3,,,,,,,,,,,,,,,,,,,,,,NO ODDS,,,,,,,,,20.1,,EARLY MODERATE,No OVER/UNDER recommendation.
2026,3,,2026-09-27,16:25,00-0040122,Ashton Jeanty,ashton jeanty,LV,NO,RB,FEATURE RB,False,,,-3.0,45.5,24.25,,,2,17,8,0.2,0.7,0.1,8,18,16.18,10.24,9.03,17.25,0.124,61.25,90.31,80.2,58.25,1.032,1.2,1.015,1.036,0.977,Neutral,0.981,0.895,0.948,1.0,1.12,0.886,0.881,1.069,-10.5,-5.2,0.0,12.0,-11.4,-11.9,6.9,0.0019669551534225,0.0001573564122738,0.0,56.41731619713189,3.404339863404056,21.0345172364776,77.4518334336095,56.41928315228532,14.244534942379785,,,,,59.3,3.4,20.9,79.1,14.9,,,,,66.4,3.0,18.4,84.6,14.6,38.0,0.85,0.65,42.0,23.24,1.8,18.0,28.76,6.0,80.2,,,,,,,,,,,,,,,,,,,,,,NO ODDS,,,,,,,,,20.0,,EARLY MODERATE,No OVER/UNDER recommendation.
2026,3,,2026-09-27,20:20,00-0040730,RJ Harvey,rj harvey,DEN,LAR,RB,ROTATION RB,True,,,-2.5,46.5,24.5,,,1,17,8,0.2,0.7,0.1,8,18,13.72,6.95,8.07,21.4,-0.432,66.36,84.72,79.6,60.62,1.037,0.72,0.97,1.03,0.985,Neutral,1.0,1.0,1.0,1.0,1.0,1.0,1.0,1.0,0.0,0.0,0.0,0.0,0.0,0.0,0.0,0.0019669551534225,0.0001573564122738,0.0,30.45880779377054,2.9518188550006945,21.265819757486003,51.72462755125655,30.46077474892396,11.393873177673903,,,,,30.4,2.8,20.3,50.6,11.5,,,,,30.4,2.8,20.3,50.6,11.5,38.0,0.85,0.65,42.0,18.0,1.8,18.0,22.0,6.0,79.6,,,,,,,,,,,,,,,,,,,,,,NO ODDS,,,,,,,,,19.9,,EARLY MODERATE,No OVER/UNDER recommendation.
2026,3,,2026-09-27,16:05,00-0040506,Myles Price,myles price,MIN,TB,WR,LOW TARGET,False,,,-1.5,45.5,23.5,,,2,16,8,0.2,0.7,0.1,8,17,0.0,0.0,0.0,0.0,0.0,100.0,65.31,79.6,56.38,1.025,0.55,1.0,1.018,0.992,Neutral,1.013,1.096,1.079,1.0,1.013,1.015,0.955,1.013,9.6,7.9,0.0,1.3,1.5,-4.5,1.3,0.0036631121642969,8.886255924170617e-05,0.0,0.0993680884676145,0.2596761453396525,3.2737460505529232,3.373114139020538,0.1030312006319115,0.721660150078989,,,,,0.1,0.3,3.2,,0.7,,,,,0.1,0.3,3.1,,0.7,38.0,0.85,0.65,42.0,18.0,1.8,18.0,22.0,6.0,79.6,,,,,,,,,,,,,,,,,,,,,,NO ODDS,,,,,,,,,19.9,,EARLY MODERATE,No OVER/UNDER recommendation.
2026,3,,2026-09-27,13:00,00-0040784,Quinshon Judkins,quinshon judkins,CLE,CAR,RB,ROTATION RB,True,,,-2.5,40.5,21.5,,,2,14,8,0.2,0.7,0.1,8,16,9.61,3.71,6.72,11.55,-0.103,72.16,87.63,79.5,42.62,0.995,1.084,0.988,1.03,0.968,Neutral,1.007,0.941,0.88,1.0,1.12,0.997,0.963,1.12,-5.9,-12.0,0.0,12.0,-0.3,-3.7,12.0,0.0019669551534225,0.0001573564122738,0.0,46.38569855007306,2.339375416086668,15.22138698437676,61.607085534449816,46.38766550522649,10.706310960479334,,,,,47.2,2.2,14.5,60.8,10.5,,,,,52.9,2.2,14.0,68.1,10.6,38.0,0.85,0.65,42.0,18.51,1.8,18.0,23.15,6.0,79.5,,,,,,,,,,,,,,,,,,,,,,NO ODDS,,,,,,,,,19.9,,EARLY MODERATE,No OVER/UNDER recommendation.
2026,3,,2026-09-27,16:05,00-0033553,James Conner,james conner,ARI,SF,RB,ROTATION RB,False,,,-8.5,47.5,28.0,,,0,19,8,0.2,0.7,0.1,8,18,14.67,8.95,10.0,23.3,-0.447,62.11,82.4,79.2,71.12,1.074,1.008,0.97,1.102,0.928,Neutral,0.998,1.001,0.926,1.0,1.024,1.12,1.12,1.055,0.1,-7.4,0.0,2.4,12.0,12.0,5.5,0.0024586939417781,0.0001966955153422,0.0,56.67761190939584,2.8381868814443663,22.41081894350353,79.08843085289935,56.68007060333762,14.12752432812953,,,,,60.6,2.6,20.2,77.9,14.7,,,,,62.1,2.9,22.6,82.2,14.7,38.0,0.85,0.65,42.0,21.74,1.8,18.0,27.95,6.0,79.2,,,,,,,,,,,,,,,,,,,,,,NO ODDS,,,,,,,,,19.8,,EARLY MODERATE,No OVER/UNDER recommendation.
2026,3,,2026-09-27,16:05,00-0039589,Kameron Johnson,kameron johnson,TB,MIN,WR,LOW TARGET,True,,,1.5,45.5,22.0,,,2,21,8,0.2,0.7,0.1,8,18,0.0,0.0,0.0,0.0,0.0,100.0,65.15,79.1,53.38,1.01,0.55,1.0,0.982,1.022,Neutral,0.956,0.898,0.88,1.0,0.956,0.893,0.909,0.956,-10.2,-12.0,0.0,-4.4,-10.7,-9.1,-4.4,0.0036631121642969,8.886255924170617e-05,0.0,0.8150823741819005,0.3872951929587001,5.315650812457686,6.130733186639587,0.8187454863461975,1.3164696738885129,,,,,0.8,0.4,5.4,,1.3,,,,,0.8,0.4,4.9,,1.2,38.0,0.85,0.65,42.0,18.0,1.8,18.0,22.0,6.0,79.1,,,,,,,,,,,,,,,,,,,,,,NO ODDS,,,,,,,,,19.8,,EARLY MODERATE,No OVER/UNDER recommendation.
2026,3,,2026-09-27,13:00,00-0038134,Kenneth Walker III,kenneth walker iii,KC,MIA,RB,FEATURE RB,False,,,8.5,44.5,18.0,,,2,28,8,0.2,0.7,0.1,8,18,17.75,10.66,6.72,24.2,1.0,62.47,90.62,78.6,45.12,0.968,1.176,1.03,0.898,1.09,Neutral,1.031,1.002,1.12,1.0,1.12,1.11,1.12,1.12,0.2,12.0,0.0,12.0,11.0,12.0,12.0,0.0019669551534225,0.0001573564122738,0.0,70.36109537546989,2.9666647933760446,24.92297428596406,95.28406966143396,70.36306233062331,14.961372010540382,,,,,65.1,3.3,28.0,97.5,14.9,,,,,72.9,3.7,31.4,109.2,15.4,38.0,0.85,0.65,42.0,25.52,1.8,18.0,37.13,6.0,78.6,,,,,,,,,,,,,,,,,,,,,,NO ODDS,,,,,,,,,19.6,,EARLY MODERATE,No OVER/UNDER recommendation.
2026,3,,2026-09-27,13:00,00-0036139,Rico Dowdle,rico dowdle,PIT,CIN,RB,ROTATION RB,True,,,-2.5,45.5,24.0,,,2,33,8,0.2,0.7,0.1,8,18,7.4,3.1,5.83,10.28,-0.55,70.46,80.82,78.6,57.62,1.03,0.952,0.97,1.03,0.982,Neutral,1.046,1.1,0.888,1.0,1.084,1.12,1.12,1.12,10.0,-11.2,0.0,8.4,12.0,12.0,12.0,0.0019669551534225,0.0001573564122738,0.0,53.22176456738907,2.204191849653101,16.269114257104032,69.49087882449312,53.2237315225425,10.740250978794352,,,,,53.2,2.1,15.5,67.8,10.7,,,,,57.7,2.4,17.4,75.9,11.2,38.0,0.85,0.65,42.0,20.2,1.8,18.0,25.81,6.0,78.6,,,,,,,,,,,,,,,,,,,,,,NO ODDS,,,,,,,,,19.6,,EARLY MODERATE,No OVER/UNDER recommendation.
2026,3,,2026-09-27,16:25,00-0039376,Spencer Rattler,spencer rattler,NO,LV,QB,QB,True,,,3.0,45.5,21.25,,,0,16,8,0.2,0.7,0.1,8,18,9.33,6.51,8.55,14.48,-0.68,58.91,89.73,78.5,52.25,1.002,0.901,0.97,0.964,1.038,Neutral,0.951,0.937,0.88,1.0,0.951,1.0,1.0,0.951,-6.3,-12.0,0.0,-4.9,0.0,0.0,-4.9,178.91205357142857,0.8170198001480384,0.0,18.36686250925241,0.0668740747594374,0.002220577350111,18.36908308660252,197.278916080681,10.65222881199112,174.0,0.79,0.0,191.8,,,,,10.4,163.0,0.7,0.0,179.7,,,,,9.9,38.0,0.85,0.65,42.0,18.0,1.8,18.0,22.0,6.0,78.5,,,,,,,,,,,,,,,,,,,,,,NO ODDS,,,,,,,,,19.6,,EARLY MODERATE,No OVER/UNDER recommendation.
2026,3,,2026-09-27,13:00,00-0038896,Jacob Saylors,jacob saylors,DET,NYJ,RB,DEPTH RB,True,,,7.0,48.5,20.75,,,2,11,8,0.2,0.7,0.1,8,16,0.0,0.0,0.0,0.0,0.0,100.0,65.0,78.5,58.25,1.004,0.6,1.0,0.916,1.086,Neutral,0.957,0.912,1.12,1.0,1.048,0.88,1.01,1.039,-8.8,12.0,0.0,4.8,-12.0,1.0,3.9,0.0019669551534225,0.0001573564122738,0.0,3.879984264358773,0.1547600314712825,1.1356726986624708,5.015656963021245,3.881951219512196,0.8273878835562549,,,,,3.6,0.2,1.2,5.0,0.8,,,,,3.8,0.2,1.2,5.2,0.8,38.0,0.85,0.65,42.0,18.0,1.8,18.0,22.0,6.0,78.5,,,,,,,,,,,,,,,,,,,,,,NO ODDS,,,,,,,,,19.6,,EARLY MODERATE,No OVER/UNDER recommendation.
2026,3,,2026-09-27,16:05,00-0037744,Trey McBride,trey mcbride,ARI,SF,TE,HIGH TARGET,False,,,-8.5,47.5,28.0,,,2,33,8,0.2,0.7,0.1,8,18,19.49,8.43,12.82,23.83,-0.171,69.81,75.84,78.5,71.12,1.074,1.18,0.979,1.102,0.928,Neutral,0.998,1.001,0.926,1.0,0.998,1.062,1.009,0.998,0.1,-7.4,0.0,-0.2,6.2,0.9,-0.2,0.0079202054118111,7.90045427612088e-05,0.0,0.065813402641864,7.023015475784339,64.96048984099055,65.0263032436324,0.0737336080536752,16.889767529987957,,,,,0.1,6.4,59.1,,17.8,,,,,0.1,6.8,59.6,,17.8,38.0,0.85,0.65,42.0,18.0,2.58,22.65,22.0,6.0,78.5,,,,,,,,,,,,,,,,,,,,,,NO ODDS,,,,,,,,,19.6,,EARLY MODERATE,No OVER/UNDER recommendation.
2026,3,,2026-09-27,13:00,00-0037228,Jaylen Warren,jaylen warren,PIT,CIN,RB,ROTATION RB,True,,,-2.5,45.5,24.0,,,2,31,8,0.2,0.7,0.1,8,18,12.88,6.56,9.22,14.97,-0.194,66.25,82.91,78.4,57.62,1.03,0.873,0.977,1.03,0.982,Neutral,1.046,1.1,0.888,1.0,1.084,1.12,1.12,1.12,10.0,-11.2,0.0,8.4,12.0,12.0,12.0,0.0019669551534225,0.0001573564122738,0.0,47.73721928740025,2.484253119028886,21.940188827694733,69.67740811509499,47.73918624255368,10.930705855906483,,,,,48.0,2.4,21.1,68.5,11.0,,,,,52.0,2.7,23.6,76.7,11.5,38.0,0.85,0.65,42.0,18.2,1.8,18.0,26.08,6.0,78.4,,,,,,,,,,,,,,,,,,,,,,NO ODDS,,,,,,,,,19.6,,EARLY MODERATE,No OVER/UNDER recommendation.
2026,3,,2026-09-27,20:20,00-0036158,J.K. Dobbins,jk dobbins,DEN,LAR,RB,ROTATION RB,True,,,-2.5,46.5,24.5,,,2,23,8,0.2,0.7,0.1,8,18,7.56,4.08,3.9,10.57,-0.447,64.94,81.35,77.9,60.62,1.037,0.933,0.97,1.03,0.985,Neutral,1.0,1.0,1.0,1.0,1.0,1.0,1.0,1.0,0.0,0.0,0.0,0.0,0.0,0.0,0.0,0.0019669551534225,0.0001573564122738,0.0,61.33279058846946,1.3496216915503343,6.314724082061681,67.64751467053114,61.334757543622885,10.445909622686694,,,,,61.3,1.3,6.0,66.1,10.5,,,,,61.3,1.3,6.0,66.1,10.5,38.0,0.85,0.65,42.0,21.46,1.8,18.0,22.47,6.0,77.9,,,,,,,,,,,,,,,,,,,,,,NO ODDS,,,,,,,,,19.5,,EARLY MODERATE,No OVER/UNDER recommendation.
2026,3,,2026-09-27,13:00,00-0038519,Nikko Remigio,nikko remigio,KC,MIA,WR,LOW TARGET,False,,,8.5,44.5,18.0,,,2,19,8,0.2,0.7,0.1,8,18,0.0,0.0,0.0,0.0,0.0,100.0,65.0,77.8,45.12,0.968,0.55,1.0,0.898,1.09,Neutral,1.031,1.002,1.12,1.0,1.031,0.932,0.88,1.031,0.2,12.0,0.0,3.1,-6.8,-12.0,3.1,0.0036631121642969,8.886255924170617e-05,0.0,0.4660347551342811,0.3473954435852666,5.284272366342397,5.750307121476678,0.4696978672985781,1.047098746570217,,,,,0.4,0.4,5.8,,1.0,,,,,0.4,0.4,5.1,,1.0,38.0,0.85,0.65,42.0,18.0,1.8,18.0,22.0,6.0,77.8,,,,,,,,,,,,,,,,,,,,,,NO ODDS,,,,,,,,,19.4,,EARLY MODERATE,No OVER/UNDER recommendation.
2026,3,,2026-09-27,13:00,00-0040691,Jaxson Dart,jaxson dart,NYG,TEN,QB,QB,True,,,5.5,43.5,19.0,,,2,14,8,0.2,0.7,0.1,8,18,16.15,10.74,10.37,25.38,0.012,60.06,90.02,77.7,44.38,0.976,0.722,1.001,0.934,1.056,Neutral,1.04,1.071,1.016,1.0,1.04,1.0,1.0,1.04,7.1,1.6,0.0,4.0,0.0,0.0,4.0,156.17197802197805,1.054879576382167,0.0,29.958270227182144,0.0009992598075499,0.0017764618800888,29.96004668906223,186.13024824916025,15.659267664977513,152.6,1.03,0.0,181.9,,,,,15.3,163.4,1.05,0.0,194.8,,,,,15.9,38.0,0.85,0.65,42.86,18.0,1.8,18.0,22.0,6.0,77.7,,,,,,,,,,,,,,,,,,,,,,NO ODDS,,,,,,,,,19.4,,EARLY MODERATE,No OVER/UNDER recommendation.
2026,3,,2026-09-27,16:25,00-0031280,Derek Carr,derek carr,NO,LV,QB,STARTING QB,True,,,3.0,45.5,21.25,,,0,10,8,0.2,0.7,0.1,8,18,14.13,3.94,10.99,15.6,-0.027,78.21,94.55,77.7,52.25,1.002,0.895,0.997,0.964,1.038,Neutral,0.951,0.937,0.88,1.0,0.951,1.0,1.0,0.951,-6.3,-12.0,0.0,-4.9,0.0,0.0,-4.9,213.56726190476184,1.3982698001480385,0.0,8.673112509252405,0.0012490747594374,0.002220577350111,8.675333086602517,222.24037441401427,14.713853811991116,213.4,1.4,0.0,222.1,,,,,14.7,200.0,1.23,0.0,208.1,,,,,14.0,44.0,0.85,0.65,45.78,18.0,1.8,18.0,22.0,6.0,77.7,,,,,,,,,,,,,,,,,,,,,,NO ODDS,,,,,,,,,19.4,,EARLY MODERATE,No OVER/UNDER recommendation.
2026,3,,2026-09-27,13:00,00-0035261,Tony Pollard,tony pollard,TEN,NYG,RB,ROTATION RB,False,,,-5.5,43.5,24.5,,,2,33,8,0.2,0.7,0.1,8,18,10.86,6.53,6.95,13.18,-0.464,62.43,84.38,77.7,55.38,1.031,1.005,0.97,1.066,0.946,Neutral,1.044,1.021,1.12,1.0,1.12,1.007,0.981,1.12,2.1,12.0,0.0,12.0,0.7,-1.9,12.0,0.0019669551534225,0.0001573564122738,0.0,60.28621261933713,1.840934273895525,10.135023348013124,70.42123596735026,60.28817957449056,10.123059420352794,,,,,62.3,1.7,9.3,68.7,10.1,,,,,69.8,1.7,9.1,76.9,10.5,38.0,0.85,0.65,42.0,24.43,1.8,18.0,26.15,6.0,77.7,,,,,,,,,,,,,,,,,,,,,,NO ODDS,,,,,,,,,19.4,,EARLY MODERATE,No OVER/UNDER recommendation.
2026,3,,2026-09-27,13:00,00-0040734,TreVeyon Henderson,treveyon henderson,NE,JAC,RB,ROTATION RB,False,,,-2.5,45.5,24.0,,,1,17,8,0.2,0.7,0.1,8,18,14.74,8.96,10.38,20.5,-0.109,62.19,83.08,77.4,57.62,1.03,0.861,0.987,1.03,0.982,Neutral,1.0,1.0,1.0,1.0,1.0,1.0,1.0,1.0,0.0,0.0,0.0,0.0,0.0,0.0,0.0,0.0019669551534225,0.0001573564122738,0.0,59.578660734947015,1.4790247373536356,9.529790345721295,69.10845108066832,59.58062769010044,12.537402589438608,,,,,60.6,1.4,9.2,68.6,12.7,,,,,60.6,1.4,9.2,68.6,12.7,38.0,0.85,0.65,42.0,21.21,1.8,18.0,23.32,6.0,77.4,,,,,,,,,,,,,,,,,,,,,,NO ODDS,,,,,,,,,19.4,,EARLY MODERATE,No OVER/UNDER recommendation.
2026,3,,2026-09-27,13:00,00-0031763,DeAndre Carter,deandre carter,CLE,CAR,WR,LOW TARGET,True,,,-2.5,40.5,21.5,,,0,17,8,0.2,0.7,0.1,8,18,0.0,0.0,0.0,0.0,0.0,100.0,65.0,77.4,42.62,0.995,0.55,1.0,1.03,0.968,Neutral,1.007,0.941,0.88,1.0,1.007,0.954,0.881,1.007,-5.9,-12.0,0.0,0.7,-4.6,-11.9,0.7,0.0045788902053712,0.0001110781990521,0.0,0.1242101105845181,0.6527201816745657,6.645491386720567,6.769701497305084,0.1287890007898894,1.4855310699516773,,,,,0.1,0.6,6.4,,1.5,,,,,0.1,0.6,5.6,,1.5,38.0,0.85,0.65,42.0,18.0,1.8,18.0,22.0,6.0,77.4,,,,,,,,,,,,,,,,,,,,,,NO ODDS,,,,,,,,,19.4,,EARLY MODERATE,No OVER/UNDER recommendation.
2026,3,,2026-09-27,16:25,00-0036973,Travis Etienne,travis etienne,NO,LV,RB,ROTATION RB,True,,,3.0,45.5,21.25,,,2,32,8,0.2,0.7,0.1,8,18,13.25,7.99,6.6,17.75,-0.55,62.38,84.37,77.2,52.25,1.002,0.942,0.97,0.964,1.038,Neutral,0.951,0.937,0.88,1.0,1.002,0.974,0.935,0.986,-6.3,-12.0,0.0,0.2,-2.6,-6.5,-1.4,0.0019669551534225,0.0001573564122738,0.0,47.26066974822975,2.4426920591210526,16.169169242441274,63.42983899067102,47.26263670338317,11.485597560975611,,,,,44.2,2.5,16.3,61.6,11.2,,,,,44.3,2.4,15.2,60.7,10.7,38.0,0.85,0.65,42.0,18.0,1.8,18.0,22.0,6.0,77.2,,,,,,,,,,,,,,,,,,,,,,NO ODDS,,,,,,,,,19.3,,EARLY MODERATE,No OVER/UNDER recommendation.
2026,3,,2026-09-27,13:00,00-0037594,Julius Chestnut,julius chestnut,TEN,NYG,RB,DEPTH RB,False,,,-5.5,43.5,24.5,,,1,28,8,0.2,0.7,0.1,8,18,0.03,0.08,0.0,0.03,-0.033,92.51,63.61,76.9,55.38,1.031,0.6,0.996,1.066,0.946,Neutral,1.044,1.021,1.12,1.0,1.12,1.007,0.981,1.12,2.1,12.0,0.0,12.0,0.7,-1.9,12.0,0.0019669551534225,0.0001573564122738,0.0,6.211889026263536,0.1904743171855682,1.3182123812021531,7.530101407465689,6.213855981416958,1.114546613714985,,,,,6.6,0.2,1.2,7.5,1.1,,,,,7.4,0.2,1.2,8.4,1.1,38.0,0.85,0.65,42.0,18.0,1.8,18.0,22.0,6.0,76.9,,,,,,,,,,,,,,,,,,,,,,NO ODDS,,,,,,,,,19.2,,EARLY MODERATE,No OVER/UNDER recommendation.
2026,3,,2026-09-27,16:05,00-0034928,Steven Sims,steven sims,ARI,SF,WR,LOW TARGET,False,,,-8.5,47.5,28.0,,,0,12,8,0.2,0.7,0.1,8,18,0.0,0.0,0.0,0.0,0.0,100.0,65.26,76.8,71.12,1.074,0.55,1.0,1.102,0.928,Neutral,0.998,1.001,0.926,1.0,0.998,0.987,0.959,0.998,0.1,-7.4,0.0,-0.2,-1.3,-4.1,-0.2,0.0045788902053712,0.0001110781990521,0.0,0.1242101105845181,0.3245951816745656,4.0921825631911535,4.2163926737756725,0.1287890007898894,0.9020751875987362,,,,,0.1,0.3,3.8,,1.0,,,,,0.1,0.3,3.6,,1.0,38.0,0.85,0.65,42.0,18.0,1.8,18.0,22.0,6.0,76.8,,,,,,,,,,,,,,,,,,,,,,NO ODDS,,,,,,,,,19.2,,EARLY MODERATE,No OVER/UNDER recommendation.
2026,3,,2026-09-27,13:00,00-0034869,Sam Darnold,sam darnold,SEA,WAS,QB,QB,False,,,2.5,41.5,19.5,,,1,34,8,0.2,0.7,0.1,8,18,10.15,7.37,5.34,18.12,-0.71,57.94,89.48,76.4,40.62,0.977,0.754,0.97,0.97,1.02,Favorable,1.106,1.099,1.12,1.0,1.106,1.0,1.0,1.106,9.9,12.0,0.0,10.6,0.0,0.0,10.6,192.9868220015279,1.2940169096371474,0.0,7.187687868364492,0.0009992598075499,0.0017764618800888,7.18946433024458,200.1745098698924,12.285102300929791,182.9,1.23,0.0,189.7,,,,,11.6,201.0,1.38,0.0,208.5,,,,,12.8,44.22,0.85,0.65,45.87,18.0,1.8,18.0,22.0,6.0,76.4,,,,,,,,,,,,,,,,,,,,,,NO ODDS,,,,,,,,,19.1,,EARLY MODERATE,No OVER/UNDER recommendation.
2026,3,,2026-09-27,20:20,00-0039075,Puka Nacua,puka nacua,LAR,DEN,WR,HIGH TARGET,False,,,2.5,46.5,22.0,,,1,27,8,0.2,0.7,0.1,8,18,24.21,11.47,15.07,29.85,-0.509,67.84,77.17,76.2,55.62,1.012,1.18,0.97,0.97,1.035,Neutral,0.966,0.913,0.88,1.0,0.966,0.979,0.88,0.966,-8.7,-12.0,0.0,-3.4,-2.1,-12.0,-3.4,0.0036631121642969,8.886255924170617e-05,0.0,4.111618800718328,6.739448225111732,90.3290167058236,94.44063550654194,4.115281912882625,18.825563283982124,,,,,3.9,6.8,90.7,91.9,18.5,,,,,3.8,6.7,79.8,88.8,17.9,38.0,0.85,0.65,42.0,18.0,2.55,30.32,30.19,6.0,76.2,,,,,,,,,,,,,,,,,,,,,,NO ODDS,,,,,,,,,19.0,,EARLY MODERATE,No OVER/UNDER recommendation.
2026,3,,2026-09-27,16:25,00-0039064,Zay Flowers,zay flowers,BAL,DAL,WR,REGULAR TARGET,False,,,3.0,52.5,24.75,,,1,34,8,0.2,0.7,0.1,8,18,19.1,8.26,12.72,22.4,0.194,69.82,69.43,76.2,73.25,1.052,0.91,1.023,0.964,1.058,Favorable,1.074,1.106,1.12,1.0,1.074,1.077,1.086,1.074,10.6,12.0,0.0,7.4,7.7,8.6,7.4,0.0036631121642969,8.886255924170617e-05,0.0,2.504180922692214,4.550585236248743,80.60636637140855,83.11054729410075,2.507844034856511,15.386312556496105,,,,,2.5,4.9,87.3,,16.6,,,,,2.7,5.3,94.8,,17.8,38.0,0.85,0.65,42.0,18.0,2.01,36.02,22.0,6.0,76.2,,,,,,,,,,,,,,,,,,,,,,NO ODDS,,,,,,,,,19.0,,EARLY MODERATE,No OVER/UNDER recommendation.
2026,3,,2026-09-27,16:05,00-0037263,Tyler Allgeier,tyler allgeier,ARI,SF,RB,ROTATION RB,False,,,-8.5,47.5,28.0,,,2,34,8,0.2,0.7,0.1,8,18,5.78,3.54,2.75,8.77,0.274,62.02,74.84,76.1,71.12,1.074,0.6,1.03,1.102,0.928,Neutral,0.998,1.001,0.926,1.0,1.024,1.12,1.12,1.055,0.1,-7.4,0.0,2.4,12.0,12.0,5.5,0.0019669551534225,0.0001573564122738,0.0,31.309457144419888,1.1173268763910689,6.820164677272097,38.12962182169199,31.31142409957331,6.583704155519586,,,,,35.5,1.1,6.5,39.9,7.3,,,,,36.4,1.2,7.3,42.1,7.3,38.0,0.85,0.65,42.0,18.0,1.8,18.0,22.0,6.0,76.1,,,,,,,,,,,,,,,,,,,,,,NO ODDS,,,,,,,,,19.0,,EARLY MODERATE,No OVER/UNDER recommendation.
2026,3,,2026-09-27,16:25,00-0039407,Dylan Laube,dylan laube,LV,NO,RB,DEPTH RB,False,,,-3.0,45.5,24.25,,,2,23,8,0.2,0.7,0.1,8,18,0.04,0.12,0.0,0.0,-0.133,89.2,62.66,76.1,58.25,1.032,0.6,0.984,1.036,0.977,Neutral,0.981,0.895,0.948,1.0,1.12,0.886,0.881,1.069,-10.5,-5.2,0.0,12.0,-11.4,-11.9,6.9,0.0019669551534225,0.0001573564122738,0.0,3.6082846596156894,0.2377639840404525,1.604052145302787,5.212336804918478,3.610251614769112,0.8952772116194961,,,,,3.7,0.2,1.5,5.2,0.9,,,,,4.1,0.2,1.3,5.6,0.9,38.0,0.85,0.65,42.0,18.0,1.8,18.0,22.0,6.0,76.1,,,,,,,,,,,,,,,,,,,,,,NO ODDS,,,,,,,,,19.0,,EARLY MODERATE,No OVER/UNDER recommendation.
2026,3,,2026-09-27,13:00,00-0032268,Marcus Mariota,marcus mariota,WAS,SEA,QB,QB,True,,,-2.5,41.5,22.0,,,1,13,8,0.2,0.7,0.1,8,18,10.8,7.7,7.48,16.25,-0.257,58.4,89.6,76.0,45.62,1.002,0.7,0.97,1.03,0.97,Neutral,0.94,0.88,0.88,1.0,0.94,1.0,1.0,0.94,-12.0,-12.0,0.0,-6.0,0.0,0.0,-6.0,154.63406593406594,1.0340004555030462,0.0,22.78464385355577,0.0009992598075499,0.0017764618800888,22.786420315435866,177.41870978762174,11.962806126515977,150.3,1.0,0.0,172.4,,,,,11.6,132.3,0.88,0.0,151.7,,,,,10.9,38.0,0.85,0.65,42.0,18.0,1.8,18.0,22.0,6.0,76.0,,,,,,,,,,,,,,,,,,,,,,NO ODDS,,,,,,,,,19.0,,EARLY MODERATE,No OVER/UNDER recommendation.
2026,3,,2026-09-27,16:05,00-0039921,Trey Benson,trey benson,ARI,SF,RB,DEPTH RB,False,,,-8.5,47.5,28.0,,,0,16,8,0.2,0.7,0.1,8,15,6.41,3.32,2.15,8.43,0.978,65.87,71.47,75.7,71.12,1.074,0.6,1.03,1.102,0.928,Neutral,0.998,1.001,0.926,1.0,1.024,1.12,1.12,1.055,0.1,-7.4,0.0,2.4,12.0,12.0,5.5,0.0024586939417781,0.0001966955153422,0.0,30.171855330448462,1.449700039339103,9.022715873328089,39.19457120377656,30.17431402439024,5.882984854445319,,,,,34.2,1.4,8.6,41.0,6.5,,,,,35.0,1.6,9.6,43.3,6.5,38.0,0.85,0.65,42.0,18.0,1.8,18.0,22.0,6.0,75.7,,,,,,,,,,,,,,,,,,,,,,NO ODDS,,,,,,,,,18.9,,EARLY MODERATE,No OVER/UNDER recommendation.
2026,3,,2026-09-27,16:05,00-0038643,Brayden Willis,brayden willis,SF,ARI,TE,LOW TARGET,True,,,8.5,47.5,19.5,,,1,11,8,0.2,0.7,0.1,8,18,0.0,0.0,0.0,0.0,0.0,100.0,65.4,75.5,54.12,0.989,0.55,1.0,0.898,1.098,Neutral,1.062,1.039,1.12,1.0,1.062,1.12,1.12,1.062,3.9,12.0,0.0,6.2,12.0,12.0,6.2,0.0079202054118111,7.90045427612088e-05,0.0,0.0336164329448943,0.2198498913687537,2.2452301007307924,2.278846533675687,0.0415366383567055,0.5470835473039701,,,,,0.0,0.2,2.5,,0.5,,,,,0.0,0.2,2.8,,0.5,38.0,0.85,0.65,42.0,18.0,1.8,18.0,22.0,6.0,75.5,,,,,,,,,,,,,,,,,,,,,,NO ODDS,,,,,,,,,18.9,,EARLY MODERATE,No OVER/UNDER recommendation.
2026,3,,2026-09-27,13:00,00-0038606,Parker Washington,parker washington,JAC,NE,WR,HIGH TARGET,True,,,2.5,45.5,21.5,,,2,30,8,0.2,0.7,0.1,8,18,17.15,6.04,14.68,19.4,0.037,73.96,72.76,75.5,52.62,1.005,0.882,1.004,0.97,1.032,Tough,0.919,0.902,0.88,1.0,0.919,0.945,0.88,0.919,-9.8,-12.0,0.0,-8.1,-5.5,-12.0,-8.1,0.0036631121642969,8.886255924170617e-05,0.0,0.0683336057089938,3.8453904310539375,54.55890204398479,54.62723564969377,0.0719967178732908,11.50437936190165,,,,,0.1,4.0,56.6,,11.6,,,,,0.1,3.8,49.8,,10.7,38.0,0.85,0.65,42.0,18.0,1.8,18.92,22.0,6.0,75.5,,,,,,,,,,,,,,,,,,,,,,NO ODDS,,,,,,,,,18.9,,EARLY MODERATE,No OVER/UNDER recommendation.
2026,3,,2026-09-27,13:00,00-0040727,Tre Harris,tre harris,LAC,BUF,WR,LOW TARGET,False,,,-4.5,49.5,27.0,,,2,16,8,0.2,0.7,0.1,8,18,5.59,2.07,4.38,6.7,-0.187,72.93,65.78,75.4,72.12,1.068,0.55,0.978,1.054,0.974,Neutral,0.94,0.885,0.982,1.0,0.94,0.949,0.912,0.94,-11.5,-1.8,0.0,-6.0,-5.1,-8.8,-6.0,0.0036631121642969,8.886255924170617e-05,0.0,0.6768680884676148,1.953961859625367,27.31553176483864,27.992399853306253,0.6805312006319117,5.117874435793276,,,,,0.7,1.9,26.0,,5.3,,,,,0.7,1.8,23.7,,5.0,38.0,0.85,0.65,42.0,18.0,1.8,18.0,22.0,6.0,75.4,,,,,,,,,,,,,,,,,,,,,,NO ODDS,,,,,,,,,18.8,,EARLY MODERATE,No OVER/UNDER recommendation.
2026,3,,2026-09-27,13:00,00-0033537,Deshaun Watson,deshaun watson,CLE,CAR,QB,QB,True,,,-2.5,40.5,21.5,,,2,7,8,0.2,0.7,0.1,8,18,12.45,4.89,8.41,15.69,0.337,71.8,92.95,75.3,42.62,0.995,0.882,1.03,1.03,0.968,Neutral,1.007,0.941,0.88,1.0,1.007,1.0,1.0,1.007,-5.9,-12.0,0.0,0.7,0.0,0.0,0.7,176.4357142857143,0.9043301258327168,0.0,19.724204293116216,0.0009992598075499,0.0017764618800888,19.725980754996304,196.1599185788305,12.08816876387861,180.8,0.93,0.0,201.0,,,,,12.4,170.1,0.82,0.0,189.1,,,,,12.5,38.0,0.85,0.65,42.0,18.0,1.8,18.0,22.0,6.0,75.3,,,,,,,,,,,,,,,,,,,,,,NO ODDS,,,,,,,,,18.8,,EARLY MODERATE,No OVER/UNDER recommendation.
2026,3,,2026-09-27,16:25,00-0039373,Audric Estimé,audric estimé,NO,LV,RB,ROTATION RB,True,,,3.0,45.5,21.25,,,0,18,8,0.2,0.7,0.1,8,18,9.83,5.21,6.12,12.0,1.0,65.35,77.87,75.3,52.25,1.002,0.6,1.03,0.964,1.038,Neutral,0.951,0.937,0.88,1.0,1.002,0.974,0.935,0.986,-6.3,-12.0,0.0,0.2,-2.6,-6.5,-1.4,0.0024586939417781,0.0001966955153422,0.0,31.008150265088997,1.2195938301887763,9.535603945223514,40.54375421031251,31.01060895903077,6.481260998236168,,,,,30.8,1.3,10.2,41.8,6.7,,,,,30.9,1.3,9.5,41.2,6.4,38.0,0.85,0.65,42.0,18.0,1.8,18.0,22.0,6.0,75.3,,,,,,,,,,,,,,,,,,,,,,NO ODDS,,,,,,,,,18.8,,EARLY MODERATE,No OVER/UNDER recommendation.
2026,3,,2026-09-27,13:00,00-0033526,Samaje Perine,samaje perine,CIN,PIT,RB,DEPTH RB,False,,,2.5,45.5,21.5,,,2,32,8,0.2,0.7,0.1,8,18,6.95,2.67,5.17,8.22,-0.245,72.26,73.12,75.2,52.62,1.005,0.6,0.971,0.97,1.032,Neutral,1.062,1.054,0.952,1.0,1.078,1.053,1.12,1.095,5.4,-4.8,0.0,7.8,5.3,12.0,9.5,0.0019669551534225,0.0001573564122738,0.0,17.48385523210071,1.434368326402158,13.39151947285602,30.875374704956727,17.485822187254133,5.301032468809712,,,,,16.5,1.4,13.4,30.0,5.2,,,,,17.8,1.5,15.0,32.8,5.5,38.0,0.85,0.65,42.0,18.0,1.8,18.0,22.0,6.0,75.2,,,,,,,,,,,,,,,,,,,,,,NO ODDS,,,,,,,,,18.8,,EARLY MODERATE,No OVER/UNDER recommendation.
2026,3,,2026-09-27,16:05,00-0039363,Isaac Guerendo,isaac guerendo,SF,ARI,RB,DEPTH RB,True,,,8.5,47.5,19.5,,,0,23,8,0.2,0.7,0.1,8,18,0.04,0.13,0.0,0.0,0.0,88.59,62.4,75.2,54.12,0.989,0.6,1.0,0.898,1.098,Neutral,1.062,1.039,1.12,1.0,1.12,0.88,0.93,1.119,3.9,12.0,0.0,12.0,-12.0,-7.0,11.9,0.0024586939417781,0.0001966955153422,0.0,18.687727366021598,0.7715132804458226,7.480855695462477,26.168583061484075,18.69018605996337,4.4974561983188375,,,,,16.8,0.8,8.2,26.1,4.4,,,,,18.8,0.7,7.6,29.2,4.7,38.0,0.85,0.65,42.0,18.0,1.8,18.0,22.0,6.0,75.2,,,,,,,,,,,,,,,,,,,,,,NO ODDS,,,,,,,,,18.8,,EARLY MODERATE,No OVER/UNDER recommendation.
2026,3,,2026-09-27,13:00,00-0033040,Tyreek Hill,tyreek hill,MIA,KC,WR,REGULAR TARGET,True,,,-8.5,44.5,26.5,,,0,21,8,0.2,0.7,0.1,8,18,12.32,4.93,7.4,16.15,0.444,71.41,69.95,75.2,62.12,1.053,0.978,1.03,1.102,0.92,Tough,0.891,0.88,0.88,1.0,0.891,0.958,0.88,0.891,-12.0,-12.0,0.0,-10.9,-4.2,-12.0,-10.9,0.0045788902053712,0.0001110781990521,0.0,1.8396863010607087,4.651380895960281,55.75825399176261,57.597940292823296,1.8442651912660808,12.349158520932072,,,,,2.1,4.4,52.8,,13.4,,,,,1.9,4.2,46.5,,11.9,38.0,0.85,0.65,42.0,18.0,1.8,18.0,22.0,6.0,75.2,,,,,,,,,,,,,,,,,,,,,,NO ODDS,,,,,,,,,18.8,,EARLY MODERATE,No OVER/UNDER recommendation.
2026,3,,2026-09-27,13:00,00-0039165,Zach Charbonnet,zach charbonnet,SEA,WAS,RB,ROTATION RB,False,,,2.5,41.5,19.5,,,0,33,8,0.2,0.7,0.1,8,18,14.06,7.45,8.12,17.72,1.0,65.36,81.16,74.9,40.62,0.977,0.746,1.03,0.97,1.02,Favorable,1.106,1.099,1.12,1.0,1.11,0.88,0.941,1.069,9.9,12.0,0.0,11.0,-12.0,-5.9,6.9,0.0024586939417781,0.0001966955153422,0.0,40.84373033044847,1.7194917060057695,13.340992388479604,54.18472271892807,40.84618902439025,10.872151521111984,,,,,40.8,1.8,14.0,55.5,10.9,,,,,45.3,1.6,13.2,59.3,12.1,38.0,0.85,0.65,42.0,18.0,1.8,18.0,22.0,6.0,74.9,,,,,,,,,,,,,,,,,,,,,,NO ODDS,,,,,,,,,18.7,,EARLY MODERATE,No OVER/UNDER recommendation.
2026,3,,2026-09-27,16:25,00-0033906,Alvin Kamara,alvin kamara,NO,LV,RB,ROTATION RB,True,,,3.0,45.5,21.25,,,1,25,8,0.2,0.7,0.1,8,18,7.23,4.34,5.3,10.28,0.924,62.48,78.47,74.8,52.25,1.002,1.055,1.03,0.964,1.038,Neutral,0.951,0.937,0.88,1.0,1.002,0.974,0.935,0.986,-6.3,-12.0,0.0,0.2,-2.6,-6.5,-1.4,0.0019669551534225,0.0001573564122738,0.0,43.24398426435877,3.8257600314712823,21.178672698662474,64.42265696302125,43.2459512195122,11.399087883556255,,,,,42.9,4.1,22.6,66.4,11.8,,,,,43.0,4.0,21.1,65.5,11.2,38.0,0.85,0.65,42.0,18.0,1.8,18.0,22.27,6.0,74.8,,,,,,,,,,,,,,,,,,,,,,NO ODDS,,,,,,,,,18.7,,EARLY MODERATE,No OVER/UNDER recommendation.
2026,3,,2026-09-27,13:00,00-0040128,Tyler Warren,tyler warren,IND,HOU,TE,REGULAR TARGET,True,,,-2.5,45.5,24.0,,,2,17,8,0.2,0.7,0.1,8,18,8.94,3.37,5.72,10.53,0.599,72.64,69.93,74.8,57.62,1.03,0.888,1.03,1.03,0.982,Neutral,0.956,0.963,0.88,1.0,0.956,0.983,1.031,0.956,-3.7,-12.0,0.0,-4.4,-1.7,3.1,-4.4,0.0079202054118111,7.90045427612088e-05,0.0,0.7232172732810289,4.311656614057831,36.99102842005853,37.71424569333956,0.7311374786928401,10.472136068312375,,,,,0.8,4.4,37.4,,11.1,,,,,0.8,4.3,38.6,,10.6,38.0,0.85,0.65,42.0,18.0,1.8,18.0,22.0,6.0,74.8,,,,,,,,,,,,,,,,,,,,,,NO ODDS,,,,,,,,,18.7,,EARLY MODERATE,No OVER/UNDER recommendation.
2026,3,,2026-09-27,16:25,00-0036358,CeeDee Lamb,ceedee lamb,DAL,BAL,WR,REGULAR TARGET,True,,,-3.0,52.5,27.75,,,2,28,8,0.2,0.7,0.1,8,18,16.64,10.55,10.72,19.62,0.378,61.21,68.83,74.7,79.25,1.082,1.18,1.03,1.036,0.998,Neutral,0.998,1.077,0.88,1.0,0.998,1.12,1.1,0.998,7.7,-12.0,0.0,-0.2,12.0,10.0,-0.2,0.0036631121642969,8.886255924170617e-05,0.0,1.4025426916422177,6.004914240577747,84.10231747912435,85.50486017076658,1.4062058038065148,17.992771261190104,,,,,1.5,6.2,86.5,,20.0,,,,,1.5,6.9,95.2,,20.0,38.0,0.85,0.65,42.0,18.0,2.62,36.18,22.0,6.0,74.7,,,,,,,,,,,,,,,,,,,,,,NO ODDS,,,,,,,,,18.7,,EARLY MODERATE,No OVER/UNDER recommendation.
2026,3,,2026-09-27,13:00,00-0038997,Josh Downs,josh downs,IND,HOU,WR,REGULAR TARGET,True,,,-2.5,45.5,24.0,,,2,30,8,0.2,0.7,0.1,8,18,9.04,3.25,6.15,10.68,0.073,73.54,69.25,74.7,57.62,1.03,0.901,1.009,1.03,0.982,Neutral,0.956,0.963,0.88,1.0,0.956,0.908,0.95,0.956,-3.7,-12.0,0.0,-4.4,-9.2,-5.0,-4.4,0.0036631121642969,8.886255924170617e-05,0.0,0.2313221114561203,4.265226227441459,46.06776903905868,46.2990911505148,0.2349852236204173,10.211532071261257,,,,,0.2,4.2,45.7,,10.6,,,,,0.2,3.8,43.4,,10.1,38.0,0.85,0.65,42.0,18.0,1.8,18.0,22.0,6.0,74.7,,,,,,,,,,,,,,,,,,,,,,NO ODDS,,,,,,,,,18.7,,EARLY MODERATE,No OVER/UNDER recommendation.
2026,3,,2026-09-27,13:00,00-0040715,Cam Skattebo,cam skattebo,NYG,TEN,RB,ROTATION RB,True,,,5.5,43.5,19.0,,,2,8,8,0.2,0.7,0.1,8,8,15.88,6.81,12.25,19.82,-0.473,69.99,88.63,74.6,44.38,0.976,1.012,0.97,0.934,1.056,Neutral,1.04,1.071,1.016,1.0,1.013,0.88,0.88,0.97,7.1,1.6,0.0,1.3,-12.0,-12.0,-3.0,0.0019669551534225,0.0001573564122738,0.0,50.41426997864448,2.772617174328426,22.117815555805333,72.53208553444982,50.41623693379791,14.61117359784197,,,,,45.7,2.8,22.7,70.0,13.8,,,,,46.3,2.5,20.0,67.9,14.4,38.0,0.85,0.65,42.0,18.0,1.8,18.0,23.09,6.0,74.6,,,,,,,,,,,,,,,,,,,,,,NO ODDS,,,,,,,,,18.6,,EARLY MODERATE,No OVER/UNDER recommendation.
2026,3,,2026-09-27,13:00,00-0038564,Cameron Latu,cameron latu,NE,JAC,TE,LOW TARGET,False,,,-2.5,45.5,24.0,,,1,10,8,0.2,0.7,0.1,8,18,0.0,0.0,0.0,0.0,0.0,100.0,65.0,74.6,57.62,1.03,0.55,1.0,1.03,0.982,Neutral,1.0,1.0,1.0,1.0,1.0,1.0,1.0,1.0,0.0,0.0,0.0,0.0,0.0,0.0,0.0,0.0079202054118111,7.90045427612088e-05,0.0,0.0336164329448943,0.2198498913687537,2.2452301007307924,2.278846533675687,0.0415366383567055,0.5470835473039701,,,,,0.0,0.2,2.2,,0.6,,,,,0.0,0.2,2.2,,0.6,38.0,0.85,0.65,42.0,18.0,1.8,18.0,22.0,6.0,74.6,,,,,,,,,,,,,,,,,,,,,,NO ODDS,,,,,,,,,18.6,,EARLY MODERATE,No OVER/UNDER recommendation.
2026,3,,2026-09-27,13:00,00-0036825,Feleipe Franks,feleipe franks,CAR,CLE,TE,LOW TARGET,False,,,2.5,40.5,19.0,,,2,19,8,0.2,0.7,0.1,8,18,0.02,0.06,0.0,0.0,-0.067,93.95,63.69,74.6,37.62,0.97,0.55,0.992,0.97,1.017,Neutral,0.948,0.88,1.049,1.0,0.948,0.966,0.968,0.948,-12.0,4.9,0.0,-5.2,-3.4,-3.2,-5.2,0.0079202054118111,7.90045427612088e-05,0.0,0.2125638013659469,0.2549376106669994,2.66628273230974,2.878846533675687,0.2204840067777581,0.6421712666022158,,,,,0.2,0.3,2.7,,0.6,,,,,0.2,0.3,2.6,,0.6,38.0,0.85,0.65,42.0,18.0,1.8,18.0,22.0,6.0,74.6,,,,,,,,,,,,,,,,,,,,,,NO ODDS,,,,,,,,,18.6,,EARLY MODERATE,No OVER/UNDER recommendation.
2026,3,,2026-09-27,16:25,00-0038579,Aidan O'Connell,aidan oconnell,LV,NO,QB,STARTING QB,False,,,-3.0,45.5,24.25,,,0,10,8,0.2,0.7,0.1,8,18,11.33,5.8,6.26,16.29,0.01,66.14,91.54,74.4,58.25,1.032,0.861,1.001,1.036,0.977,Neutral,0.981,0.895,0.948,1.0,0.981,1.0,1.0,0.981,-10.5,-5.2,0.0,-1.9,0.0,0.0,-1.9,180.12559523809523,0.8816031334813719,0.0,5.9564458425857385,0.0012490747594374,0.002220577350111,5.9586664199358506,186.08204108068097,10.804520478657784,186.2,0.91,0.0,192.4,,,,,11.2,166.6,0.86,0.0,172.2,,,,,11.0,38.0,0.85,0.65,42.0,18.0,1.8,18.0,22.0,6.0,74.4,,,,,,,,,,,,,,,,,,,,,,NO ODDS,,,,,,,,,18.6,,EARLY MODERATE,No OVER/UNDER recommendation.
2026,3,,2026-09-27,16:05,00-0037525,Jordan Mason,jordan mason,MIN,TB,RB,DEPTH RB,False,,,-1.5,45.5,23.5,,,1,28,8,0.2,0.7,0.1,8,18,7.38,3.83,3.88,10.68,0.176,65.84,73.72,74.4,56.38,1.025,0.743,1.021,1.018,0.992,Neutral,1.013,1.096,1.079,1.0,0.88,1.12,1.12,0.989,9.6,7.9,0.0,-12.0,12.0,12.0,-1.1,0.0019669551534225,0.0001573564122738,0.0,50.87300013737465,0.7333314600427111,4.103133016122789,54.97613315349744,50.87496709252808,8.80835613752451,,,,,52.9,0.7,4.2,56.4,9.2,,,,,46.6,0.8,4.7,55.8,9.3,38.0,0.85,0.65,42.0,18.0,1.8,18.0,22.0,6.0,74.4,,,,,,,,,,,,,,,,,,,,,,NO ODDS,,,,,,,,,18.6,,EARLY MODERATE,No OVER/UNDER recommendation.
2026,3,,2026-09-27,16:25,00-0036040,Juwan Johnson,juwan johnson,NO,LV,TE,REGULAR TARGET,True,,,3.0,45.5,21.25,,,2,32,8,0.2,0.7,0.1,8,18,11.09,3.45,7.62,13.72,-0.142,76.28,68.84,74.4,52.25,1.002,0.726,0.983,0.964,1.038,Neutral,0.951,0.937,0.88,1.0,0.951,0.88,0.88,0.951,-6.3,-12.0,0.0,-4.9,-12.0,-12.0,-4.9,0.0079202054118111,7.90045427612088e-05,0.0,0.0336164329448943,3.8506102600323486,48.11213678275845,48.145753215703344,0.0415366383567055,9.739649791543604,,,,,0.0,3.9,49.1,,9.6,,,,,0.0,3.4,43.2,,9.1,38.0,0.85,0.65,42.0,18.0,1.8,18.0,22.0,6.0,74.4,,,,,,,,,,,,,,,,,,,,,,NO ODDS,,,,,,,,,18.6,,EARLY MODERATE,No OVER/UNDER recommendation.
2026,3,,2026-09-27,13:00,00-0035640,DK Metcalf,dk metcalf,PIT,CIN,WR,HIGH TARGET,True,,,-2.5,45.5,24.0,,,2,30,8,0.2,0.7,0.1,8,18,10.79,4.96,7.67,14.43,-0.461,68.48,71.69,74.4,57.62,1.03,1.002,0.97,1.03,0.982,Neutral,1.046,1.1,0.888,1.0,1.046,0.88,0.88,1.046,10.0,-11.2,0.0,4.6,-12.0,-12.0,4.6,0.0036631121642969,8.886255924170617e-05,0.0,0.4662646401917525,3.909791087868389,50.95246526237559,51.41872990256734,0.4699277523560495,10.814037818387694,,,,,0.5,3.7,48.6,,10.8,,,,,0.5,3.3,42.8,,11.3,38.0,0.85,0.65,42.0,18.0,1.8,18.0,22.0,6.0,74.4,,,,,,,,,,,,,,,,,,,,,,NO ODDS,,,,,,,,,18.6,,EARLY MODERATE,No OVER/UNDER recommendation.
2026,3,,2026-09-27,13:00,00-0026158,Joe Flacco,joe flacco,CIN,PIT,QB,QB,False,,,2.5,45.5,21.5,,,0,20,8,0.2,0.7,0.1,8,18,9.78,11.13,0.92,24.73,-0.97,46.76,86.69,74.3,52.62,1.005,0.969,0.97,0.97,1.032,Neutral,1.062,1.054,0.952,1.0,1.062,1.0,1.0,1.062,5.4,-4.8,0.0,6.2,0.0,0.0,6.2,198.57669172932336,1.251559273832249,0.0,4.3027177724103005,0.0012490747594374,0.002220577350111,4.304938349760412,202.8794095017336,11.90789328567533,193.6,1.22,0.0,197.8,,,,,11.6,204.1,1.16,0.0,208.5,,,,,12.3,44.9,0.85,0.65,45.87,18.0,1.8,18.0,22.0,6.0,74.3,,,,,,,,,,,,,,,,,,,,,,NO ODDS,,,,,,,,,18.6,,EARLY MODERATE,No OVER/UNDER recommendation.
2026,3,,2026-09-27,13:00,00-0036875,Rhamondre Stevenson,rhamondre stevenson,NE,JAC,RB,ROTATION RB,False,,,-2.5,45.5,24.0,,,2,29,8,0.2,0.7,0.1,8,18,16.12,10.91,8.92,20.15,-0.041,59.64,76.76,74.3,57.62,1.03,0.812,0.995,1.03,0.982,Neutral,1.0,1.0,1.0,1.0,1.0,1.0,1.0,1.0,0.0,0.0,0.0,0.0,0.0,0.0,0.0,0.0019669551534225,0.0001573564122738,0.0,45.6105753973637,2.136779735904781,17.552667772554102,63.1632431699178,45.61254235251713,10.85470808060059,,,,,46.7,2.1,17.2,63.2,11.1,,,,,46.7,2.1,17.2,63.2,11.1,38.0,0.85,0.65,42.0,18.0,1.8,18.0,22.0,6.0,74.3,,,,,,,,,,,,,,,,,,,,,,NO ODDS,,,,,,,,,18.6,,EARLY MODERATE,No OVER/UNDER recommendation.
2026,3,,2026-09-27,16:05,00-0038559,Michael Wilson,michael wilson,ARI,SF,WR,HIGH TARGET,False,,,-8.5,47.5,28.0,,,2,33,8,0.2,0.7,0.1,8,18,15.06,9.07,9.6,20.15,-0.287,62.42,70.07,74.3,71.12,1.074,0.905,0.97,1.102,0.928,Neutral,0.998,1.001,0.926,1.0,0.998,0.987,0.959,0.998,0.1,-7.4,0.0,-0.2,-1.3,-4.1,-0.2,0.0036631121642969,8.886255924170617e-05,0.0,0.2438756642251903,3.678642595556103,45.37244734925422,45.616323013479416,0.2475387763894873,9.883886881680722,,,,,0.3,3.3,40.9,,10.3,,,,,0.3,3.3,39.2,,10.3,38.0,0.85,0.65,42.0,18.0,1.8,18.0,22.0,6.0,74.3,,,,,,,,,,,,,,,,,,,,,,NO ODDS,,,,,,,,,18.6,,EARLY MODERATE,No OVER/UNDER recommendation.
2026,3,,2026-09-27,16:25,00-0034972,Alexander Mattison,alexander mattison,LV,NO,RB,ROTATION RB,False,,,-3.0,45.5,24.25,,,0,14,8,0.2,0.7,0.1,8,18,8.12,4.57,4.5,11.25,0.73,63.97,80.0,74.2,58.25,1.032,0.8,1.03,1.036,0.977,Neutral,0.981,0.895,0.948,1.0,1.12,0.886,0.881,1.069,-10.5,-5.2,0.0,12.0,-11.4,-11.9,6.9,0.0024586939417781,0.0001966955153422,0.0,30.57690340737154,2.497021467910532,19.044590873328087,49.62149428069963,30.579362101313315,9.1647568324673,,,,,32.6,2.5,19.2,51.5,9.7,,,,,36.5,2.2,16.9,55.1,9.5,38.0,0.85,0.65,42.0,18.0,1.8,18.0,22.0,6.0,74.2,,,,,,,,,,,,,,,,,,,,,,NO ODDS,,,,,,,,,18.6,,EARLY MODERATE,No OVER/UNDER recommendation.
2026,3,,2026-09-27,16:25,00-0034753,Mark Andrews,mark andrews,BAL,DAL,TE,LOW TARGET,False,,,3.0,52.5,24.75,,,2,34,8,0.2,0.7,0.1,8,18,6.49,3.05,3.7,8.75,0.547,68.08,65.49,74.2,73.25,1.052,0.65,1.03,0.964,1.058,Favorable,1.074,1.106,1.12,1.0,1.074,1.068,1.046,1.074,10.6,12.0,0.0,7.4,6.8,4.6,7.4,0.0079202054118111,7.90045427612088e-05,0.0,1.34858969497698,3.4050294177247515,33.72009641089123,35.06868610586822,1.3565099003887913,9.016594624462108,,,,,1.3,3.7,36.8,,9.8,,,,,1.4,4.0,38.5,,10.5,38.0,0.85,0.65,42.0,18.0,1.8,18.0,22.0,6.0,74.2,,,,,,,,,,,,,,,,,,,,,,NO ODDS,,,,,,,,,18.6,,EARLY MODERATE,No OVER/UNDER recommendation.
2026,3,,2026-09-27,20:20,00-0039738,Blake Corum,blake corum,LAR,DEN,RB,ROTATION RB,False,,,2.5,46.5,22.0,,,2,32,8,0.2,0.7,0.1,8,18,10.26,6.23,7.28,13.35,-0.161,62.23,75.59,74.1,55.62,1.012,0.6,0.981,0.97,1.035,Neutral,0.966,0.913,0.88,1.0,0.95,0.88,0.88,0.912,-8.7,-12.0,0.0,-5.0,-12.0,-12.0,-8.8,0.0019669551534225,0.0001573564122738,0.0,41.44963864223896,0.6290687872316513,4.996444588063394,46.44608323030236,41.45160559739239,6.4499812015286055,,,,,39.4,0.6,5.1,45.7,6.4,,,,,37.4,0.5,4.5,41.7,6.2,38.0,0.85,0.65,42.0,18.0,1.8,18.0,22.0,6.0,74.1,,,,,,,,,,,,,,,,,,,,,,NO ODDS,,,,,,,,,18.5,,EARLY MODERATE,No OVER/UNDER recommendation.
2026,3,,2026-09-27,13:00,00-0031503,Jameis Winston,jameis winston,NYG,TEN,QB,STARTING QB,True,,,5.5,43.5,19.0,,,1,14,8,0.2,0.7,0.1,8,15,12.03,12.55,1.91,19.52,0.34,48.93,87.23,73.8,44.38,0.976,0.859,1.03,0.934,1.056,Neutral,1.04,1.071,1.016,1.0,1.04,1.0,1.0,1.04,7.1,1.6,0.0,4.0,0.0,0.0,4.0,186.09945054945052,0.896637818140409,0.0,7.47365484256676,0.0691311279394181,2.2501281102317376,9.723782952798498,193.5731053920173,11.232740192450038,187.1,0.9,0.0,194.6,,,,,11.3,200.4,0.91,0.0,208.4,,,,,11.8,44.09,0.85,0.65,45.85,18.0,1.8,18.0,22.0,6.0,73.8,,,,,,,,,,,,,,,,,,,,,,NO ODDS,,,,,,,,,18.4,,EARLY MODERATE,No OVER/UNDER recommendation.
2026,3,,2026-09-27,13:00,00-0035537,Ty Johnson,ty johnson,BUF,LAC,RB,DEPTH RB,True,,,4.5,49.5,22.5,,,0,34,8,0.2,0.7,0.1,8,18,9.7,5.14,5.88,9.9,1.0,65.36,69.41,73.6,63.12,1.023,0.6,1.03,0.946,1.064,Neutral,0.936,0.928,0.88,1.0,0.909,0.88,0.88,0.88,-7.2,-12.0,0.0,-9.1,-12.0,-12.0,-12.0,0.0024586939417781,0.0001966955153422,0.0,15.035408137935098,1.3705890767722582,16.14285290541365,31.178261043348748,15.037866831876878,6.178178704712699,,,,,14.7,1.5,17.7,32.3,6.5,,,,,13.4,1.3,15.6,28.4,6.1,38.0,0.85,0.65,42.0,18.0,1.8,18.0,22.0,6.0,73.6,,,,,,,,,,,,,,,,,,,,,,NO ODDS,,,,,,,,,18.4,,EARLY MODERATE,No OVER/UNDER recommendation.
2026,3,,2026-09-27,16:25,00-0037247,George Pickens,george pickens,DAL,BAL,WR,REGULAR TARGET,True,,,-3.0,52.5,27.75,,,2,31,8,0.2,0.7,0.1,8,18,10.23,6.92,6.17,13.05,-0.599,59.65,66.98,73.6,79.25,1.082,1.051,0.97,1.036,0.998,Neutral,0.998,1.077,0.88,1.0,0.998,1.12,1.1,0.998,7.7,-12.0,0.0,-0.2,12.0,10.0,-0.2,0.0036631121642969,8.886255924170617e-05,0.0,0.0425938949192274,4.783086283588501,64.21319305516123,64.25578695008046,0.0462570070835244,13.072692408143505,,,,,0.0,4.6,62.2,,13.7,,,,,0.0,5.2,68.4,,13.7,38.0,0.85,0.65,42.0,18.0,1.98,25.99,22.0,6.0,73.6,,,,,,,,,,,,,,,,,,,,,,NO ODDS,,,,,,,,,18.4,,EARLY MODERATE,No OVER/UNDER recommendation.
2026,3,,2026-09-27,13:00,00-0039152,Will Levis,will levis,TEN,NYG,QB,QB,False,,,-5.5,43.5,24.5,,,0,12,8,0.2,0.7,0.1,8,18,10.23,7.5,7.23,16.14,-0.7,57.7,89.42,73.5,55.38,1.031,0.778,0.97,1.066,0.946,Neutral,1.044,1.021,1.12,1.0,1.044,1.0,1.0,1.044,2.1,12.0,0.0,4.4,0.0,0.0,4.4,178.07142857142858,1.0649364668147052,0.0,13.019703418343315,0.0012490747594374,0.002220577350111,13.021923995693426,191.0911319897719,10.35974017562748,178.1,1.07,0.0,191.1,,,,,10.4,181.8,1.2,0.0,195.1,,,,,10.9,40.0,0.85,0.65,42.92,18.0,1.8,18.0,22.0,6.0,73.5,,,,,,,,,,,,,,,,,,,,,,NO ODDS,,,,,,,,,18.4,,EARLY MODERATE,No OVER/UNDER recommendation.
2026,3,,2026-09-27,13:00,00-0039164,Anthony Richardson,anthony richardson,IND,HOU,QB,QB,True,,,-2.5,45.5,24.0,,,0,13,8,0.2,0.7,0.1,8,16,12.35,9.16,9.19,20.47,-0.538,57.42,85.13,73.3,57.62,1.03,0.7,0.97,1.03,0.982,Neutral,0.956,0.963,0.88,1.0,0.956,1.0,1.0,0.956,-3.7,-12.0,0.0,-4.4,0.0,0.0,-4.4,136.50892857142858,0.6386544155326539,0.0,34.1154202015601,0.1791336901440528,0.7858744235039573,34.90129462506406,170.62434877298867,12.453796119683425,136.4,0.64,0.0,170.5,,,,,12.4,131.4,0.56,0.0,164.2,,,,,11.9,38.0,0.85,0.65,42.0,18.0,1.8,18.0,22.0,6.0,73.3,,,,,,,,,,,,,,,,,,,,,,NO ODDS,,,,,,,,,18.3,,EARLY MODERATE,No OVER/UNDER recommendation.
2026,3,,2026-09-27,13:00,00-0033897,Joe Mixon,joe mixon,HOU,IND,RB,ROTATION RB,False,,,2.5,45.5,21.5,,,0,14,8,0.2,0.7,0.1,8,18,12.06,9.03,7.55,18.23,-0.576,57.18,84.1,73.3,52.62,1.005,1.173,0.97,0.97,1.032,Favorable,1.108,1.12,0.986,1.0,1.071,0.958,1.032,1.062,12.0,-1.4,0.0,7.1,-4.2,3.2,6.2,0.0024586939417781,0.0001966955153422,0.0,61.443661649129766,2.4228456437347075,20.13250296124018,81.57616461036994,61.44612034307156,14.725608480818943,,,,,57.8,2.4,20.2,79.2,14.4,,,,,61.9,2.3,20.8,84.1,16.0,38.0,0.85,0.65,42.0,21.66,1.8,18.0,28.59,6.0,73.3,,,,,,,,,,,,,,,,,,,,,,NO ODDS,,,,,,,,,18.3,,EARLY MODERATE,No OVER/UNDER recommendation.
2026,3,,2026-09-27,13:00,00-0038543,Jaxon Smith-Njigba,jaxon smith njigba,SEA,WAS,WR,HIGH TARGET,False,,,2.5,41.5,19.5,,,2,34,8,0.2,0.7,0.1,8,18,23.53,10.77,15.75,26.68,0.43,68.61,75.04,73.3,40.62,0.977,1.18,1.03,0.97,1.02,Favorable,1.106,1.099,1.12,1.0,1.106,1.104,1.096,1.106,9.9,12.0,0.0,10.6,10.4,9.6,10.6,0.5277272832872918,8.886255924170617e-05,0.0,1.4480311900718923,6.597185694613908,95.25220288783328,96.7002340779052,1.9757584733591849,21.406274359399085,,,,,1.4,6.9,100.1,,21.5,,,,,1.5,7.6,109.7,,23.8,38.0,0.85,0.65,42.0,18.0,2.89,41.69,22.0,7.14,73.3,,,,,,,,,,,,,,,,,,,,,,NO ODDS,,,,,,,,,18.3,,EARLY MODERATE,No OVER/UNDER recommendation.
2026,3,,2026-09-27,13:00,00-0035676,A.J. Brown,aj brown,NE,JAC,WR,HIGH TARGET,False,,,-2.5,45.5,24.0,,,1,28,8,0.2,0.7,0.1,8,18,15.76,8.42,11.88,20.12,-0.433,65.17,70.82,73.3,57.62,1.03,0.968,0.97,1.03,0.982,Neutral,1.0,1.0,1.0,1.0,1.0,1.0,1.0,1.0,0.0,0.0,0.0,0.0,0.0,0.0,0.0,0.0036631121642969,8.886255924170617e-05,0.0,0.0993680884676145,4.554914240577749,59.7062857330926,59.80565382156021,0.1030312006319115,12.760152213571054,,,,,0.1,4.3,56.9,,12.7,,,,,0.1,4.3,56.9,,12.7,38.0,0.85,0.65,42.0,18.0,1.8,21.62,22.0,6.0,73.3,,,,,,,,,,,,,,,,,,,,,,NO ODDS,,,,,,,,,18.3,,EARLY MODERATE,No OVER/UNDER recommendation.
2026,3,,2026-09-27,13:00,00-0039451,Isaiah Williams,isaiah williams,NYJ,DET,WR,LOW TARGET,False,,,-7.0,48.5,27.75,,,2,23,8,0.2,0.7,0.1,8,18,7.11,3.69,5.3,10.5,-0.213,65.84,64.79,73.2,72.25,1.074,0.55,0.974,1.084,0.946,Favorable,1.088,1.108,1.12,1.0,1.088,1.083,1.12,1.088,10.8,12.0,0.0,8.8,8.3,12.0,8.8,0.0036631121642969,8.886255924170617e-05,0.0,3.271700104277892,2.244317590850664,16.243932385956654,19.515632490234545,3.2753632164421886,4.756917067075038,,,,,3.5,2.1,15.0,19.3,5.0,,,,,3.8,2.3,16.8,21.0,5.4,38.0,0.85,0.65,42.0,18.0,1.8,18.0,22.0,6.0,73.2,,,,,,,,,,,,,,,,,,,,,,NO ODDS,,,,,,,,,18.3,,EARLY MODERATE,No OVER/UNDER recommendation.
2026,3,,2026-09-27,13:00,00-0039794,Braelon Allen,braelon allen,NYJ,DET,RB,DEPTH RB,False,,,-7.0,48.5,27.75,,,2,21,8,0.2,0.7,0.1,8,18,4.54,2.83,2.23,6.75,-0.109,61.62,66.82,73.0,72.25,1.074,0.6,0.987,1.084,0.946,Favorable,1.088,1.108,1.12,1.0,1.004,0.88,0.88,0.95,10.8,12.0,0.0,0.4,-12.0,-12.0,-5.0,0.0019669551534225,0.0001573564122738,0.0,19.828079502454017,0.9604743171855684,7.382815555805329,27.21089505825935,19.83004645760744,5.294530740699113,,,,,21.2,0.9,6.9,27.3,5.6,,,,,21.3,0.8,6.1,25.9,6.1,38.0,0.85,0.65,42.0,18.0,1.8,18.0,22.0,6.0,73.0,,,,,,,,,,,,,,,,,,,,,,NO ODDS,,,,,,,,,18.2,,EARLY MODERATE,No OVER/UNDER recommendation.
2026,3,,2026-09-27,13:00,00-0036894,Pat Freiermuth,pat freiermuth,PIT,CIN,TE,LOW TARGET,True,,,-2.5,45.5,24.0,,,2,32,8,0.2,0.7,0.1,8,18,8.8,3.53,7.05,9.7,0.364,71.39,66.15,73.0,57.62,1.03,0.598,1.03,1.03,0.982,Neutral,1.046,1.1,0.888,1.0,1.046,1.12,1.12,1.046,10.0,-11.2,0.0,4.6,12.0,12.0,4.6,0.0079202054118111,7.90045427612088e-05,0.0,0.3193307186591801,3.350984683995482,34.41861719750499,34.73794791616417,0.3272509240709913,8.622227556520562,,,,,0.3,3.4,34.8,,9.1,,,,,0.3,3.8,39.0,,9.5,38.0,0.85,0.65,42.0,18.0,1.8,18.0,22.0,6.0,73.0,,,,,,,,,,,,,,,,,,,,,,NO ODDS,,,,,,,,,18.2,,EARLY MODERATE,No OVER/UNDER recommendation.
2026,3,,2026-09-27,13:00,00-0036309,Darnell Mooney,darnell mooney,NYG,TEN,WR,LOW TARGET,True,,,5.5,43.5,19.0,,,2,31,8,0.2,0.7,0.1,8,18,5.09,1.38,4.47,5.75,0.006,78.65,66.39,72.9,44.38,0.976,0.683,1.001,0.934,1.056,Neutral,1.04,1.071,1.016,1.0,1.04,1.118,1.12,1.04,7.1,1.6,0.0,4.0,11.8,12.0,4.0,0.0036631121642969,8.886255924170617e-05,0.0,0.0993680884676145,2.6641922743719118,41.44858476023034,41.54795284869795,0.1030312006319115,7.593982730724151,,,,,0.1,2.8,43.8,,7.4,,,,,0.1,3.1,49.1,,7.7,38.0,0.85,0.65,42.0,18.0,1.8,18.66,22.0,6.0,72.9,,,,,,,,,,,,,,,,,,,,,,NO ODDS,,,,,,,,,18.2,,EARLY MODERATE,No OVER/UNDER recommendation.
2026,3,,2026-09-27,13:00,00-0038128,Malik Willis,malik willis,MIA,KC,QB,QB,True,,,-8.5,44.5,26.5,,,2,10,8,0.2,0.7,0.1,8,18,12.45,9.67,3.1,14.11,1.0,56.28,79.75,72.8,62.12,1.053,0.7,1.03,1.102,0.92,Tough,0.891,0.88,0.88,1.0,0.891,1.0,1.0,0.891,-12.0,-12.0,0.0,-10.9,0.0,0.0,-10.9,133.16809523809528,0.694806316308907,0.0,23.544204293116213,0.0009992598075499,0.0017764618800888,23.5459807549963,156.71229953121147,11.817559240069084,144.4,0.75,0.0,170.0,,,,,12.8,127.1,0.66,0.0,149.6,,,,,11.4,38.0,0.85,0.65,42.0,18.0,1.8,18.0,22.0,6.0,72.8,,,,,,,,,,,,,,,,,,,,,,NO ODDS,,,,,,,,,18.2,,EARLY MODERATE,No OVER/UNDER recommendation.
2026,3,,2026-09-27,20:20,00-0040134,Pat Bryant,pat bryant,DEN,LAR,WR,LOW TARGET,True,,,-2.5,46.5,24.5,,,2,13,8,0.2,0.7,0.1,8,18,7.0,3.1,6.65,8.45,-0.284,69.27,66.04,72.8,60.62,1.037,0.55,0.97,1.03,0.985,Neutral,1.0,1.0,1.0,1.0,1.0,1.0,1.0,1.0,0.0,0.0,0.0,0.0,0.0,0.0,0.0,0.0036631121642969,8.886255924170617e-05,0.0,2.385082374181901,2.399786035449543,28.45451528132216,30.839597655504058,2.388745486346198,5.908418391837231,,,,,2.4,2.3,27.2,,5.9,,,,,2.4,2.3,27.2,,5.9,38.0,0.85,0.65,42.0,18.0,1.8,18.0,22.0,6.0,72.8,,,,,,,,,,,,,,,,,,,,,,NO ODDS,,,,,,,,,18.2,,EARLY MODERATE,No OVER/UNDER recommendation.
2026,3,,2026-09-27,16:25,00-0038547,Luke Schoonmaker,luke schoonmaker,DAL,BAL,TE,LOW TARGET,True,,,-3.0,52.5,27.75,,,1,26,8,0.2,0.7,0.1,8,18,2.33,1.08,1.93,2.67,0.097,68.35,59.43,72.7,79.25,1.082,0.55,1.012,1.036,0.998,Neutral,0.998,1.077,0.88,1.0,0.998,0.941,0.933,0.998,7.7,-12.0,0.0,-0.2,-5.9,-6.7,-0.2,0.0079202054118111,7.90045427612088e-05,0.0,0.0336164329448943,1.4244652759841383,14.026153177653873,14.059769610598766,0.0415366383567055,3.055329701150124,,,,,0.0,1.4,14.2,,3.3,,,,,0.0,1.3,13.2,,3.3,38.0,0.85,0.65,42.0,18.0,1.8,18.0,22.0,6.0,72.7,,,,,,,,,,,,,,,,,,,,,,NO ODDS,,,,,,,,,18.2,,EARLY MODERATE,No OVER/UNDER recommendation.
2026,3,,2026-09-27,16:05,00-0039923,J.J. McCarthy,jj mccarthy,MIN,TB,QB,QB,False,,,-1.5,45.5,23.5,,,0,10,8,0.2,0.7,0.1,8,18,12.27,7.57,7.49,19.3,0.48,61.84,90.46,72.6,56.38,1.025,0.758,1.03,1.018,0.992,Neutral,1.013,1.096,1.079,1.0,1.013,1.0,1.0,1.013,9.6,7.9,0.0,1.3,0.0,0.0,1.3,167.71726190476193,1.0566031334813717,0.0,16.681445842585735,0.0012490747594374,0.002220577350111,16.683666419935847,184.39870774734763,12.430687145324452,177.1,1.12,0.0,194.7,,,,,13.1,194.1,1.21,0.0,213.4,,,,,13.3,42.7,0.85,0.65,46.95,18.0,1.8,18.0,22.0,6.0,72.6,,,,,,,,,,,,,,,,,,,,,,NO ODDS,,,,,,,,,18.2,,EARLY MODERATE,No OVER/UNDER recommendation.
2026,3,,2026-09-27,13:00,00-0029263,Russell Wilson,russell wilson,NYG,TEN,QB,QB,True,,,5.5,43.5,19.0,,,0,17,8,0.2,0.7,0.1,8,18,8.21,9.58,2.33,13.06,-0.929,46.15,86.06,72.6,44.38,0.976,0.797,0.97,0.934,1.056,Neutral,1.04,1.071,1.016,1.0,1.04,1.0,1.0,1.04,7.1,1.6,0.0,4.0,0.0,0.0,4.0,180.72767857142856,1.0021300942656857,0.0,16.322009568075938,0.0012490747594374,0.002220577350111,16.324230145426046,197.0496881395045,12.141140576697005,171.1,0.95,0.0,186.6,,,,,11.5,183.2,0.97,0.0,199.8,,,,,12.0,40.3,0.85,0.65,43.96,18.0,1.8,18.0,22.0,6.0,72.6,,,,,,,,,,,,,,,,,,,,,,NO ODDS,,,,,,,,,18.2,,EARLY MODERATE,No OVER/UNDER recommendation.
2026,3,,2026-09-27,16:05,00-0036919,Kenny Gainwell,kenny gainwell,TB,MIN,RB,ROTATION RB,True,,,1.5,45.5,22.0,,,2,34,8,0.2,0.7,0.1,8,18,11.99,8.15,6.0,20.05,-0.428,59.53,74.18,72.6,53.38,1.01,0.6,0.97,0.982,1.022,Neutral,0.956,0.898,0.88,1.0,1.063,0.88,0.88,0.991,-10.2,-12.0,0.0,6.3,-12.0,-12.0,-0.9,0.0019669551534225,0.0001573564122738,0.0,23.884094271998197,2.7902069375064245,16.807483241061252,40.69157751305945,23.88606122715161,8.30422363603907,,,,,22.8,2.8,16.7,39.6,8.1,,,,,24.2,2.5,14.7,39.2,7.7,38.0,0.85,0.65,42.0,18.0,1.8,18.0,22.0,6.0,72.6,,,,,,,,,,,,,,,,,,,,,,NO ODDS,,,,,,,,,18.2,,EARLY MODERATE,No OVER/UNDER recommendation.
2026,3,,2026-09-27,13:00,00-0033555,Mack Hollins,mack hollins,NE,JAC,WR,REGULAR TARGET,False,,,-2.5,45.5,24.0,,,2,31,8,0.2,0.7,0.1,8,18,8.52,3.97,5.22,11.28,0.457,68.18,67.19,72.6,57.62,1.03,0.55,1.03,1.03,0.982,Neutral,1.0,1.0,1.0,1.0,1.0,1.0,1.0,1.0,0.0,0.0,0.0,0.0,0.0,0.0,0.0,0.0036631121642969,8.886255924170617e-05,0.0,0.2077551852418081,2.693961859625367,31.9078474330414,32.11560261828321,0.2114182974061051,6.858581809065164,,,,,0.2,2.7,32.3,,7.3,,,,,0.2,2.7,32.3,,7.3,38.0,0.85,0.65,42.0,18.0,1.8,18.0,22.0,6.0,72.6,,,,,,,,,,,,,,,,,,,,,,NO ODDS,,,,,,,,,18.2,,EARLY MODERATE,No OVER/UNDER recommendation.
2026,3,,2026-09-27,13:00,00-0040719,Bhayshul Tuten,bhayshul tuten,JAC,NE,RB,DEPTH RB,True,,,2.5,45.5,21.5,,,2,15,8,0.2,0.7,0.1,8,18,8.43,4.86,6.65,10.7,0.934,63.43,71.98,72.5,52.62,1.005,0.6,1.03,0.97,1.032,Tough,0.919,0.902,0.88,1.0,0.88,1.054,1.068,0.911,-9.8,-12.0,0.0,-12.0,5.4,6.8,-8.9,0.0019669551534225,0.0001573564122738,0.0,30.51807950245402,0.929998126709378,5.199482222471996,35.717561724926014,30.52004645760744,7.505197407365779,,,,,30.5,1.0,5.5,36.8,7.8,,,,,26.8,1.1,5.9,33.5,7.2,38.0,0.85,0.65,42.0,18.0,1.8,18.0,22.0,6.0,72.5,,,,,,,,,,,,,,,,,,,,,,NO ODDS,,,,,,,,,18.1,,EARLY MODERATE,No OVER/UNDER recommendation.
2026,3,,2026-09-27,13:00,00-0034960,Jakobi Meyers,jakobi meyers,JAC,NE,WR,REGULAR TARGET,True,,,2.5,45.5,21.5,,,2,31,8,0.2,0.7,0.1,8,18,10.16,4.48,8.43,12.85,-0.112,69.4,68.11,72.5,52.62,1.005,0.853,0.987,0.97,1.032,Tough,0.919,0.902,0.88,1.0,0.919,0.945,0.88,0.919,-9.8,-12.0,0.0,-8.1,-5.5,-12.0,-8.1,0.0036631121642969,8.886255924170617e-05,0.0,0.985911867269458,4.102625454095413,50.57365388465431,51.55956575192376,0.9895749794337548,10.65514402104673,,,,,0.9,4.2,51.5,,10.6,,,,,0.8,4.0,45.3,,9.7,38.0,0.85,0.65,42.0,18.0,1.8,18.0,22.0,6.0,72.5,,,,,,,,,,,,,,,,,,,,,,NO ODDS,,,,,,,,,18.1,,EARLY MODERATE,No OVER/UNDER recommendation.
2026,3,,2026-09-27,13:00,00-0040170,Elic Ayomanor,elic ayomanor,TEN,NYG,WR,LOW TARGET,False,,,-5.5,43.5,24.5,,,2,16,8,0.2,0.7,0.1,8,18,8.06,3.23,6.67,8.83,-0.008,71.39,65.94,72.5,55.38,1.031,0.698,0.999,1.066,0.946,Neutral,1.044,1.021,1.12,1.0,1.044,1.026,1.045,1.044,2.1,12.0,0.0,4.4,2.6,4.5,4.4,0.0036631121642969,8.886255924170617e-05,0.0,0.0993680884676145,2.367533288196796,36.39946033626721,36.498828424734825,0.1030312006319115,7.504945864364705,,,,,0.1,2.2,34.4,,7.7,,,,,0.1,2.3,35.9,,8.0,38.0,0.85,0.65,42.0,18.0,1.8,18.0,22.0,6.0,72.5,,,,,,,,,,,,,,,,,,,,,,NO ODDS,,,,,,,,,18.1,,EARLY MODERATE,No OVER/UNDER recommendation.
2026,3,,2026-09-27,13:00,00-0038611,Chris Rodriguez Jr.,chris rodriguez jr,JAC,NE,RB,ROTATION RB,True,,,2.5,45.5,21.5,,,2,19,8,0.2,0.7,0.1,8,18,7.72,5.23,4.47,11.05,-0.353,59.64,73.99,72.4,52.62,1.005,0.6,0.97,0.97,1.032,Tough,0.919,0.902,0.88,1.0,0.88,1.054,1.068,0.911,-9.8,-12.0,0.0,-12.0,5.4,6.8,-8.9,0.0019669551534225,0.0001573564122738,0.0,32.973167221752256,0.3337073998923351,3.019883224978261,35.99305044673052,32.975134176905684,6.083021968769289,,,,,31.0,0.3,3.0,35.0,5.9,,,,,27.3,0.3,3.2,31.9,5.4,38.0,0.85,0.65,42.0,18.0,1.8,18.0,22.0,6.0,72.4,,,,,,,,,,,,,,,,,,,,,,NO ODDS,,,,,,,,,18.1,,EARLY MODERATE,No OVER/UNDER recommendation.
2026,3,,2026-09-27,13:00,00-0039890,Adonai Mitchell,adonai mitchell,NYJ,DET,WR,REGULAR TARGET,False,,,-7.0,48.5,27.75,,,2,33,8,0.2,0.7,0.1,8,18,9.01,6.53,4.75,13.57,-0.288,57.99,67.4,72.3,72.25,1.074,0.742,0.97,1.084,0.946,Favorable,1.088,1.108,1.12,1.0,1.088,1.083,1.12,1.088,10.8,12.0,0.0,8.8,8.3,12.0,8.8,0.3491176576188425,8.886255924170617e-05,0.0,0.0213377854373115,2.550558179971688,32.907999297306176,32.929337082743494,0.370455443056154,6.232361448780288,,,,,0.0,2.3,30.2,,6.5,,,,,0.0,2.5,33.8,,7.1,38.0,0.85,0.65,42.0,18.0,1.8,18.0,22.0,6.0,72.3,,,,,,,,,,,,,,,,,,,,,,NO ODDS,,,,,,,,,18.1,,EARLY MODERATE,No OVER/UNDER recommendation.
2026,3,,2026-09-27,13:00,00-0037805,Jeremy Ruckert,jeremy ruckert,NYJ,DET,TE,LOW TARGET,False,,,-7.0,48.5,27.75,,,2,28,8,0.2,0.7,0.1,8,18,2.82,1.34,2.23,3.52,-0.519,67.71,61.19,72.2,72.25,1.074,0.55,0.97,1.084,0.946,Favorable,1.088,1.108,1.12,1.0,1.088,1.12,1.12,1.088,10.8,12.0,0.0,8.8,12.0,12.0,8.8,0.0079202054118111,7.90045427612088e-05,0.0,0.0336164329448943,1.6087387802576427,10.595230100730792,10.628846533675686,0.0415366383567055,2.928115293335716,,,,,0.0,1.5,9.7,,3.0,,,,,0.0,1.7,10.9,,3.3,38.0,0.85,0.65,42.0,18.0,1.8,18.0,22.0,6.0,72.2,,,,,,,,,,,,,,,,,,,,,,NO ODDS,,,,,,,,,18.0,,EARLY MODERATE,No OVER/UNDER recommendation.
2026,3,,2026-09-27,13:00,00-0039067,Rashee Rice,rashee rice,KC,MIA,WR,HIGH TARGET,False,,,8.5,44.5,18.0,,,2,12,8,0.2,0.7,0.1,8,17,14.67,7.1,9.88,19.98,-0.437,67.39,71.3,72.1,45.12,0.968,1.116,0.97,0.898,1.09,Neutral,1.031,1.002,1.12,1.0,1.031,0.932,0.88,1.031,0.2,12.0,0.0,3.1,-6.8,-12.0,3.1,0.0036631121642969,8.886255924170617e-05,0.0,1.3266408157403418,5.4256934613569685,65.44539107219795,66.7720318879383,1.330303927904639,15.40072941414825,,,,,1.2,5.7,69.2,,14.5,,,,,1.2,5.3,60.9,,14.9,38.0,0.85,0.65,42.0,18.0,2.01,23.14,22.0,6.0,72.1,,,,,,,,,,,,,,,,,,,,,,NO ODDS,,,,,,,,,18.0,,EARLY MODERATE,No OVER/UNDER recommendation.
2026,3,,2026-09-27,13:00,00-0039893,Brian Thomas Jr.,brian thomas jr,JAC,NE,WR,REGULAR TARGET,True,,,2.5,45.5,21.5,,,2,31,8,0.2,0.7,0.1,8,18,8.16,3.57,6.45,8.85,-0.24,69.55,66.99,72.1,52.62,1.005,0.965,0.971,0.97,1.032,Tough,0.919,0.902,0.88,1.0,0.919,0.945,0.88,0.919,-9.8,-12.0,0.0,-8.1,-5.5,-12.0,-8.1,0.0036631121642969,8.886255924170617e-05,0.0,1.576787443306324,3.852579371146104,54.91181056668195,56.48859800998827,1.5804505554706212,11.290627892014475,,,,,1.5,3.9,55.1,,11.0,,,,,1.4,3.7,48.5,,10.1,38.0,0.85,0.65,42.0,18.0,1.8,18.43,22.0,6.0,72.1,,,,,,,,,,,,,,,,,,,,,,NO ODDS,,,,,,,,,18.0,,EARLY MODERATE,No OVER/UNDER recommendation.
2026,3,,2026-09-27,13:00,00-0030279,Keenan Allen,keenan allen,IND,HOU,WR,REGULAR TARGET,True,,,-2.5,45.5,24.0,,,2,32,8,0.2,0.7,0.1,8,18,6.63,3.41,4.58,9.25,0.029,66.02,67.2,72.0,57.62,1.03,0.955,1.003,1.03,0.982,Neutral,0.956,0.963,0.88,1.0,0.956,0.908,0.95,0.956,-3.7,-12.0,0.0,-4.4,-9.2,-5.0,-4.4,0.0036631121642969,8.886255924170617e-05,0.0,0.0993680884676145,4.046398495570068,38.67567577405523,38.77504386252284,0.1030312006319115,9.281639988788667,,,,,0.1,4.0,38.1,,9.6,,,,,0.1,3.6,36.2,,9.2,38.0,0.85,0.65,42.0,18.0,1.8,18.0,22.0,6.0,72.0,,,,,,,,,,,,,,,,,,,,,,NO ODDS,,,,,,,,,18.0,,EARLY MODERATE,No OVER/UNDER recommendation.
2026,3,,2026-09-27,16:25,00-0039410,Ryan Flournoy,ryan flournoy,DAL,BAL,WR,REGULAR TARGET,True,,,-3.0,52.5,27.75,,,2,24,8,0.2,0.7,0.1,8,18,9.23,6.57,5.85,10.3,-0.474,58.41,63.83,72.0,79.25,1.082,0.55,0.97,1.036,0.998,Neutral,0.998,1.077,0.88,1.0,0.998,1.12,1.1,0.998,7.7,-12.0,0.0,-0.2,12.0,10.0,-0.2,0.0036631121642969,8.886255924170617e-05,0.0,0.8323391029603683,2.7346243855052847,26.868052468772387,27.700391571732755,0.8360022151246652,6.485133234965119,,,,,0.8,2.6,26.0,,6.8,,,,,0.8,2.9,28.6,,6.8,38.0,0.85,0.65,42.0,18.0,1.8,18.0,22.0,6.0,72.0,,,,,,,,,,,,,,,,,,,,,,NO ODDS,,,,,,,,,18.0,,EARLY MODERATE,No OVER/UNDER recommendation.
2026,3,,2026-09-27,13:00,00-0040242,Jacory Croskey-Merritt,jacory croskey merritt,WAS,SEA,RB,ROTATION RB,True,,,-2.5,41.5,22.0,,,2,17,8,0.2,0.7,0.1,8,18,9.52,6.65,3.12,13.35,-0.543,58.86,75.97,71.9,45.62,1.002,0.722,0.97,1.03,0.97,Neutral,0.94,0.88,0.88,1.0,0.88,1.12,1.12,0.882,-12.0,-12.0,0.0,-12.0,12.0,12.0,-11.8,0.0019669551534225,0.0001573564122738,0.0,46.16122376015709,0.6657894432359884,3.709517236477597,49.87074099663469,46.16319071531052,8.04913578271592,,,,,46.1,0.6,3.5,48.4,7.8,,,,,40.6,0.7,3.9,42.7,7.3,38.0,0.85,0.65,42.0,18.0,1.8,18.0,22.0,6.0,71.9,,,,,,,,,,,,,,,,,,,,,,NO ODDS,,,,,,,,,18.0,,EARLY MODERATE,No OVER/UNDER recommendation.
2026,3,,2026-09-27,16:05,00-0031408,Mike Evans,mike evans,SF,ARI,WR,REGULAR TARGET,True,,,8.5,47.5,19.5,,,2,22,8,0.2,0.7,0.1,8,18,11.23,5.52,7.65,14.8,-0.324,67.03,67.56,71.9,54.12,0.989,0.969,0.97,0.898,1.098,Neutral,1.062,1.039,1.12,1.0,1.062,1.018,0.97,1.062,3.9,12.0,0.0,6.2,1.8,-3.0,6.2,0.0036631121642969,8.886255924170617e-05,0.0,0.0993680884676145,4.31681900248251,56.93868111548799,57.0380492039556,0.1030312006319115,12.98166015007899,,,,,0.1,4.6,60.7,,12.5,,,,,0.1,4.7,58.9,,13.3,38.0,0.85,0.65,42.0,18.0,1.8,22.38,22.0,6.0,71.9,,,,,,,,,,,,,,,,,,,,,,NO ODDS,,,,,,,,,18.0,,EARLY MODERATE,No OVER/UNDER recommendation.
2026,3,,2026-09-27,13:00,00-0037156,Irvin Charles,irvin charles,NYJ,DET,WR,LOW TARGET,False,,,-7.0,48.5,27.75,,,0,8,8,0.2,0.7,0.1,8,18,0.0,0.0,0.0,0.0,0.0,100.0,65.21,71.9,72.25,1.074,0.55,1.0,1.084,0.946,Favorable,1.088,1.108,1.12,1.0,1.088,1.083,1.12,1.088,10.8,12.0,0.0,8.8,8.3,12.0,8.8,0.0045788902053712,0.0001110781990521,0.0,0.1242101105845181,0.3245951816745656,4.0921825631911535,4.2163926737756725,0.1287890007898894,0.9020751875987362,,,,,0.1,0.3,3.9,,1.0,,,,,0.1,0.3,4.4,,1.1,38.0,0.85,0.65,42.0,18.0,1.8,18.0,22.0,6.0,71.9,,,,,,,,,,,,,,,,,,,,,,NO ODDS,,,,,,,,,18.0,,EARLY MODERATE,No OVER/UNDER recommendation.
2026,3,,2026-09-27,13:00,00-0039032,Tyjae Spears,tyjae spears,TEN,NYG,RB,DEPTH RB,False,,,-5.5,43.5,24.5,,,2,25,8,0.2,0.7,0.1,8,18,8.18,5.58,5.3,9.18,-0.181,59.45,71.53,71.8,55.38,1.031,0.6,0.978,1.066,0.946,Neutral,1.044,1.021,1.12,1.0,1.12,1.007,0.981,1.12,2.1,12.0,0.0,12.0,0.7,-1.9,12.0,0.0019669551534225,0.0001573564122738,0.0,26.40584140721592,2.7637600314712825,19.997244127233905,46.40308553444982,26.40780836236934,8.715130740699115,,,,,27.5,2.6,18.5,45.7,8.8,,,,,30.8,2.6,18.1,51.2,9.2,38.0,0.85,0.65,42.0,18.0,1.8,18.0,22.0,6.0,71.8,,,,,,,,,,,,,,,,,,,,,,NO ODDS,,,,,,,,,18.0,,EARLY MODERATE,No OVER/UNDER recommendation.
2026,3,,2026-09-27,16:05,00-0035719,Deebo Samuel Sr.,deebo samuel sr,SF,ARI,WR,REGULAR TARGET,True,,,8.5,47.5,19.5,,,2,31,8,0.2,0.7,0.1,8,18,9.09,4.52,6.5,11.15,0.139,66.8,67.5,71.8,54.12,0.989,0.776,1.017,0.898,1.098,Neutral,1.062,1.039,1.12,1.0,1.062,1.018,0.97,1.062,3.9,12.0,0.0,6.2,1.8,-3.0,6.2,0.0036631121642969,8.886255924170617e-05,0.0,5.746833526255633,3.823362781284352,41.31033591230407,47.05716943855971,5.75049663841993,10.335964297544429,,,,,5.2,4.3,46.1,47.8,10.4,,,,,5.5,4.4,44.7,50.8,11.0,38.0,0.85,0.65,42.0,18.0,1.8,18.0,22.0,6.0,71.8,,,,,,,,,,,,,,,,,,,,,,NO ODDS,,,,,,,,,18.0,,EARLY MODERATE,No OVER/UNDER recommendation.
2026,3,,2026-09-27,16:05,00-0033288,George Kittle,george kittle,SF,ARI,TE,REGULAR TARGET,True,,,8.5,47.5,19.5,,,2,26,8,0.2,0.7,0.1,8,18,14.88,7.72,10.0,23.23,-0.498,65.84,67.82,71.7,54.12,0.989,0.798,0.97,0.898,1.098,Neutral,1.062,1.039,1.12,1.0,1.062,1.12,1.12,1.062,3.9,12.0,0.0,6.2,12.0,12.0,6.2,0.0079202054118111,7.90045427612088e-05,0.0,-0.0623835670551056,4.567410330929194,60.847515815016514,60.78513224796141,-0.0544633616432944,13.94518464620507,,,,,-0.1,4.9,64.8,,13.4,,,,,-0.1,5.5,72.6,,14.2,38.0,0.85,0.65,42.0,18.0,2.09,27.59,22.0,6.0,71.7,,,,,,,,,,,,,,,,,,,,,,NO ODDS,,,,,,,,,17.9,,EARLY MODERATE,No OVER/UNDER recommendation.
2026,3,,2026-09-27,13:00,00-0038558,Darnell Washington,darnell washington,PIT,CIN,TE,LOW TARGET,True,,,-2.5,45.5,24.0,,,2,26,8,0.2,0.7,0.1,8,17,3.79,1.46,3.17,4.82,-0.268,72.18,62.54,71.7,57.62,1.03,0.55,0.97,1.03,0.982,Neutral,1.046,1.1,0.888,1.0,1.046,1.12,1.12,1.046,10.0,-11.2,0.0,4.6,12.0,12.0,4.6,0.0079202054118111,7.90045427612088e-05,0.0,0.0336164329448943,1.89422351774238,20.474724606225298,20.508341039170197,0.0415366383567055,4.302868162688586,,,,,0.0,1.8,19.5,,4.3,,,,,0.0,2.0,21.8,,4.5,38.0,0.85,0.65,42.0,18.0,1.8,18.0,22.0,6.0,71.7,,,,,,,,,,,,,,,,,,,,,,NO ODDS,,,,,,,,,17.9,,EARLY MODERATE,No OVER/UNDER recommendation.
2026,3,,2026-09-27,13:00,00-0039880,Malik Washington,malik washington,MIA,KC,WR,LOW TARGET,True,,,-8.5,44.5,26.5,,,2,31,8,0.2,0.7,0.1,8,18,6.77,3.54,3.5,9.07,0.956,65.71,64.89,71.7,62.12,1.053,0.569,1.03,1.102,0.92,Tough,0.891,0.88,0.88,1.0,0.891,0.958,0.88,0.891,-12.0,-12.0,0.0,-10.9,-4.2,-12.0,-10.9,0.0036631121642969,8.886255924170617e-05,0.0,3.906280530863928,2.722533288196796,25.33033591230408,29.236616443168007,3.909943643028225,6.539162454226456,,,,,4.4,2.6,24.0,30.4,7.1,,,,,3.9,2.5,21.1,27.1,6.3,38.0,0.85,0.65,42.0,18.0,1.8,18.0,22.0,6.0,71.7,,,,,,,,,,,,,,,,,,,,,,NO ODDS,,,,,,,,,17.9,,EARLY MODERATE,No OVER/UNDER recommendation.
2026,3,,2026-09-27,13:00,00-0037256,Rachaad White,rachaad white,WAS,SEA,RB,DEPTH RB,True,,,-2.5,41.5,22.0,,,2,32,8,0.2,0.7,0.1,8,18,7.01,3.65,4.45,6.88,0.641,65.72,70.72,71.6,45.62,1.002,0.704,1.03,1.03,0.97,Neutral,0.94,0.88,0.88,1.0,0.88,1.12,1.12,0.882,-12.0,-12.0,0.0,-12.0,12.0,12.0,-11.8,0.0019669551534225,0.0001573564122738,0.0,36.150992328874906,3.0070353770934024,19.2350678599528,55.3860601888277,36.152959284028334,10.11630032595257,,,,,38.4,3.0,19.2,57.1,10.4,,,,,33.8,3.4,21.5,50.4,9.8,38.0,0.85,0.65,42.0,18.0,1.8,18.0,22.0,6.0,71.6,,,,,,,,,,,,,,,,,,,,,,NO ODDS,,,,,,,,,17.9,,EARLY MODERATE,No OVER/UNDER recommendation.
2026,3,,2026-09-27,16:25,00-0039338,Brock Bowers,brock bowers,LV,NO,TE,REGULAR TARGET,False,,,-3.0,45.5,24.25,,,0,29,8,0.2,0.7,0.1,8,18,15.32,9.12,10.82,16.52,-0.215,62.69,68.09,71.6,58.25,1.032,1.064,0.974,1.036,0.977,Neutral,0.981,0.895,0.948,1.0,0.981,1.08,1.028,0.981,-10.5,-5.2,0.0,-1.9,8.0,2.8,-1.9,0.0099002567647639,9.8755678451511e-05,0.0,0.3837693096540243,5.465083300171533,57.833939103746005,58.21770841340003,0.3936695664187882,13.913503448908289,,,,,0.4,5.2,55.1,,14.0,,,,,0.4,5.6,56.6,,13.7,38.0,0.85,0.65,42.0,18.0,2.13,21.51,22.0,6.0,71.6,,,,,,,,,,,,,,,,,,,,,,NO ODDS,,,,,,,,,17.9,,EARLY MODERATE,No OVER/UNDER recommendation.
2026,3,,2026-09-27,16:25,00-0035993,Tyler Huntley,tyler huntley,BAL,DAL,QB,QB,False,,,3.0,52.5,24.75,,,0,10,8,0.2,0.7,0.1,8,18,9.62,7.23,5.67,14.89,-0.476,57.08,84.46,71.5,73.25,1.052,0.7,0.97,0.964,1.058,Favorable,1.074,1.106,1.12,1.0,1.074,1.0,1.0,1.074,10.6,12.0,0.0,7.4,0.0,0.0,7.4,127.50892857142856,0.5982698001480384,0.0,27.18144584258574,0.0012490747594374,0.002220577350111,27.183666419935854,154.69037441401431,10.189020478657785,130.1,0.61,0.0,157.8,,,,,10.4,143.9,0.68,0.0,174.5,,,,,11.2,38.0,0.85,0.65,42.0,18.0,1.8,18.0,22.0,6.0,71.5,,,,,,,,,,,,,,,,,,,,,,NO ODDS,,,,,,,,,17.9,,EARLY MODERATE,No OVER/UNDER recommendation.
2026,3,,2026-09-27,13:00,00-0037197,Isiah Pacheco,isiah pacheco,KC,MIA,RB,ROTATION RB,False,,,8.5,44.5,18.0,,,0,20,8,0.2,0.7,0.1,8,18,6.21,4.2,3.15,7.67,0.333,59.68,74.58,71.5,45.12,0.968,0.716,1.03,0.898,1.09,Neutral,1.031,1.002,1.12,1.0,1.12,1.11,1.12,1.12,0.2,12.0,0.0,12.0,11.0,12.0,12.0,0.0024586939417781,0.0001966955153422,0.0,36.59537506729057,1.499371091970682,8.903801399643879,45.49917646693446,36.59783376123234,6.985484854445319,,,,,33.8,1.7,10.0,46.6,7.0,,,,,37.9,1.9,11.2,52.2,7.2,38.0,0.85,0.65,42.0,18.0,1.8,18.0,22.0,6.0,71.5,,,,,,,,,,,,,,,,,,,,,,NO ODDS,,,,,,,,,17.9,,EARLY MODERATE,No OVER/UNDER recommendation.
2026,3,,2026-09-27,13:00,00-0036328,Antonio Gibson,antonio gibson,NE,JAC,RB,DEPTH RB,False,,,-2.5,45.5,24.0,,,0,22,8,0.2,0.7,0.1,8,18,5.49,3.66,2.9,8.97,-0.351,59.99,69.2,71.3,57.62,1.03,0.6,0.97,1.03,0.982,Neutral,1.0,1.0,1.0,1.0,1.0,1.0,1.0,1.0,0.0,0.0,0.0,0.0,0.0,0.0,0.0,0.0024586939417781,0.0001966955153422,0.0,29.36036994083808,1.1301383510274148,8.90335710709432,38.263727047932406,29.36282863477985,5.959299789510253,,,,,29.3,1.1,8.5,37.3,6.0,,,,,29.3,1.1,8.5,37.3,6.0,38.0,0.85,0.65,42.0,18.0,1.8,18.0,22.0,6.0,71.3,,,,,,,,,,,,,,,,,,,,,,NO ODDS,,,,,,,,,17.8,,EARLY MODERATE,No OVER/UNDER recommendation.
2026,3,,2026-09-27,16:05,00-0040129,Emeka Egbuka,emeka egbuka,TB,MIN,WR,REGULAR TARGET,True,,,1.5,45.5,22.0,,,2,17,8,0.2,0.7,0.1,8,18,7.15,3.51,4.62,10.33,0.147,67.11,66.33,71.3,53.38,1.01,0.933,1.018,0.982,1.022,Neutral,0.956,0.898,0.88,1.0,0.956,0.893,0.909,0.956,-10.2,-12.0,0.0,-4.4,-10.7,-9.1,-4.4,0.0036631121642969,8.886255924170617e-05,0.0,-0.1174386342214611,3.4026383302136027,44.30872504214957,44.1912864079281,-0.1137755220571641,9.927111830751258,,,,,-0.1,3.5,46.1,,10.2,,,,,-0.1,3.1,41.9,,9.8,38.0,0.85,0.65,42.0,18.0,1.8,18.0,22.0,6.0,71.3,,,,,,,,,,,,,,,,,,,,,,NO ODDS,,,,,,,,,17.8,,EARLY MODERATE,No OVER/UNDER recommendation.
2026,3,,2026-09-27,13:00,00-0040189,Oronde Gadsden II,oronde gadsden ii,LAC,BUF,TE,LOW TARGET,False,,,-4.5,49.5,27.0,,,2,15,8,0.2,0.7,0.1,8,18,6.5,3.72,3.2,9.88,-0.196,63.59,60.96,71.1,72.12,1.068,0.55,0.976,1.054,0.974,Neutral,0.94,0.885,0.982,1.0,0.94,0.88,0.88,0.94,-11.5,-1.8,0.0,-6.0,-12.0,-12.0,-6.0,0.0079202054118111,7.90045427612088e-05,0.0,0.0336164329448943,2.746516558035421,35.55761105311176,35.591227486056646,0.0415366383567055,8.04879783301826,,,,,0.0,2.6,33.8,,8.4,,,,,0.0,2.3,29.7,,7.9,38.0,0.85,0.65,42.0,18.0,1.8,18.0,22.0,6.0,71.1,,,,,,,,,,,,,,,,,,,,,,NO ODDS,,,,,,,,,17.8,,EARLY MODERATE,No OVER/UNDER recommendation.
2026,3,,2026-09-27,13:00,00-0033090,Hunter Henry,hunter henry,NE,JAC,TE,LOW TARGET,False,,,-2.5,45.5,24.0,,,2,33,8,0.2,0.7,0.1,8,18,10.41,5.54,6.65,14.3,-0.28,65.28,64.86,70.9,57.62,1.03,0.718,0.97,1.03,0.982,Neutral,1.0,1.0,1.0,1.0,1.0,1.0,1.0,1.0,0.0,0.0,0.0,0.0,0.0,0.0,0.0,0.0079202054118111,7.90045427612088e-05,0.0,0.0336164329448943,3.4613271640960277,40.22913161588232,40.26274804882721,0.0415366383567055,8.872178244273668,,,,,0.0,3.3,38.3,,8.9,,,,,0.0,3.3,38.3,,8.9,38.0,0.85,0.65,42.0,18.0,1.8,18.0,22.0,6.0,70.9,,,,,,,,,,,,,,,,,,,,,,NO ODDS,,,,,,,,,17.7,,EARLY MODERATE,No OVER/UNDER recommendation.
2026,3,,2026-09-27,16:05,00-0035229,T.J. Hockenson,tj hockenson,MIN,TB,TE,LOW TARGET,False,,,-1.5,45.5,23.5,,,2,25,8,0.2,0.7,0.1,8,18,8.16,3.98,5.9,10.93,-0.347,67.23,64.1,70.9,56.38,1.025,0.656,0.97,1.018,0.992,Neutral,1.013,1.096,1.079,1.0,1.013,1.12,1.12,1.013,9.6,7.9,0.0,1.3,12.0,12.0,1.3,0.0079202054118111,7.90045427612088e-05,0.0,0.0336164329448943,3.3679927485116115,32.1272301007308,32.160846533675695,0.0415366383567055,7.620283547303971,,,,,0.0,3.2,30.9,,7.6,,,,,0.0,3.6,34.6,,7.7,38.0,0.85,0.65,42.0,18.0,1.8,18.0,22.0,6.0,70.9,,,,,,,,,,,,,,,,,,,,,,NO ODDS,,,,,,,,,17.7,,EARLY MODERATE,No OVER/UNDER recommendation.
2026,3,,2026-09-27,13:00,00-0036415,Van Jefferson,van jefferson,TEN,NYG,WR,LOW TARGET,False,,,-5.5,43.5,24.5,,,0,29,8,0.2,0.7,0.1,8,18,5.34,2.42,3.55,5.88,0.602,68.87,63.51,70.9,55.38,1.031,0.55,1.03,1.066,0.946,Neutral,1.044,1.021,1.12,1.0,1.044,1.026,1.045,1.044,2.1,12.0,0.0,4.4,2.6,4.5,4.4,0.0045788902053712,0.0001110781990521,0.0,0.1242101105845181,1.9606789255169303,23.79384512476751,23.91805523535203,0.1287890007898894,5.018177404347504,,,,,0.1,1.9,23.2,,5.3,,,,,0.1,1.9,24.2,,5.5,38.0,0.85,0.65,42.0,18.0,1.8,18.0,22.0,6.0,70.9,,,,,,,,,,,,,,,,,,,,,,NO ODDS,,,,,,,,,17.7,,EARLY MODERATE,No OVER/UNDER recommendation.
2026,3,,2026-09-27,13:00,00-0038454,Keaton Mitchell,keaton mitchell,LAC,BUF,RB,DEPTH RB,False,,,-4.5,49.5,27.0,,,2,17,8,0.2,0.7,0.1,8,18,4.1,3.25,1.2,6.85,-0.562,55.8,65.03,70.8,72.12,1.068,0.6,0.97,1.054,0.974,Neutral,0.94,0.885,0.982,1.0,1.083,0.981,0.981,1.058,-11.5,-1.8,0.0,8.3,-1.9,-1.9,5.8,0.0019669551534225,0.0001573564122738,0.0,24.18254728956886,0.7380583507990136,6.873382782696085,31.055930072264943,24.18451424472228,4.301478219690709,,,,,24.7,0.7,6.5,30.6,4.5,,,,,26.8,0.7,6.4,32.4,4.2,38.0,0.85,0.65,42.0,18.0,1.8,18.0,22.0,6.0,70.8,,,,,,,,,,,,,,,,,,,,,,NO ODDS,,,,,,,,,17.7,,EARLY MODERATE,No OVER/UNDER recommendation.
2026,3,,2026-09-27,13:00,00-0039915,Ladd McConkey,ladd mcconkey,LAC,BUF,WR,LOW TARGET,False,,,-4.5,49.5,27.0,,,2,32,8,0.2,0.7,0.1,8,18,9.01,6.06,4.07,14.0,0.454,59.79,62.71,70.8,72.12,1.068,0.85,1.03,1.054,0.974,Neutral,0.94,0.885,0.982,1.0,0.94,0.949,0.912,0.94,-11.5,-1.8,0.0,-6.0,-5.1,-8.8,-6.0,0.0036631121642969,8.886255924170617e-05,0.0,0.0993680884676145,4.132227988657625,54.08425872336399,54.1836268118316,0.1030312006319115,11.765701048696505,,,,,0.1,4.1,54.3,,12.9,,,,,0.1,3.9,49.5,,12.1,38.0,0.85,0.65,42.0,18.0,1.8,18.81,22.0,6.0,70.8,,,,,,,,,,,,,,,,,,,,,,NO ODDS,,,,,,,,,17.7,,EARLY MODERATE,No OVER/UNDER recommendation.
2026,3,,2026-09-27,13:00,00-0036877,Jaelon Darden,jaelon darden,SEA,WAS,WR,LOW TARGET,False,,,2.5,41.5,19.5,,,0,11,8,0.2,0.7,0.1,8,18,0.0,0.0,0.0,0.0,0.0,100.0,65.0,70.8,40.62,0.977,0.55,1.0,0.97,1.02,Favorable,1.106,1.099,1.12,1.0,1.106,1.104,1.096,1.106,9.9,12.0,0.0,10.6,10.4,9.6,10.6,0.0045788902053712,0.0001110781990521,0.0,0.1242101105845181,0.3768679089472929,4.405818926827518,4.530029037412036,0.1287890007898894,0.9857115512350998,,,,,0.1,0.4,4.5,,1.0,,,,,0.1,0.4,4.9,,1.1,38.0,0.85,0.65,42.0,18.0,1.8,18.0,22.0,6.0,70.8,,,,,,,,,,,,,,,,,,,,,,NO ODDS,,,,,,,,,17.7,,EARLY MODERATE,No OVER/UNDER recommendation.
2026,3,,2026-09-27,20:20,00-0036422,Adam Trautman,adam trautman,DEN,LAR,TE,LOW TARGET,True,,,-2.5,46.5,24.5,,,1,26,8,0.2,0.7,0.1,8,18,3.76,1.74,2.7,4.43,-0.182,68.43,61.26,70.7,60.62,1.037,0.55,0.978,1.03,0.985,Neutral,1.0,1.0,1.0,1.0,1.0,1.0,1.0,1.0,0.0,0.0,0.0,0.0,0.0,0.0,0.0,0.0079202054118111,7.90045427612088e-05,0.0,0.0336164329448943,1.565080660599523,14.662460869961562,14.696077302906456,0.0415366383567055,3.5660373934578167,,,,,0.0,1.5,14.1,,3.6,,,,,0.0,1.5,14.1,,3.6,38.0,0.85,0.65,42.0,18.0,1.8,18.0,22.0,6.0,70.7,,,,,,,,,,,,,,,,,,,,,,NO ODDS,,,,,,,,,17.7,,EARLY MODERATE,No OVER/UNDER recommendation.
2026,3,,2026-09-27,16:25,00-0035243,Miles Sanders,miles sanders,DAL,BAL,RB,DEPTH RB,True,,,-3.0,52.5,27.75,,,0,15,8,0.2,0.7,0.1,8,18,8.23,7.5,3.25,10.3,-0.27,52.33,67.01,70.5,79.25,1.082,0.6,0.97,1.036,0.998,Neutral,0.998,1.077,0.88,1.0,0.88,1.12,1.12,0.954,7.7,-12.0,0.0,-12.0,12.0,12.0,-4.6,0.0024586939417781,0.0001966955153422,0.0,23.804742235210373,2.0886881345771986,12.13863849237571,35.94338072758608,23.80720092915216,7.280187235397701,,,,,23.9,2.0,11.8,35.5,7.6,,,,,21.0,2.2,13.2,33.9,7.6,38.0,0.85,0.65,42.0,18.0,1.8,18.0,22.0,6.0,70.5,,,,,,,,,,,,,,,,,,,,,,NO ODDS,,,,,,,,,17.6,,EARLY MODERATE,No OVER/UNDER recommendation.
2026,3,,2026-09-27,13:00,00-0039391,Kimani Vidal,kimani vidal,LAC,BUF,RB,ROTATION RB,False,,,-4.5,49.5,27.0,,,1,22,8,0.2,0.7,0.1,8,18,6.26,6.97,1.77,13.0,-0.918,47.29,69.73,70.5,72.12,1.068,0.6,0.97,1.054,0.974,Neutral,0.94,0.885,0.982,1.0,1.083,0.981,0.981,1.058,-11.5,-1.8,0.0,8.3,-1.9,-1.9,5.8,0.0019669551534225,0.0001573564122738,0.0,30.949334913709425,0.8469678236790747,7.657750620740393,38.60708553444982,30.95130186886285,5.860556714725087,,,,,31.6,0.8,7.2,38.0,6.1,,,,,34.2,0.8,7.1,40.2,5.7,38.0,0.85,0.65,42.0,18.0,1.8,18.0,22.0,6.0,70.5,,,,,,,,,,,,,,,,,,,,,,NO ODDS,,,,,,,,,17.6,,EARLY MODERATE,No OVER/UNDER recommendation.
2026,3,,2026-09-27,13:00,00-0040663,Harold Fannin Jr.,harold fannin jr,CLE,CAR,TE,REGULAR TARGET,True,,,-2.5,40.5,21.5,,,2,16,8,0.2,0.7,0.1,8,17,12.32,6.12,9.9,13.88,-0.552,66.82,68.41,70.5,42.62,0.995,0.868,0.97,1.03,0.968,Neutral,1.007,0.941,0.88,1.0,1.007,0.923,1.088,1.007,-5.9,-12.0,0.0,0.7,-7.7,8.8,0.7,0.0079202054118111,7.90045427612088e-05,0.0,0.6011164329448945,4.173421319940183,43.56951581501652,44.17063224796141,0.6090366383567056,10.78983354730397,,,,,0.6,3.9,40.9,,10.4,,,,,0.6,3.6,44.5,,10.5,38.0,0.85,0.65,42.0,18.0,1.8,18.0,22.0,6.0,70.5,,,,,,,,,,,,,,,,,,,,,,NO ODDS,,,,,,,,,17.6,,EARLY MODERATE,No OVER/UNDER recommendation.
2026,3,,2026-09-27,13:00,00-0033923,Kareem Hunt,kareem hunt,KC,MIA,RB,ROTATION RB,False,,,8.5,44.5,18.0,,,0,30,8,0.2,0.7,0.1,8,18,6.86,5.38,3.6,10.05,-0.5,56.05,73.87,70.3,45.12,0.968,0.789,0.97,0.898,1.09,Neutral,1.031,1.002,1.12,1.0,1.12,1.11,1.12,1.12,0.2,12.0,0.0,12.0,11.0,12.0,12.0,0.0024586939417781,0.0001966955153422,0.0,40.41664699711512,1.307817855431057,10.183671333098204,50.60031833021333,40.419105691056906,9.220757842951066,,,,,35.2,1.4,10.8,48.8,8.7,,,,,39.4,1.6,12.1,54.7,9.0,38.0,0.85,0.65,42.0,18.0,1.8,18.0,22.0,6.0,70.3,,,,,,,,,,,,,,,,,,,,,,NO ODDS,,,,,,,,,17.6,,EARLY MODERATE,No OVER/UNDER recommendation.
2026,3,,2026-09-27,20:20,00-0031381,Davante Adams,davante adams,LAR,DEN,WR,REGULAR TARGET,False,,,2.5,46.5,22.0,,,2,28,8,0.2,0.7,0.1,8,18,17.47,12.07,7.05,22.15,0.083,59.14,68.02,70.3,55.62,1.012,1.18,1.01,0.97,1.035,Neutral,0.966,0.913,0.88,1.0,0.966,0.979,0.88,0.966,-8.7,-12.0,0.0,-3.4,-2.1,-12.0,-3.4,0.0036631121642969,8.886255924170617e-05,0.0,0.0993680884676145,5.074755510419017,77.60469843150533,77.70406651997294,0.1030312006319115,18.32856491198375,,,,,0.1,5.3,81.2,,18.7,,,,,0.1,5.2,71.5,,18.1,38.0,0.85,0.65,42.0,18.0,1.98,27.17,22.0,6.0,70.3,,,,,,,,,,,,,,,,,,,,,,NO ODDS,,,,,,,,,17.6,,EARLY MODERATE,No OVER/UNDER recommendation.
2026,3,,2026-09-27,13:00,00-0034521,Allen Lazard,allen lazard,NYJ,DET,WR,LOW TARGET,False,,,-7.0,48.5,27.75,,,0,21,8,0.2,0.7,0.1,8,18,1.62,0.93,1.45,1.92,-0.486,63.39,59.09,70.3,72.25,1.074,0.55,0.97,1.084,0.946,Favorable,1.088,1.108,1.12,1.0,1.088,1.083,1.12,1.088,10.8,12.0,0.0,8.8,8.3,12.0,8.8,0.0045788902053712,0.0001110781990521,0.0,0.1242101105845181,2.0025713721507565,24.78325399176259,24.907464102347102,0.1287890007898894,6.0134442352177855,,,,,0.1,1.8,22.8,,6.3,,,,,0.1,1.9,25.5,,6.9,38.0,0.85,0.65,42.0,18.0,1.8,18.0,22.0,6.0,70.3,,,,,,,,,,,,,,,,,,,,,,NO ODDS,,,,,,,,,17.6,,EARLY MODERATE,No OVER/UNDER recommendation.
2026,3,,2026-09-27,13:00,00-0028118,Tyrod Taylor,tyrod taylor,NYJ,DET,QB,QB,False,,,-7.0,48.5,27.75,,,0,8,8,0.2,0.7,0.1,8,18,9.79,7.92,5.14,14.61,0.189,55.29,88.82,70.2,72.25,1.074,0.7,1.023,1.084,0.946,Favorable,1.088,1.108,1.12,1.0,1.088,1.0,1.0,1.088,10.8,12.0,0.0,8.8,0.0,0.0,8.8,126.66071428571428,0.9295198001480384,0.0,19.641862509252405,0.0012490747594374,0.002220577350111,19.64408308660252,146.30257679496668,10.255300240562546,139.1,1.02,0.0,160.6,,,,,11.3,154.1,1.14,0.0,177.9,,,,,12.3,38.0,0.85,0.65,42.0,18.0,1.8,18.0,22.0,6.0,70.2,,,,,,,,,,,,,,,,,,,,,,NO ODDS,,,,,,,,,17.6,,EARLY MODERATE,No OVER/UNDER recommendation.
2026,3,,2026-09-27,13:00,00-0038117,Wan'Dale Robinson,wandale robinson,TEN,NYG,WR,REGULAR TARGET,False,,,-5.5,43.5,24.5,,,2,33,8,0.2,0.7,0.1,8,18,11.95,8.7,7.0,17.88,0.031,57.87,68.63,70.2,55.38,1.031,0.989,1.004,1.066,0.946,Neutral,1.044,1.021,1.12,1.0,1.044,1.026,1.045,1.044,2.1,12.0,0.0,4.4,2.6,4.5,4.4,0.0036631121642969,8.886255924170617e-05,0.0,0.4639514218009479,4.665899089062597,44.95702527133214,45.42097669313309,0.4676145339652449,10.244032985576824,,,,,0.5,4.4,42.7,,10.6,,,,,0.5,4.5,44.6,,11.1,38.0,0.85,0.65,42.0,18.0,1.8,18.0,22.0,6.0,70.2,,,,,,,,,,,,,,,,,,,,,,NO ODDS,,,,,,,,,17.6,,EARLY MODERATE,No OVER/UNDER recommendation.
2026,3,,2026-09-27,13:00,00-0035659,Terry McLaurin,terry mclaurin,WAS,SEA,WR,REGULAR TARGET,True,,,-2.5,41.5,22.0,,,2,27,8,0.2,0.7,0.1,8,18,9.57,4.97,7.07,12.45,-0.434,65.8,67.26,70.2,45.62,1.002,0.926,0.97,1.03,0.97,Neutral,0.94,0.88,0.88,1.0,0.94,0.88,0.88,0.94,-12.0,-12.0,0.0,-6.0,-12.0,-12.0,-6.0,0.0036631121642969,8.886255924170617e-05,0.0,0.135835324934851,3.7212146068781142,54.29808467489155,54.4339199998264,0.139498437099148,11.628880337299178,,,,,0.1,3.5,51.1,,11.3,,,,,0.1,3.1,45.0,,10.6,38.0,0.85,0.65,42.0,18.0,1.8,18.0,22.0,6.0,70.2,,,,,,,,,,,,,,,,,,,,,,NO ODDS,,,,,,,,,17.6,,EARLY MODERATE,No OVER/UNDER recommendation.
2026,3,,2026-09-27,13:00,00-0040736,Mason Taylor,mason taylor,NYJ,DET,TE,LOW TARGET,False,,,-7.0,48.5,27.75,,,1,13,8,0.2,0.7,0.1,8,14,5.9,3.86,3.52,7.78,0.185,60.44,63.55,70.1,72.25,1.074,0.644,1.022,1.084,0.946,Favorable,1.088,1.108,1.12,1.0,1.088,1.12,1.12,1.088,10.8,12.0,0.0,8.8,12.0,12.0,8.8,0.0079202054118111,7.90045427612088e-05,0.0,0.0336164329448943,3.027542199061062,22.01830702380772,22.05192345675261,0.0415366383567055,5.77054508576551,,,,,0.0,2.9,21.3,,6.3,,,,,0.0,3.2,23.9,,6.9,38.0,0.85,0.65,42.0,18.0,1.8,18.0,22.0,6.0,70.1,,,,,,,,,,,,,,,,,,,,,,NO ODDS,,,,,,,,,17.5,,EARLY MODERATE,No OVER/UNDER recommendation.
2026,3,,2026-09-27,13:00,00-0031588,Stefon Diggs,stefon diggs,WAS,SEA,WR,REGULAR TARGET,True,,,-2.5,41.5,22.0,,,2,25,8,0.2,0.7,0.1,8,18,14.44,7.46,5.6,21.8,-0.119,65.93,66.85,70.1,45.62,1.002,0.897,0.986,1.03,0.97,Neutral,0.94,0.88,0.88,1.0,0.94,0.88,0.88,0.94,-12.0,-12.0,0.0,-6.0,-12.0,-12.0,-6.0,0.237663112164297,8.886255924170617e-05,0.0,0.2173680884676145,4.818533288196796,55.61888890769579,55.8362569961634,0.4550312006319115,13.835334435793277,,,,,0.2,4.6,53.2,,13.7,,,,,0.2,4.0,46.8,,12.9,38.0,0.85,0.65,42.0,18.0,1.8,18.0,22.0,6.0,70.1,,,,,,,,,,,,,,,,,,,,,,NO ODDS,,,,,,,,,17.5,,EARLY MODERATE,No OVER/UNDER recommendation.
2026,3,,2026-09-27,16:05,00-0036259,Jauan Jennings,jauan jennings,MIN,TB,WR,LOW TARGET,False,,,-1.5,45.5,23.5,,,1,30,8,0.2,0.7,0.1,8,18,11.02,6.32,8.93,15.85,-0.611,63.56,64.26,70.1,56.38,1.025,0.752,0.97,1.018,0.992,Neutral,1.013,1.096,1.079,1.0,1.013,1.015,0.955,1.013,9.6,7.9,0.0,1.3,1.5,-4.5,1.3,0.0036631121642969,8.886255924170617e-05,0.0,0.0993680884676145,3.2548485591327565,39.11604490112765,39.21541298959527,0.1030312006319115,9.52037279375715,,,,,0.1,3.1,37.7,,9.5,,,,,0.1,3.1,36.0,,9.6,38.0,0.85,0.65,42.0,18.0,1.8,18.0,22.0,6.0,70.1,,,,,,,,,,,,,,,,,,,,,,NO ODDS,,,,,,,,,17.5,,EARLY MODERATE,No OVER/UNDER recommendation.
2026,3,,2026-09-27,13:00,00-0035250,Devin Singletary,devin singletary,NYG,TEN,RB,DEPTH RB,True,,,5.5,43.5,19.0,,,2,32,8,0.2,0.7,0.1,8,18,9.14,6.36,4.12,14.6,0.012,58.96,71.53,70.0,44.38,0.976,0.6,1.001,0.934,1.056,Neutral,1.04,1.071,1.016,1.0,1.013,0.88,0.88,0.97,7.1,1.6,0.0,1.3,-12.0,-12.0,-3.0,0.0019669551534225,0.0001573564122738,0.0,24.43002458693942,1.213775008429808,8.39281555580533,32.82284014274475,24.43199154209284,6.274494450376531,,,,,22.9,1.3,8.9,32.7,6.1,,,,,23.2,1.1,7.8,31.7,6.3,38.0,0.85,0.65,42.0,18.0,1.8,18.0,22.0,6.0,70.0,,,,,,,,,,,,,,,,,,,,,,NO ODDS,,,,,,,,,17.5,,EARLY MODERATE,No OVER/UNDER recommendation.
2026,3,,2026-09-27,13:00,00-0033885,David Njoku,david njoku,LAC,BUF,TE,LOW TARGET,False,,,-4.5,49.5,27.0,,,2,22,8,0.2,0.7,0.1,8,18,6.3,4.2,2.27,10.28,0.394,60.04,60.38,70.0,72.12,1.068,0.759,1.03,1.054,0.974,Neutral,0.94,0.885,0.982,1.0,0.94,0.88,0.88,0.94,-11.5,-1.8,0.0,-6.0,-12.0,-12.0,-6.0,0.0079202054118111,7.90045427612088e-05,0.0,0.0336164329448943,3.5263433978622607,30.38159373709443,30.415210170039327,0.0415366383567055,8.558122508342931,,,,,0.0,3.5,30.5,,9.4,,,,,0.0,3.1,26.8,,8.8,38.0,0.85,0.65,42.0,18.0,1.8,18.0,22.0,6.0,70.0,,,,,,,,,,,,,,,,,,,,,,NO ODDS,,,,,,,,,17.5,,EARLY MODERATE,No OVER/UNDER recommendation.
2026,3,,2026-09-27,13:00,00-0038935,Brenton Strange,brenton strange,JAC,NE,TE,LOW TARGET,True,,,2.5,45.5,21.5,,,2,26,8,0.2,0.7,0.1,8,18,9.58,4.94,5.2,13.85,0.16,65.97,64.07,70.0,52.62,1.005,0.557,1.019,0.97,1.032,Tough,0.919,0.902,0.88,1.0,0.919,1.046,1.012,0.919,-9.8,-12.0,0.0,-8.1,4.6,1.2,-8.1,0.0079202054118111,7.90045427612088e-05,0.0,0.0336164329448943,3.016465275984139,32.824702628203326,32.858319061148215,0.0415366383567055,7.553734096754519,,,,,0.0,3.2,34.5,,7.7,,,,,0.0,3.3,34.9,,7.1,38.0,0.85,0.65,42.0,18.0,1.8,18.0,22.0,6.0,70.0,,,,,,,,,,,,,,,,,,,,,,NO ODDS,,,,,,,,,17.5,,EARLY MODERATE,No OVER/UNDER recommendation.
2026,3,,2026-09-27,13:00,00-0033699,Austin Ekeler,austin ekeler,WAS,SEA,RB,ROTATION RB,True,,,-2.5,41.5,22.0,,,0,14,8,0.2,0.7,0.1,8,18,9.53,5.63,5.0,17.38,-0.544,62.87,74.58,69.9,45.62,1.002,0.631,0.97,1.03,0.97,Neutral,0.94,0.88,0.88,1.0,0.88,1.12,1.12,0.882,-12.0,-12.0,0.0,-12.0,12.0,12.0,-11.8,0.0024586939417781,0.0001966955153422,0.0,28.59201329748144,2.6769665228555866,25.190195268932484,53.78220856641391,28.59447199142321,9.744289799500264,,,,,28.6,2.5,23.7,52.2,9.5,,,,,25.2,2.8,26.5,46.0,8.9,38.0,0.85,0.65,42.0,18.0,1.8,18.0,22.0,6.0,69.9,,,,,,,,,,,,,,,,,,,,,,NO ODDS,,,,,,,,,17.5,,EARLY MODERATE,No OVER/UNDER recommendation.
2026,3,,2026-09-27,16:05,00-0037157,Bam Knight,bam knight,ARI,SF,RB,DEPTH RB,False,,,-8.5,47.5,28.0,,,1,12,8,0.2,0.7,0.1,8,18,7.45,5.98,3.82,13.52,-0.807,55.49,69.59,69.9,71.12,1.074,0.6,0.97,1.102,0.928,Neutral,0.998,1.001,0.926,1.0,1.024,1.12,1.12,1.055,0.1,-7.4,0.0,2.4,12.0,12.0,5.5,0.0019669551534225,0.0001573564122738,0.0,24.407560021934533,1.5699115466227975,11.264460577450352,35.67202059938488,24.409526977087957,6.950600004768377,,,,,26.1,1.4,10.1,35.1,7.2,,,,,26.7,1.6,11.3,37.0,7.2,38.0,0.85,0.65,42.0,18.0,1.8,18.0,22.0,6.0,69.9,,,,,,,,,,,,,,,,,,,,,,NO ODDS,,,,,,,,,17.5,,EARLY MODERATE,No OVER/UNDER recommendation.
2026,3,,2026-09-27,13:00,00-0033955,Jeremy McNichols,jeremy mcnichols,WAS,SEA,RB,DEPTH RB,True,,,-2.5,41.5,22.0,,,0,31,8,0.2,0.7,0.1,8,18,3.31,1.59,1.88,4.93,0.527,67.61,65.32,69.9,45.62,1.002,0.6,1.03,1.03,0.97,Neutral,0.94,0.88,0.88,1.0,0.88,1.12,1.12,0.882,-12.0,-12.0,0.0,-12.0,12.0,12.0,-11.8,0.0024586939417781,0.0001966955153422,0.0,16.572560975609758,1.2958693941778128,8.787332808811959,25.35989378442171,16.575019669551533,4.734396144767898,,,,,17.6,1.3,8.8,26.1,4.9,,,,,15.5,1.5,9.9,23.0,4.6,38.0,0.85,0.65,42.0,18.0,1.8,18.0,22.0,6.0,69.9,,,,,,,,,,,,,,,,,,,,,,NO ODDS,,,,,,,,,17.5,,EARLY MODERATE,No OVER/UNDER recommendation.
2026,3,,2026-09-27,13:00,00-0040582,Arian Smith,arian smith,NYJ,DET,WR,LOW TARGET,False,,,-7.0,48.5,27.75,,,2,13,8,0.2,0.7,0.1,8,18,0.39,0.57,0.0,0.93,-0.433,63.59,58.03,69.9,72.25,1.074,0.55,0.97,1.084,0.946,Favorable,1.088,1.108,1.12,1.0,1.088,1.083,1.12,1.088,10.8,12.0,0.0,8.8,8.3,12.0,8.8,0.0036631121642969,8.886255924170617e-05,0.0,1.1493680884676143,0.5904453761088834,5.823746050552924,6.973114139020539,1.1530312006319117,1.4124293808482198,,,,,1.2,0.5,5.3,,1.5,,,,,1.3,0.5,5.9,,1.6,38.0,0.85,0.65,42.0,18.0,1.8,18.0,22.0,6.0,69.9,,,,,,,,,,,,,,,,,,,,,,NO ODDS,,,,,,,,,17.5,,EARLY MODERATE,No OVER/UNDER recommendation.
2026,3,,2026-09-27,13:00,00-0038544,Quentin Johnston,quentin johnston,LAC,BUF,WR,REGULAR TARGET,False,,,-4.5,49.5,27.0,,,2,28,8,0.2,0.7,0.1,8,18,8.07,6.77,2.7,12.18,-0.394,54.38,63.27,69.7,72.12,1.068,0.847,0.97,1.054,0.974,Neutral,0.94,0.885,0.982,1.0,0.94,0.949,0.912,0.94,-11.5,-1.8,0.0,-6.0,-5.1,-8.8,-6.0,0.0036631121642969,8.886255924170617e-05,0.0,1.4128601519596782,3.234279319942827,42.52771430452118,43.94057445648086,1.4165232641239751,10.008564911983752,,,,,1.4,3.1,40.2,,10.4,,,,,1.3,2.9,36.7,,9.8,38.0,0.85,0.65,42.0,18.0,1.8,18.0,22.0,6.0,69.7,,,,,,,,,,,,,,,,,,,,,,NO ODDS,,,,,,,,,17.4,,EARLY MODERATE,No OVER/UNDER recommendation.
2026,3,,2026-09-27,13:00,00-0037252,Greg Dulcich,greg dulcich,MIA,KC,TE,LOW TARGET,True,,,-8.5,44.5,26.5,,,2,13,8,0.2,0.7,0.1,8,18,6.58,3.91,4.25,6.72,-0.519,62.74,61.53,69.6,62.12,1.053,0.55,0.97,1.102,0.92,Tough,0.891,0.88,0.88,1.0,0.891,1.022,0.922,0.891,-12.0,-12.0,0.0,-10.9,2.2,-7.8,-10.9,0.0079202054118111,7.90045427612088e-05,0.0,-0.4779220285935672,2.408311429830293,27.67929603479673,27.20137400620316,-0.470001823181756,5.527797833018257,,,,,-0.5,2.1,24.7,,5.6,,,,,-0.4,2.1,22.8,,5.0,38.0,0.85,0.65,42.0,18.0,1.8,18.0,22.0,6.0,69.6,,,,,,,,,,,,,,,,,,,,,,NO ODDS,,,,,,,,,17.4,,EARLY MODERATE,No OVER/UNDER recommendation.
2026,3,,2026-09-27,13:00,00-0036252,Michael Pittman,michael pittman,PIT,CIN,WR,REGULAR TARGET,True,,,-2.5,45.5,24.0,,,1,33,8,0.2,0.7,0.1,8,18,7.12,4.49,3.48,10.03,-0.478,61.37,64.14,69.6,57.62,1.03,0.81,0.97,1.03,0.982,Neutral,1.046,1.1,0.888,1.0,1.046,0.88,0.88,1.046,10.0,-11.2,0.0,4.6,-12.0,-12.0,4.6,0.0036631121642969,8.886255924170617e-05,0.0,0.0993680884676145,4.04414584230935,48.101397565704445,48.20076565417206,0.1030312006319115,10.296849544018384,,,,,0.1,3.9,45.8,,10.3,,,,,0.1,3.4,40.3,,10.8,38.0,0.85,0.65,42.0,18.0,1.8,18.0,22.0,6.0,69.6,,,,,,,,,,,,,,,,,,,,,,NO ODDS,,,,,,,,,17.4,,EARLY MODERATE,No OVER/UNDER recommendation.
2026,3,,2026-09-27,16:25,00-0038041,Jake Ferguson,jake ferguson,DAL,BAL,TE,LOW TARGET,True,,,-3.0,52.5,27.75,,,2,31,8,0.2,0.7,0.1,8,18,7.77,6.47,3.35,9.15,0.516,54.59,59.8,69.5,79.25,1.082,0.726,1.03,1.036,0.998,Neutral,0.998,1.077,0.88,1.0,0.998,0.941,0.933,0.998,7.7,-12.0,0.0,-0.2,-5.9,-6.7,-0.2,0.0079202054118111,7.90045427612088e-05,0.0,0.0620035297190878,3.99072546740562,32.36384761225153,32.42585114197062,0.069923735130899,10.17081626619798,,,,,0.1,4.1,33.3,,11.3,,,,,0.1,3.9,31.1,,11.3,38.0,0.85,0.65,42.0,18.0,1.8,18.0,22.0,6.0,69.5,,,,,,,,,,,,,,,,,,,,,,NO ODDS,,,,,,,,,17.4,,EARLY MODERATE,No OVER/UNDER recommendation.
2026,3,,2026-09-27,20:20,00-0034348,Courtland Sutton,courtland sutton,DEN,LAR,WR,REGULAR TARGET,True,,,-2.5,46.5,24.5,,,2,33,8,0.2,0.7,0.1,8,18,9.96,7.8,4.9,18.05,-0.809,56.08,66.06,69.5,60.62,1.037,0.955,0.97,1.03,0.985,Neutral,1.0,1.0,1.0,1.0,1.0,1.0,1.0,1.0,0.0,0.0,0.0,0.0,0.0,0.0,0.0,0.4707085667097516,0.0161873474077265,0.0,0.0993680884676145,4.05518480334831,51.5807536263105,51.68012171477812,0.5700766551773662,11.35821805051189,,,,,0.1,3.9,49.3,,11.4,,,,,0.1,3.9,49.3,,11.4,38.0,0.85,0.65,42.0,18.0,1.8,18.73,22.0,6.0,69.5,,,,,,,,,,,,,,,,,,,,,,NO ODDS,,,,,,,,,17.4,,EARLY MODERATE,No OVER/UNDER recommendation.
2026,3,,2026-09-27,16:05,00-0033921,Chris Godwin Jr.,chris godwin jr,TB,MIN,WR,LOW TARGET,True,,,1.5,45.5,22.0,,,2,16,8,0.2,0.7,0.1,8,18,10.4,6.16,8.23,11.6,-0.587,62.8,64.46,69.5,53.38,1.01,0.819,0.97,0.982,1.022,Neutral,0.956,0.898,0.88,1.0,0.956,0.893,0.909,0.956,-10.2,-12.0,0.0,-4.4,-10.7,-9.1,-4.4,0.0036631121642969,8.886255924170617e-05,0.0,2.055082374181901,4.31181900248251,50.07838890769578,52.13347128187768,2.058745486346198,11.39483872150756,,,,,2.0,4.3,49.7,,11.2,,,,,1.9,3.8,45.2,,10.7,38.0,0.85,0.65,42.0,18.0,1.8,18.0,22.0,6.0,69.5,,,,,,,,,,,,,,,,,,,,,,NO ODDS,,,,,,,,,17.4,,EARLY MODERATE,No OVER/UNDER recommendation.
2026,3,,2026-09-27,16:25,00-0038705,Emari Demercado,emari demercado,DAL,BAL,RB,DEPTH RB,True,,,-3.0,52.5,27.75,,,2,25,8,0.2,0.7,0.1,8,18,3.65,3.37,1.78,4.67,-0.099,51.99,61.3,69.4,79.25,1.082,0.6,0.988,1.036,0.998,Neutral,0.998,1.077,0.88,1.0,0.88,1.12,1.12,0.954,7.7,-12.0,0.0,-12.0,12.0,12.0,-4.6,0.0019669551534225,0.0001573564122738,0.0,20.54684140721592,0.9827600314712824,7.047672698662471,27.594514105878392,20.54880836236934,4.179273597841969,,,,,21.0,1.0,7.0,27.7,4.5,,,,,18.5,1.1,7.8,26.4,4.5,38.0,0.85,0.65,42.0,18.0,1.8,18.0,22.0,6.0,69.4,,,,,,,,,,,,,,,,,,,,,,NO ODDS,,,,,,,,,17.4,,EARLY MODERATE,No OVER/UNDER recommendation.
2026,3,,2026-09-27,13:00,00-0035535,Darius Slayton,darius slayton,NYG,TEN,WR,REGULAR TARGET,True,,,5.5,43.5,19.0,,,0,30,8,0.2,0.7,0.1,8,18,8.0,4.08,5.02,11.62,-0.371,66.24,65.52,69.4,44.38,0.976,0.629,0.97,0.934,1.056,Neutral,1.04,1.071,1.016,1.0,1.04,1.118,1.12,1.04,7.1,1.6,0.0,4.0,11.8,12.0,4.0,0.0045788902053712,0.0001110781990521,0.0,0.5506468921937135,2.504192882823991,36.0976423333061,36.64828922549981,0.5552257823990849,6.93923036001253,,,,,0.5,2.6,37.0,,6.6,,,,,0.5,2.9,41.4,,6.9,38.0,0.85,0.65,42.0,18.0,1.8,18.0,22.0,6.0,69.4,,,,,,,,,,,,,,,,,,,,,,NO ODDS,,,,,,,,,17.4,,EARLY MODERATE,No OVER/UNDER recommendation.
2026,3,,2026-09-27,13:00,00-0036898,Davis Mills,davis mills,HOU,IND,QB,QB,False,,,2.5,45.5,21.5,,,0,10,8,0.2,0.7,0.1,8,18,10.34,8.83,2.29,14.98,-0.044,53.93,88.48,69.3,52.62,1.005,0.701,0.995,0.97,1.032,Favorable,1.108,1.12,0.986,1.0,1.108,1.0,1.0,1.108,12.0,-1.4,0.0,10.8,0.0,0.0,10.8,133.60059523809522,0.6899364668147052,0.0,9.123112509252405,0.0012490747594374,0.002220577350111,9.125333086602517,142.72370774734767,9.560187145324452,133.6,0.69,0.0,142.7,,,,,9.6,149.6,0.68,0.0,159.8,,,,,10.6,38.0,0.85,0.65,42.0,18.0,1.8,18.0,22.0,6.0,69.3,,,,,,,,,,,,,,,,,,,,,,NO ODDS,,,,,,,,,17.3,,EARLY MODERATE,No OVER/UNDER recommendation.
2026,3,,2026-09-27,16:25,00-0034975,Justice Hill,justice hill,BAL,DAL,RB,DEPTH RB,False,,,3.0,52.5,24.75,,,2,25,8,0.2,0.7,0.1,8,18,3.8,3.01,1.7,4.92,-0.367,55.83,60.89,69.3,73.25,1.052,0.6,0.97,0.964,1.058,Favorable,1.074,1.106,1.12,1.0,1.056,1.12,1.12,1.12,10.6,12.0,0.0,5.6,12.0,12.0,12.0,0.0019669551534225,0.0001573564122738,0.0,13.77669855007306,2.170617174328426,17.74638698437676,31.523085534449816,13.778665505226485,6.717987883556255,,,,,12.9,2.2,18.2,30.9,6.9,,,,,13.6,2.5,20.4,34.6,7.4,38.0,0.85,0.65,42.0,18.0,1.8,18.0,22.0,6.0,69.3,,,,,,,,,,,,,,,,,,,,,,NO ODDS,,,,,,,,,17.3,,EARLY MODERATE,No OVER/UNDER recommendation.
2026,3,,2026-09-27,13:00,00-0030061,Zach Ertz,zach ertz,WAS,SEA,TE,REGULAR TARGET,True,,,-2.5,41.5,22.0,,,0,30,8,0.2,0.7,0.1,8,18,10.04,5.97,7.55,13.6,0.309,62.71,66.95,69.3,45.62,1.002,0.742,1.03,1.03,0.97,Neutral,0.94,0.88,0.88,1.0,0.94,1.12,1.12,0.94,-12.0,-12.0,0.0,-6.0,12.0,12.0,-6.0,0.0099002567647639,9.8755678451511e-05,0.0,0.0420205411811179,3.685731904440828,36.89877900522384,36.94079954640496,0.0519207979458819,9.614342939877089,,,,,0.0,3.7,36.9,,9.9,,,,,0.0,4.1,41.3,,9.3,38.0,0.85,0.65,42.0,18.0,1.8,18.0,22.0,6.0,69.3,,,,,,,,,,,,,,,,,,,,,,NO ODDS,,,,,,,,,17.3,,EARLY MODERATE,No OVER/UNDER recommendation.
2026,3,,2026-09-27,13:00,00-0034159,Will Dissly,will dissly,LAC,BUF,TE,LOW TARGET,False,,,-4.5,49.5,27.0,,,0,23,8,0.2,0.7,0.1,8,18,2.66,1.81,1.48,3.82,1.0,59.52,58.86,69.2,72.12,1.068,0.55,1.03,1.054,0.974,Neutral,0.94,0.885,0.982,1.0,0.94,0.88,0.88,0.94,-11.5,-1.8,0.0,-6.0,-12.0,-12.0,-6.0,0.0099002567647639,9.8755678451511e-05,0.0,0.0420205411811179,2.429456632985646,23.18894869310717,23.23096923428829,0.0519207979458819,5.342154829386881,,,,,0.0,2.4,23.3,,5.9,,,,,0.0,2.1,20.5,,5.5,38.0,0.85,0.65,42.0,18.0,1.8,18.0,22.0,6.0,69.2,,,,,,,,,,,,,,,,,,,,,,NO ODDS,,,,,,,,,17.3,,EARLY MODERATE,No OVER/UNDER recommendation.
2026,3,,2026-09-27,16:05,00-0039916,Ricky Pearsall,ricky pearsall,SF,ARI,WR,REGULAR TARGET,True,,,8.5,47.5,19.5,,,0,20,8,0.2,0.7,0.1,8,18,9.19,6.16,3.25,14.03,1.0,59.89,65.26,69.2,54.12,0.989,0.724,1.03,0.898,1.098,Neutral,1.062,1.039,1.12,1.0,1.062,1.018,0.97,1.062,3.9,12.0,0.0,6.2,1.8,-3.0,6.2,0.0045788902053712,0.0001110781990521,0.0,1.3511837947950447,3.430516234306145,47.58757730003327,48.93876109482831,1.355762685000416,9.178917292861897,,,,,1.2,3.9,53.8,,9.4,,,,,1.3,4.0,52.2,,10.0,38.0,0.85,0.65,42.0,18.0,1.8,19.84,22.0,6.0,69.2,,,,,,,,,,,,,,,,,,,,,,NO ODDS,,,,,,,,,17.3,,EARLY MODERATE,No OVER/UNDER recommendation.
2026,3,,2026-09-27,13:00,00-0040130,Jayden Higgins,jayden higgins,HOU,IND,WR,LOW TARGET,False,,,2.5,45.5,21.5,,,0,17,8,0.2,0.7,0.1,8,18,8.97,5.22,5.48,12.07,0.544,63.22,63.68,69.2,52.62,1.005,0.6,1.03,0.97,1.032,Favorable,1.108,1.12,0.986,1.0,1.108,1.12,1.12,1.108,12.0,-1.4,0.0,10.8,12.0,12.0,10.8,0.0045788902053712,0.0001110781990521,0.0,0.1242101105845181,2.4927937110863305,32.71902079848527,32.84323090906979,0.1287890007898894,7.951339893481089,,,,,0.1,2.7,34.8,,8.2,,,,,0.1,3.0,39.0,,9.1,38.0,0.85,0.65,42.0,18.0,1.8,18.0,22.0,6.0,69.2,,,,,,,,,,,,,,,,,,,,,,NO ODDS,,,,,,,,,17.3,,EARLY MODERATE,No OVER/UNDER recommendation.
2026,3,,2026-09-27,13:00,00-0036555,Chuba Hubbard,chuba hubbard,CAR,CLE,RB,ROTATION RB,False,,,2.5,40.5,19.0,,,2,30,8,0.2,0.7,0.1,8,18,10.73,7.9,4.23,15.9,1.0,57.6,72.73,69.1,37.62,0.97,0.882,1.03,0.97,1.017,Neutral,0.948,0.88,1.049,1.0,1.064,0.954,0.88,0.999,-12.0,4.9,0.0,6.4,-4.6,-12.0,-0.1,0.0019669551534225,0.0001573564122738,0.0,49.78428639900574,2.230753463326784,14.058070071404671,63.842356470410415,49.786253354159165,12.077873926249191,,,,,49.7,2.3,14.7,65.3,12.1,,,,,52.9,2.2,12.9,65.2,11.5,38.0,0.85,0.65,42.0,18.51,1.8,18.0,22.17,6.0,69.1,,,,,,,,,,,,,,,,,,,,,,NO ODDS,,,,,,,,,17.3,,EARLY MODERATE,No OVER/UNDER recommendation.
2026,3,,2026-09-27,13:00,00-0039384,Tyrone Tracy Jr.,tyrone tracy jr,NYG,TEN,RB,ROTATION RB,True,,,5.5,43.5,19.0,,,2,32,8,0.2,0.7,0.1,8,18,10.11,10.61,3.22,18.18,-0.337,48.79,75.23,68.9,44.38,0.976,0.733,0.97,0.934,1.056,Neutral,1.04,1.071,1.016,1.0,1.013,0.88,0.88,0.97,7.1,1.6,0.0,1.3,-12.0,-12.0,-3.0,0.0019669551534225,0.0001573564122738,0.0,39.85542781274587,1.8352035798583797,14.21127753737215,54.06670535011803,39.8573947678993,8.515586040238285,,,,,36.1,1.9,14.6,52.2,8.1,,,,,36.6,1.7,12.8,50.6,8.4,38.0,0.85,0.65,42.0,18.0,1.8,18.0,22.0,6.0,68.9,,,,,,,,,,,,,,,,,,,,,,NO ODDS,,,,,,,,,17.2,,EARLY MODERATE,No OVER/UNDER recommendation.
2026,3,,2026-09-27,16:25,00-0038551,Kendre Miller,kendre miller,NO,LV,RB,DEPTH RB,True,,,3.0,45.5,21.25,,,1,13,8,0.2,0.7,0.1,8,18,5.51,3.7,2.3,6.68,-0.421,59.79,68.33,68.9,52.25,1.002,0.6,0.97,0.964,1.038,Neutral,0.951,0.937,0.88,1.0,1.002,0.974,0.935,0.986,-6.3,-12.0,0.0,0.2,-2.6,-6.5,-1.4,0.0019669551534225,0.0001573564122738,0.0,27.557676572051083,0.6816831083943594,4.731826544816317,32.2895031168674,27.559643527204503,5.904772498940871,,,,,25.8,0.7,4.8,31.3,5.7,,,,,25.9,0.7,4.5,30.9,5.4,38.0,0.85,0.65,42.0,18.0,1.8,18.0,22.0,6.0,68.9,,,,,,,,,,,,,,,,,,,,,,NO ODDS,,,,,,,,,17.2,,EARLY MODERATE,No OVER/UNDER recommendation.
2026,3,,2026-09-27,20:20,00-0033881,Evan Engram,evan engram,DEN,LAR,TE,LOW TARGET,True,,,-2.5,46.5,24.5,,,2,25,8,0.2,0.7,0.1,8,18,6.85,4.43,2.77,9.1,0.763,60.73,61.67,68.9,60.62,1.037,0.639,1.03,1.03,0.985,Neutral,1.0,1.0,1.0,1.0,1.0,1.0,1.0,1.0,0.0,0.0,0.0,0.0,0.0,0.0,0.0,0.0079202054118111,7.90045427612088e-05,0.0,0.2366164329448943,3.1492784627973256,29.48994438644508,29.726560819389977,0.2445366383567055,6.852140690161113,,,,,0.3,3.2,29.9,,7.3,,,,,0.3,3.2,29.9,,7.3,38.0,0.85,0.65,42.0,18.0,1.8,18.0,22.0,6.0,68.9,,,,,,,,,,,,,,,,,,,,,,NO ODDS,,,,,,,,,17.2,,EARLY MODERATE,No OVER/UNDER recommendation.
2026,3,,2026-09-27,16:25,00-0035602,Alex Bachman,alex bachman,LV,NO,WR,LOW TARGET,False,,,-3.0,45.5,24.25,,,0,16,8,0.2,0.7,0.1,8,18,0.19,0.46,0.0,0.0,0.433,68.42,57.36,68.8,58.25,1.032,0.55,1.03,1.036,0.977,Neutral,0.981,0.895,0.948,1.0,0.981,0.929,0.88,0.981,-10.5,-5.2,0.0,-1.9,-7.1,-12.0,-1.9,0.0045788902053712,0.0001110781990521,0.0,0.1242101105845181,0.5589701816745656,5.920307563191154,6.044517673775672,0.1287890007898894,1.319262687598736,,,,,0.1,0.6,6.0,,1.4,,,,,0.1,0.6,5.3,,1.4,38.0,0.85,0.65,42.0,18.0,1.8,18.0,22.0,6.0,68.8,,,,,,,,,,,,,,,,,,,,,,NO ODDS,,,,,,,,,17.2,,EARLY MODERATE,No OVER/UNDER recommendation.
2026,3,,2026-09-27,13:00,00-0035631,Drew Sample,drew sample,CIN,PIT,TE,LOW TARGET,False,,,2.5,45.5,21.5,,,1,23,8,0.2,0.7,0.1,8,18,3.32,1.68,1.6,4.75,0.036,66.45,60.23,68.6,52.62,1.005,0.55,1.004,0.97,1.032,Neutral,1.062,1.054,0.952,1.0,1.062,1.06,1.12,1.062,5.4,-4.8,0.0,6.2,6.0,12.0,6.2,0.0079202054118111,7.90045427612088e-05,0.0,0.0612844171346176,1.86728072140828,12.697799270691268,12.759083687825887,0.0692046225464288,3.5650677370272903,,,,,0.1,1.9,13.2,,3.6,,,,,0.1,2.0,14.8,,3.8,38.0,0.85,0.65,42.0,18.0,1.8,18.0,22.0,6.0,68.6,,,,,,,,,,,,,,,,,,,,,,NO ODDS,,,,,,,,,17.2,,EARLY MODERATE,No OVER/UNDER recommendation.
2026,3,,2026-09-27,13:00,00-0039894,Xavier Worthy,xavier worthy,KC,MIA,WR,REGULAR TARGET,False,,,8.5,44.5,18.0,,,2,30,8,0.2,0.7,0.1,8,17,7.23,4.27,5.33,10.28,-0.085,62.88,65.33,68.6,45.12,0.968,0.821,0.99,0.898,1.09,Neutral,1.031,1.002,1.12,1.0,1.031,0.932,0.88,1.031,0.2,12.0,0.0,3.1,-6.8,-12.0,3.1,0.0036631121642969,8.886255924170617e-05,0.0,4.398448548237731,3.509988132203364,35.52064260227707,39.9190911505148,4.402111660402028,9.627160971097052,,,,,3.9,3.8,38.3,39.3,9.2,,,,,4.0,3.5,33.7,40.5,9.5,38.0,0.85,0.65,42.0,18.0,1.8,18.0,22.0,6.0,68.6,,,,,,,,,,,,,,,,,,,,,,NO ODDS,,,,,,,,,17.2,,EARLY MODERATE,No OVER/UNDER recommendation.
2026,3,,2026-09-27,16:05,00-0039855,Jalen McMillan,jalen mcmillan,TB,MIN,WR,LOW TARGET,True,,,1.5,45.5,22.0,,,0,17,8,0.2,0.7,0.1,8,18,12.03,7.92,5.25,18.62,-0.496,60.29,63.78,68.6,53.38,1.01,0.63,0.97,0.982,1.022,Neutral,0.956,0.898,0.88,1.0,0.956,0.893,0.909,0.956,-10.2,-12.0,0.0,-4.4,-10.7,-9.1,-4.4,0.0045788902053712,0.0001110781990521,0.0,2.2841365811727536,3.067242240498095,40.161116386720565,42.445252967893325,2.2887154713781253,10.020917099363444,,,,,2.2,3.0,39.8,,9.8,,,,,2.1,2.7,36.2,,9.4,38.0,0.85,0.65,42.0,18.0,1.8,18.0,22.0,6.0,68.6,,,,,,,,,,,,,,,,,,,,,,NO ODDS,,,,,,,,,17.2,,EARLY MODERATE,No OVER/UNDER recommendation.
2026,3,,2026-09-27,20:20,00-0036613,Jaylen Waddle,jaylen waddle,DEN,LAR,WR,REGULAR TARGET,True,,,-2.5,46.5,24.5,,,2,31,8,0.2,0.7,0.1,8,18,9.39,7.86,3.75,13.68,-0.321,54.45,64.24,68.4,60.62,1.037,0.888,0.97,1.03,0.985,Neutral,1.0,1.0,1.0,1.0,1.0,1.0,1.0,1.0,0.0,0.0,0.0,0.0,0.0,0.0,0.0,0.2101147250675227,8.886255924170617e-05,0.0,1.1684003465321309,4.197740661468686,60.73715618880178,61.9055565353339,1.3785150715996537,11.771549551000648,,,,,1.2,4.0,58.1,,11.8,,,,,1.2,4.0,58.1,,11.8,38.0,0.85,0.65,42.0,18.0,1.8,22.08,22.0,6.0,68.4,,,,,,,,,,,,,,,,,,,,,,NO ODDS,,,,,,,,,17.1,,EARLY MODERATE,No OVER/UNDER recommendation.
2026,3,,2026-09-27,16:05,00-0032775,Demarcus Robinson,demarcus robinson,SF,ARI,WR,LOW TARGET,True,,,8.5,47.5,19.5,,,2,31,8,0.2,0.7,0.1,8,18,6.69,3.7,4.2,7.38,0.187,64.36,60.58,68.4,54.12,0.989,0.55,1.022,0.898,1.098,Neutral,1.062,1.039,1.12,1.0,1.062,1.018,0.97,1.062,3.9,12.0,0.0,6.2,1.8,-3.0,6.2,0.0036631121642969,8.886255924170617e-05,0.0,0.2774326045966467,1.9535010301322795,27.47125757129025,27.7486901758869,0.2810957167609437,6.173964297544427,,,,,0.3,2.2,30.9,,6.2,,,,,0.3,2.2,30.0,,6.6,38.0,0.85,0.65,42.0,18.0,1.8,18.0,22.0,6.0,68.4,,,,,,,,,,,,,,,,,,,,,,NO ODDS,,,,,,,,,17.1,,EARLY MODERATE,No OVER/UNDER recommendation.
2026,3,,2026-09-27,13:00,00-0037120,Tyler Goodson,tyler goodson,IND,HOU,RB,DEPTH RB,True,,,-2.5,45.5,24.0,,,0,24,8,0.2,0.7,0.1,8,18,0.41,0.53,0.0,0.53,0.267,65.44,58.26,68.3,57.62,1.03,0.6,1.03,1.03,0.982,Neutral,0.956,0.963,0.88,1.0,0.88,0.936,0.935,0.88,-3.7,-12.0,0.0,-12.0,-6.4,-6.5,-12.0,0.0024586939417781,0.0001966955153422,0.0,9.389925982622378,0.5689029378898278,3.3570908733280884,12.74701685595047,9.392384676564156,2.3971062312569127,,,,,10.0,0.6,3.4,13.2,2.5,,,,,8.8,0.6,3.2,11.6,2.4,38.0,0.85,0.65,42.0,18.0,1.8,18.0,22.0,6.0,68.3,,,,,,,,,,,,,,,,,,,,,,NO ODDS,,,,,,,,,17.1,,EARLY MODERATE,No OVER/UNDER recommendation.
2026,3,,2026-09-27,13:00,00-0038573,Derius Davis,derius davis,LAC,BUF,WR,LOW TARGET,False,,,-4.5,49.5,27.0,,,2,26,8,0.2,0.7,0.1,8,18,0.36,0.66,0.0,0.33,0.567,60.08,56.21,68.3,72.12,1.068,0.55,1.03,1.054,0.974,Neutral,0.94,0.885,0.982,1.0,0.94,0.949,0.912,0.94,-11.5,-1.8,0.0,-6.0,-5.1,-8.8,-6.0,0.0036631121642969,8.886255924170617e-05,0.0,0.9304450115445376,0.649214606878114,6.404207589014461,7.334652600559,0.9341081237088348,1.8304293808482195,,,,,1.0,0.7,6.4,,2.0,,,,,0.9,0.7,5.8,,1.9,38.0,0.85,0.65,42.0,18.0,1.8,18.0,22.0,6.0,68.3,,,,,,,,,,,,,,,,,,,,,,NO ODDS,,,,,,,,,17.1,,EARLY MODERATE,No OVER/UNDER recommendation.
2026,3,,2026-09-27,16:25,00-0038738,Hunter Luepke,hunter luepke,DAL,BAL,RB,DEPTH RB,True,,,-3.0,52.5,27.75,,,2,28,8,0.2,0.7,0.1,8,18,2.15,1.94,0.55,3.2,-0.734,52.48,57.99,68.2,79.25,1.082,0.6,0.97,1.036,0.998,Neutral,0.998,1.077,0.88,1.0,0.88,1.12,1.12,0.954,7.7,-12.0,0.0,-12.0,12.0,12.0,-4.6,0.0019669551534225,0.0001573564122738,0.0,6.992841407215917,0.7706330473442984,6.398371111360884,13.391212518576802,6.994808362369339,2.447483121651493,,,,,7.0,0.7,6.2,13.2,2.6,,,,,6.2,0.8,6.9,12.6,2.6,38.0,0.85,0.65,42.0,18.0,1.8,18.0,22.0,6.0,68.2,,,,,,,,,,,,,,,,,,,,,,NO ODDS,,,,,,,,,17.0,,EARLY MODERATE,No OVER/UNDER recommendation.
2026,3,,2026-09-27,13:00,00-0033908,Cooper Kupp,cooper kupp,SEA,WAS,WR,LOW TARGET,False,,,2.5,41.5,19.5,,,2,28,8,0.2,0.7,0.1,8,18,5.72,2.74,4.68,7.58,-0.204,67.64,62.89,68.2,40.62,0.977,0.668,0.976,0.97,1.02,Favorable,1.106,1.099,1.12,1.0,1.106,1.104,1.096,1.106,9.9,12.0,0.0,10.6,10.4,9.6,10.6,0.0036631121642969,8.886255924170617e-05,0.0,0.2422252313247574,3.1874539231174306,37.99120636801325,38.233431599338005,0.2458883434890544,8.078326816745657,,,,,0.2,3.2,37.8,,7.7,,,,,0.2,3.5,41.4,,8.5,38.0,0.85,0.65,42.0,18.0,1.8,18.0,22.0,6.0,68.2,,,,,,,,,,,,,,,,,,,,,,NO ODDS,,,,,,,,,17.0,,EARLY MODERATE,No OVER/UNDER recommendation.
2026,3,,2026-09-27,13:00,00-0038797,Emanuel Wilson,emanuel wilson,SEA,WAS,RB,DEPTH RB,False,,,2.5,41.5,19.5,,,2,34,8,0.2,0.7,0.1,8,18,4.18,3.51,0.82,6.4,0.286,54.39,71.08,68.1,40.62,0.977,0.61,1.03,0.97,1.02,Favorable,1.106,1.099,1.12,1.0,1.11,0.88,0.941,1.069,9.9,12.0,0.0,11.0,-12.0,-5.9,6.9,0.0019669551534225,0.0001573564122738,0.0,37.5896710481632,0.691123667834919,4.222838474063541,41.81250952222676,37.59163800331663,6.092634636803009,,,,,37.6,0.7,4.4,42.9,6.1,,,,,41.7,0.6,4.1,45.9,6.7,38.0,0.85,0.65,42.0,18.0,1.8,18.0,22.0,6.0,68.1,,,,,,,,,,,,,,,,,,,,,,NO ODDS,,,,,,,,,17.0,,EARLY MODERATE,No OVER/UNDER recommendation.
2026,3,,2026-09-27,13:00,00-0038977,Tank Dell,tank dell,HOU,IND,WR,REGULAR TARGET,False,,,2.5,45.5,21.5,,,0,14,8,0.2,0.7,0.1,8,16,11.3,6.32,7.75,14.78,0.102,64.16,66.58,68.1,52.62,1.005,0.79,1.012,0.97,1.032,Favorable,1.108,1.12,0.986,1.0,1.108,1.12,1.12,1.108,12.0,-1.4,0.0,10.8,12.0,12.0,10.8,0.0045788902053712,0.0001110781990521,0.0,2.356352967727375,3.5306391377185222,48.155369376377976,50.511722344105344,2.360931857932746,9.94919057221412,,,,,2.3,3.7,50.3,,10.1,,,,,2.5,4.1,56.3,,11.2,38.0,0.85,0.65,42.0,18.0,1.8,21.39,22.0,6.0,68.1,,,,,,,,,,,,,,,,,,,,,,NO ODDS,,,,,,,,,17.0,,EARLY MODERATE,No OVER/UNDER recommendation.
2026,3,,2026-09-27,16:25,00-0038563,Tre Tucker,tre tucker,LV,NO,WR,REGULAR TARGET,False,,,-3.0,45.5,24.25,,,2,34,8,0.2,0.7,0.1,8,18,8.81,7.13,4.62,9.53,0.71,55.29,63.93,68.1,58.25,1.032,0.75,1.03,1.036,0.977,Neutral,0.981,0.895,0.948,1.0,0.981,0.929,0.88,0.981,-10.5,-5.2,0.0,-1.9,-7.1,-12.0,-1.9,0.0036631121642969,8.886255924170617e-05,0.0,2.030918890606652,3.2417235097399586,47.400025653303125,49.430944543909774,2.034582002770949,10.222248385373108,,,,,2.2,3.3,47.7,,10.9,,,,,2.2,3.1,42.0,,10.7,38.0,0.85,0.65,42.0,18.0,1.8,18.0,22.0,6.0,68.1,,,,,,,,,,,,,,,,,,,,,,NO ODDS,,,,,,,,,17.0,,EARLY MODERATE,No OVER/UNDER recommendation.
2026,3,,2026-09-27,13:00,00-0038621,DeMario Douglas,demario douglas,NE,JAC,WR,LOW TARGET,False,,,-2.5,45.5,24.0,,,2,32,8,0.2,0.7,0.1,8,18,3.69,2.35,1.82,6.15,1.0,61.13,60.44,68.1,57.62,1.03,0.55,1.03,1.03,0.982,Neutral,1.0,1.0,1.0,1.0,1.0,1.0,1.0,1.0,0.0,0.0,0.0,0.0,0.0,0.0,0.0,0.0036631121642969,8.886255924170617e-05,0.0,0.9284003465321308,2.619295961007856,28.15695457589855,29.08535492243068,0.9320634586964276,6.425487915055949,,,,,1.0,2.7,28.5,,6.8,,,,,1.0,2.7,28.5,,6.8,38.0,0.85,0.65,42.0,18.0,1.8,18.0,22.0,6.0,68.1,,,,,,,,,,,,,,,,,,,,,,NO ODDS,,,,,,,,,17.0,,EARLY MODERATE,No OVER/UNDER recommendation.
2026,3,,2026-09-27,13:00,00-0035704,Drew Lock,drew lock,SEA,WAS,QB,QB,False,,,2.5,41.5,19.5,,,2,10,8,0.2,0.7,0.1,8,18,10.16,10.82,0.38,14.93,1.0,48.42,80.68,68.0,40.62,0.977,0.7,1.03,0.97,1.02,Favorable,1.106,1.099,1.12,1.0,1.106,1.0,1.0,1.106,9.9,12.0,0.0,10.6,0.0,0.0,10.6,135.95761904761906,1.044330125832717,0.0,9.228013816925737,0.0009992598075499,0.0017764618800888,9.229790278805824,145.1856328645448,10.480378287688133,136.8,1.05,0.0,146.1,,,,,10.5,150.3,1.18,0.0,160.6,,,,,11.6,38.0,0.85,0.65,42.0,18.0,1.8,18.0,22.0,6.0,68.0,,,,,,,,,,,,,,,,,,,,,,NO ODDS,,,,,,,,,17.0,,EARLY MODERATE,No OVER/UNDER recommendation.
2026,3,,2026-09-27,13:00,00-0034272,Marquez Valdes-Scantling,marquez valdes scantling,PIT,CIN,WR,LOW TARGET,True,,,-2.5,45.5,24.0,,,0,22,8,0.2,0.7,0.1,8,18,4.48,3.17,1.82,5.92,0.153,58.57,61.73,68.0,57.62,1.03,0.55,1.018,1.03,0.982,Neutral,1.046,1.1,0.888,1.0,1.046,0.88,0.88,1.046,10.0,-11.2,0.0,4.6,-12.0,-12.0,4.6,0.0045788902053712,0.0001110781990521,0.0,0.280054266428674,1.740179597258981,24.74477996578856,25.02483423221723,0.2846331566340452,5.518633629157177,,,,,0.3,1.7,24.8,,5.8,,,,,0.3,1.5,21.8,,6.1,38.0,0.85,0.65,42.0,18.0,1.8,18.0,22.0,6.0,68.0,,,,,,,,,,,,,,,,,,,,,,NO ODDS,,,,,,,,,17.0,,EARLY MODERATE,No OVER/UNDER recommendation.
2026,3,,2026-09-27,16:05,00-0038129,Cade Otton,cade otton,TB,MIN,TE,REGULAR TARGET,True,,,1.5,45.5,22.0,,,2,29,8,0.2,0.7,0.1,8,18,8.37,6.13,4.55,7.67,1.0,57.73,63.3,67.8,53.38,1.01,0.78,1.03,0.982,1.022,Neutral,0.956,0.898,0.88,1.0,0.956,0.88,0.954,0.956,-10.2,-12.0,0.0,-4.4,-12.0,-4.6,-4.4,0.0079202054118111,7.90045427612088e-05,0.0,-0.0245116458728396,3.958273536688951,37.5504025145239,37.52589086865107,-0.0165914404610284,8.43730522218082,,,,,-0.0,4.2,39.5,,8.8,,,,,-0.0,3.7,37.7,,8.4,38.0,0.85,0.65,42.0,18.0,1.8,18.0,22.0,6.0,67.8,,,,,,,,,,,,,,,,,,,,,,NO ODDS,,,,,,,,,17.0,,EARLY MODERATE,No OVER/UNDER recommendation.
2026,3,,2026-09-27,16:25,00-0032211,Tyler Lockett,tyler lockett,LV,NO,WR,LOW TARGET,False,,,-3.0,45.5,24.25,,,0,34,8,0.2,0.7,0.1,8,18,4.74,3.27,1.98,7.55,-0.016,59.17,60.79,67.8,58.25,1.032,0.55,0.998,1.036,0.977,Neutral,0.981,0.895,0.948,1.0,0.981,0.929,0.88,0.981,-10.5,-5.2,0.0,-1.9,-7.1,-12.0,-1.9,0.0045788902053712,0.0001110781990521,0.0,0.1242101105845181,2.265771652262801,24.59619325837832,24.72040336896284,0.1287890007898894,5.33883989348109,,,,,0.1,2.2,24.0,,5.5,,,,,0.1,2.0,21.1,,5.4,38.0,0.85,0.65,42.0,18.0,1.8,18.0,22.0,6.0,67.8,,,,,,,,,,,,,,,,,,,,,,NO ODDS,,,,,,,,,17.0,,EARLY MODERATE,No OVER/UNDER recommendation.
2026,3,,2026-09-27,16:25,00-0031687,Raheem Mostert,raheem mostert,LV,NO,RB,DEPTH RB,False,,,-3.0,45.5,24.25,,,0,25,8,0.2,0.7,0.1,8,18,2.1,1.31,1.2,2.7,-0.517,61.66,58.78,67.7,58.25,1.032,0.6,0.97,1.036,0.977,Neutral,0.981,0.895,0.948,1.0,1.12,0.886,0.881,1.069,-10.5,-5.2,0.0,12.0,-11.4,-11.9,6.9,0.0024586939417781,0.0001966955153422,0.0,15.016230330448469,1.2459500393391032,8.735840873328089,23.75207120377656,15.018689024390245,4.024984854445319,,,,,15.1,1.2,8.3,23.2,4.0,,,,,16.9,1.1,7.3,24.8,3.9,38.0,0.85,0.65,42.0,18.0,1.8,18.0,22.0,6.0,67.7,,,,,,,,,,,,,,,,,,,,,,NO ODDS,,,,,,,,,16.9,,EARLY MODERATE,No OVER/UNDER recommendation.
2026,3,,2026-09-27,16:25,00-0039066,Michael Mayer,michael mayer,LV,NO,TE,LOW TARGET,False,,,-3.0,45.5,24.25,,,2,24,8,0.2,0.7,0.1,8,18,6.71,5.23,2.3,8.07,0.116,56.21,62.19,67.7,58.25,1.032,0.55,1.014,1.036,0.977,Neutral,0.981,0.895,0.948,1.0,0.981,1.08,1.028,0.981,-10.5,-5.2,0.0,-1.9,8.0,2.8,-1.9,0.0079202054118111,7.90045427612088e-05,0.0,0.0336164329448943,2.718090057000224,22.866399872987525,22.900016305932414,0.0415366383567055,5.2987450379872,,,,,0.0,2.7,22.7,,5.5,,,,,0.0,2.9,23.3,,5.4,38.0,0.85,0.65,42.0,18.0,1.8,18.0,22.0,6.0,67.7,,,,,,,,,,,,,,,,,,,,,,NO ODDS,,,,,,,,,16.9,,EARLY MODERATE,No OVER/UNDER recommendation.
2026,3,,2026-09-27,20:20,00-0038976,Marvin Mims Jr.,marvin mims jr,DEN,LAR,WR,LOW TARGET,True,,,-2.5,46.5,24.5,,,1,32,8,0.2,0.7,0.1,8,18,3.89,2.74,2.3,6.35,-0.671,58.63,59.85,67.7,60.62,1.037,0.55,0.97,1.03,0.985,Neutral,1.0,1.0,1.0,1.0,1.0,1.0,1.0,1.0,0.0,0.0,0.0,0.0,0.0,0.0,0.0,0.0036631121642969,8.886255924170617e-05,0.0,2.905214862661164,2.015926145339653,21.768504115069057,24.673718977730218,2.9088779748254603,5.82369644040157,,,,,2.9,1.9,20.8,,5.9,,,,,2.9,1.9,20.8,,5.9,38.0,0.85,0.65,42.0,18.0,1.8,18.0,22.0,6.0,67.7,,,,,,,,,,,,,,,,,,,,,,NO ODDS,,,,,,,,,16.9,,EARLY MODERATE,No OVER/UNDER recommendation.
2026,3,,2026-09-27,16:25,00-0040729,Jack Bech,jack bech,LV,NO,WR,LOW TARGET,False,,,-3.0,45.5,24.25,,,2,14,8,0.2,0.7,0.1,8,18,5.61,3.78,3.5,7.47,-0.248,59.73,60.18,67.7,58.25,1.032,0.55,0.97,1.036,0.977,Neutral,0.981,0.895,0.948,1.0,0.981,0.929,0.88,0.981,-10.5,-5.2,0.0,-1.9,-7.1,-12.0,-1.9,0.0036631121642969,8.886255924170617e-05,0.0,0.0993680884676145,1.7893464750099823,20.193526270333148,20.29289435880076,0.1030312006319115,4.286165644584485,,,,,0.1,1.7,19.2,,4.3,,,,,0.1,1.6,16.9,,4.2,38.0,0.85,0.65,42.0,18.0,1.8,18.0,22.0,6.0,67.7,,,,,,,,,,,,,,,,,,,,,,NO ODDS,,,,,,,,,16.9,,EARLY MODERATE,No OVER/UNDER recommendation.
2026,3,,2026-09-27,20:20,00-0037085,Tyler Badie,tyler badie,DEN,LAR,RB,DEPTH RB,True,,,-2.5,46.5,24.5,,,1,19,8,0.2,0.7,0.1,8,18,2.72,1.93,1.08,4.65,0.759,58.44,59.68,67.6,60.62,1.037,0.6,1.03,1.03,0.985,Neutral,1.0,1.0,1.0,1.0,1.0,1.0,1.0,1.0,0.0,0.0,0.0,0.0,0.0,0.0,0.0,0.0019669551534225,0.0001573564122738,0.0,6.363142159095616,1.3670407332256684,12.049707786381772,18.41284994547739,6.365109114249038,3.330265076538712,,,,,6.8,1.4,12.2,19.1,3.6,,,,,6.8,1.4,12.2,19.1,3.6,38.0,0.85,0.65,42.0,18.0,1.8,18.0,22.0,6.0,67.6,,,,,,,,,,,,,,,,,,,,,,NO ODDS,,,,,,,,,16.9,,EARLY MODERATE,No OVER/UNDER recommendation.
2026,3,,2026-09-27,13:00,00-0030506,Travis Kelce,travis kelce,KC,MIA,TE,REGULAR TARGET,False,,,8.5,44.5,18.0,,,2,33,8,0.2,0.7,0.1,8,18,10.77,7.95,3.6,14.38,0.628,57.53,66.13,67.6,45.12,0.968,1.026,1.03,0.898,1.09,Neutral,1.031,1.002,1.12,1.0,1.031,1.12,1.12,1.031,0.2,12.0,0.0,3.1,12.0,12.0,3.1,0.0079202054118111,7.90045427612088e-05,0.0,0.0731997662782276,5.236462445481309,55.83889893189963,55.91209869817786,0.0811199716900388,12.862573265918687,,,,,0.1,5.9,62.7,,12.8,,,,,0.1,6.6,70.2,,13.2,38.0,0.85,0.65,42.0,18.0,2.51,26.68,22.0,6.0,67.6,,,,,,,,,,,,,,,,,,,,,,NO ODDS,,,,,,,,,16.9,,EARLY MODERATE,No OVER/UNDER recommendation.
2026,3,,2026-09-27,13:00,00-0039793,AJ Barner,aj barner,SEA,WAS,TE,LOW TARGET,False,,,2.5,41.5,19.5,,,2,32,8,0.2,0.7,0.1,8,18,7.6,4.13,5.12,9.25,-0.571,64.8,62.73,67.4,40.62,0.977,0.55,0.97,0.97,1.02,Favorable,1.106,1.099,1.12,1.0,1.106,0.975,1.12,1.106,9.9,12.0,0.0,10.6,-2.5,12.0,10.6,0.0079202054118111,7.90045427612088e-05,0.0,0.5329251887052631,2.388686296898708,22.15473470902573,22.68765989773099,0.5408453941170742,7.1357183399306985,,,,,0.5,2.4,21.9,,6.8,,,,,0.6,2.3,24.5,,7.5,38.0,0.85,0.65,42.0,18.0,1.8,18.0,22.0,6.0,67.4,,,,,,,,,,,,,,,,,,,,,,NO ODDS,,,,,,,,,16.8,,EARLY MODERATE,No OVER/UNDER recommendation.
2026,3,,2026-09-27,13:00,00-0037809,Chig Okonkwo,chig okonkwo,WAS,SEA,TE,REGULAR TARGET,True,,,-2.5,41.5,22.0,,,1,33,8,0.2,0.7,0.1,8,18,7.69,5.13,3.9,9.1,-0.267,59.97,63.88,67.4,45.62,1.002,0.598,0.97,1.03,0.97,Neutral,0.94,0.88,0.88,1.0,0.94,1.12,1.12,0.94,-12.0,-12.0,0.0,-6.0,12.0,12.0,-6.0,0.0079202054118111,7.90045427612088e-05,0.0,0.384563402641864,2.966440800459663,28.24882858557928,28.633391988221145,0.3924836080536752,6.471174456394879,,,,,0.4,2.8,26.6,,6.3,,,,,0.4,3.1,29.8,,5.9,38.0,0.85,0.65,42.0,18.0,1.8,18.0,22.0,6.0,67.4,,,,,,,,,,,,,,,,,,,,,,NO ODDS,,,,,,,,,16.8,,EARLY MODERATE,No OVER/UNDER recommendation.
2026,3,,2026-09-27,16:05,00-0032385,Sterling Shepard,sterling shepard,TB,MIN,WR,LOW TARGET,True,,,1.5,45.5,22.0,,,0,26,8,0.2,0.7,0.1,8,18,4.53,3.09,1.73,7.2,-0.6,59.44,61.25,67.4,53.38,1.01,0.568,0.97,0.982,1.022,Neutral,0.956,0.898,0.88,1.0,0.956,0.893,0.909,0.956,-10.2,-12.0,0.0,-4.4,-10.7,-9.1,-4.4,0.0045788902053712,0.0001110781990521,0.0,2.6645947259691334,2.724979797059181,27.426413332421927,30.09100805839105,2.6691736161745045,6.208382879906431,,,,,2.5,2.7,27.2,,6.1,,,,,2.4,2.4,24.7,,5.8,38.0,0.85,0.65,42.0,18.0,1.8,18.0,22.0,6.0,67.4,,,,,,,,,,,,,,,,,,,,,,NO ODDS,,,,,,,,,16.8,,EARLY MODERATE,No OVER/UNDER recommendation.
2026,3,,2026-09-27,13:00,00-0033009,Tyler Boyd,tyler boyd,TEN,NYG,WR,LOW TARGET,False,,,-5.5,43.5,24.5,,,0,15,8,0.2,0.7,0.1,8,18,4.81,2.9,2.98,6.1,-0.332,62.41,61.89,67.4,55.38,1.031,0.55,0.97,1.066,0.946,Neutral,1.044,1.021,1.12,1.0,1.044,1.026,1.045,1.044,2.1,12.0,0.0,4.4,2.6,4.5,4.4,0.0045788902053712,0.0001110781990521,0.0,0.2992101105845182,2.546023753103137,26.727896848905445,27.02710695948996,0.3037890007898894,5.404575187598736,,,,,0.3,2.3,24.5,,5.4,,,,,0.3,2.4,25.6,,5.6,38.0,0.85,0.65,42.0,18.0,1.8,18.0,22.0,6.0,67.4,,,,,,,,,,,,,,,,,,,,,,NO ODDS,,,,,,,,,16.8,,EARLY MODERATE,No OVER/UNDER recommendation.
2026,3,,2026-09-27,16:25,00-0036630,Tylan Wallace,tylan wallace,BAL,DAL,WR,LOW TARGET,False,,,3.0,52.5,24.75,,,0,23,8,0.2,0.7,0.1,8,18,0.33,0.75,0.0,0.4,-0.533,57.18,55.27,67.4,73.25,1.052,0.55,0.97,0.964,1.058,Favorable,1.074,1.106,1.12,1.0,1.074,1.077,1.086,1.074,10.6,12.0,0.0,7.4,7.7,8.6,7.4,0.0045788902053712,0.0001110781990521,0.0,0.1242101105845181,0.8329943911607317,11.637637108645698,11.761847219230216,0.1287890007898894,2.5859684682311475,,,,,0.1,0.9,11.9,,2.6,,,,,0.1,1.0,12.9,,2.8,38.0,0.85,0.65,42.0,18.0,1.8,18.0,22.0,6.0,67.4,,,,,,,,,,,,,,,,,,,,,,NO ODDS,,,,,,,,,16.8,,EARLY MODERATE,No OVER/UNDER recommendation.
2026,3,,2026-09-27,13:00,00-0038720,Julian Hill,julian hill,MIA,KC,TE,LOW TARGET,True,,,-8.5,44.5,26.5,,,0,25,8,0.2,0.7,0.1,8,18,2.78,1.93,1.62,4.9,1.0,58.97,58.02,67.3,62.12,1.053,0.55,1.03,1.102,0.92,Tough,0.891,0.88,0.88,1.0,0.891,1.022,0.922,0.891,-12.0,-12.0,0.0,-10.9,2.2,-7.8,-10.9,0.0099002567647639,9.8755678451511e-05,0.0,0.0420205411811179,1.248562364210942,11.69278762591349,11.734808167094608,0.0519207979458819,2.6212294341299627,,,,,0.0,1.2,11.1,,2.8,,,,,0.0,1.2,10.2,,2.5,38.0,0.85,0.65,42.0,18.0,1.8,18.0,22.0,6.0,67.3,,,,,,,,,,,,,,,,,,,,,,NO ODDS,,,,,,,,,16.8,,EARLY MODERATE,No OVER/UNDER recommendation.
2026,3,,2026-09-27,13:00,00-0036893,Najee Harris,najee harris,NYG,TEN,RB,DEPTH RB,True,,,5.5,43.5,19.0,,,1,20,8,0.2,0.7,0.1,8,18,5.28,4.69,2.6,7.62,-0.632,52.97,68.18,67.2,44.38,0.976,0.781,0.97,0.934,1.056,Neutral,1.04,1.071,1.016,1.0,1.013,0.88,0.88,0.97,7.1,1.6,0.0,1.3,-12.0,-12.0,-3.0,0.0019669551534225,0.0001573564122738,0.0,40.49524742225351,1.4731810841028614,11.231988488136157,51.72723591038967,40.49721437740694,8.086440515135203,,,,,36.7,1.5,11.5,49.9,7.7,,,,,37.2,1.3,10.1,48.4,8.0,38.0,0.85,0.65,42.0,18.0,1.8,18.0,22.0,6.0,67.2,,,,,,,,,,,,,,,,,,,,,,NO ODDS,,,,,,,,,16.8,,EARLY MODERATE,No OVER/UNDER recommendation.
2026,3,,2026-09-27,16:25,00-0033045,Ezekiel Elliott,ezekiel elliott,DAL,BAL,RB,DEPTH RB,True,,,-3.0,52.5,27.75,,,0,15,8,0.2,0.7,0.1,8,18,2.59,2.48,0.35,5.17,1.0,51.07,59.38,67.2,79.25,1.082,0.6,1.03,1.036,0.998,Neutral,0.998,1.077,0.88,1.0,0.88,1.12,1.12,0.954,7.7,-12.0,0.0,-12.0,12.0,12.0,-4.6,0.0024586939417781,0.0001966955153422,0.0,15.94045652092466,0.8077357536248174,4.96601944475666,20.90647596568132,15.94291521486644,4.0026872353977,,,,,17.0,0.8,5.1,21.9,4.5,,,,,15.0,0.9,5.7,20.9,4.5,38.0,0.85,0.65,42.0,18.0,1.8,18.0,22.0,6.0,67.2,,,,,,,,,,,,,,,,,,,,,,NO ODDS,,,,,,,,,16.8,,EARLY MODERATE,No OVER/UNDER recommendation.
2026,3,,2026-09-27,13:00,00-0039874,Jaylen Wright,jaylen wright,MIA,KC,RB,DEPTH RB,True,,,-8.5,44.5,26.5,,,2,22,8,0.2,0.7,0.1,8,18,4.74,5.19,1.48,7.28,-0.75,47.73,64.98,67.2,62.12,1.053,0.6,0.97,1.102,0.92,Tough,0.891,0.88,0.88,1.0,0.884,0.912,0.955,0.901,-12.0,-12.0,0.0,-11.6,-8.8,-4.5,-9.9,0.0019669551534225,0.0001573564122738,0.0,22.46102322539774,0.4560587327699839,3.298010361000133,25.759033586397877,22.46299018055116,3.5510761952445664,,,,,24.0,0.4,2.9,25.3,3.6,,,,,21.2,0.4,2.8,22.8,3.2,38.0,0.85,0.65,42.0,18.0,1.8,18.0,22.0,6.0,67.2,,,,,,,,,,,,,,,,,,,,,,NO ODDS,,,,,,,,,16.8,,EARLY MODERATE,No OVER/UNDER recommendation.
2026,3,,2026-09-27,20:20,00-0036244,Colby Parkinson,colby parkinson,LAR,DEN,TE,LOW TARGET,False,,,2.5,46.5,22.0,,,2,30,8,0.2,0.7,0.1,8,18,9.8,7.72,3.95,14.05,-0.381,55.94,62.07,67.2,55.62,1.012,0.55,0.97,0.97,1.035,Neutral,0.966,0.913,0.88,1.0,0.966,1.049,1.12,0.966,-8.7,-12.0,0.0,-3.4,4.9,12.0,-3.4,0.0079202054118111,7.90045427612088e-05,0.0,0.0336164329448943,2.3415576089385404,21.917840938169217,21.95145737111411,0.0415366383567055,6.172144302640588,,,,,0.0,2.4,22.0,,6.1,,,,,0.0,2.5,24.6,,5.9,38.0,0.85,0.65,42.0,18.0,1.8,18.0,22.0,6.0,67.2,,,,,,,,,,,,,,,,,,,,,,NO ODDS,,,,,,,,,16.8,,EARLY MODERATE,No OVER/UNDER recommendation.
2026,3,,2026-09-27,13:00,00-0039816,Anthony Gould,anthony gould,IND,HOU,WR,LOW TARGET,True,,,-2.5,45.5,24.0,,,1,19,8,0.2,0.7,0.1,8,18,0.34,0.57,0.0,0.33,0.0,63.53,56.35,67.1,57.62,1.03,0.55,1.0,1.03,0.982,Neutral,0.956,0.963,0.88,1.0,0.956,0.908,0.95,0.956,-3.7,-12.0,0.0,-4.4,-9.2,-5.0,-4.4,0.0036631121642969,8.886255924170617e-05,0.0,0.0993680884676145,0.3859919348133367,4.214096927745906,4.313465016213521,0.1030312006319115,0.9420110272719714,,,,,0.1,0.4,4.1,,1.0,,,,,0.1,0.4,3.9,,1.0,38.0,0.85,0.65,42.0,18.0,1.8,18.0,22.0,6.0,67.1,,,,,,,,,,,,,,,,,,,,,,NO ODDS,,,,,,,,,16.8,,EARLY MODERATE,No OVER/UNDER recommendation.
2026,3,,2026-09-27,13:00,00-0034418,Cedrick Wilson Jr.,cedrick wilson jr,MIA,KC,WR,LOW TARGET,True,,,-8.5,44.5,26.5,,,0,19,8,0.2,0.7,0.1,8,18,2.06,1.5,1.57,3.12,-0.291,57.84,58.02,67.0,62.12,1.053,0.55,0.97,1.102,0.92,Tough,0.891,0.88,0.88,1.0,0.891,0.958,0.88,0.891,-12.0,-12.0,0.0,-10.9,-4.2,-12.0,-10.9,0.9716841533632662,0.0461637097779994,0.0,0.1242101105845181,1.4671390413236882,15.49788431757712,15.622094428161637,1.0958942639477842,3.631768170054876,,,,,0.1,1.3,13.8,,3.7,,,,,0.1,1.2,12.1,,3.3,38.0,0.85,0.65,42.0,18.0,1.8,18.0,22.0,6.0,67.0,,,,,,,,,,,,,,,,,,,,,,NO ODDS,,,,,,,,,16.8,,EARLY MODERATE,No OVER/UNDER recommendation.
2026,3,,2026-09-27,20:20,00-0039074,Davis Allen,davis allen,LAR,DEN,TE,LOW TARGET,False,,,2.5,46.5,22.0,,,2,22,8,0.2,0.7,0.1,8,18,2.9,1.93,1.62,4.8,-0.716,60.05,58.86,66.9,55.62,1.012,0.55,0.97,0.97,1.035,Neutral,0.966,0.913,0.88,1.0,0.966,1.049,1.12,0.966,-8.7,-12.0,0.0,-3.4,4.9,12.0,-3.4,0.0079202054118111,7.90045427612088e-05,0.0,0.0336164329448943,1.4432265147453769,12.668606724107416,12.70222315705231,0.0415366383567055,3.3738367940572167,,,,,0.0,1.4,12.7,,3.3,,,,,0.0,1.5,14.2,,3.2,38.0,0.85,0.65,42.0,18.0,1.8,18.0,22.0,6.0,66.9,,,,,,,,,,,,,,,,,,,,,,NO ODDS,,,,,,,,,16.7,,EARLY MODERATE,No OVER/UNDER recommendation.
2026,3,,2026-09-27,13:00,00-0034837,Calvin Ridley,calvin ridley,TEN,NYG,WR,LOW TARGET,False,,,-5.5,43.5,24.5,,,1,24,8,0.2,0.7,0.1,8,18,6.37,4.94,3.48,7.2,-0.604,56.32,61.35,66.9,55.38,1.031,0.743,0.97,1.066,0.946,Neutral,1.044,1.021,1.12,1.0,1.044,1.026,1.045,1.044,2.1,12.0,0.0,4.4,2.6,4.5,4.4,0.0036631121642969,8.886255924170617e-05,0.0,1.4486434507864552,2.9727196236005224,48.75309387663989,50.20173732742634,1.4523065629507523,8.77988478776015,,,,,1.5,2.7,44.8,,8.8,,,,,1.6,2.8,46.8,,9.2,38.0,0.85,0.65,42.0,18.0,1.8,18.0,22.0,6.0,66.9,,,,,,,,,,,,,,,,,,,,,,NO ODDS,,,,,,,,,16.7,,EARLY MODERATE,No OVER/UNDER recommendation.
2026,3,,2026-09-27,16:25,00-0034798,Durham Smythe,durham smythe,BAL,DAL,TE,LOW TARGET,False,,,3.0,52.5,24.75,,,2,21,8,0.2,0.7,0.1,8,18,0.88,0.82,0.0,1.5,-0.576,54.81,55.24,66.8,73.25,1.052,0.55,0.97,0.964,1.058,Favorable,1.074,1.106,1.12,1.0,1.074,1.068,1.046,1.074,10.6,12.0,0.0,7.4,6.8,4.6,7.4,0.0079202054118111,7.90045427612088e-05,0.0,0.0336164329448943,0.7074689389878015,5.105230100730792,5.138846533675687,0.0415366383567055,1.320702594923018,,,,,0.0,0.7,5.2,,1.3,,,,,0.0,0.7,5.4,,1.4,38.0,0.85,0.65,42.0,18.0,1.8,18.0,22.0,6.0,66.8,,,,,,,,,,,,,,,,,,,,,,NO ODDS,,,,,,,,,16.7,,EARLY MODERATE,No OVER/UNDER recommendation.
2026,3,,2026-09-27,13:00,00-0037816,Romeo Doubs,romeo doubs,NE,JAC,WR,LOW TARGET,False,,,-2.5,45.5,24.0,,,2,29,8,0.2,0.7,0.1,8,18,8.19,6.42,3.22,12.15,-0.128,56.06,60.25,66.8,57.62,1.03,0.701,0.985,1.03,0.982,Neutral,1.0,1.0,1.0,1.0,1.0,1.0,1.0,1.0,0.0,0.0,0.0,0.0,0.0,0.0,0.0,0.0036631121642969,8.886255924170617e-05,0.0,0.0993680884676145,3.109922450758372,48.66266230671056,48.76203039517817,0.1030312006319115,9.66449266239426,,,,,0.1,3.0,47.1,,9.8,,,,,0.1,3.0,47.1,,9.8,38.0,0.85,0.65,42.0,18.0,1.8,18.0,22.0,6.0,66.8,,,,,,,,,,,,,,,,,,,,,,NO ODDS,,,,,,,,,16.7,,EARLY MODERATE,No OVER/UNDER recommendation.
2026,3,,2026-09-27,13:00,00-0038794,Jaleel McLaughlin,jaleel mclaughlin,CLE,CAR,RB,DEPTH RB,True,,,-2.5,40.5,21.5,,,1,24,8,0.2,0.7,0.1,8,18,3.66,2.55,2.88,4.77,0.354,58.89,63.85,66.7,42.62,0.995,0.6,1.03,1.03,0.968,Neutral,1.007,0.941,0.88,1.0,1.12,0.997,0.963,1.12,-5.9,-12.0,0.0,12.0,-0.3,-3.7,12.0,0.0019669551534225,0.0001573564122738,0.0,24.383317597692116,0.886644089442297,4.2012524088074,28.584570006499508,24.385284552845533,4.478482086454807,,,,,25.9,0.9,4.2,29.4,4.6,,,,,29.0,0.9,4.0,32.9,4.6,38.0,0.85,0.65,42.0,18.0,1.8,18.0,22.0,6.0,66.7,,,,,,,,,,,,,,,,,,,,,,NO ODDS,,,,,,,,,16.7,,EARLY MODERATE,No OVER/UNDER recommendation.
2026,3,,2026-09-27,13:00,00-0034981,Foster Moreau,foster moreau,HOU,IND,TE,LOW TARGET,False,,,2.5,45.5,21.5,,,2,23,8,0.2,0.7,0.1,8,18,2.8,1.73,1.12,3.52,0.763,61.85,58.32,66.7,52.62,1.005,0.55,1.03,0.97,1.032,Favorable,1.108,1.12,0.986,1.0,1.108,1.12,1.12,1.108,12.0,-1.4,0.0,10.8,12.0,12.0,10.8,0.0079202054118111,7.90045427612088e-05,0.0,0.0336164329448943,1.787834081092074,21.712875498810977,21.746491931755877,0.0415366383567055,4.8396978894835305,,,,,0.0,1.9,23.1,,5.0,,,,,0.0,2.1,25.9,,5.5,38.0,0.85,0.65,42.0,18.0,1.8,18.0,22.0,6.0,66.7,,,,,,,,,,,,,,,,,,,,,,NO ODDS,,,,,,,,,16.7,,EARLY MODERATE,No OVER/UNDER recommendation.
2026,3,,2026-09-27,13:00,00-0038608,Kayshon Boutte,kayshon boutte,HOU,IND,WR,LOW TARGET,False,,,2.5,45.5,21.5,,,2,29,8,0.2,0.7,0.1,8,18,4.85,3.37,2.98,4.98,-0.294,58.98,60.14,66.7,52.62,1.005,0.564,0.97,0.97,1.032,Favorable,1.108,1.12,0.986,1.0,1.108,1.12,1.12,1.108,12.0,-1.4,0.0,10.8,12.0,12.0,10.8,0.0036631121642969,8.886255924170617e-05,0.0,0.0993680884676145,2.573961859625367,37.55453422789282,37.65390231636044,0.1030312006319115,7.929541923478004,,,,,0.1,2.6,37.6,,7.7,,,,,0.1,2.9,42.1,,8.5,38.0,0.85,0.65,42.0,18.0,1.8,18.0,22.0,6.0,66.7,,,,,,,,,,,,,,,,,,,,,,NO ODDS,,,,,,,,,16.7,,EARLY MODERATE,No OVER/UNDER recommendation.
2026,3,,2026-09-27,13:00,00-0030035,Adam Thielen,adam thielen,PIT,CIN,WR,LOW TARGET,True,,,-2.5,45.5,24.0,,,0,24,8,0.2,0.7,0.1,8,18,3.96,3.03,1.55,4.53,1.0,56.64,59.79,66.7,57.62,1.03,0.55,1.03,1.03,0.982,Neutral,1.046,1.1,0.888,1.0,1.046,0.88,0.88,1.046,10.0,-11.2,0.0,4.6,-12.0,-12.0,4.6,0.0045788902053712,0.0001110781990521,0.0,0.1242101105845181,2.5234176454426818,29.650606476234632,29.77481658681915,0.1287890007898894,6.586993665859605,,,,,0.1,2.6,30.0,,7.0,,,,,0.1,2.3,26.4,,7.3,38.0,0.85,0.65,42.0,18.0,1.8,18.0,22.0,6.0,66.7,,,,,,,,,,,,,,,,,,,,,,NO ODDS,,,,,,,,,16.7,,EARLY MODERATE,No OVER/UNDER recommendation.
2026,3,,2026-09-27,13:00,00-0036988,Josh Palmer,josh palmer,BUF,LAC,WR,LOW TARGET,True,,,4.5,49.5,22.5,,,2,27,8,0.2,0.7,0.1,8,18,5.2,4.19,1.95,5.67,1.0,55.35,58.38,66.7,63.12,1.023,0.55,1.03,0.946,1.064,Neutral,0.936,0.928,0.88,1.0,0.936,0.982,0.951,0.936,-7.2,-12.0,0.0,-6.4,-1.8,-4.9,-6.4,0.0036631121642969,8.886255924170617e-05,0.0,0.0993680884676145,1.977909763573271,32.88908996589685,32.988458054364465,0.1030312006319115,6.819661778080618,,,,,0.1,2.2,36.1,,7.2,,,,,0.1,2.2,34.3,,6.7,38.0,0.85,0.65,42.0,18.0,1.8,18.0,22.0,6.0,66.7,,,,,,,,,,,,,,,,,,,,,,NO ODDS,,,,,,,,,16.7,,EARLY MODERATE,No OVER/UNDER recommendation.
2026,3,,2026-09-27,13:00,00-0040584,Gunnar Helm,gunnar helm,TEN,NYG,TE,LOW TARGET,False,,,-5.5,43.5,24.5,,,2,16,8,0.2,0.7,0.1,8,17,5.69,4.42,2.62,9.0,-0.429,56.28,60.45,66.6,55.38,1.031,0.55,0.97,1.066,0.946,Neutral,1.044,1.021,1.12,1.0,1.044,1.062,0.989,1.044,2.1,12.0,0.0,4.4,6.2,-1.1,4.4,0.0079202054118111,7.90045427612088e-05,0.0,0.0336164329448943,2.7141356056544685,21.389872957873653,21.423489390818546,0.0415366383567055,5.555833547303971,,,,,0.0,2.5,19.6,,5.6,,,,,0.0,2.7,19.4,,5.8,38.0,0.85,0.65,42.0,18.0,1.8,18.0,22.0,6.0,66.6,,,,,,,,,,,,,,,,,,,,,,NO ODDS,,,,,,,,,16.6,,EARLY MODERATE,No OVER/UNDER recommendation.
2026,3,,2026-09-27,13:00,00-0034613,Tanner Hudson,tanner hudson,CIN,PIT,TE,LOW TARGET,False,,,2.5,45.5,21.5,,,1,19,8,0.2,0.7,0.1,8,18,3.54,2.26,1.77,5.12,-0.477,60.99,58.64,66.6,52.62,1.005,0.55,0.97,0.97,1.032,Neutral,1.062,1.054,0.952,1.0,1.062,1.06,1.12,1.062,5.4,-4.8,0.0,6.2,6.0,12.0,6.2,0.0079202054118111,7.90045427612088e-05,0.0,0.0599322224185785,1.777744628210859,14.871545890204478,14.931478112623058,0.0678524278303897,3.980767757830286,,,,,0.1,1.8,14.9,,3.9,,,,,0.1,1.9,16.7,,4.1,38.0,0.85,0.65,42.0,18.0,1.8,18.0,22.0,6.0,66.6,,,,,,,,,,,,,,,,,,,,,,NO ODDS,,,,,,,,,16.6,,EARLY MODERATE,No OVER/UNDER recommendation.
2026,3,,2026-09-27,16:05,00-0039849,Marvin Harrison Jr.,marvin harrison jr,ARI,SF,WR,LOW TARGET,False,,,-8.5,47.5,28.0,,,2,29,8,0.2,0.7,0.1,8,18,6.51,7.1,1.8,13.25,-0.855,47.83,59.93,66.6,71.12,1.074,0.751,0.97,1.102,0.928,Neutral,0.998,1.001,0.926,1.0,0.998,0.987,0.959,0.998,0.1,-7.4,0.0,-0.2,-1.3,-4.1,-0.2,0.0036631121642969,8.886255924170617e-05,0.0,0.0993680884676145,2.8022869827780763,40.95354900621796,41.05291709468557,0.1030312006319115,8.65343354909377,,,,,0.1,2.5,36.9,,9.0,,,,,0.1,2.5,35.4,,9.0,38.0,0.85,0.65,42.0,18.0,1.8,18.0,22.0,6.0,66.6,,,,,,,,,,,,,,,,,,,,,,NO ODDS,,,,,,,,,16.6,,EARLY MODERATE,No OVER/UNDER recommendation.
2026,3,,2026-09-27,13:00,00-0030431,Robert Woods,robert woods,HOU,IND,WR,LOW TARGET,False,,,2.5,45.5,21.5,,,0,14,8,0.2,0.7,0.1,8,18,3.06,1.53,1.62,3.95,1.0,66.67,61.26,66.6,52.62,1.005,0.55,1.03,0.97,1.032,Favorable,1.108,1.12,0.986,1.0,1.108,1.12,1.12,1.108,12.0,-1.4,0.0,10.8,12.0,12.0,10.8,0.0045788902053712,0.0001110781990521,0.0,0.1242101105845181,1.6693754014547857,17.849050695059283,17.9732608056438,0.1287890007898894,3.443970791994341,,,,,0.1,1.8,19.0,,3.6,,,,,0.1,2.0,21.3,,4.0,38.0,0.85,0.65,42.0,18.0,1.8,18.0,22.0,6.0,66.6,,,,,,,,,,,,,,,,,,,,,,NO ODDS,,,,,,,,,16.6,,EARLY MODERATE,No OVER/UNDER recommendation.
2026,3,,2026-09-27,16:05,00-0036972,Mac Jones,mac jones,SF,ARI,QB,QB,True,,,8.5,47.5,19.5,,,1,21,8,0.2,0.7,0.1,8,18,6.16,8.95,-0.23,16.36,-1.0,40.75,70.59,66.5,54.12,0.989,0.7,0.97,0.898,1.098,Neutral,1.062,1.039,1.12,1.0,1.062,1.0,1.0,1.062,3.9,12.0,0.0,6.2,0.0,0.0,6.2,146.77904761904767,0.8471872686898597,0.0,6.026585245497164,0.0009992598075499,0.0017764618800888,6.028361707377252,152.80563286454483,8.968330668640517,140.8,0.81,0.0,146.6,,,,,8.6,146.3,0.91,0.0,152.3,,,,,9.1,38.0,0.85,0.65,42.0,18.0,1.8,18.0,22.0,6.0,66.5,,,,,,,,,,,,,,,,,,,,,,NO ODDS,,,,,,,,,16.6,,EARLY MODERATE,No OVER/UNDER recommendation.
2026,3,,2026-09-27,13:00,00-0034184,Gus Edwards,gus edwards,LAC,BUF,RB,DEPTH RB,False,,,-4.5,49.5,27.0,,,0,11,8,0.2,0.7,0.1,8,18,7.68,6.3,2.6,7.72,1.0,54.92,70.62,66.5,72.12,1.068,0.604,1.03,1.054,0.974,Neutral,0.94,0.885,0.982,1.0,1.083,0.981,0.981,1.058,-11.5,-1.8,0.0,8.3,-1.9,-1.9,5.8,0.0024586939417781,0.0001966955153422,0.0,34.03861669408484,0.4457227666118303,1.9445908733280883,35.98320756741292,34.04107538802661,6.739689399899865,,,,,37.0,0.4,2.0,37.6,7.4,,,,,40.1,0.4,2.0,39.8,7.0,38.0,0.85,0.65,42.0,18.0,1.8,18.0,22.0,6.0,66.5,,,,,,,,,,,,,,,,,,,,,,NO ODDS,,,,,,,,,16.6,,EARLY MODERATE,No OVER/UNDER recommendation.
2026,3,,2026-09-27,13:00,00-0035594,Travis Homer,travis homer,PIT,CIN,RB,DEPTH RB,True,,,-2.5,45.5,24.0,,,1,16,8,0.2,0.7,0.1,8,18,0.27,0.63,0.0,0.0,0.6,61.53,56.19,66.5,57.62,1.03,0.6,1.03,1.03,0.982,Neutral,1.046,1.1,0.888,1.0,1.084,1.12,1.12,1.12,10.0,-11.2,0.0,8.4,12.0,12.0,12.0,0.0019669551534225,0.0001573564122738,0.0,7.1074842643587735,0.2747600314712825,1.5756726986624707,8.683156963021245,7.109451219512196,1.3141378835562552,,,,,7.5,0.3,1.6,9.0,1.4,,,,,8.1,0.3,1.8,10.1,1.5,38.0,0.85,0.65,42.0,18.0,1.8,18.0,22.0,6.0,66.5,,,,,,,,,,,,,,,,,,,,,,NO ODDS,,,,,,,,,16.6,,EARLY MODERATE,No OVER/UNDER recommendation.
2026,3,,2026-09-27,13:00,00-0037664,Alec Pierce,alec pierce,IND,HOU,WR,LOW TARGET,True,,,-2.5,45.5,24.0,,,2,31,8,0.2,0.7,0.1,8,18,11.9,10.54,2.48,19.5,0.522,53.02,61.09,66.3,57.62,1.03,0.639,1.03,1.03,0.982,Neutral,0.956,0.963,0.88,1.0,0.956,0.908,0.95,0.956,-3.7,-12.0,0.0,-4.4,-9.2,-5.0,-4.4,0.0036631121642969,8.886255924170617e-05,0.0,0.0993680884676145,2.5878789103166104,50.634114714147394,50.73348280261501,0.1030312006319115,9.640093329802491,,,,,0.1,2.6,51.2,,10.2,,,,,0.1,2.4,48.6,,9.8,38.0,0.85,0.65,42.0,18.0,1.8,18.47,22.0,6.0,66.3,,,,,,,,,,,,,,,,,,,,,,NO ODDS,,,,,,,,,16.6,,EARLY MODERATE,No OVER/UNDER recommendation.
2026,3,,2026-09-27,13:00,00-0032104,Ameer Abdullah,ameer abdullah,JAC,NE,RB,DEPTH RB,True,,,2.5,45.5,21.5,,,2,28,8,0.2,0.7,0.1,8,18,3.35,2.53,1.4,4.28,-0.12,57.01,60.21,66.2,52.62,1.005,0.6,0.986,0.97,1.032,Tough,0.919,0.902,0.88,1.0,0.88,1.054,1.068,0.911,-9.8,-12.0,0.0,-12.0,5.4,6.8,-8.9,0.0019669551534225,0.0001573564122738,0.0,15.489666804041317,1.719839396550647,10.43329174628152,25.92295855032284,15.491633759194736,5.251451375619746,,,,,14.8,1.8,10.6,25.6,5.2,,,,,13.0,1.9,11.3,23.3,4.8,38.0,0.85,0.65,42.0,18.0,1.8,18.0,22.0,6.0,66.2,,,,,,,,,,,,,,,,,,,,,,NO ODDS,,,,,,,,,16.6,,EARLY MODERATE,No OVER/UNDER recommendation.
2026,3,,2026-09-27,16:25,00-0039530,Brevyn Spann-Ford,brevyn spann ford,DAL,BAL,TE,LOW TARGET,True,,,-3.0,52.5,27.75,,,2,27,8,0.2,0.7,0.1,8,18,1.99,2.03,0.0,3.57,1.0,49.45,54.51,66.1,79.25,1.082,0.55,1.03,1.036,0.998,Neutral,0.998,1.077,0.88,1.0,0.998,0.941,0.933,0.998,7.7,-12.0,0.0,-0.2,-5.9,-6.7,-0.2,0.0079202054118111,7.90045427612088e-05,0.0,0.0336164329448943,0.7965287680476306,7.83269448819518,7.866310921140075,0.0415366383567055,1.873961854182277,,,,,0.0,0.8,8.1,,2.1,,,,,0.0,0.8,7.6,,2.1,38.0,0.85,0.65,42.0,18.0,1.8,18.0,22.0,6.0,66.1,,,,,,,,,,,,,,,,,,,,,,NO ODDS,,,,,,,,,16.5,,EARLY MODERATE,No OVER/UNDER recommendation.
2026,3,,2026-09-27,13:00,00-0031544,Amari Cooper,amari cooper,BUF,LAC,WR,LOW TARGET,True,,,4.5,49.5,22.5,,,0,13,8,0.2,0.7,0.1,8,18,8.82,5.85,3.65,14.82,1.0,60.12,63.34,66.1,63.12,1.023,0.828,1.03,0.946,1.064,Neutral,0.936,0.928,0.88,1.0,0.936,0.982,0.951,0.936,-7.2,-12.0,0.0,-6.4,-1.8,-4.9,-6.4,0.0045788902053712,0.0001110781990521,0.0,0.1242101105845181,3.1995951816745656,41.645067178575765,41.769277289160286,0.1287890007898894,9.090055956829508,,,,,0.1,3.5,45.7,,9.6,,,,,0.1,3.4,43.5,,9.0,38.0,0.85,0.65,42.0,18.0,1.8,18.0,22.0,6.0,66.1,,,,,,,,,,,,,,,,,,,,,,NO ODDS,,,,,,,,,16.5,,EARLY MODERATE,No OVER/UNDER recommendation.
2026,3,,2026-09-27,16:05,00-0033251,Zach Pascal,zach pascal,ARI,SF,WR,LOW TARGET,False,,,-8.5,47.5,28.0,,,0,3,8,0.2,0.7,0.1,8,17,0.0,0.0,0.0,0.0,0.0,100.0,66.59,66.1,71.12,1.074,0.55,1.0,1.102,0.928,Neutral,0.998,1.001,0.926,1.0,0.998,0.987,0.959,0.998,0.1,-7.4,0.0,-0.2,-1.3,-4.1,-0.2,0.0045788902053712,0.0001110781990521,0.0,0.1242101105845181,0.3245951816745656,4.0921825631911535,4.2163926737756725,0.1287890007898894,0.9020751875987362,,,,,0.1,0.3,3.8,,1.0,,,,,0.1,0.3,3.6,,1.0,38.0,0.85,0.65,42.0,18.0,1.8,18.0,22.0,6.0,66.1,,,,,,,,,,,,,,,,,,,,,,NO ODDS,,,,,,,,,16.5,,EARLY MODERATE,No OVER/UNDER recommendation.
2026,3,,2026-09-27,13:00,00-0040644,Trevor Etienne,trevor etienne,CAR,CLE,RB,DEPTH RB,False,,,2.5,40.5,19.0,,,0,17,8,0.2,0.7,0.1,8,18,0.18,0.45,0.0,0.05,-0.467,69.07,57.63,66.0,37.62,0.97,0.6,0.97,0.97,1.017,Neutral,0.948,0.88,1.049,1.0,1.064,0.954,0.88,0.999,-12.0,4.9,0.0,6.4,-4.6,-12.0,-0.1,0.0024586939417781,0.0001966955153422,0.0,8.003656801036703,0.3285603334567502,2.017017343916324,10.020674144953023,8.006115494978479,1.5444554426806127,,,,,7.5,0.3,2.0,9.7,1.5,,,,,8.0,0.3,1.8,9.7,1.4,38.0,0.85,0.65,42.0,18.0,1.8,18.0,22.0,6.0,66.0,,,,,,,,,,,,,,,,,,,,,,NO ODDS,,,,,,,,,16.5,,EARLY MODERATE,No OVER/UNDER recommendation.
2026,3,,2026-09-27,16:05,00-0033307,Kendrick Bourne,kendrick bourne,ARI,SF,WR,LOW TARGET,False,,,-8.5,47.5,28.0,,,2,26,8,0.2,0.7,0.1,8,18,4.8,5.03,2.17,4.2,0.442,48.83,57.76,66.0,71.12,1.074,0.55,1.03,1.102,0.928,Neutral,0.998,1.001,0.926,1.0,0.998,0.987,0.959,0.998,0.1,-7.4,0.0,-0.2,-1.3,-4.1,-0.2,0.0036631121642969,8.886255924170617e-05,0.0,0.2304450115445376,2.7253025189660267,32.48996583077271,32.72041084231725,0.2341081237088346,6.242016194035034,,,,,0.3,2.6,31.1,,6.9,,,,,0.3,2.6,29.8,,6.9,38.0,0.85,0.65,42.0,18.0,1.8,18.0,22.0,6.0,66.0,,,,,,,,,,,,,,,,,,,,,,NO ODDS,,,,,,,,,16.5,,EARLY MODERATE,No OVER/UNDER recommendation.
2026,3,,2026-09-27,13:00,00-0040705,Chimere Dike,chimere dike,TEN,NYG,WR,LOW TARGET,False,,,-5.5,43.5,24.5,,,2,17,8,0.2,0.7,0.1,8,18,5.81,4.85,1.85,10.9,-0.738,54.47,60.27,66.0,55.38,1.031,0.55,0.97,1.066,0.946,Neutral,1.044,1.021,1.12,1.0,1.044,1.026,1.045,1.044,2.1,12.0,0.0,4.4,2.6,4.5,4.4,0.0036631121642969,8.886255924170617e-05,0.0,0.5868680884676146,2.434466061306039,22.895804874082334,23.482672962549948,0.5905312006319116,6.548582418986552,,,,,0.6,2.2,21.0,,6.5,,,,,0.6,2.3,21.9,,6.8,38.0,0.85,0.65,42.0,18.0,1.8,18.0,22.0,6.0,66.0,,,,,,,,,,,,,,,,,,,,,,NO ODDS,,,,,,,,,16.5,,EARLY MODERATE,No OVER/UNDER recommendation.
2026,3,,2026-09-27,16:25,00-0037801,KaVontae Turpin,kavontae turpin,DAL,BAL,WR,LOW TARGET,True,,,-3.0,52.5,27.75,,,2,32,8,0.2,0.7,0.1,8,18,4.38,4.92,1.52,5.78,-0.889,47.05,55.96,66.0,79.25,1.082,0.55,0.97,1.036,0.998,Neutral,0.998,1.077,0.88,1.0,0.998,1.12,1.1,0.998,7.7,-12.0,0.0,-0.2,12.0,10.0,-0.2,0.0036631121642969,8.886255924170617e-05,0.0,4.521862328098952,1.5331496476438002,21.79137277866352,26.31323510676248,4.525525440263249,4.903258652383137,,,,,4.5,1.5,21.1,26.0,5.1,,,,,4.5,1.7,23.2,25.9,5.1,38.0,0.85,0.65,42.0,18.0,1.8,18.0,22.0,6.0,66.0,,,,,,,,,,,,,,,,,,,,,,NO ODDS,,,,,,,,,16.5,,EARLY MODERATE,No OVER/UNDER recommendation.
2026,3,,2026-09-27,13:00,00-0034791,Nick Chubb,nick chubb,HOU,IND,RB,DEPTH RB,False,,,2.5,45.5,21.5,,,0,23,8,0.2,0.7,0.1,8,18,3.41,3.12,1.35,5.45,-0.588,52.18,62.32,65.9,52.62,1.005,0.63,0.97,0.97,1.032,Favorable,1.108,1.12,0.986,1.0,1.071,0.958,1.032,1.062,12.0,-1.4,0.0,7.1,-4.2,3.2,6.2,0.0024586939417781,0.0001966955153422,0.0,34.11707519210855,0.8545172330149926,4.9284841539605,39.04555934606905,34.11953388605033,6.293058965117257,,,,,32.1,0.9,4.9,37.9,6.1,,,,,34.4,0.9,5.1,40.2,6.8,38.0,0.85,0.65,42.0,18.0,1.8,18.0,22.0,6.0,65.9,,,,,,,,,,,,,,,,,,,,,,NO ODDS,,,,,,,,,16.5,,EARLY MODERATE,No OVER/UNDER recommendation.
2026,3,,2026-09-27,13:00,00-0039912,Ben Sinnott,ben sinnott,WAS,SEA,TE,LOW TARGET,True,,,-2.5,41.5,22.0,,,1,16,8,0.2,0.7,0.1,8,18,3.33,2.0,1.75,4.92,0.241,62.47,58.66,65.9,45.62,1.002,0.55,1.029,1.03,0.97,Neutral,0.94,0.88,0.88,1.0,0.94,1.12,1.12,0.94,-12.0,-12.0,0.0,-6.0,12.0,12.0,-6.0,0.0079202054118111,7.90045427612088e-05,0.0,0.0336164329448943,1.199849891368754,10.565230100730796,10.59884653367569,0.0415366383567055,2.83908354730397,,,,,0.0,1.2,10.6,,2.9,,,,,0.0,1.3,11.9,,2.7,38.0,0.85,0.65,42.0,18.0,1.8,18.0,22.0,6.0,65.9,,,,,,,,,,,,,,,,,,,,,,NO ODDS,,,,,,,,,16.5,,EARLY MODERATE,No OVER/UNDER recommendation.
2026,3,,2026-09-27,13:00,00-0038619,Andrei Iosivas,andrei iosivas,CIN,PIT,WR,LOW TARGET,False,,,2.5,45.5,21.5,,,2,32,8,0.2,0.7,0.1,8,18,3.74,2.75,2.67,4.8,-0.295,57.58,58.82,65.8,52.62,1.005,0.55,0.97,0.97,1.032,Neutral,1.062,1.054,0.952,1.0,1.062,0.995,0.997,1.062,5.4,-4.8,0.0,6.2,-0.5,-0.3,6.2,0.0036631121642969,8.886255924170617e-05,0.0,0.4600535723385824,2.03798835732122,25.014299045944632,25.474352618283213,0.4637166845028794,5.622192984180372,,,,,0.4,2.0,25.1,,5.5,,,,,0.4,2.0,25.0,,5.8,38.0,0.85,0.65,42.0,18.0,1.8,18.0,22.0,6.0,65.8,,,,,,,,,,,,,,,,,,,,,,NO ODDS,,,,,,,,,16.4,,EARLY MODERATE,No OVER/UNDER recommendation.
2026,3,,2026-09-27,13:00,00-0040162,Dylan Sampson,dylan sampson,CLE,CAR,RB,DEPTH RB,True,,,-2.5,40.5,21.5,,,1,15,8,0.2,0.7,0.1,8,18,5.34,4.85,1.65,7.25,-0.572,52.42,65.59,65.7,42.62,0.995,0.6,0.97,1.03,0.968,Neutral,1.007,0.941,0.88,1.0,1.12,0.997,0.963,1.12,-5.9,-12.0,0.0,12.0,-0.3,-3.7,12.0,0.0019669551534225,0.0001573564122738,0.0,12.438079502454016,1.6433314600427114,13.802339365329138,26.24041886778316,12.440046457607435,4.825102169270542,,,,,12.4,1.5,13.0,25.4,4.7,,,,,13.9,1.5,12.5,28.4,4.7,38.0,0.85,0.65,42.0,18.0,1.8,18.0,22.0,6.0,65.7,,,,,,,,,,,,,,,,,,,,,,NO ODDS,,,,,,,,,16.4,,EARLY MODERATE,No OVER/UNDER recommendation.
2026,3,,2026-09-27,13:00,00-0039798,Isaiah Davis,isaiah davis,NYJ,DET,RB,DEPTH RB,False,,,-7.0,48.5,27.75,,,1,29,8,0.2,0.7,0.1,8,18,4.16,4.88,0.52,4.75,-0.172,45.98,58.34,65.7,72.25,1.074,0.6,0.979,1.084,0.946,Favorable,1.088,1.108,1.12,1.0,1.004,0.88,0.88,0.95,10.8,12.0,0.0,0.4,-12.0,-12.0,-5.0,0.0019669551534225,0.0001573564122738,0.0,13.965747811156804,0.942444760535322,8.101436245460501,22.067184056617304,13.967714766310223,3.8074174402065015,,,,,14.8,0.9,7.5,21.9,4.0,,,,,14.9,0.8,6.6,20.8,4.4,38.0,0.85,0.65,42.0,18.0,1.8,18.0,22.0,6.0,65.7,,,,,,,,,,,,,,,,,,,,,,NO ODDS,,,,,,,,,16.4,,EARLY MODERATE,No OVER/UNDER recommendation.
2026,3,,2026-09-27,13:00,00-0039337,Malik Nabers,malik nabers,NYG,TEN,WR,REGULAR TARGET,True,,,5.5,43.5,19.0,,,2,19,8,0.2,0.7,0.1,8,18,13.08,12.7,3.83,22.07,-0.661,50.74,65.93,65.7,44.38,0.976,1.18,0.97,0.934,1.056,Neutral,1.04,1.071,1.016,1.0,1.04,1.118,1.12,1.04,7.1,1.6,0.0,4.0,11.8,12.0,4.0,0.0036631121642969,8.886255924170617e-05,0.0,0.1730522989939303,5.213811483685518,61.09454805556544,61.26760035455938,0.1767154111582273,13.605594987171724,,,,,0.2,5.3,62.6,,12.9,,,,,0.2,5.9,70.1,,13.4,38.0,0.85,0.65,42.0,18.0,2.24,26.64,22.0,6.0,65.7,,,,,,,,,,,,,,,,,,,,,,NO ODDS,,,,,,,,,16.4,,EARLY MODERATE,No OVER/UNDER recommendation.
2026,3,,2026-09-27,13:00,00-0033943,Josh Reynolds,josh reynolds,NYJ,DET,WR,LOW TARGET,False,,,-7.0,48.5,27.75,,,0,13,8,0.2,0.7,0.1,8,18,3.78,2.87,0.0,5.6,1.0,56.84,60.81,65.6,72.25,1.074,0.55,1.03,1.084,0.946,Favorable,1.088,1.108,1.12,1.0,1.088,1.083,1.12,1.088,10.8,12.0,0.0,8.8,8.3,12.0,8.8,0.0045788902053712,0.0001110781990521,0.0,0.1242101105845181,1.891902873982258,21.856605640114232,21.980815750698756,0.1287890007898894,4.765055956829506,,,,,0.1,1.8,21.3,,5.3,,,,,0.1,1.9,23.9,,5.8,38.0,0.85,0.65,42.0,18.0,1.8,18.0,22.0,6.0,65.6,,,,,,,,,,,,,,,,,,,,,,NO ODDS,,,,,,,,,16.4,,EARLY MODERATE,No OVER/UNDER recommendation.
2026,3,,2026-09-27,16:25,00-0037563,Malik Davis,malik davis,DAL,BAL,RB,DEPTH RB,True,,,-3.0,52.5,27.75,,,0,10,8,0.2,0.7,0.1,8,18,5.72,4.66,1.65,10.4,0.774,55.09,68.36,65.5,79.25,1.082,0.6,1.03,1.036,0.998,Neutral,0.998,1.077,0.88,1.0,0.88,1.12,1.12,0.954,7.7,-12.0,0.0,-12.0,12.0,12.0,-4.6,0.0024586939417781,0.0001966955153422,0.0,30.74164699711513,0.4101167060057698,3.152924206661422,33.89457120377656,30.744105691056905,5.213401521111985,,,,,32.8,0.4,3.2,35.5,5.8,,,,,28.9,0.4,3.6,33.9,5.8,38.0,0.85,0.65,42.0,18.0,1.8,18.0,22.0,6.0,65.5,,,,,,,,,,,,,,,,,,,,,,NO ODDS,,,,,,,,,16.4,,EARLY MODERATE,No OVER/UNDER recommendation.
2026,3,,2026-09-27,13:00,00-0040668,Shedeur Sanders,shedeur sanders,CLE,CAR,QB,QB,True,,,-2.5,40.5,21.5,,,0,8,8,0.2,0.7,0.1,8,18,10.56,8.93,4.65,10.71,-0.46,54.17,88.54,65.4,42.62,0.995,0.844,0.97,1.03,0.968,Neutral,1.007,0.941,0.88,1.0,1.007,1.0,1.0,1.007,-5.9,-12.0,0.0,0.7,0.0,0.0,0.7,178.2723214285714,0.8938055144337529,0.0,22.40971965210955,0.0012490747594374,0.002220577350111,22.41194022945966,200.68204108068096,10.926907383419692,172.1,0.86,0.0,193.7,,,,,10.5,161.9,0.76,0.0,182.3,,,,,10.6,38.0,0.85,0.65,42.0,18.0,1.8,18.0,22.0,6.0,65.4,,,,,,,,,,,,,,,,,,,,,,NO ODDS,,,,,,,,,16.4,,EARLY MODERATE,No OVER/UNDER recommendation.
2026,3,,2026-09-27,16:25,00-0040202,Devin Neal,devin neal,NO,LV,RB,ROTATION RB,True,,,3.0,45.5,21.25,,,0,9,8,0.2,0.7,0.1,8,15,8.58,4.57,3.62,10.42,0.83,65.22,74.9,65.4,52.25,1.002,0.615,1.03,0.964,1.038,Neutral,0.951,0.937,0.88,1.0,1.002,0.974,0.935,0.986,-6.3,-12.0,0.0,0.2,-2.6,-6.5,-1.4,0.0024586939417781,0.0001966955153422,0.0,28.152758108226244,1.960811150450214,12.801535317772531,40.95429342599878,28.15521680216802,7.874234854445319,,,,,28.0,2.1,13.7,42.2,8.1,,,,,28.1,2.0,12.8,41.6,7.7,38.0,0.85,0.65,42.0,18.0,1.8,18.0,22.0,6.0,65.4,,,,,,,,,,,,,,,,,,,,,,NO ODDS,,,,,,,,,16.4,,EARLY MODERATE,No OVER/UNDER recommendation.
2026,3,,2026-09-27,16:25,00-0034365,Ian Thomas,ian thomas,LV,NO,TE,LOW TARGET,False,,,-3.0,45.5,24.25,,,1,12,8,0.2,0.7,0.1,8,18,3.28,1.95,1.88,4.03,-0.392,62.71,58.66,65.4,58.25,1.032,0.55,0.97,1.036,0.977,Neutral,0.981,0.895,0.948,1.0,0.981,1.08,1.028,0.981,-10.5,-5.2,0.0,-1.9,8.0,2.8,-1.9,0.0079202054118111,7.90045427612088e-05,0.0,0.0336164329448943,1.4440923156111778,12.787654343155037,12.821270776099931,0.0415366383567055,2.8255683957888187,,,,,0.0,1.4,12.1,,2.8,,,,,0.0,1.5,12.4,,2.7,38.0,0.85,0.65,42.0,18.0,1.8,18.0,22.0,6.0,65.4,,,,,,,,,,,,,,,,,,,,,,NO ODDS,,,,,,,,,16.4,,EARLY MODERATE,No OVER/UNDER recommendation.
2026,3,,2026-09-27,16:25,00-0030564,DeAndre Hopkins,deandre hopkins,BAL,DAL,WR,LOW TARGET,False,,,3.0,52.5,24.75,,,0,33,8,0.2,0.7,0.1,8,18,2.65,2.89,0.0,4.28,-0.069,47.85,56.1,65.4,73.25,1.052,0.55,0.992,0.964,1.058,Favorable,1.074,1.106,1.12,1.0,1.074,1.077,1.086,1.074,10.6,12.0,0.0,7.4,7.7,8.6,7.4,0.0045788902053712,0.0001110781990521,0.0,0.1242101105845181,2.1995951816745656,26.938299987433577,27.06251009801809,0.1287890007898894,6.0006073845684345,,,,,0.1,2.3,28.3,,6.3,,,,,0.1,2.5,30.7,,6.8,38.0,0.85,0.65,42.0,18.0,1.8,18.0,22.0,6.0,65.4,,,,,,,,,,,,,,,,,,,,,,NO ODDS,,,,,,,,,16.4,,EARLY MODERATE,No OVER/UNDER recommendation.
2026,3,,2026-09-27,13:00,00-0040704,Dillon Gabriel,dillon gabriel,CLE,CAR,QB,QB,True,,,-2.5,40.5,21.5,,,0,10,8,0.2,0.7,0.1,8,16,6.96,7.12,2.19,12.68,-0.922,49.45,85.08,65.3,42.62,0.995,0.7,0.97,1.03,0.968,Neutral,1.007,0.941,0.88,1.0,1.007,1.0,1.0,1.007,-5.9,-12.0,0.0,0.7,0.0,0.0,0.7,102.23392857142858,0.7149364668147052,0.0,10.064779175919073,0.0012490747594374,0.002220577350111,10.06699975326918,112.29870774734763,7.533020478657784,98.7,0.69,0.0,108.4,,,,,7.3,92.9,0.61,0.0,102.0,,,,,7.4,38.0,0.85,0.65,42.0,18.0,1.8,18.0,22.0,6.0,65.3,,,,,,,,,,,,,,,,,,,,,,NO ODDS,,,,,,,,,16.3,,EARLY MODERATE,No OVER/UNDER recommendation.
2026,3,,2026-09-27,13:00,00-0034771,Mason Rudolph,mason rudolph,PIT,CIN,QB,QB,True,,,-2.5,45.5,24.0,,,1,13,8,0.2,0.7,0.1,8,18,3.23,4.54,0.22,7.9,-0.383,41.53,68.89,65.3,57.62,1.03,0.7,0.97,1.03,0.982,Neutral,1.046,1.1,0.888,1.0,1.046,1.0,1.0,1.046,10.0,-11.2,0.0,4.6,0.0,0.0,4.6,108.3532967032967,0.6647696862722771,0.0,7.27310539201731,0.0009992598075499,0.0017764618800888,7.274881853897399,115.62640209531403,6.683498434208279,108.3,0.66,0.0,115.5,,,,,6.7,119.1,0.59,0.0,127.0,,,,,7.0,38.0,0.85,0.65,42.0,18.0,1.8,18.0,22.0,6.0,65.3,,,,,,,,,,,,,,,,,,,,,,NO ODDS,,,,,,,,,16.3,,EARLY MODERATE,No OVER/UNDER recommendation.
2026,3,,2026-09-27,13:00,00-0039359,Cade Stover,cade stover,HOU,IND,TE,LOW TARGET,False,,,2.5,45.5,21.5,,,1,20,8,0.2,0.7,0.1,8,18,2.54,2.01,0.6,4.22,-0.407,55.78,58.62,65.3,52.62,1.005,0.55,0.97,0.97,1.032,Favorable,1.108,1.12,0.986,1.0,1.108,1.12,1.12,1.108,12.0,-1.4,0.0,10.8,12.0,12.0,10.8,0.0079202054118111,7.90045427612088e-05,0.0,0.1694059066291048,1.430376207158227,9.12470378494132,9.294109691570425,0.177326112040916,2.6738730209881805,,,,,0.2,1.4,9.1,,2.6,,,,,0.2,1.6,10.2,,2.9,38.0,0.85,0.65,42.0,18.0,1.8,18.0,22.0,6.0,65.3,,,,,,,,,,,,,,,,,,,,,,NO ODDS,,,,,,,,,16.3,,EARLY MODERATE,No OVER/UNDER recommendation.
2026,3,,2026-09-27,16:05,00-0034487,Trent Sherfield,trent sherfield,ARI,SF,WR,LOW TARGET,False,,,-8.5,47.5,28.0,,,0,17,8,0.2,0.7,0.1,8,18,0.91,0.94,0.0,1.38,0.833,51.52,54.41,65.3,71.12,1.074,0.55,1.03,1.102,0.928,Neutral,0.998,1.001,0.926,1.0,0.998,0.987,0.959,0.998,0.1,-7.4,0.0,-0.2,-1.3,-4.1,-0.2,0.0045788902053712,0.0001110781990521,0.0,0.1242101105845181,0.86044076990986,8.923984033779389,9.048194144363908,0.1287890007898894,2.163747981716383,,,,,0.1,0.8,8.5,,2.4,,,,,0.1,0.8,8.2,,2.4,38.0,0.85,0.65,42.0,18.0,1.8,18.0,22.0,6.0,65.3,,,,,,,,,,,,,,,,,,,,,,NO ODDS,,,,,,,,,16.3,,EARLY MODERATE,No OVER/UNDER recommendation.
2026,3,,2026-09-27,13:00,00-0036906,Khalil Herbert,khalil herbert,NYJ,DET,RB,DEPTH RB,False,,,-7.0,48.5,27.75,,,0,16,8,0.2,0.7,0.1,8,18,2.94,4.62,0.3,3.12,-0.569,38.92,61.47,65.2,72.25,1.074,0.6,0.97,1.084,0.946,Favorable,1.088,1.108,1.12,1.0,1.004,0.88,0.88,0.95,10.8,12.0,0.0,0.4,-12.0,-12.0,-5.0,0.0024586939417781,0.0001966955153422,0.0,15.521855330448467,0.830950039339103,3.1164658733280883,18.63832120377656,15.524314024390245,3.1148598544453185,,,,,16.3,0.8,2.9,18.4,3.2,,,,,16.4,0.7,2.6,17.5,3.5,38.0,0.85,0.65,42.0,18.0,1.8,18.0,22.0,6.0,65.2,,,,,,,,,,,,,,,,,,,,,,NO ODDS,,,,,,,,,16.3,,EARLY MODERATE,No OVER/UNDER recommendation.
2026,3,,2026-09-27,13:00,00-0037617,Hassan Haskins,hassan haskins,LAC,BUF,RB,DEPTH RB,False,,,-4.5,49.5,27.0,,,0,23,8,0.2,0.7,0.1,8,18,1.11,1.21,0.0,2.5,-0.707,47.78,56.07,65.2,72.12,1.068,0.6,0.97,1.054,0.974,Neutral,0.94,0.885,0.982,1.0,1.083,0.981,0.981,1.058,-11.5,-1.8,0.0,8.3,-1.9,-1.9,5.8,0.0024586939417781,0.0001966955153422,0.0,9.401166101199454,0.4893986559398937,3.763464391114651,13.164630492314108,9.403624795141234,2.5661320876469,,,,,9.6,0.5,3.6,13.0,2.7,,,,,10.4,0.5,3.5,13.8,2.5,38.0,0.85,0.65,42.0,18.0,1.8,18.0,22.0,6.0,65.2,,,,,,,,,,,,,,,,,,,,,,NO ODDS,,,,,,,,,16.3,,EARLY MODERATE,No OVER/UNDER recommendation.
2026,3,,2026-09-27,20:20,00-0033110,Tyler Higbee,tyler higbee,LAR,DEN,TE,LOW TARGET,False,,,2.5,46.5,22.0,,,1,13,8,0.2,0.7,0.1,8,18,8.06,6.43,4.2,11.23,0.144,55.62,60.58,65.2,55.62,1.012,0.55,1.017,0.97,1.035,Neutral,0.966,0.913,0.88,1.0,0.966,1.049,1.12,0.966,-8.7,-12.0,0.0,-3.4,4.9,12.0,-3.4,0.0079202054118111,7.90045427612088e-05,0.0,0.0336164329448943,2.481388352907216,25.41061471611541,25.444231149060307,0.0415366383567055,6.340545085765509,,,,,0.0,2.6,26.8,,6.5,,,,,0.0,2.7,30.0,,6.3,38.0,0.85,0.65,42.0,18.0,1.8,18.0,22.0,6.0,65.2,,,,,,,,,,,,,,,,,,,,,,NO ODDS,,,,,,,,,16.3,,EARLY MODERATE,No OVER/UNDER recommendation.
2026,3,,2026-09-27,13:00,00-0037838,Isaiah Likely,isaiah likely,NYG,TEN,TE,REGULAR TARGET,True,,,5.5,43.5,19.0,,,2,27,8,0.2,0.7,0.1,8,18,10.05,8.69,4.4,12.5,1.0,53.61,62.39,65.0,44.38,0.976,0.649,1.03,0.934,1.056,Neutral,1.04,1.071,1.016,1.0,1.04,1.045,0.958,1.04,7.1,1.6,0.0,4.0,4.5,-4.2,4.0,0.0079202054118111,7.90045427612088e-05,0.0,0.0336164329448943,3.1237570952759586,31.12207177757247,31.15568821051736,0.0415366383567055,7.872822253042677,,,,,0.0,3.4,33.9,,7.9,,,,,0.0,3.6,32.5,,8.2,38.0,0.85,0.65,42.0,18.0,1.8,18.0,22.0,6.0,65.0,,,,,,,,,,,,,,,,,,,,,,NO ODDS,,,,,,,,,16.2,,EARLY MODERATE,No OVER/UNDER recommendation.
2026,3,,2026-09-27,13:00,00-0033591,Noah Brown,noah brown,WAS,SEA,WR,LOW TARGET,True,,,-2.5,41.5,22.0,,,0,15,8,0.2,0.7,0.1,8,18,4.63,3.21,2.65,5.85,-0.634,59.11,61.48,65.0,45.62,1.002,0.611,0.97,1.03,0.97,Neutral,0.94,0.88,0.88,1.0,0.94,0.88,0.88,0.94,-12.0,-12.0,0.0,-6.0,-12.0,-12.0,-6.0,0.0045788902053712,0.0001110781990521,0.0,0.1242101105845181,2.529357086436471,33.601706372714965,33.72591648329948,0.1287890007898894,6.364932330455881,,,,,0.1,2.4,31.6,,6.2,,,,,0.1,2.1,27.8,,5.8,38.0,0.85,0.65,42.0,18.0,1.8,18.0,22.0,6.0,65.0,,,,,,,,,,,,,,,,,,,,,,NO ODDS,,,,,,,,,16.2,,EARLY MODERATE,No OVER/UNDER recommendation.
2026,3,,2026-09-27,13:00,00-0035289,Gardner Minshew,gardner minshew,KC,MIA,QB,QB,False,,,8.5,44.5,18.0,,,0,14,8,0.2,0.7,0.1,8,18,4.52,6.78,-0.3,12.52,-1.0,39.97,76.56,64.9,45.12,0.968,0.7,0.97,0.898,1.09,Neutral,1.031,1.002,1.12,1.0,1.031,1.0,1.0,1.031,0.2,12.0,0.0,3.1,0.0,0.0,3.1,135.62568681318683,0.6510170528952913,0.0,5.289870751010648,0.0012490747594374,0.002220577350111,5.292091328360759,140.91555756419748,6.917024141661447,127.3,0.61,0.0,132.3,,,,,6.5,127.6,0.68,0.0,132.6,,,,,6.7,38.0,0.85,0.65,42.0,18.0,1.8,18.0,22.0,6.0,64.9,,,,,,,,,,,,,,,,,,,,,,NO ODDS,,,,,,,,,16.2,,EARLY MODERATE,No OVER/UNDER recommendation.
2026,3,,2026-09-27,16:05,00-0035249,Josh Oliver,josh oliver,MIN,TB,TE,LOW TARGET,False,,,-1.5,45.5,23.5,,,2,24,8,0.2,0.7,0.1,8,18,4.52,3.81,2.55,4.38,0.471,54.27,57.23,64.9,56.38,1.025,0.55,1.03,1.018,0.992,Neutral,1.013,1.096,1.079,1.0,1.013,1.12,1.12,1.013,9.6,7.9,0.0,1.3,12.0,12.0,1.3,0.0079202054118111,7.90045427612088e-05,0.0,0.0336164329448943,1.5164855021347994,18.618263227024794,18.651879659969687,0.0415366383567055,4.683196383742894,,,,,0.0,1.6,19.0,,4.9,,,,,0.0,1.8,21.3,,5.0,38.0,0.85,0.65,42.0,18.0,1.8,18.0,22.0,6.0,64.9,,,,,,,,,,,,,,,,,,,,,,NO ODDS,,,,,,,,,16.2,,EARLY MODERATE,No OVER/UNDER recommendation.
2026,3,,2026-09-27,13:00,00-0038979,Cedric Tillman,cedric tillman,CLE,CAR,WR,LOW TARGET,True,,,-2.5,40.5,21.5,,,0,21,8,0.2,0.7,0.1,8,18,3.23,2.15,1.73,3.77,1.0,60.05,58.73,64.9,42.62,0.995,0.564,1.03,1.03,0.968,Neutral,1.007,0.941,0.88,1.0,1.007,0.954,0.881,1.007,-5.9,-12.0,0.0,0.7,-4.6,-11.9,0.7,0.0045788902053712,0.0001110781990521,0.0,-0.0216232227488151,2.247214229293613,28.622539706048304,28.60091648329949,-0.0170443325434439,6.338146616170165,,,,,-0.0,2.2,28.5,,6.5,,,,,-0.0,2.1,25.1,,6.5,38.0,0.85,0.65,42.0,18.0,1.8,18.0,22.0,6.0,64.9,,,,,,,,,,,,,,,,,,,,,,NO ODDS,,,,,,,,,16.2,,EARLY MODERATE,No OVER/UNDER recommendation.
2026,3,,2026-09-27,13:00,00-0036407,Jerry Jeudy,jerry jeudy,CLE,CAR,WR,LOW TARGET,True,,,-2.5,40.5,21.5,,,2,34,8,0.2,0.7,0.1,8,18,5.51,4.48,4.2,6.8,-0.532,55.2,61.49,64.8,42.62,0.995,0.832,0.97,1.03,0.968,Neutral,1.007,0.941,0.88,1.0,1.007,0.954,0.881,1.007,-5.9,-12.0,0.0,0.7,-4.6,-11.9,0.7,0.0036631121642969,8.886255924170617e-05,0.0,0.2464269119970263,3.1418762981280413,40.30438012236347,40.550807034360496,0.2500900241613233,8.029650982775705,,,,,0.2,2.9,37.8,,7.7,,,,,0.2,2.8,33.3,,7.8,38.0,0.85,0.65,42.0,18.0,1.8,18.0,22.0,6.0,64.8,,,,,,,,,,,,,,,,,,,,,,NO ODDS,,,,,,,,,16.2,,EARLY MODERATE,No OVER/UNDER recommendation.
2026,3,,2026-09-27,13:00,00-0036196,Gabe Davis,gabe davis,BUF,LAC,WR,LOW TARGET,True,,,4.5,49.5,22.5,,,0,16,8,0.2,0.7,0.1,8,18,4.91,5.13,1.45,4.82,0.641,48.91,57.76,64.8,63.12,1.023,0.55,1.03,0.946,1.064,Neutral,0.936,0.928,0.88,1.0,0.936,0.982,0.951,0.936,-7.2,-12.0,0.0,-6.4,-1.8,-4.9,-6.4,0.0045788902053712,0.0001110781990521,0.0,0.1242101105845181,2.024595181674566,22.770307563191157,22.89451767377567,0.1287890007898894,5.413637687598737,,,,,0.1,2.2,25.0,,5.7,,,,,0.1,2.2,23.8,,5.3,38.0,0.85,0.65,42.0,18.0,1.8,18.0,22.0,6.0,64.8,,,,,,,,,,,,,,,,,,,,,,NO ODDS,,,,,,,,,16.2,,EARLY MODERATE,No OVER/UNDER recommendation.
2026,3,,2026-09-27,16:25,00-0033948,Jamaal Williams,jamaal williams,NO,LV,RB,DEPTH RB,True,,,3.0,45.5,21.25,,,0,14,8,0.2,0.7,0.1,8,18,1.99,1.35,0.7,3.25,0.423,59.52,61.21,64.7,52.25,1.002,0.6,1.03,0.964,1.038,Neutral,0.951,0.937,0.88,1.0,1.002,0.974,0.935,0.986,-6.3,-12.0,0.0,0.2,-2.6,-6.5,-1.4,0.0024586939417781,0.0001966955153422,0.0,13.043936374404511,0.7580104788995427,5.124261202998417,18.16819757740293,13.046395068346287,3.0029436456541108,,,,,13.0,0.8,5.5,18.7,3.1,,,,,13.0,0.8,5.1,18.4,2.9,38.0,0.85,0.65,42.0,18.0,1.8,18.0,22.0,6.0,64.7,,,,,,,,,,,,,,,,,,,,,,NO ODDS,,,,,,,,,16.2,,EARLY MODERATE,No OVER/UNDER recommendation.
2026,3,,2026-09-27,13:00,00-0033282,Curtis Samuel,curtis samuel,BUF,LAC,WR,LOW TARGET,True,,,4.5,49.5,22.5,,,0,20,8,0.2,0.7,0.1,8,18,4.01,3.89,1.48,5.57,-0.312,50.81,56.42,64.7,63.12,1.023,0.55,0.97,0.946,1.064,Neutral,0.936,0.928,0.88,1.0,0.936,0.982,0.951,0.936,-7.2,-12.0,0.0,-6.4,-1.8,-4.9,-6.4,0.0045788902053712,0.0001110781990521,0.0,0.6676311632160972,1.9673583395693024,18.961261510559574,19.62889267377567,0.6722100534214684,4.670298871809264,,,,,0.6,2.0,19.6,,4.6,,,,,0.6,2.0,18.6,,4.3,38.0,0.85,0.65,42.0,18.0,1.8,18.0,22.0,6.0,64.7,,,,,,,,,,,,,,,,,,,,,,NO ODDS,,,,,,,,,16.2,,EARLY MODERATE,No OVER/UNDER recommendation.
2026,3,,2026-09-27,16:05,00-0036331,Devin Duvernay,devin duvernay,ARI,SF,WR,LOW TARGET,False,,,-8.5,47.5,28.0,,,2,30,8,0.2,0.7,0.1,8,18,0.29,0.96,0.0,0.0,0.0,51.1,53.16,64.7,71.12,1.074,0.55,1.0,1.102,0.928,Neutral,0.998,1.001,0.926,1.0,0.998,0.987,0.959,0.998,0.1,-7.4,0.0,-0.2,-1.3,-4.1,-0.2,0.0036631121642969,8.886255924170617e-05,0.0,0.1117818815710628,0.5240439614316066,5.579263291932234,5.691045173503297,0.1154449937353598,1.2178210696192189,,,,,0.1,0.5,5.2,,1.3,,,,,0.1,0.5,5.0,,1.3,38.0,0.85,0.65,42.0,18.0,1.8,18.0,22.0,6.0,64.7,,,,,,,,,,,,,,,,,,,,,,NO ODDS,,,,,,,,,16.2,,EARLY MODERATE,No OVER/UNDER recommendation.
2026,3,,2026-09-27,16:25,00-0039062,Jonathan Mingo,jonathan mingo,DAL,BAL,WR,LOW TARGET,True,,,-3.0,52.5,27.75,,,1,19,8,0.2,0.7,0.1,8,18,1.31,1.57,0.0,2.53,-0.429,45.4,53.5,64.6,79.25,1.082,0.55,0.97,1.036,0.998,Neutral,0.998,1.077,0.88,1.0,0.998,1.12,1.1,0.998,7.7,-12.0,0.0,-0.2,12.0,10.0,-0.2,0.0036631121642969,8.886255924170617e-05,0.0,0.2116487902220005,1.0158164962168457,11.394798682131873,11.606447472353873,0.2153119023862975,2.2590285711316205,,,,,0.2,1.0,11.0,,2.4,,,,,0.2,1.1,12.1,,2.4,38.0,0.85,0.65,42.0,18.0,1.8,18.0,22.0,6.0,64.6,,,,,,,,,,,,,,,,,,,,,,NO ODDS,,,,,,,,,16.2,,EARLY MODERATE,No OVER/UNDER recommendation.
2026,3,,2026-09-27,13:00,00-0034270,Tyler Conklin,tyler conklin,LAC,BUF,TE,LOW TARGET,False,,,-4.5,49.5,27.0,,,0,22,8,0.2,0.7,0.1,8,18,4.67,5.5,1.53,7.8,0.035,45.95,55.5,64.5,72.12,1.068,0.55,1.004,1.054,0.974,Neutral,0.94,0.885,0.982,1.0,0.94,0.88,0.88,0.94,-11.5,-1.8,0.0,-6.0,-12.0,-12.0,-6.0,0.0099002567647639,9.8755678451511e-05,0.0,0.1394231385837153,2.4777344421330203,23.93316100253686,24.07258414112058,0.1493233953484793,6.054633654909184,,,,,0.1,2.4,23.4,,6.5,,,,,0.1,2.1,20.6,,6.1,38.0,0.85,0.65,42.0,18.0,1.8,18.0,22.0,6.0,64.5,,,,,,,,,,,,,,,,,,,,,,NO ODDS,,,,,,,,,16.1,,EARLY MODERATE,No OVER/UNDER recommendation.
2026,3,,2026-09-27,13:00,00-0036980,Elijah Moore,elijah moore,BUF,LAC,WR,LOW TARGET,True,,,4.5,49.5,22.5,,,0,26,8,0.2,0.7,0.1,8,18,2.76,2.84,0.52,4.38,1.0,49.23,56.86,64.5,63.12,1.023,0.602,1.03,0.946,1.064,Neutral,0.936,0.928,0.88,1.0,0.936,0.982,0.951,0.936,-7.2,-12.0,0.0,-6.4,-1.8,-4.9,-6.4,0.0045788902053712,0.0001110781990521,0.0,1.1126716490460564,2.434595181674566,24.452182563191155,25.564854212237208,1.1172505392514276,5.564613649137199,,,,,1.1,2.7,26.8,,5.9,,,,,1.0,2.7,25.5,,5.5,38.0,0.85,0.65,42.0,18.0,1.8,18.0,22.0,6.0,64.5,,,,,,,,,,,,,,,,,,,,,,NO ODDS,,,,,,,,,16.1,,EARLY MODERATE,No OVER/UNDER recommendation.
2026,3,,2026-09-27,13:00,00-0034364,Jordan Akins,jordan akins,CLE,CAR,TE,LOW TARGET,True,,,-2.5,40.5,21.5,,,0,16,8,0.2,0.7,0.1,8,18,7.13,6.07,2.25,7.83,1.0,54.02,61.23,64.4,42.62,0.995,0.55,1.03,1.03,0.968,Neutral,1.007,0.941,0.88,1.0,1.007,0.923,1.088,1.007,-5.9,-12.0,0.0,0.7,-7.7,8.8,0.7,0.0099002567647639,9.8755678451511e-05,0.0,0.0420205411811179,2.5685623642109423,25.362787625913487,25.404808167094608,0.0519207979458819,5.964479434129962,,,,,0.0,2.6,25.3,,6.1,,,,,0.0,2.4,27.5,,6.1,38.0,0.85,0.65,42.0,18.0,1.8,18.0,22.0,6.0,64.4,,,,,,,,,,,,,,,,,,,,,,NO ODDS,,,,,,,,,16.1,,EARLY MODERATE,No OVER/UNDER recommendation.
2026,3,,2026-09-27,16:05,00-0039050,Payne Durham,payne durham,TB,MIN,TE,LOW TARGET,True,,,1.5,45.5,22.0,,,0,16,8,0.2,0.7,0.1,8,18,0.31,0.75,0.0,0.0,0.7,57.29,55.28,64.4,53.38,1.01,0.55,1.03,0.982,1.022,Neutral,0.956,0.898,0.88,1.0,0.956,0.88,0.954,0.956,-10.2,-12.0,0.0,-4.4,-12.0,-4.6,-4.4,0.0099002567647639,9.8755678451511e-05,0.0,0.0420205411811179,0.8591873642109422,8.912787625913491,8.95480816709461,0.0519207979458819,2.497604434129962,,,,,0.0,0.9,9.4,,2.6,,,,,0.0,0.8,9.0,,2.5,38.0,0.85,0.65,42.0,18.0,1.8,18.0,22.0,6.0,64.4,,,,,,,,,,,,,,,,,,,,,,NO ODDS,,,,,,,,,16.1,,EARLY MODERATE,No OVER/UNDER recommendation.
2026,3,,2026-09-27,13:00,00-0038046,Charlie Kolar,charlie kolar,LAC,BUF,TE,LOW TARGET,False,,,-4.5,49.5,27.0,,,2,23,8,0.2,0.7,0.1,8,18,1.81,1.97,0.0,2.82,-0.105,47.88,53.73,64.3,72.12,1.068,0.55,0.987,1.054,0.974,Neutral,0.94,0.885,0.982,1.0,0.94,0.88,0.88,0.94,-11.5,-1.8,0.0,-6.0,-12.0,-12.0,-6.0,0.0079202054118111,7.90045427612088e-05,0.0,0.0755136661464753,1.1946663792287202,13.076060140256486,13.15157380640296,0.0834338715582865,3.1356549758753998,,,,,0.1,1.1,12.6,,3.3,,,,,0.1,1.0,11.1,,3.1,38.0,0.85,0.65,42.0,18.0,1.8,18.0,22.0,6.0,64.3,,,,,,,,,,,,,,,,,,,,,,NO ODDS,,,,,,,,,16.1,,EARLY MODERATE,No OVER/UNDER recommendation.
2026,3,,2026-09-27,13:00,00-0039392,Jha'Quan Jackson,jhaquan jackson,TEN,NYG,WR,LOW TARGET,False,,,-5.5,43.5,24.5,,,0,12,8,0.2,0.7,0.1,8,13,0.15,0.42,0.0,0.0,-0.433,70.5,58.42,64.3,55.38,1.031,0.55,0.97,1.066,0.946,Neutral,1.044,1.021,1.12,1.0,1.044,1.026,1.045,1.044,2.1,12.0,0.0,4.4,2.6,4.5,4.4,0.0045788902053712,0.0001110781990521,0.0,-0.2829868591124515,0.4060345756139595,4.743697714706305,4.460710855593854,-0.2784079689070803,1.0079463997199485,,,,,-0.3,0.4,4.4,,1.0,,,,,-0.3,0.4,4.6,,1.0,38.0,0.85,0.65,42.0,18.0,1.8,18.0,22.0,6.0,64.3,,,,,,,,,,,,,,,,,,,,,,NO ODDS,,,,,,,,,16.1,,EARLY MODERATE,No OVER/UNDER recommendation.
2026,3,,2026-09-27,13:00,00-0035628,D'Ernest Johnson,dernest johnson,NE,JAC,RB,DEPTH RB,False,,,-2.5,45.5,24.0,,,0,17,8,0.2,0.7,0.1,8,18,1.18,1.18,0.4,2.12,-0.351,50.03,57.69,64.2,57.62,1.03,0.6,0.97,1.03,0.982,Neutral,1.0,1.0,1.0,1.0,1.0,1.0,1.0,1.0,0.0,0.0,0.0,0.0,0.0,0.0,0.0,0.0024586939417781,0.0001966955153422,0.0,12.008252389271997,0.7531926863979267,5.767936461563382,17.776188850835382,12.010711083213772,2.7446392662100254,,,,,12.0,0.7,5.5,17.4,2.7,,,,,12.0,0.7,5.5,17.4,2.7,38.0,0.85,0.65,42.0,18.0,1.8,18.0,22.0,6.0,64.2,,,,,,,,,,,,,,,,,,,,,,NO ODDS,,,,,,,,,16.0,,EARLY MODERATE,No OVER/UNDER recommendation.
2026,3,,2026-09-27,13:00,00-0036754,Brock Wright,brock wright,DET,NYJ,TE,LOW TARGET,True,,,7.0,48.5,20.75,,,2,19,8,0.2,0.7,0.1,8,18,2.8,2.7,1.12,5.45,0.51,50.94,56.9,64.2,58.25,1.004,0.55,1.03,0.916,1.086,Neutral,0.957,0.912,1.12,1.0,0.957,1.029,0.99,0.957,-8.8,12.0,0.0,-4.3,2.9,-1.0,-4.3,0.0079202054118111,7.90045427612088e-05,0.0,0.0336164329448943,1.282255906406348,10.364277719778412,10.397894152723309,0.0415366383567055,3.284552218983168,,,,,0.0,1.4,11.6,,3.4,,,,,0.0,1.4,11.5,,3.3,38.0,0.85,0.65,42.0,18.0,1.8,18.0,22.0,6.0,64.2,,,,,,,,,,,,,,,,,,,,,,NO ODDS,,,,,,,,,16.0,,EARLY MODERATE,No OVER/UNDER recommendation.
2026,3,,2026-09-27,20:20,00-0039868,Troy Franklin,troy franklin,DEN,LAR,WR,LOW TARGET,True,,,-2.5,46.5,24.5,,,2,33,8,0.2,0.7,0.1,8,18,5.51,6.03,2.9,6.92,-0.887,47.75,57.58,64.1,60.62,1.037,0.607,0.97,1.03,0.985,Neutral,1.0,1.0,1.0,1.0,1.0,1.0,1.0,1.0,0.0,0.0,0.0,0.0,0.0,0.0,0.0,0.0036631121642969,8.886255924170617e-05,0.0,0.7740975256970519,2.5167378336513413,29.528047998604876,30.30214552430192,0.7777606378613489,6.871246189040028,,,,,0.8,2.4,28.2,,6.9,,,,,0.8,2.4,28.2,,6.9,38.0,0.85,0.65,42.0,18.0,1.8,18.0,22.0,6.0,64.1,,,,,,,,,,,,,,,,,,,,,,NO ODDS,,,,,,,,,16.0,,EARLY MODERATE,No OVER/UNDER recommendation.
2026,3,,2026-09-27,13:00,00-0035100,Jake Browning,jake browning,CIN,PIT,QB,QB,False,,,2.5,45.5,21.5,,,0,7,8,0.2,0.7,0.1,8,18,8.16,7.9,0.4,17.81,0.066,50.8,86.75,64.0,52.62,1.005,0.7,1.008,0.97,1.032,Neutral,1.062,1.054,0.952,1.0,1.062,1.0,1.0,1.062,5.4,-4.8,0.0,6.2,0.0,0.0,6.2,128.02678571428572,0.96969837157661,0.0,7.798112509252407,0.0012490747594374,0.002220577350111,7.800333086602517,135.82489822353813,8.259496669133977,129.7,0.98,0.0,137.6,,,,,8.4,136.7,0.93,0.0,145.0,,,,,8.9,38.0,0.85,0.65,42.0,18.0,1.8,18.0,22.0,6.0,64.0,,,,,,,,,,,,,,,,,,,,,,NO ODDS,,,,,,,,,16.0,,EARLY MODERATE,No OVER/UNDER recommendation.
2026,3,,2026-09-27,16:25,00-0037666,Jalen Tolbert,jalen tolbert,DAL,BAL,WR,LOW TARGET,True,,,-3.0,52.5,27.75,,,0,29,8,0.2,0.7,0.1,8,18,3.07,4.32,0.0,3.73,-0.536,41.53,54.26,64.0,79.25,1.082,0.55,0.97,1.036,0.998,Neutral,0.998,1.077,0.88,1.0,0.998,1.12,1.1,0.998,7.7,-12.0,0.0,-0.2,12.0,10.0,-0.2,0.0045788902053712,0.0001110781990521,0.0,0.1242101105845181,2.1567996151721025,26.49981803117145,26.624028141755968,0.1287890007898894,6.365437256564254,,,,,0.1,2.1,25.7,,6.7,,,,,0.1,2.4,28.3,,6.7,38.0,0.85,0.65,42.0,18.0,1.8,18.0,22.0,6.0,64.0,,,,,,,,,,,,,,,,,,,,,,NO ODDS,,,,,,,,,16.0,,EARLY MODERATE,No OVER/UNDER recommendation.
2026,3,,2026-09-27,16:25,00-0037231,Kevin Austin Jr.,kevin austin jr,NO,LV,WR,LOW TARGET,True,,,3.0,45.5,21.25,,,1,13,8,0.2,0.7,0.1,8,18,5.49,4.7,2.15,6.65,1.0,53.88,59.95,64.0,52.25,1.002,0.55,1.03,0.964,1.038,Neutral,0.951,0.937,0.88,1.0,0.951,1.011,0.985,0.951,-6.3,-12.0,0.0,-4.9,1.1,-1.5,-4.9,0.0036631121642969,8.886255924170617e-05,0.0,0.4455219346214607,1.8558299914934988,21.06605374286061,21.51157567748208,0.4491850467857577,4.570121688540528,,,,,0.4,2.0,22.5,,4.7,,,,,0.4,2.0,22.2,,4.5,38.0,0.85,0.65,42.0,18.0,1.8,18.0,22.0,6.0,64.0,,,,,,,,,,,,,,,,,,,,,,NO ODDS,,,,,,,,,16.0,,EARLY MODERATE,No OVER/UNDER recommendation.
2026,3,,2026-09-27,16:25,00-0032398,Chris Moore,chris moore,BAL,DAL,WR,LOW TARGET,False,,,3.0,52.5,24.75,,,2,10,8,0.2,0.7,0.1,8,18,3.9,3.73,1.2,6.7,1.0,51.11,56.96,64.0,73.25,1.052,0.55,1.03,0.964,1.058,Favorable,1.074,1.106,1.12,1.0,1.074,1.077,1.086,1.074,10.6,12.0,0.0,7.4,7.7,8.6,7.4,0.0036631121642969,8.886255924170617e-05,0.0,0.5793680884676147,1.213009478672986,21.00612700293388,21.58549509140149,0.5830312006319116,3.8962315786504176,,,,,0.6,1.3,22.9,,4.2,,,,,0.6,1.4,24.9,,4.5,38.0,0.85,0.65,42.0,18.0,1.8,18.0,22.0,6.0,64.0,,,,,,,,,,,,,,,,,,,,,,NO ODDS,,,,,,,,,16.0,,EARLY MODERATE,No OVER/UNDER recommendation.
2026,3,,2026-09-27,13:00,00-0037614,John Metchie III,john metchie iii,CAR,CLE,WR,LOW TARGET,False,,,2.5,40.5,19.0,,,1,23,8,0.2,0.7,0.1,8,18,5.43,4.55,4.1,7.17,-0.229,54.41,61.59,63.9,37.62,0.97,0.55,0.973,0.97,1.017,Neutral,0.948,0.88,1.049,1.0,0.948,0.88,0.88,0.948,-12.0,4.9,0.0,-5.2,-12.0,-12.0,-5.2,0.0036631121642969,8.886255924170617e-05,0.0,-0.0539915953268519,2.066790769845582,19.57335079363593,19.519359198309083,-0.0503284831625549,4.6983399919762245,,,,,-0.1,2.0,19.4,,4.4,,,,,-0.1,1.8,17.1,,4.2,38.0,0.85,0.65,42.0,18.0,1.8,18.0,22.0,6.0,63.9,,,,,,,,,,,,,,,,,,,,,,NO ODDS,,,,,,,,,16.0,,EARLY MODERATE,No OVER/UNDER recommendation.
2026,3,,2026-09-27,20:20,00-0035406,Lil'Jordan Humphrey,liljordan humphrey,DEN,LAR,WR,LOW TARGET,True,,,-2.5,46.5,24.5,,,1,21,8,0.2,0.7,0.1,8,18,4.08,4.5,0.0,6.65,-0.672,47.55,57.17,63.8,60.62,1.037,0.55,0.97,1.03,0.985,Neutral,1.0,1.0,1.0,1.0,1.0,1.0,1.0,1.0,0.0,0.0,0.0,0.0,0.0,0.0,0.0,0.0036631121642969,8.886255924170617e-05,0.0,0.0993680884676145,1.684914240577748,18.10469843150531,18.204066519972923,0.1030312006319115,4.040469673888514,,,,,0.1,1.6,17.3,,4.1,,,,,0.1,1.6,17.3,,4.1,38.0,0.85,0.65,42.0,18.0,1.8,18.0,22.0,6.0,63.8,,,,,,,,,,,,,,,,,,,,,,NO ODDS,,,,,,,,,16.0,,EARLY MODERATE,No OVER/UNDER recommendation.
2026,3,,2026-09-27,16:25,00-0036550,Rashod Bateman,rashod bateman,BAL,DAL,WR,LOW TARGET,False,,,3.0,52.5,24.75,,,2,29,8,0.2,0.7,0.1,8,18,5.66,7.94,0.0,5.55,1.0,41.63,55.83,63.7,73.25,1.052,0.608,1.03,0.964,1.058,Favorable,1.074,1.106,1.12,1.0,1.074,1.077,1.086,1.074,10.6,12.0,0.0,7.4,7.7,8.6,7.4,0.0036631121642969,8.886255924170617e-05,0.0,0.0993680884676145,2.679626884255909,36.90748989291746,37.00685798138508,0.1030312006319115,8.889714337271108,,,,,0.1,2.9,40.2,,9.6,,,,,0.1,3.1,43.7,,10.3,38.0,0.85,0.65,42.0,18.0,1.8,18.0,22.0,6.0,63.7,,,,,,,,,,,,,,,,,,,,,,NO ODDS,,,,,,,,,15.9,,EARLY MODERATE,No OVER/UNDER recommendation.
2026,3,,2026-09-27,16:05,00-0037004,Hunter Long,hunter long,ARI,SF,TE,LOW TARGET,False,,,-8.5,47.5,28.0,,,2,18,8,0.2,0.7,0.1,8,17,2.51,3.09,0.98,3.67,-0.818,44.86,54.31,63.6,71.12,1.074,0.55,0.97,1.102,0.928,Neutral,0.998,1.001,0.926,1.0,0.998,1.062,1.009,0.998,0.1,-7.4,0.0,-0.2,6.2,0.9,-0.2,0.0079202054118111,7.90045427612088e-05,0.0,0.0336164329448943,1.0322681920223489,8.34784447981576,8.381460912760657,0.0415366383567055,2.734469168219003,,,,,0.0,0.9,7.5,,2.8,,,,,0.0,1.0,7.6,,2.8,38.0,0.85,0.65,42.0,18.0,1.8,18.0,22.0,6.0,63.6,,,,,,,,,,,,,,,,,,,,,,NO ODDS,,,,,,,,,15.9,,EARLY MODERATE,No OVER/UNDER recommendation.
2026,3,,2026-09-27,13:00,00-0037545,Rashid Shaheed,rashid shaheed,SEA,WAS,WR,LOW TARGET,False,,,2.5,41.5,19.5,,,2,24,8,0.2,0.7,0.1,8,18,5.81,5.0,1.7,9.85,-0.587,53.77,60.08,63.6,40.62,0.977,0.723,0.97,0.97,1.02,Favorable,1.106,1.099,1.12,1.0,1.106,1.104,1.096,1.106,9.9,12.0,0.0,10.6,10.4,9.6,10.6,0.0036631121642969,8.886255924170617e-05,0.0,3.695434341055607,2.916404923807562,36.09289718926928,39.78833153032489,3.699097453219904,8.195272986517914,,,,,3.5,2.9,35.7,38.4,7.8,,,,,3.9,3.2,39.1,42.5,8.6,38.0,0.85,0.65,42.0,18.0,1.8,18.0,22.0,6.0,63.6,,,,,,,,,,,,,,,,,,,,,,NO ODDS,,,,,,,,,15.9,,EARLY MODERATE,No OVER/UNDER recommendation.
2026,3,,2026-09-27,13:00,00-0036251,Zack Moss,zack moss,CIN,PIT,RB,ROTATION RB,False,,,2.5,45.5,21.5,,,0,8,8,0.2,0.7,0.1,8,18,9.42,6.11,6.67,15.03,-0.67,60.65,76.09,63.5,52.62,1.005,0.729,0.97,0.97,1.032,Neutral,1.062,1.054,0.952,1.0,1.078,1.053,1.12,1.095,5.4,-4.8,0.0,7.8,5.3,12.0,9.5,0.0024586939417781,0.0001966955153422,0.0,27.058016044734185,2.7827357536248174,22.321376587613805,49.37939263234799,27.06047473867596,9.20235985444532,,,,,25.5,2.8,22.4,48.0,9.0,,,,,27.5,2.9,25.1,52.6,9.6,38.0,0.85,0.65,42.0,18.0,1.8,18.0,22.0,6.0,63.5,,,,,,,,,,,,,,,,,,,,,,NO ODDS,,,,,,,,,15.9,,EARLY MODERATE,No OVER/UNDER recommendation.
2026,3,,2026-09-27,13:00,00-0040194,Jackson Hawes,jackson hawes,BUF,LAC,TE,LOW TARGET,True,,,4.5,49.5,22.5,,,0,13,8,0.2,0.7,0.1,8,18,3.92,2.66,1.98,5.27,-0.46,59.53,57.37,63.5,63.12,1.023,0.55,0.97,0.946,1.064,Neutral,0.936,0.928,0.88,1.0,0.936,0.943,0.956,0.936,-7.2,-12.0,0.0,-6.4,-5.7,-4.4,-6.4,0.0099002567647639,9.8755678451511e-05,0.0,0.0420205411811179,1.3709662103647884,14.955576087451952,14.99759662863307,0.0519207979458819,4.177604434129964,,,,,0.0,1.4,15.4,,4.1,,,,,0.0,1.3,14.7,,3.8,38.0,0.85,0.65,42.0,18.0,1.8,18.0,22.0,6.0,63.5,,,,,,,,,,,,,,,,,,,,,,NO ODDS,,,,,,,,,15.9,,EARLY MODERATE,No OVER/UNDER recommendation.
2026,3,,2026-09-27,13:00,00-0036427,Tyler Johnson,tyler johnson,NYJ,DET,WR,LOW TARGET,False,,,-7.0,48.5,27.75,,,0,20,8,0.2,0.7,0.1,8,18,4.06,5.25,0.0,6.15,-0.877,43.59,54.29,63.5,72.25,1.074,0.55,0.97,1.084,0.946,Favorable,1.088,1.108,1.12,1.0,1.088,1.083,1.12,1.088,10.8,12.0,0.0,8.8,8.3,12.0,8.8,0.0045788902053712,0.0001110781990521,0.0,0.1242101105845181,1.8548583395693024,24.232314142138524,24.35652425272304,0.1287890007898894,5.054246240230316,,,,,0.1,1.7,22.2,,5.3,,,,,0.1,1.8,24.9,,5.8,38.0,0.85,0.65,42.0,18.0,1.8,18.0,22.0,6.0,63.5,,,,,,,,,,,,,,,,,,,,,,NO ODDS,,,,,,,,,15.9,,EARLY MODERATE,No OVER/UNDER recommendation.
2026,3,,2026-09-27,13:00,00-0033857,JuJu Smith-Schuster,juju smith schuster,KC,MIA,WR,LOW TARGET,False,,,8.5,44.5,18.0,,,0,28,8,0.2,0.7,0.1,8,18,2.0,1.63,0.0,2.48,1.0,55.02,57.4,63.5,45.12,0.968,0.55,1.03,0.898,1.09,Neutral,1.031,1.002,1.12,1.0,1.031,0.932,0.88,1.031,0.2,12.0,0.0,3.1,-6.8,-12.0,3.1,0.0045788902053712,0.0001110781990521,0.0,0.1242101105845181,1.8652697848491688,20.69535716636576,20.819567276950277,0.1287890007898894,4.5554482034717525,,,,,0.1,2.1,23.2,,4.5,,,,,0.1,2.0,20.4,,4.6,38.0,0.85,0.65,42.0,18.0,1.8,18.0,22.0,6.0,63.5,,,,,,,,,,,,,,,,,,,,,,NO ODDS,,,,,,,,,15.9,,EARLY MODERATE,No OVER/UNDER recommendation.
2026,3,,2026-09-27,13:00,00-0039847,Theo Johnson,theo johnson,NYG,TEN,TE,LOW TARGET,True,,,5.5,43.5,19.0,,,2,26,8,0.2,0.7,0.1,8,16,5.06,4.84,1.42,10.32,-0.929,51.11,59.9,63.4,44.38,0.976,0.602,0.97,0.934,1.056,Neutral,1.04,1.071,1.016,1.0,1.04,1.045,0.958,1.04,7.1,1.6,0.0,4.0,4.5,-4.2,4.0,0.0079202054118111,7.90045427612088e-05,0.0,0.0336164329448943,2.3256081331269955,27.18197735347805,27.215593786422943,0.0415366383567055,6.182208822029245,,,,,0.0,2.4,27.9,,5.9,,,,,0.0,2.5,26.7,,6.1,38.0,0.85,0.65,42.0,18.0,1.8,18.0,22.0,6.0,63.4,,,,,,,,,,,,,,,,,,,,,,NO ODDS,,,,,,,,,15.8,,EARLY MODERATE,No OVER/UNDER recommendation.
2026,3,,2026-09-27,13:00,00-0037475,Stone Smartt,stone smartt,NYJ,DET,TE,LOW TARGET,False,,,-7.0,48.5,27.75,,,0,15,8,0.2,0.7,0.1,8,18,2.9,3.24,0.0,4.9,1.0,47.25,55.09,63.4,72.25,1.074,0.55,1.03,1.084,0.946,Favorable,1.088,1.108,1.12,1.0,1.088,1.12,1.12,1.088,10.8,12.0,0.0,8.8,12.0,12.0,8.8,0.0099002567647639,9.8755678451511e-05,0.0,0.0420205411811179,1.691479030877609,17.86963286400873,17.91165340518985,0.0519207979458819,3.4973068150823443,,,,,0.0,1.6,17.4,,3.9,,,,,0.0,1.8,19.5,,4.2,38.0,0.85,0.65,42.0,18.0,1.8,18.0,22.0,6.0,63.4,,,,,,,,,,,,,,,,,,,,,,NO ODDS,,,,,,,,,15.8,,EARLY MODERATE,No OVER/UNDER recommendation.
2026,3,,2026-09-27,13:00,00-0037837,Calvin Austin III,calvin austin iii,PIT,CIN,WR,LOW TARGET,True,,,-2.5,45.5,24.0,,,0,31,8,0.2,0.7,0.1,8,18,4.58,5.13,1.12,4.97,0.393,47.16,57.32,63.4,57.62,1.03,0.55,1.03,1.03,0.982,Neutral,1.046,1.1,0.888,1.0,1.046,0.88,0.88,1.046,10.0,-11.2,0.0,4.6,-12.0,-12.0,4.6,0.0045788902053712,0.0001110781990521,0.0,0.1242101105845181,2.224595181674565,29.363150305126627,29.487360415711144,0.1287890007898894,6.601752606953576,,,,,0.1,2.3,29.7,,7.0,,,,,0.1,2.0,26.1,,7.3,38.0,0.85,0.65,42.0,18.0,1.8,18.0,22.0,6.0,63.4,,,,,,,,,,,,,,,,,,,,,,NO ODDS,,,,,,,,,15.8,,EARLY MODERATE,No OVER/UNDER recommendation.
2026,3,,2026-09-27,13:00,00-0033217,Mo Alie-Cox,mo alie cox,IND,HOU,TE,LOW TARGET,True,,,-2.5,45.5,24.0,,,0,23,8,0.2,0.7,0.1,8,18,3.59,3.77,0.0,4.0,1.0,48.83,56.08,63.3,57.62,1.03,0.55,1.03,1.03,0.982,Neutral,0.956,0.963,0.88,1.0,0.956,0.983,1.031,0.956,-3.7,-12.0,0.0,-4.4,-1.7,3.1,-4.4,0.0099002567647639,9.8755678451511e-05,0.0,0.0420205411811179,1.2674012970172663,12.569877546862111,12.611898088043226,0.0519207979458819,3.1270856594264056,,,,,0.0,1.3,12.7,,3.3,,,,,0.0,1.3,13.1,,3.2,38.0,0.85,0.65,42.0,18.0,1.8,18.0,22.0,6.0,63.3,,,,,,,,,,,,,,,,,,,,,,NO ODDS,,,,,,,,,15.8,,EARLY MODERATE,No OVER/UNDER recommendation.
2026,3,,2026-09-27,13:00,00-0034775,Christian Kirk,christian kirk,HOU,IND,WR,LOW TARGET,False,,,2.5,45.5,21.5,,,0,19,8,0.2,0.7,0.1,8,18,4.34,4.9,1.53,6.62,-0.515,46.99,59.19,63.3,52.62,1.005,0.698,0.97,0.97,1.032,Favorable,1.108,1.12,0.986,1.0,1.108,1.12,1.12,1.108,12.0,-1.4,0.0,10.8,12.0,12.0,10.8,0.0045788902053712,0.0001110781990521,0.0,0.1242101105845181,2.723717988692109,29.70841063336659,29.832620743951107,0.1287890007898894,6.40229448584435,,,,,0.1,2.7,29.8,,6.2,,,,,0.1,3.0,33.4,,6.9,38.0,0.85,0.65,42.0,18.0,1.8,18.0,22.0,6.0,63.3,,,,,,,,,,,,,,,,,,,,,,NO ODDS,,,,,,,,,15.8,,EARLY MODERATE,No OVER/UNDER recommendation.
2026,3,,2026-09-27,13:00,00-0039342,Xavier Legette,xavier legette,CAR,CLE,WR,LOW TARGET,False,,,2.5,40.5,19.0,,,2,30,8,0.2,0.7,0.1,8,18,3.77,2.96,1.25,5.38,0.447,55.99,59.17,63.3,37.62,0.97,0.631,1.03,0.97,1.017,Neutral,0.948,0.88,1.049,1.0,0.948,0.88,0.88,0.948,-12.0,4.9,0.0,-5.2,-12.0,-12.0,-5.2,0.0036631121642969,8.886255924170617e-05,0.0,0.4993680884676145,2.4171145689849727,31.680511239387084,32.1798793278547,0.5030312006319116,6.64253371329738,,,,,0.5,2.5,33.2,,6.6,,,,,0.5,2.2,29.2,,6.3,38.0,0.85,0.65,42.0,18.0,1.8,18.0,22.0,6.0,63.3,,,,,,,,,,,,,,,,,,,,,,NO ODDS,,,,,,,,,15.8,,EARLY MODERATE,No OVER/UNDER recommendation.
2026,3,,2026-09-27,13:00,00-0040138,Jaylin Noel,jaylin noel,HOU,IND,WR,LOW TARGET,False,,,2.5,45.5,21.5,,,2,17,8,0.2,0.7,0.1,8,18,4.72,4.65,0.0,5.88,0.027,50.36,57.04,63.3,52.62,1.005,0.55,1.003,0.97,1.032,Favorable,1.108,1.12,0.986,1.0,1.108,1.12,1.12,1.108,12.0,-1.4,0.0,10.8,12.0,12.0,10.8,0.0036631121642969,8.886255924170617e-05,0.0,2.4528344750222373,1.5675542966001568,22.91103596651931,25.363870441541547,2.456497587186534,4.762437461003359,,,,,2.4,1.6,23.7,,4.8,,,,,2.7,1.8,26.5,,5.3,38.0,0.85,0.65,42.0,18.0,1.8,18.0,22.0,6.0,63.3,,,,,,,,,,,,,,,,,,,,,,NO ODDS,,,,,,,,,15.8,,EARLY MODERATE,No OVER/UNDER recommendation.
2026,3,,2026-09-27,13:00,00-0031236,Brandin Cooks,brandin cooks,BUF,LAC,WR,LOW TARGET,True,,,4.5,49.5,22.5,,,0,23,8,0.2,0.7,0.1,8,18,4.11,4.94,0.98,4.0,0.27,45.41,56.13,63.3,63.12,1.023,0.55,1.03,0.946,1.064,Neutral,0.936,0.928,0.88,1.0,0.936,0.982,0.951,0.936,-7.2,-12.0,0.0,-6.4,-1.8,-4.9,-6.4,0.0045788902053712,0.0001110781990521,0.0,-0.0121535257791182,2.1378362883939337,24.61145133789472,24.599297812115594,-0.0075746355737469,5.224950681669884,,,,,-0.0,2.3,27.0,,5.5,,,,,-0.0,2.3,25.7,,5.1,38.0,0.85,0.65,42.0,18.0,1.8,18.0,22.0,6.0,63.3,,,,,,,,,,,,,,,,,,,,,,NO ODDS,,,,,,,,,15.8,,EARLY MODERATE,No OVER/UNDER recommendation.
2026,3,,2026-09-27,13:00,00-0033854,Dare Ogunbowale,dare ogunbowale,HOU,IND,RB,DEPTH RB,False,,,2.5,45.5,21.5,,,0,30,8,0.2,0.7,0.1,8,18,2.55,2.53,0.68,3.02,0.415,50.21,56.9,63.2,52.62,1.005,0.6,1.03,0.97,1.032,Favorable,1.108,1.12,0.986,1.0,1.071,0.958,1.032,1.062,12.0,-1.4,0.0,7.1,-4.2,3.2,6.2,0.0024586939417781,0.0001966955153422,0.0,7.616934353436974,0.9629902692241606,8.412119608960271,16.029053962397246,7.61939304737875,3.0688038199625605,,,,,7.6,1.0,8.9,16.5,3.2,,,,,8.1,1.0,9.2,17.5,3.5,38.0,0.85,0.65,42.0,18.0,1.8,18.0,22.0,6.0,63.2,,,,,,,,,,,,,,,,,,,,,,NO ODDS,,,,,,,,,15.8,,EARLY MODERATE,No OVER/UNDER recommendation.
2026,3,,2026-09-27,16:25,00-0037291,Jalen Nailor,jalen nailor,LV,NO,WR,LOW TARGET,False,,,-3.0,45.5,24.25,,,2,32,8,0.2,0.7,0.1,8,18,4.95,5.71,0.0,6.47,-0.205,46.43,57.04,63.2,58.25,1.032,0.55,0.975,1.036,0.977,Neutral,0.981,0.895,0.948,1.0,0.981,0.929,0.88,0.981,-10.5,-5.2,0.0,-1.9,-7.1,-12.0,-1.9,0.0036631121642969,8.886255924170617e-05,0.0,0.3243680884676146,1.7993650854318186,24.63820457589855,24.96257266436616,0.3280312006319116,5.681585265286363,,,,,0.3,1.7,23.5,,5.7,,,,,0.3,1.6,20.7,,5.6,38.0,0.85,0.65,42.0,18.0,1.8,18.0,22.0,6.0,63.2,,,,,,,,,,,,,,,,,,,,,,NO ODDS,,,,,,,,,15.8,,EARLY MODERATE,No OVER/UNDER recommendation.
2026,3,,2026-09-27,13:00,00-0035500,Greg Dortch,greg dortch,BUF,LAC,WR,LOW TARGET,True,,,4.5,49.5,22.5,,,2,29,8,0.2,0.7,0.1,8,18,5.8,7.11,0.68,8.85,-0.918,44.95,56.3,63.2,63.12,1.023,0.55,0.97,0.946,1.064,Neutral,0.936,0.928,0.88,1.0,0.936,0.982,0.951,0.936,-7.2,-12.0,0.0,-6.4,-1.8,-4.9,-6.4,0.0036631121642969,8.886255924170617e-05,0.0,1.231880403738551,1.870513583763298,16.522760828878045,17.7546412326166,1.2355435159028478,4.926807933330222,,,,,1.1,1.9,17.1,,4.9,,,,,1.0,1.9,16.3,,4.6,38.0,0.85,0.65,42.0,18.0,1.8,18.0,22.0,6.0,63.2,,,,,,,,,,,,,,,,,,,,,,NO ODDS,,,,,,,,,15.8,,EARLY MODERATE,No OVER/UNDER recommendation.
2026,3,,2026-09-27,13:00,00-0037012,Trey Lance,trey lance,LAC,BUF,QB,QB,False,,,-4.5,49.5,27.0,,,0,8,8,0.2,0.7,0.1,8,18,3.7,4.27,0.44,4.23,-0.305,46.47,76.56,63.1,72.12,1.068,0.7,0.97,1.054,0.974,Neutral,0.94,0.885,0.982,1.0,0.94,1.0,1.0,0.94,-11.5,-1.8,0.0,-6.0,0.0,0.0,-6.0,82.89732142857144,0.1482698001480385,0.0,18.27579108068097,0.0012490747594374,0.002220577350111,18.278011658031087,101.1731125092524,4.930657383419689,85.9,0.15,0.0,104.8,,,,,5.1,76.0,0.15,0.0,92.7,,,,,4.8,38.0,0.85,0.65,42.0,18.0,1.8,18.0,22.0,6.0,63.1,,,,,,,,,,,,,,,,,,,,,,NO ODDS,,,,,,,,,15.8,,EARLY MODERATE,No OVER/UNDER recommendation.
2026,3,,2026-09-27,20:20,00-0037539,Lucas Krull,lucas krull,DEN,LAR,TE,LOW TARGET,True,,,-2.5,46.5,24.5,,,0,12,8,0.2,0.7,0.1,8,18,2.7,1.67,1.53,4.35,-0.639,61.77,58.97,63.1,60.62,1.037,0.55,0.97,1.03,0.985,Neutral,1.0,1.0,1.0,1.0,1.0,1.0,1.0,1.0,0.0,0.0,0.0,0.0,0.0,0.0,0.0,0.0099002567647639,9.8755678451511e-05,0.0,0.0420205411811179,1.774812364210942,14.344416413792278,14.386436954973394,0.0519207979458819,3.3376423129178416,,,,,0.0,1.7,13.7,,3.4,,,,,0.0,1.7,13.7,,3.4,38.0,0.85,0.65,42.0,18.0,1.8,18.0,22.0,6.0,63.1,,,,,,,,,,,,,,,,,,,,,,NO ODDS,,,,,,,,,15.8,,EARLY MODERATE,No OVER/UNDER recommendation.
2026,3,,2026-09-27,13:00,00-0039355,Luke McCaffrey,luke mccaffrey,WAS,SEA,WR,LOW TARGET,True,,,-2.5,41.5,22.0,,,0,22,8,0.2,0.7,0.1,8,17,5.6,4.72,3.68,10.15,-0.795,54.23,56.69,63.1,45.62,1.002,0.55,0.97,1.03,0.97,Neutral,0.94,0.88,0.88,1.0,0.94,0.88,0.88,0.94,-12.0,-12.0,0.0,-6.0,-12.0,-12.0,-6.0,0.0045788902053712,0.0001110781990521,0.0,0.1242101105845181,1.40901076609015,19.05484490085349,19.17905501143801,0.1287890007898894,4.4600297330532825,,,,,0.1,1.3,17.9,,4.3,,,,,0.1,1.1,15.8,,4.0,38.0,0.85,0.65,42.0,18.0,1.8,18.0,22.0,6.0,63.1,,,,,,,,,,,,,,,,,,,,,,NO ODDS,,,,,,,,,15.8,,EARLY MODERATE,No OVER/UNDER recommendation.
2026,3,,2026-09-27,13:00,00-0039379,Jamari Thrash,jamari thrash,CLE,CAR,WR,LOW TARGET,True,,,-2.5,40.5,21.5,,,0,14,8,0.2,0.7,0.1,8,18,2.65,1.61,1.58,3.3,-0.087,62.29,58.97,63.1,42.62,0.995,0.55,0.99,1.03,0.968,Neutral,1.007,0.941,0.88,1.0,1.007,0.954,0.881,1.007,-5.9,-12.0,0.0,0.7,-4.6,-11.9,0.7,0.0045788902053712,0.0001110781990521,0.0,0.1242101105845181,1.1803644124437966,13.19520454121313,13.319414651797649,0.1287890007898894,2.668146616170165,,,,,0.1,1.1,12.6,,2.6,,,,,0.1,1.0,11.1,,2.6,38.0,0.85,0.65,42.0,18.0,1.8,18.0,22.0,6.0,63.1,,,,,,,,,,,,,,,,,,,,,,NO ODDS,,,,,,,,,15.8,,EARLY MODERATE,No OVER/UNDER recommendation.
2026,3,,2026-09-27,16:25,00-0036032,Sean McKeon,sean mckeon,DAL,BAL,TE,LOW TARGET,True,,,-3.0,52.5,27.75,,,0,0,8,0.2,0.7,0.1,8,13,0.0,0.0,0.0,0.0,0.0,100.0,65.38,63.0,79.25,1.082,0.55,1.0,1.036,0.998,Neutral,0.998,1.077,0.88,1.0,0.998,0.941,0.933,0.998,7.7,-12.0,0.0,-0.2,-5.9,-6.7,-0.2,0.0792020541181117,0.000790045427612,0.0,0.3361643294489433,2.198498913687537,22.45230100730792,22.788465336756865,0.4153663835670551,5.4708354730397,,,,,0.3,2.2,22.4,,5.9,,,,,0.3,2.1,20.9,,5.9,38.0,0.85,0.65,42.0,18.0,1.8,18.0,22.0,6.0,63.0,,,,,,,,,,,,,,,,,,,,,,NO ODDS,,,,,,,,,15.8,,EARLY MODERATE,No OVER/UNDER recommendation.
2026,3,,2026-09-27,16:05,00-0033891,Zay Jones,zay jones,ARI,SF,WR,LOW TARGET,False,,,-8.5,47.5,28.0,,,0,12,8,0.2,0.7,0.1,8,18,5.32,4.39,2.45,8.62,1.0,54.82,59.03,63.0,71.12,1.074,0.55,1.03,1.102,0.928,Neutral,0.998,1.001,0.926,1.0,0.998,0.987,0.959,0.998,0.1,-7.4,0.0,-0.2,-1.3,-4.1,-0.2,0.0045788902053712,0.0001110781990521,0.0,0.1242101105845181,1.9022466968260805,26.512637108645706,26.63684721923022,0.1287890007898894,4.721772157295705,,,,,0.1,1.8,25.4,,5.2,,,,,0.1,1.8,24.4,,5.2,38.0,0.85,0.65,42.0,18.0,1.8,18.0,22.0,6.0,63.0,,,,,,,,,,,,,,,,,,,,,,NO ODDS,,,,,,,,,15.8,,EARLY MODERATE,No OVER/UNDER recommendation.
2026,3,,2026-09-27,16:25,00-0033357,Taysom Hill,taysom hill,NO,LV,TE,LOW TARGET,True,,,3.0,45.5,21.25,,,0,21,8,0.2,0.7,0.1,8,18,3.85,5.25,0.15,3.05,1.0,42.31,61.19,62.9,52.25,1.002,0.55,1.03,0.964,1.038,Neutral,0.951,0.937,0.88,1.0,0.951,0.88,0.88,0.951,-6.3,-12.0,0.0,-4.9,-12.0,-12.0,-4.9,3.568828828193335,0.0560511366308324,0.0,14.480711017371595,1.609336173734752,13.918442387818256,28.399153405189853,18.04953984556493,6.064604434129964,,,,,14.4,1.7,14.9,29.3,6.3,,,,,13.7,1.5,13.1,27.9,6.0,38.0,0.85,0.65,42.0,18.0,1.8,18.0,22.0,6.0,62.9,,,,,,,,,,,,,,,,,,,,,,NO ODDS,,,,,,,,,15.7,,EARLY MODERATE,No OVER/UNDER recommendation.
2026,3,,2026-09-27,13:00,00-0039356,Ja'Tavion Sanders,jatavion sanders,CAR,CLE,TE,LOW TARGET,False,,,2.5,40.5,19.0,,,0,27,8,0.2,0.7,0.1,8,18,4.25,3.27,1.58,6.7,-0.287,56.54,57.81,62.9,37.62,0.97,0.55,0.97,0.97,1.017,Neutral,0.948,0.88,1.049,1.0,0.948,0.966,0.968,0.948,-12.0,4.9,0.0,-5.2,-3.4,-3.2,-5.2,0.0099002567647639,9.8755678451511e-05,0.0,0.0420205411811179,2.271251110649689,19.22997067434654,19.27199121552766,0.0519207979458819,4.769217681993211,,,,,0.0,2.2,19.0,,4.5,,,,,0.0,2.1,18.4,,4.3,38.0,0.85,0.65,42.0,18.0,1.8,18.0,22.0,6.0,62.9,,,,,,,,,,,,,,,,,,,,,,NO ODDS,,,,,,,,,15.7,,EARLY MODERATE,No OVER/UNDER recommendation.
2026,3,,2026-09-27,13:00,00-0040187,Mitchell Evans,mitchell evans,CAR,CLE,TE,LOW TARGET,False,,,2.5,40.5,19.0,,,2,14,8,0.2,0.7,0.1,8,18,2.21,1.67,1.12,2.97,-0.174,56.99,57.54,62.9,37.62,0.97,0.55,0.979,0.97,1.017,Neutral,0.948,0.88,1.049,1.0,0.948,0.966,0.968,0.948,-12.0,4.9,0.0,-5.2,-3.4,-3.2,-5.2,0.0079202054118111,7.90045427612088e-05,0.0,0.1017483010767624,1.368201539720402,12.88149383699453,12.983242138071294,0.1096685064885736,3.207632997853421,,,,,0.1,1.4,12.8,,3.0,,,,,0.1,1.4,12.4,,2.8,38.0,0.85,0.65,42.0,18.0,1.8,18.0,22.0,6.0,62.9,,,,,,,,,,,,,,,,,,,,,,NO ODDS,,,,,,,,,15.7,,EARLY MODERATE,No OVER/UNDER recommendation.
2026,3,,2026-09-27,13:00,00-0039875,Ray Davis,ray davis,BUF,LAC,RB,DEPTH RB,True,,,4.5,49.5,22.5,,,2,34,8,0.2,0.7,0.1,8,18,5.46,8.56,0.22,5.6,1.0,38.97,58.78,62.7,63.12,1.023,0.6,1.03,0.946,1.064,Neutral,0.936,0.928,0.88,1.0,0.909,0.88,0.88,0.88,-7.2,-12.0,0.0,-9.1,-12.0,-12.0,-12.0,0.0019669551534225,0.0001573564122738,0.0,18.176760429370237,0.6959365020595178,6.500378581015413,24.67713901038565,18.17872738452365,4.412787425191092,,,,,17.7,0.8,7.1,25.6,4.6,,,,,16.1,0.7,6.2,22.5,4.3,38.0,0.85,0.65,42.0,18.0,1.8,18.0,22.0,6.0,62.7,,,,,,,,,,,,,,,,,,,,,,NO ODDS,,,,,,,,,15.7,,EARLY MODERATE,No OVER/UNDER recommendation.
2026,3,,2026-09-27,16:05,00-0033439,Pharaoh Brown,pharaoh brown,ARI,SF,TE,LOW TARGET,False,,,-8.5,47.5,28.0,,,0,15,8,0.2,0.7,0.1,8,18,0.63,1.08,0.0,1.73,0.9,47.99,53.15,62.7,71.12,1.074,0.55,1.03,1.102,0.928,Neutral,0.998,1.001,0.926,1.0,0.998,1.062,1.009,0.998,0.1,-7.4,0.0,-0.2,6.2,0.9,-0.2,0.0099002567647639,9.8755678451511e-05,0.0,0.0420205411811179,0.8331456975442756,6.217251911627776,6.259272452808895,0.0519207979458819,1.452306815082344,,,,,0.0,0.8,5.9,,1.6,,,,,0.0,0.8,6.0,,1.6,38.0,0.85,0.65,42.0,18.0,1.8,18.0,22.0,6.0,62.7,,,,,,,,,,,,,,,,,,,,,,NO ODDS,,,,,,,,,15.7,,EARLY MODERATE,No OVER/UNDER recommendation.
2026,3,,2026-09-27,16:25,00-0039623,Mason Tipton,mason tipton,NO,LV,WR,LOW TARGET,True,,,3.0,45.5,21.25,,,0,17,8,0.2,0.7,0.1,8,16,3.02,3.27,0.0,5.25,-0.179,48.01,57.25,62.7,52.25,1.002,0.55,0.979,0.964,1.038,Neutral,0.951,0.937,0.88,1.0,0.951,1.011,0.985,0.951,-6.3,-12.0,0.0,-4.9,1.1,-1.5,-4.9,0.0045788902053712,0.0001110781990521,0.0,1.3457174635256943,1.630661358145154,13.267734033779387,14.613451497305087,1.350296353731066,3.247847246422266,,,,,1.3,1.7,13.5,,3.2,,,,,1.2,1.7,13.3,,3.0,38.0,0.85,0.65,42.0,18.0,1.8,18.0,22.0,6.0,62.7,,,,,,,,,,,,,,,,,,,,,,NO ODDS,,,,,,,,,15.7,,EARLY MODERATE,No OVER/UNDER recommendation.
2026,3,,2026-09-27,13:00,00-0035726,Jakob Johnson,jakob johnson,HOU,IND,RB,DEPTH RB,False,,,2.5,45.5,21.5,,,0,3,8,0.2,0.7,0.1,8,18,0.0,0.0,0.0,0.0,0.0,100.0,65.0,62.6,52.62,1.005,0.6,1.0,0.97,1.032,Favorable,1.108,1.12,0.986,1.0,1.071,0.958,1.032,1.062,12.0,-1.4,0.0,7.1,-4.2,3.2,6.2,0.0024586939417781,0.0001966955153422,0.0,4.124980330448467,0.1934500393391031,1.4195908733280884,5.544571203776555,4.127439024390244,0.9617348544453188,,,,,4.0,0.2,1.5,5.6,1.0,,,,,4.3,0.2,1.5,5.9,1.1,38.0,0.85,0.65,42.0,18.0,1.8,18.0,22.0,6.0,62.6,,,,,,,,,,,,,,,,,,,,,,NO ODDS,,,,,,,,,15.6,,EARLY MODERATE,No OVER/UNDER recommendation.
2026,3,,2026-09-27,13:00,00-0033536,Mike Williams,mike williams,PIT,CIN,WR,LOW TARGET,True,,,-2.5,45.5,24.0,,,0,14,8,0.2,0.7,0.1,8,18,3.71,3.09,1.2,5.7,-0.539,54.59,57.08,62.6,57.62,1.03,0.55,0.97,1.03,0.982,Neutral,1.046,1.1,0.888,1.0,1.046,0.88,0.88,1.046,10.0,-11.2,0.0,4.6,-12.0,-12.0,4.6,0.0045788902053712,0.0001110781990521,0.0,0.1242101105845181,1.56910067618006,21.65399575000434,21.77820586058886,0.1287890007898894,4.314849912873461,,,,,0.1,1.5,20.6,,4.3,,,,,0.1,1.3,18.1,,4.5,38.0,0.85,0.65,42.0,18.0,1.8,18.0,22.0,6.0,62.6,,,,,,,,,,,,,,,,,,,,,,NO ODDS,,,,,,,,,15.6,,EARLY MODERATE,No OVER/UNDER recommendation.
2026,3,,2026-09-27,16:05,00-0038951,Sean Tucker,sean tucker,TB,MIN,RB,DEPTH RB,True,,,1.5,45.5,22.0,,,0,34,8,0.2,0.7,0.1,8,18,5.84,8.51,0.6,7.25,-0.571,40.69,60.79,62.5,53.38,1.01,0.6,0.97,0.982,1.022,Neutral,0.956,0.898,0.88,1.0,1.063,0.88,0.88,0.991,-10.2,-12.0,0.0,6.3,-12.0,-12.0,-0.9,0.0024586939417781,0.0001966955153422,0.0,20.623643432052752,0.6132361355957876,4.563307450868195,25.18695088292094,20.626102125994528,5.25484982770735,,,,,19.6,0.6,4.5,24.5,5.1,,,,,20.8,0.5,4.0,24.3,4.9,38.0,0.85,0.65,42.0,18.0,1.8,18.0,22.0,6.0,62.5,,,,,,,,,,,,,,,,,,,,,,NO ODDS,,,,,,,,,15.6,,EARLY MODERATE,No OVER/UNDER recommendation.
2026,3,,2026-09-27,20:20,00-0040737,Terrance Ferguson,terrance ferguson,LAR,DEN,TE,LOW TARGET,False,,,2.5,46.5,22.0,,,2,11,8,0.2,0.7,0.1,8,17,6.91,7.3,0.0,12.58,1.0,48.63,58.24,62.5,55.62,1.012,0.55,1.03,0.97,1.035,Neutral,0.966,0.913,0.88,1.0,0.966,1.049,1.12,0.966,-8.7,-12.0,0.0,-3.4,4.9,12.0,-3.4,0.0079202054118111,7.90045427612088e-05,0.0,0.0336164329448943,1.8424472939661565,25.106788542289237,25.140404975234127,0.0415366383567055,6.654797833018256,,,,,0.0,2.0,26.8,,6.9,,,,,0.0,2.1,30.0,,6.7,38.0,0.85,0.65,42.0,18.0,1.8,18.0,22.0,6.0,62.5,,,,,,,,,,,,,,,,,,,,,,NO ODDS,,,,,,,,,15.6,,EARLY MODERATE,No OVER/UNDER recommendation.
2026,3,,2026-09-27,16:05,00-0039041,Elijah Higgins,elijah higgins,ARI,SF,TE,LOW TARGET,False,,,-8.5,47.5,28.0,,,1,32,8,0.2,0.7,0.1,8,18,3.66,5.29,0.0,4.22,-0.685,40.88,54.09,62.5,71.12,1.074,0.55,0.97,1.102,0.928,Neutral,0.998,1.001,0.926,1.0,0.998,1.062,1.009,0.998,0.1,-7.4,0.0,-0.2,6.2,0.9,-0.2,0.0079202054118111,7.90045427612088e-05,0.0,0.0336164329448943,1.3680353752397216,13.278294616859824,13.31191104980472,0.0415366383567055,2.9126883860136474,,,,,0.0,1.2,12.0,,3.0,,,,,0.0,1.3,12.1,,3.0,38.0,0.85,0.65,42.0,18.0,1.8,18.0,22.0,6.0,62.5,,,,,,,,,,,,,,,,,,,,,,NO ODDS,,,,,,,,,15.6,,EARLY MODERATE,No OVER/UNDER recommendation.
2026,3,,2026-09-27,16:05,00-0040237,Tez Johnson,tez johnson,TB,MIN,WR,LOW TARGET,True,,,1.5,45.5,22.0,,,2,15,8,0.2,0.7,0.1,8,18,3.09,3.36,0.68,4.4,0.813,47.92,56.22,62.5,53.38,1.01,0.55,1.03,0.982,1.022,Neutral,0.956,0.898,0.88,1.0,0.956,0.893,0.909,0.956,-10.2,-12.0,0.0,-4.4,-10.7,-9.1,-4.4,0.0036631121642969,8.886255924170617e-05,0.0,0.99460618370571,1.7006285262920338,24.50326986007674,25.497876043782448,0.9982692958700068,5.723660150078992,,,,,1.0,1.8,25.8,,6.0,,,,,1.0,1.6,23.5,,5.7,38.0,0.85,0.65,42.0,18.0,1.8,18.0,22.0,6.0,62.5,,,,,,,,,,,,,,,,,,,,,,NO ODDS,,,,,,,,,15.6,,EARLY MODERATE,No OVER/UNDER recommendation.
2026,3,,2026-09-27,13:00,00-0040782,Isaiah Bond,isaiah bond,CLE,CAR,WR,LOW TARGET,True,,,-2.5,40.5,21.5,,,1,15,8,0.2,0.7,0.1,8,18,3.61,3.15,2.0,4.72,-0.434,53.38,56.89,62.5,42.62,0.995,0.55,0.97,1.03,0.968,Neutral,1.007,0.941,0.88,1.0,1.007,0.954,0.881,1.007,-5.9,-12.0,0.0,0.7,-4.6,-11.9,0.7,0.0036631121642969,8.886255924170617e-05,0.0,1.4155585646580908,1.2425332881967956,21.77279366960055,23.18835223425864,1.419221676822388,3.6860411024599418,,,,,1.4,1.2,20.4,,3.6,,,,,1.4,1.1,18.0,,3.6,38.0,0.85,0.65,42.0,18.0,1.8,18.0,22.0,6.0,62.5,,,,,,,,,,,,,,,,,,,,,,NO ODDS,,,,,,,,,15.6,,EARLY MODERATE,No OVER/UNDER recommendation.
2026,3,,2026-09-27,16:05,00-0036425,DeeJay Dallas,deejay dallas,MIN,TB,RB,DEPTH RB,False,,,-1.5,45.5,23.5,,,2,21,8,0.2,0.7,0.1,8,18,1.26,1.34,0.0,2.33,0.667,48.5,54.47,62.4,56.38,1.025,0.6,1.03,1.018,0.992,Neutral,1.013,1.096,1.079,1.0,0.88,1.12,1.12,0.989,9.6,7.9,0.0,-12.0,12.0,12.0,-1.1,0.0019669551534225,0.0001573564122738,0.0,7.22617474054925,0.4719028886141397,3.342339365329138,10.568514105878393,7.228141695702672,2.0398164549848268,,,,,7.6,0.5,3.4,10.9,2.2,,,,,6.7,0.6,3.8,10.8,2.2,38.0,0.85,0.65,42.0,18.0,1.8,18.0,22.0,6.0,62.4,,,,,,,,,,,,,,,,,,,,,,NO ODDS,,,,,,,,,15.6,,EARLY MODERATE,No OVER/UNDER recommendation.
2026,3,,2026-09-27,16:25,00-0031549,Nelson Agholor,nelson agholor,BAL,DAL,WR,LOW TARGET,False,,,3.0,52.5,24.75,,,0,13,8,0.2,0.7,0.1,8,18,3.9,3.79,2.25,4.83,-0.851,50.74,56.07,62.4,73.25,1.052,0.55,0.97,0.964,1.058,Favorable,1.074,1.106,1.12,1.0,1.074,1.077,1.086,1.074,10.6,12.0,0.0,7.4,7.7,8.6,7.4,0.0045788902053712,0.0001110781990521,0.0,0.1242101105845181,1.218825950905335,19.063336409345,19.18754651992952,0.1287890007898894,4.216498264521813,,,,,0.1,1.3,19.6,,4.3,,,,,0.1,1.4,21.3,,4.6,38.0,0.85,0.65,42.0,18.0,1.8,18.0,22.0,6.0,62.4,,,,,,,,,,,,,,,,,,,,,,NO ODDS,,,,,,,,,15.6,,EARLY MODERATE,No OVER/UNDER recommendation.
2026,3,,2026-09-27,16:25,00-0038622,Deuce Vaughn,deuce vaughn,DAL,BAL,RB,DEPTH RB,True,,,-3.0,52.5,27.75,,,0,5,8,0.2,0.7,0.1,8,18,2.36,0.92,1.88,2.7,0.642,71.95,65.32,62.3,79.25,1.082,0.6,1.03,1.036,0.998,Neutral,0.998,1.077,0.88,1.0,0.88,1.12,1.12,0.954,7.7,-12.0,0.0,-12.0,12.0,12.0,-4.6,0.0024586939417781,0.0001966955153422,0.0,18.924980330448467,0.7184500393391031,4.494590873328089,23.41957120377656,18.92743902439024,3.2742348544453184,,,,,20.2,0.7,4.6,24.5,3.6,,,,,17.8,0.8,5.2,23.4,3.6,38.0,0.85,0.65,42.0,18.0,1.8,18.0,22.0,6.0,62.3,,,,,,,,,,,,,,,,,,,,,,NO ODDS,,,,,,,,,15.6,,EARLY MODERATE,No OVER/UNDER recommendation.
2026,3,,2026-09-27,16:05,00-0037276,Ty Chandler,ty chandler,MIN,TB,RB,DEPTH RB,False,,,-1.5,45.5,23.5,,,0,17,8,0.2,0.7,0.1,8,18,1.68,2.35,0.0,1.12,1.0,41.76,58.4,62.3,56.38,1.025,0.6,1.03,1.018,0.992,Neutral,1.013,1.096,1.079,1.0,0.88,1.12,1.12,0.989,9.6,7.9,0.0,-12.0,12.0,12.0,-1.1,0.0024586939417781,0.0001966955153422,0.0,14.312480330448466,0.620839745221456,3.6291496968575,17.941630027305965,14.314939024390242,2.6288304426806133,,,,,15.0,0.6,3.7,18.6,2.8,,,,,13.2,0.7,4.1,18.4,2.8,38.0,0.85,0.65,42.0,18.0,1.8,18.0,22.0,6.0,62.3,,,,,,,,,,,,,,,,,,,,,,NO ODDS,,,,,,,,,15.6,,EARLY MODERATE,No OVER/UNDER recommendation.
2026,3,,2026-09-27,13:00,00-0040238,LeQuint Allen Jr.,lequint allen jr,JAC,NE,RB,DEPTH RB,True,,,2.5,45.5,21.5,,,1,16,8,0.2,0.7,0.1,8,17,1.14,1.26,0.15,2.65,-0.759,47.53,56.24,62.3,52.62,1.005,0.6,0.97,0.97,1.032,Tough,0.919,0.902,0.88,1.0,0.88,1.054,1.068,0.911,-9.8,-12.0,0.0,-12.0,5.4,6.8,-8.9,0.0019669551534225,0.0001573564122738,0.0,7.562484264358773,0.5747600314712825,3.308172698662471,10.870656963021244,7.564451219512196,1.832887883556255,,,,,7.1,0.6,3.3,10.6,1.8,,,,,6.2,0.6,3.5,9.7,1.7,38.0,0.85,0.65,42.0,18.0,1.8,18.0,22.0,6.0,62.3,,,,,,,,,,,,,,,,,,,,,,NO ODDS,,,,,,,,,15.6,,EARLY MODERATE,No OVER/UNDER recommendation.
2026,3,,2026-09-27,13:00,00-0037654,Tucker Fisk,tucker fisk,LAC,BUF,TE,LOW TARGET,False,,,-4.5,49.5,27.0,,,0,11,8,0.2,0.7,0.1,8,17,1.3,0.86,0.75,1.85,0.026,60.21,56.8,62.3,72.12,1.068,0.55,1.003,1.054,0.974,Neutral,0.94,0.885,0.982,1.0,0.94,0.88,0.88,0.94,-11.5,-1.8,0.0,-6.0,-12.0,-12.0,-6.0,0.0099002567647639,9.8755678451511e-05,0.0,0.0420205411811179,0.956630546029124,7.576992171368036,7.619012712549154,0.0519207979458819,1.8427180704935988,,,,,0.0,0.9,7.4,,2.0,,,,,0.0,0.8,6.5,,1.9,38.0,0.85,0.65,42.0,18.0,1.8,18.0,22.0,6.0,62.3,,,,,,,,,,,,,,,,,,,,,,NO ODDS,,,,,,,,,15.6,,EARLY MODERATE,No OVER/UNDER recommendation.
2026,3,,2026-09-27,13:00,00-0027973,Andy Dalton,andy dalton,CAR,CLE,QB,QB,False,,,2.5,40.5,19.0,,,0,10,8,0.2,0.7,0.1,8,18,4.45,5.36,0.83,8.47,-0.353,45.37,81.72,62.2,37.62,0.97,0.7,0.97,0.97,1.017,Neutral,0.948,0.88,1.049,1.0,0.948,1.0,1.0,0.948,-12.0,4.9,0.0,-5.2,0.0,0.0,-5.2,129.58392857142857,0.7316031334813718,0.0,4.448112509252407,0.0012490747594374,0.002220577350111,4.450333086602518,134.03204108068098,6.765353811991118,121.9,0.69,0.0,126.1,,,,,6.4,107.3,0.72,0.0,111.0,,,,,6.1,38.0,0.85,0.65,42.0,18.0,1.8,18.0,22.0,6.0,62.2,,,,,,,,,,,,,,,,,,,,,,NO ODDS,,,,,,,,,15.6,,EARLY MODERATE,No OVER/UNDER recommendation.
2026,3,,2026-09-27,16:05,00-0037112,Jake Tonges,jake tonges,SF,ARI,TE,LOW TARGET,True,,,8.5,47.5,19.5,,,0,12,8,0.2,0.7,0.1,8,18,9.33,7.15,3.5,15.38,-0.427,56.62,62.31,62.2,54.12,0.989,0.572,0.97,0.898,1.098,Neutral,1.062,1.039,1.12,1.0,1.062,1.12,1.12,1.062,3.9,12.0,0.0,6.2,12.0,12.0,6.2,0.0099002567647639,9.8755678451511e-05,0.0,0.0420205411811179,2.9414790308776086,25.78191641379228,25.8239369549734,0.0519207979458819,7.988968070493599,,,,,0.0,3.1,27.5,,7.7,,,,,0.0,3.5,30.8,,8.2,38.0,0.85,0.65,42.0,18.0,1.8,18.0,22.0,6.0,62.2,,,,,,,,,,,,,,,,,,,,,,NO ODDS,,,,,,,,,15.6,,EARLY MODERATE,No OVER/UNDER recommendation.
2026,3,,2026-09-27,13:00,00-0036628,John Bates,john bates,WAS,SEA,TE,LOW TARGET,True,,,-2.5,41.5,22.0,,,1,23,8,0.2,0.7,0.1,8,18,3.21,3.01,1.2,3.47,1.0,51.6,56.06,62.2,45.62,1.002,0.55,1.03,1.03,0.97,Neutral,0.94,0.88,0.88,1.0,0.94,1.12,1.12,0.94,-12.0,-12.0,0.0,-6.0,12.0,12.0,-6.0,0.0079202054118111,7.90045427612088e-05,0.0,0.0336164329448943,1.236055424965592,10.849577926817751,10.883194359762646,0.0415366383567055,2.6308384880154327,,,,,0.0,1.2,10.8,,2.7,,,,,0.0,1.3,12.1,,2.5,38.0,0.85,0.65,42.0,18.0,1.8,18.0,22.0,6.0,62.2,,,,,,,,,,,,,,,,,,,,,,NO ODDS,,,,,,,,,15.6,,EARLY MODERATE,No OVER/UNDER recommendation.
2026,3,,2026-09-27,16:05,00-0034646,Brandon Powell,brandon powell,MIN,TB,WR,LOW TARGET,False,,,-1.5,45.5,23.5,,,0,16,8,0.2,0.7,0.1,8,18,0.7,0.99,0.0,1.9,-1.0,50.16,53.13,62.2,56.38,1.025,0.55,0.97,1.018,0.992,Neutral,1.013,1.096,1.079,1.0,1.013,1.015,0.955,1.013,9.6,7.9,0.0,1.3,1.5,-4.5,1.3,0.0045788902053712,0.0001110781990521,0.0,0.1242101105845181,0.6777201816745657,7.729682563191153,7.853892673775672,0.1287890007898894,1.6189501875987362,,,,,0.1,0.7,7.4,,1.6,,,,,0.1,0.7,7.1,,1.6,38.0,0.85,0.65,42.0,18.0,1.8,18.0,22.0,6.0,62.2,,,,,,,,,,,,,,,,,,,,,,NO ODDS,,,,,,,,,15.6,,EARLY MODERATE,No OVER/UNDER recommendation.
2026,3,,2026-09-27,16:25,00-0039796,Rasheen Ali,rasheen ali,BAL,DAL,RB,DEPTH RB,False,,,3.0,52.5,24.75,,,2,20,8,0.2,0.7,0.1,8,18,2.18,3.29,0.0,2.92,-1.0,39.87,52.8,62.1,73.25,1.052,0.6,0.97,0.964,1.058,Favorable,1.074,1.106,1.12,1.0,1.056,1.12,1.12,1.12,10.6,12.0,0.0,5.6,12.0,12.0,12.0,0.0019669551534225,0.0001573564122738,0.0,4.905247422253511,0.5637073998923351,4.153567435504576,9.058814857758088,4.907214377406933,1.9122299888194128,,,,,4.6,0.6,4.3,8.9,2.0,,,,,4.9,0.7,4.8,10.0,2.1,38.0,0.85,0.65,42.0,18.0,1.8,18.0,22.0,6.0,62.1,,,,,,,,,,,,,,,,,,,,,,NO ODDS,,,,,,,,,15.5,,EARLY MODERATE,No OVER/UNDER recommendation.
2026,3,,2026-09-27,13:00,00-0037348,Tanner Conner,tanner conner,MIA,KC,TE,LOW TARGET,True,,,-8.5,44.5,26.5,,,0,12,8,0.2,0.7,0.1,8,9,2.13,1.5,1.35,3.65,0.185,58.76,57.8,62.1,62.12,1.053,0.55,1.022,1.102,0.92,Tough,0.891,0.88,0.88,1.0,0.891,1.022,0.922,0.891,-12.0,-12.0,0.0,-10.9,2.2,-7.8,-10.9,0.0099002567647639,9.8755678451511e-05,0.0,0.0420205411811179,1.1668578187563967,11.037598231974096,11.079618773155214,0.0519207979458819,2.3990059492814777,,,,,0.0,1.1,10.4,,2.6,,,,,0.0,1.1,9.6,,2.3,38.0,0.85,0.65,42.0,18.0,1.8,18.0,22.0,6.0,62.1,,,,,,,,,,,,,,,,,,,,,,NO ODDS,,,,,,,,,15.5,,EARLY MODERATE,No OVER/UNDER recommendation.
2026,3,,2026-09-27,13:00,00-0026143,Matt Ryan,matt ryan,IND,HOU,QB,STARTING QB,True,,,-2.5,45.5,24.0,,,0,0,8,0.2,0.7,0.1,8,15,12.62,6.27,8.99,14.13,-0.259,66.81,91.7,62.0,57.62,1.03,0.851,0.97,1.03,0.982,Neutral,0.956,0.963,0.88,1.0,0.956,1.0,1.0,0.956,-3.7,-12.0,0.0,-4.4,0.0,0.0,-4.4,192.07142857142856,1.1861584011843078,0.0,15.384900074019248,0.0099925980754996,0.0177646188008882,15.402664692820132,207.45632864544783,13.518830495928944,191.9,1.19,0.0,207.3,,,,,13.5,184.8,1.05,0.0,199.6,,,,,12.9,40.66,0.85,0.65,43.91,18.0,1.8,18.0,22.0,6.0,62.0,,,,,,,,,,,,,,,,,,,,,,NO ODDS,,,,,,,,,15.5,,EARLY MODERATE,No OVER/UNDER recommendation.
2026,3,,2026-09-27,13:00,00-0040078,Brashard Smith,brashard smith,KC,MIA,RB,DEPTH RB,False,,,8.5,44.5,18.0,,,1,17,8,0.2,0.7,0.1,8,18,3.42,3.88,0.08,6.9,1.0,46.88,58.77,62.0,45.12,0.968,0.6,1.03,0.898,1.09,Neutral,1.031,1.002,1.12,1.0,1.12,1.11,1.12,1.12,0.2,12.0,0.0,12.0,11.0,12.0,12.0,0.0019669551534225,0.0001573564122738,0.0,10.07351367612348,1.195201207941871,7.63346681630953,17.70698049243301,10.075480631276902,3.4766672953209614,,,,,9.3,1.3,8.6,18.1,3.5,,,,,10.4,1.4,9.6,20.3,3.6,38.0,0.85,0.65,42.0,18.0,1.8,18.0,22.0,6.0,62.0,,,,,,,,,,,,,,,,,,,,,,NO ODDS,,,,,,,,,15.5,,EARLY MODERATE,No OVER/UNDER recommendation.
2026,3,,2026-09-27,13:00,00-0033319,Nick Mullens,nick mullens,JAC,NE,QB,QB,True,,,2.5,45.5,21.5,,,1,8,8,0.2,0.7,0.1,8,18,0.05,0.4,-0.23,0.47,0.14,71.52,58.96,61.9,52.62,1.005,0.7,1.017,0.97,1.032,Tough,0.919,0.902,0.88,1.0,0.919,1.0,1.0,0.919,-9.8,-12.0,0.0,-8.1,0.0,0.0,-8.1,23.975000000000005,0.1186158401184308,0.0,-0.0865099925980752,0.0009992598075499,0.0017764618800888,-0.0847335307179866,23.88849000740193,1.3800973353071804,24.5,0.12,0.0,24.4,,,,,1.4,22.1,0.11,0.0,22.0,,,,,1.3,38.0,0.85,0.65,42.0,18.0,1.8,18.0,22.0,6.0,61.9,,,,,,,,,,,,,,,,,,,,,,NO ODDS,,,,,,,,,15.5,,EARLY MODERATE,No OVER/UNDER recommendation.
2026,3,,2026-09-27,13:00,00-0036984,Trey Sermon,trey sermon,PIT,CIN,RB,DEPTH RB,True,,,-2.5,45.5,24.0,,,0,18,8,0.2,0.7,0.1,8,18,0.97,1.17,0.0,2.12,-1.0,46.16,54.33,61.9,57.62,1.03,0.6,0.97,1.03,0.982,Neutral,1.046,1.1,0.888,1.0,1.084,1.12,1.12,1.12,10.0,-11.2,0.0,8.4,12.0,12.0,12.0,0.0024586939417781,0.0001966955153422,0.0,10.509784252017097,0.8878944837835476,5.750473226269265,16.26025747828636,10.512242945958873,3.1199047890858416,,,,,10.5,0.8,5.5,15.9,3.1,,,,,11.4,0.9,6.2,17.8,3.2,38.0,0.85,0.65,42.0,18.0,1.8,18.0,22.0,6.0,61.9,,,,,,,,,,,,,,,,,,,,,,NO ODDS,,,,,,,,,15.5,,EARLY MODERATE,No OVER/UNDER recommendation.
2026,3,,2026-09-27,13:00,00-0033376,Patrick Ricard,patrick ricard,NYG,TEN,RB,DEPTH RB,True,,,5.5,43.5,19.0,,,1,15,8,0.2,0.7,0.1,8,18,0.53,0.87,0.0,0.68,0.5,53.52,54.54,61.9,44.38,0.976,0.6,1.03,0.934,1.056,Neutral,1.04,1.071,1.016,1.0,1.013,0.88,0.88,0.97,7.1,1.6,0.0,1.3,-12.0,-12.0,-3.0,0.0019669551534225,0.0001573564122738,0.0,3.4656985500730597,0.3528552695665206,2.7213869843767573,6.187085534449817,3.467665505226481,1.3711974073657789,,,,,3.3,0.4,3.0,6.3,1.4,,,,,3.3,0.4,2.6,6.1,1.5,38.0,0.85,0.65,42.0,18.0,1.8,18.0,22.0,6.0,61.9,,,,,,,,,,,,,,,,,,,,,,NO ODDS,,,,,,,,,15.5,,EARLY MODERATE,No OVER/UNDER recommendation.
2026,3,,2026-09-27,13:00,00-0037005,Tommy Tremble,tommy tremble,CAR,CLE,TE,LOW TARGET,False,,,2.5,40.5,19.0,,,2,25,8,0.2,0.7,0.1,8,18,4.34,3.94,1.55,5.72,1.0,52.43,57.9,61.9,37.62,0.97,0.55,1.03,0.97,1.017,Neutral,0.948,0.88,1.049,1.0,0.948,0.966,0.968,0.948,-12.0,4.9,0.0,-5.2,-3.4,-3.2,-5.2,0.0079202054118111,7.90045427612088e-05,0.0,0.0336164329448943,1.873135605654468,17.359230100730795,17.39284653367569,0.0415366383567055,4.371769261589685,,,,,0.0,2.0,18.2,,4.4,,,,,0.0,1.9,17.6,,4.2,38.0,0.85,0.65,42.0,18.0,1.8,18.0,22.0,6.0,61.9,,,,,,,,,,,,,,,,,,,,,,NO ODDS,,,,,,,,,15.5,,EARLY MODERATE,No OVER/UNDER recommendation.
2026,3,,2026-09-27,13:00,00-0036637,Noah Gray,noah gray,KC,MIA,TE,LOW TARGET,False,,,8.5,44.5,18.0,,,2,30,8,0.2,0.7,0.1,8,18,2.22,2.18,0.9,3.55,1.0,50.43,56.25,61.9,45.12,0.968,0.55,1.03,0.898,1.09,Neutral,1.031,1.002,1.12,1.0,1.031,1.12,1.12,1.031,0.2,12.0,0.0,3.1,12.0,12.0,3.1,0.0079202054118111,7.90045427612088e-05,0.0,-0.0610962107332666,1.6096364266725305,15.506806455410596,15.445710244677333,-0.0531760053214554,3.8439012812941193,,,,,-0.1,1.8,17.4,,3.8,,,,,-0.1,2.0,19.5,,3.9,38.0,0.85,0.65,42.0,18.0,1.8,18.0,22.0,6.0,61.9,,,,,,,,,,,,,,,,,,,,,,NO ODDS,,,,,,,,,15.5,,EARLY MODERATE,No OVER/UNDER recommendation.
2026,3,,2026-09-27,13:00,00-0036862,Ben Skowronek,ben skowronek,PIT,CIN,WR,LOW TARGET,True,,,-2.5,45.5,24.0,,,1,25,8,0.2,0.7,0.1,8,18,0.75,1.07,0.0,1.47,-0.367,48.32,52.93,61.9,57.62,1.03,0.55,0.97,1.03,0.982,Neutral,1.046,1.1,0.888,1.0,1.046,0.88,0.88,1.046,10.0,-11.2,0.0,4.6,-12.0,-12.0,4.6,0.0036631121642969,8.886255924170617e-05,0.0,0.0993680884676145,0.6936761453396526,7.3237460505529235,7.423114139020538,0.1030312006319115,1.710660150078989,,,,,0.1,0.7,7.0,,1.7,,,,,0.1,0.6,6.2,,1.8,38.0,0.85,0.65,42.0,18.0,1.8,18.0,22.0,6.0,61.9,,,,,,,,,,,,,,,,,,,,,,NO ODDS,,,,,,,,,15.5,,EARLY MODERATE,No OVER/UNDER recommendation.
2026,3,,2026-09-27,16:25,00-0040075,LaJohntay Wester,lajohntay wester,BAL,DAL,WR,LOW TARGET,False,,,3.0,52.5,24.75,,,2,14,8,0.2,0.7,0.1,8,18,1.0,1.42,0.0,0.6,1.0,41.25,51.51,61.9,73.25,1.052,0.55,1.03,0.964,1.058,Favorable,1.074,1.106,1.12,1.0,1.074,1.077,1.086,1.074,10.6,12.0,0.0,7.4,7.7,8.6,7.4,0.0036631121642969,8.886255924170617e-05,0.0,0.0993680884676145,0.5168190024825098,6.130888907695781,6.230256996163396,0.1030312006319115,1.264517292936132,,,,,0.1,0.6,6.7,,1.4,,,,,0.1,0.6,7.3,,1.5,38.0,0.85,0.65,42.0,18.0,1.8,18.0,22.0,6.0,61.9,,,,,,,,,,,,,,,,,,,,,,NO ODDS,,,,,,,,,15.5,,EARLY MODERATE,No OVER/UNDER recommendation.
2026,3,,2026-09-27,16:25,00-0038040,Zamir White,zamir white,LV,NO,RB,DEPTH RB,False,,,-3.0,45.5,24.25,,,0,13,8,0.2,0.7,0.1,8,18,2.1,1.94,0.65,3.3,0.1,51.98,59.55,61.8,58.25,1.032,0.6,1.012,1.036,0.977,Neutral,0.981,0.895,0.948,1.0,1.12,0.886,0.881,1.069,-10.5,-5.2,0.0,12.0,-11.4,-11.9,6.9,0.0024586939417781,0.0001966955153422,0.0,15.903826484294624,0.8040269624160261,4.962860104097319,20.86668658839194,15.9062851782364,3.325677162137626,,,,,16.7,0.8,4.9,21.3,3.5,,,,,18.7,0.7,4.3,22.8,3.4,38.0,0.85,0.65,42.0,18.0,1.8,18.0,22.0,6.0,61.8,,,,,,,,,,,,,,,,,,,,,,NO ODDS,,,,,,,,,15.4,,EARLY MODERATE,No OVER/UNDER recommendation.
2026,3,,2026-09-27,13:00,00-0040131,Kyle Williams,kyle williams,NE,JAC,WR,LOW TARGET,False,,,-2.5,45.5,24.0,,,2,14,8,0.2,0.7,0.1,8,18,3.67,4.36,0.38,6.33,-0.858,45.67,54.36,61.8,57.62,1.03,0.55,0.97,1.03,0.982,Neutral,1.0,1.0,1.0,1.0,1.0,1.0,1.0,1.0,0.0,0.0,0.0,0.0,0.0,0.0,0.0,0.0036631121642969,8.886255924170617e-05,0.0,0.3861812752808014,0.9585772442407516,16.03748231428919,16.42366358956999,0.3898443874450983,3.754187622606461,,,,,0.4,0.9,15.3,,3.8,,,,,0.4,0.9,15.3,,3.8,38.0,0.85,0.65,42.0,18.0,1.8,18.0,22.0,6.0,61.8,,,,,,,,,,,,,,,,,,,,,,NO ODDS,,,,,,,,,15.4,,EARLY MODERATE,No OVER/UNDER recommendation.
2026,3,,2026-09-27,13:00,00-0040198,Ollie Gordon II,ollie gordon ii,MIA,KC,RB,DEPTH RB,True,,,-8.5,44.5,26.5,,,1,17,8,0.2,0.7,0.1,8,18,2.08,3.24,0.0,3.5,-0.632,39.05,56.67,61.7,62.12,1.053,0.6,0.97,1.102,0.92,Tough,0.891,0.88,0.88,1.0,0.884,0.912,0.955,0.901,-12.0,-12.0,0.0,-11.6,-8.8,-4.5,-9.9,0.0019669551534225,0.0001573564122738,0.0,12.501454852594067,0.4143188550006943,2.3694962280742358,14.870951080668304,12.503421807747491,3.047476118850373,,,,,13.4,0.4,2.1,14.6,3.1,,,,,11.8,0.4,2.0,13.2,2.8,38.0,0.85,0.65,42.0,18.0,1.8,18.0,22.0,6.0,61.7,,,,,,,,,,,,,,,,,,,,,,NO ODDS,,,,,,,,,15.4,,EARLY MODERATE,No OVER/UNDER recommendation.
2026,3,,2026-09-27,20:20,00-0038783,Nate Adkins,nate adkins,DEN,LAR,TE,LOW TARGET,True,,,-2.5,46.5,24.5,,,2,21,8,0.2,0.7,0.1,8,18,3.98,5.15,0.0,5.58,-0.105,43.62,54.15,61.7,60.62,1.037,0.55,0.987,1.03,0.985,Neutral,1.0,1.0,1.0,1.0,1.0,1.0,1.0,1.0,0.0,0.0,0.0,0.0,0.0,0.0,0.0,0.0079202054118111,7.90045427612088e-05,0.0,0.8907592900877517,1.3493737008925637,12.73856343406413,13.62932272415188,0.8986794954995628,4.485940690161114,,,,,0.9,1.3,12.4,,4.6,,,,,0.9,1.3,12.4,,4.6,38.0,0.85,0.65,42.0,18.0,1.8,18.0,22.0,6.0,61.7,,,,,,,,,,,,,,,,,,,,,,NO ODDS,,,,,,,,,15.4,,EARLY MODERATE,No OVER/UNDER recommendation.
2026,3,,2026-09-27,16:05,00-0039737,Tip Reiman,tip reiman,ARI,SF,TE,LOW TARGET,False,,,-8.5,47.5,28.0,,,0,11,8,0.2,0.7,0.1,8,15,1.6,1.18,0.0,2.5,-0.324,57.52,56.89,61.6,71.12,1.074,0.55,0.97,1.102,0.928,Neutral,0.998,1.001,0.926,1.0,0.998,1.062,1.009,0.998,0.1,-7.4,0.0,-0.2,6.2,0.9,-0.2,0.0099002567647639,9.8755678451511e-05,0.0,0.0420205411811179,1.0520850914836697,7.651992171368035,7.694012712549154,0.0519207979458819,1.9456726159481443,,,,,0.0,0.9,6.9,,2.0,,,,,0.0,1.0,7.0,,2.0,38.0,0.85,0.65,42.0,18.0,1.8,18.0,22.0,6.0,61.6,,,,,,,,,,,,,,,,,,,,,,NO ODDS,,,,,,,,,15.4,,EARLY MODERATE,No OVER/UNDER recommendation.
2026,3,,2026-09-27,16:05,00-0038640,Jalen Brooks,jalen brooks,ARI,SF,WR,LOW TARGET,False,,,-8.5,47.5,28.0,,,1,17,8,0.2,0.7,0.1,8,18,1.81,2.62,0.0,3.48,-1.0,40.85,51.8,61.6,71.12,1.074,0.55,0.97,1.102,0.928,Neutral,0.998,1.001,0.926,1.0,0.998,0.987,0.959,0.998,0.1,-7.4,0.0,-0.2,-1.3,-4.1,-0.2,0.0036631121642969,8.886255924170617e-05,0.0,0.0993680884676145,0.8486467335749467,12.26492252114116,12.364290609608776,0.1030312006319115,2.4832777971378124,,,,,0.1,0.8,11.0,,2.6,,,,,0.1,0.8,10.5,,2.6,38.0,0.85,0.65,42.0,18.0,1.8,18.0,22.0,6.0,61.6,,,,,,,,,,,,,,,,,,,,,,NO ODDS,,,,,,,,,15.4,,EARLY MODERATE,No OVER/UNDER recommendation.
2026,3,,2026-09-27,20:20,00-0036849,Tutu Atwell,tutu atwell,LAR,DEN,WR,LOW TARGET,False,,,2.5,46.5,22.0,,,1,23,8,0.2,0.7,0.1,8,18,3.94,4.82,0.0,4.47,-0.784,44.93,54.89,61.5,55.62,1.012,0.55,0.97,0.97,1.035,Neutral,0.966,0.913,0.88,1.0,0.966,0.979,0.88,0.966,-8.7,-12.0,0.0,-3.4,-2.1,-12.0,-3.4,0.0036631121642969,8.886255924170617e-05,0.0,0.2460084046731482,1.7308223903989413,27.944101781778222,28.19011018645137,0.2496715168374451,4.906917067075038,,,,,0.2,1.7,28.1,,4.8,,,,,0.2,1.7,24.7,,4.6,38.0,0.85,0.65,42.0,18.0,1.8,18.0,22.0,6.0,61.5,,,,,,,,,,,,,,,,,,,,,,NO ODDS,,,,,,,,,15.4,,EARLY MODERATE,No OVER/UNDER recommendation.
2026,3,,2026-09-27,13:00,00-0036414,Cam Akers,cam akers,SEA,WAS,RB,DEPTH RB,False,,,2.5,41.5,19.5,,,0,20,8,0.2,0.7,0.1,8,18,3.86,4.14,0.22,8.53,-0.761,48.26,58.11,61.4,40.62,0.977,0.6,0.97,0.97,1.02,Favorable,1.106,1.099,1.12,1.0,1.11,0.88,0.941,1.069,9.9,12.0,0.0,11.0,-12.0,-5.9,6.9,1.876142904468094,0.0587493270942896,0.0,22.898006646237945,0.7585816182864716,4.185380347012299,27.08338699325024,24.77414955070603,5.139905907076899,,,,,21.5,0.8,4.1,26.1,4.9,,,,,23.9,0.7,3.9,27.9,5.4,38.0,0.85,0.65,42.0,18.0,1.8,18.0,22.0,6.0,61.4,,,,,,,,,,,,,,,,,,,,,,NO ODDS,,,,,,,,,15.4,,EARLY MODERATE,No OVER/UNDER recommendation.
2026,3,,2026-09-27,13:00,00-0038115,Daniel Bellinger,daniel bellinger,TEN,NYG,TE,LOW TARGET,False,,,-5.5,43.5,24.5,,,2,25,8,0.2,0.7,0.1,8,18,3.33,4.06,0.0,3.95,0.406,45.04,54.65,61.4,55.38,1.031,0.55,1.03,1.066,0.946,Neutral,1.044,1.021,1.12,1.0,1.044,1.062,0.989,1.044,2.1,12.0,0.0,4.4,6.2,-1.1,4.4,0.0079202054118111,7.90045427612088e-05,0.0,0.0336164329448943,1.252992748511611,15.261230100730792,15.294846533675686,0.0415366383567055,3.3198264044468275,,,,,0.0,1.2,14.9,,3.5,,,,,0.0,1.3,14.7,,3.7,38.0,0.85,0.65,42.0,18.0,1.8,18.0,22.0,6.0,61.4,,,,,,,,,,,,,,,,,,,,,,NO ODDS,,,,,,,,,15.4,,EARLY MODERATE,No OVER/UNDER recommendation.
2026,3,,2026-09-27,16:05,00-0038440,Zavier Scott,zavier scott,MIN,TB,RB,DEPTH RB,False,,,-1.5,45.5,23.5,,,0,11,8,0.2,0.7,0.1,8,18,2.07,1.39,1.2,3.02,-0.197,59.75,59.95,61.1,56.38,1.025,0.6,0.976,1.018,0.992,Neutral,1.013,1.096,1.079,1.0,0.88,1.12,1.12,0.989,9.6,7.9,0.0,-12.0,12.0,12.0,-1.1,0.0024586939417781,0.0001966955153422,0.0,12.320434875903011,1.1570864029754666,7.810499964237179,20.130934840140192,12.322893569844792,3.5794621271725915,,,,,12.2,1.1,7.6,19.8,3.6,,,,,10.7,1.2,8.5,19.6,3.6,38.0,0.85,0.65,42.0,18.0,1.8,18.0,22.0,6.0,61.1,,,,,,,,,,,,,,,,,,,,,,NO ODDS,,,,,,,,,15.3,,EARLY MODERATE,No OVER/UNDER recommendation.
2026,3,,2026-09-27,13:00,00-0038104,Tyquan Thornton,tyquan thornton,KC,MIA,WR,LOW TARGET,False,,,8.5,44.5,18.0,,,2,16,8,0.2,0.7,0.1,8,18,4.37,4.72,0.0,6.8,1.0,48.12,55.65,61.1,45.12,0.968,0.55,1.03,0.898,1.09,Neutral,1.031,1.002,1.12,1.0,1.031,0.932,0.88,1.031,0.2,12.0,0.0,3.1,-6.8,-12.0,3.1,0.0036631121642969,8.886255924170617e-05,0.0,0.0993680884676145,1.813604716768224,37.02196033626721,37.12132842473483,0.1030312006319115,6.37041015007899,,,,,0.1,2.0,41.5,,6.4,,,,,0.1,1.9,36.5,,6.6,38.0,0.85,0.65,42.0,18.0,1.8,18.0,22.0,6.0,61.1,,,,,,,,,,,,,,,,,,,,,,NO ODDS,,,,,,,,,15.3,,EARLY MODERATE,No OVER/UNDER recommendation.
2026,3,,2026-09-27,20:20,00-0038359,Xavier Smith,xavier smith,LAR,DEN,WR,LOW TARGET,False,,,2.5,46.5,22.0,,,2,30,8,0.2,0.7,0.1,8,18,3.5,4.41,0.0,8.45,-0.913,44.23,54.22,61.1,55.62,1.012,0.55,0.97,0.97,1.035,Neutral,0.966,0.913,0.88,1.0,0.966,0.979,0.88,0.966,-8.7,-12.0,0.0,-3.4,-2.1,-12.0,-3.4,0.0036631121642969,8.886255924170617e-05,0.0,0.6952301574331319,0.8277221223511467,12.405470188483958,13.100700345917089,0.6988932695974288,2.2624647477801383,,,,,0.7,0.8,12.5,,2.2,,,,,0.7,0.8,11.0,,2.1,38.0,0.85,0.65,42.0,18.0,1.8,18.0,22.0,6.0,61.1,,,,,,,,,,,,,,,,,,,,,,NO ODDS,,,,,,,,,15.3,,EARLY MODERATE,No OVER/UNDER recommendation.
2026,3,,2026-09-27,13:00,00-0037267,Jerome Ford,jerome ford,CLE,CAR,RB,DEPTH RB,True,,,-2.5,40.5,21.5,,,0,27,8,0.2,0.7,0.1,8,18,2.22,2.4,0.18,3.42,1.0,48.1,56.54,61.0,42.62,0.995,0.6,1.03,1.03,0.968,Neutral,1.007,0.941,0.88,1.0,1.12,0.997,0.963,1.12,-5.9,-12.0,0.0,12.0,-0.3,-3.7,12.0,0.0024586939417781,0.0001966955153422,0.0,21.268854974323112,2.099432945322009,11.236186314923527,32.50504128924664,21.271313668264888,6.044533999744465,,,,,22.6,2.1,11.2,33.4,6.2,,,,,25.3,2.1,10.8,37.4,6.2,38.0,0.85,0.65,42.0,18.0,1.8,18.0,22.0,6.0,61.0,,,,,,,,,,,,,,,,,,,,,,NO ODDS,,,,,,,,,15.2,,EARLY MODERATE,No OVER/UNDER recommendation.
2026,3,,2026-09-27,13:00,00-0029701,Ryan Tannehill,ryan tannehill,TEN,NYG,QB,QB,False,,,-5.5,43.5,24.5,,,0,0,8,0.2,0.7,0.1,8,18,9.2,5.02,6.08,12.49,0.231,64.69,91.17,60.9,55.38,1.031,0.851,1.028,1.066,0.946,Neutral,1.044,1.021,1.12,1.0,1.044,1.0,1.0,1.044,2.1,12.0,0.0,4.4,0.0,0.0,4.4,192.07142857142856,1.1861584011843078,0.0,15.384900074019248,0.0099925980754996,0.0177646188008882,15.402664692820132,207.45632864544783,13.518830495928944,203.5,1.26,0.0,219.8,,,,,14.3,207.8,1.41,0.0,224.4,,,,,14.9,45.72,0.85,0.65,49.37,18.0,1.8,18.0,22.0,6.0,60.9,,,,,,,,,,,,,,,,,,,,,,NO ODDS,,,,,,,,,15.2,,EARLY MODERATE,No OVER/UNDER recommendation.
2026,3,,2026-09-27,13:00,00-0039648,David Martin-Robinson,david martin robinson,TEN,NYG,TE,LOW TARGET,False,,,-5.5,43.5,24.5,,,0,15,8,0.2,0.7,0.1,8,18,0.93,1.03,0.0,1.68,0.9,49.27,53.75,60.9,55.38,1.031,0.55,1.03,1.066,0.946,Neutral,1.044,1.021,1.12,1.0,1.044,1.062,0.989,1.044,2.1,12.0,0.0,4.4,6.2,-1.1,4.4,0.0099002567647639,9.8755678451511e-05,0.0,0.0420205411811179,0.5950504594490374,5.377966197342062,5.41998673852318,0.0519207979458819,1.568378243653772,,,,,0.0,0.6,5.2,,1.7,,,,,0.0,0.6,5.1,,1.8,38.0,0.85,0.65,42.0,18.0,1.8,18.0,22.0,6.0,60.9,,,,,,,,,,,,,,,,,,,,,,NO ODDS,,,,,,,,,15.2,,EARLY MODERATE,No OVER/UNDER recommendation.
2026,3,,2026-09-27,13:00,00-0033869,Mitchell Trubisky,mitchell trubisky,BUF,LAC,QB,QB,True,,,4.5,49.5,22.5,,,0,12,8,0.2,0.7,0.1,8,18,7.22,10.55,0.28,7.3,0.786,40.64,65.36,60.8,63.12,1.023,0.7,1.03,0.946,1.064,Neutral,0.936,0.928,0.88,1.0,0.936,1.0,1.0,0.936,-7.2,-12.0,0.0,-6.4,0.0,0.0,-6.4,69.79870129870132,0.722133436511675,0.0,2.896597357737255,0.0012490747594374,0.002220577350111,2.898817935087365,72.69529865643857,6.122581084718391,73.5,0.76,0.0,76.6,,,,,6.5,68.2,0.67,0.0,71.1,,,,,6.1,38.0,0.85,0.65,42.0,18.0,1.8,18.0,22.0,6.0,60.8,,,,,,,,,,,,,,,,,,,,,,NO ODDS,,,,,,,,,15.2,,EARLY MODERATE,No OVER/UNDER recommendation.
2026,3,,2026-09-27,16:25,00-0038122,Desmond Ridder,desmond ridder,LV,NO,QB,QB,False,,,-3.0,45.5,24.25,,,0,5,8,0.2,0.7,0.1,8,18,5.3,5.26,0.76,8.69,-0.266,50.18,83.05,60.8,58.25,1.032,0.7,0.97,1.036,0.977,Neutral,0.981,0.895,0.948,1.0,0.981,1.0,1.0,0.981,-10.5,-5.2,0.0,-1.9,0.0,0.0,-1.9,104.83392857142856,0.4607698001480385,0.0,9.010612509252406,0.0012490747594374,0.002220577350111,9.012833086602516,113.844541080681,5.556603811991118,105.0,0.46,0.0,114.0,,,,,5.6,94.0,0.44,0.0,102.0,,,,,5.5,38.0,0.85,0.65,42.0,18.0,1.8,18.0,22.0,6.0,60.8,,,,,,,,,,,,,,,,,,,,,,NO ODDS,,,,,,,,,15.2,,EARLY MODERATE,No OVER/UNDER recommendation.
2026,3,,2026-09-27,13:00,00-0039814,Erick All,erick all,CIN,PIT,TE,LOW TARGET,False,,,2.5,45.5,21.5,,,1,8,8,0.2,0.7,0.1,8,9,3.62,1.97,2.88,5.45,1.0,64.83,60.55,60.8,52.62,1.005,0.55,1.03,0.97,1.032,Neutral,1.062,1.054,0.952,1.0,1.062,1.06,1.12,1.062,5.4,-4.8,0.0,6.2,6.0,12.0,6.2,0.0079202054118111,7.90045427612088e-05,0.0,0.0336164329448943,2.176992748511612,16.58808724358794,16.621703676532835,0.0415366383567055,3.938512118732541,,,,,0.0,2.3,17.6,,4.1,,,,,0.0,2.4,19.7,,4.4,38.0,0.85,0.65,42.0,18.0,1.8,18.0,22.0,6.0,60.8,,,,,,,,,,,,,,,,,,,,,,NO ODDS,,,,,,,,,15.2,,EARLY MODERATE,No OVER/UNDER recommendation.
2026,3,,2026-09-27,20:20,00-0039751,Jordan Whittington,jordan whittington,LAR,DEN,WR,LOW TARGET,False,,,2.5,46.5,22.0,,,1,29,8,0.2,0.7,0.1,8,18,1.19,1.44,0.0,2.08,-0.591,45.35,52.79,60.8,55.62,1.012,0.55,0.97,0.97,1.035,Neutral,0.966,0.913,0.88,1.0,0.966,0.979,0.88,0.966,-8.7,-12.0,0.0,-3.4,-2.1,-12.0,-3.4,0.0036631121642969,8.886255924170617e-05,0.0,0.6801562658075162,1.3468682635662537,15.0119233904544,15.692079656261916,0.6838193779718131,3.040748820029728,,,,,0.6,1.4,15.1,,3.0,,,,,0.6,1.4,13.3,,2.9,38.0,0.85,0.65,42.0,18.0,1.8,18.0,22.0,6.0,60.8,,,,,,,,,,,,,,,,,,,,,,NO ODDS,,,,,,,,,15.2,,EARLY MODERATE,No OVER/UNDER recommendation.
2026,3,,2026-09-27,13:00,00-0039325,Carson Steele,carson steele,KC,MIA,RB,DEPTH RB,False,,,8.5,44.5,18.0,,,0,13,8,0.2,0.7,0.1,8,18,1.86,1.56,0.75,2.32,1.0,54.36,60.11,60.7,45.12,0.968,0.6,1.03,0.898,1.09,Neutral,1.031,1.002,1.12,1.0,1.12,1.11,1.12,1.12,0.2,12.0,0.0,12.0,11.0,12.0,12.0,0.0024586939417781,0.0001966955153422,0.0,15.00959571506385,0.722296193185257,3.434013950251165,18.443609665315016,15.01205440900563,2.588177162137626,,,,,13.9,0.8,3.9,18.9,2.6,,,,,15.6,0.9,4.4,21.2,2.7,38.0,0.85,0.65,42.0,18.0,1.8,18.0,22.0,6.0,60.7,,,,,,,,,,,,,,,,,,,,,,NO ODDS,,,,,,,,,15.2,,EARLY MODERATE,No OVER/UNDER recommendation.
2026,3,,2026-09-27,13:00,00-0036590,Quintin Morris,quintin morris,JAC,NE,TE,LOW TARGET,True,,,2.5,45.5,21.5,,,2,21,8,0.2,0.7,0.1,8,18,2.17,2.54,0.0,2.8,0.673,46.08,53.19,60.7,52.62,1.005,0.55,1.03,0.97,1.032,Tough,0.919,0.902,0.88,1.0,0.919,1.046,1.012,0.919,-9.8,-12.0,0.0,-8.1,4.6,1.2,-8.1,0.0079202054118111,7.90045427612088e-05,0.0,0.0336164329448943,0.7650879866068491,6.605706291206984,6.639322724151879,0.0415366383567055,1.9540835473039704,,,,,0.0,0.8,7.0,,2.0,,,,,0.0,0.8,7.1,,1.8,38.0,0.85,0.65,42.0,18.0,1.8,18.0,22.0,6.0,60.7,,,,,,,,,,,,,,,,,,,,,,NO ODDS,,,,,,,,,15.2,,EARLY MODERATE,No OVER/UNDER recommendation.
2026,3,,2026-09-27,13:00,00-0036182,Nick Westbrook-Ikhine,nick westbrook ikhine,MIA,KC,WR,LOW TARGET,True,,,-8.5,44.5,26.5,,,0,27,8,0.2,0.7,0.1,8,18,1.2,1.7,0.0,3.15,-1.0,41.36,52.5,60.7,62.12,1.053,0.55,0.97,1.102,0.92,Tough,0.891,0.88,0.88,1.0,0.891,0.958,0.88,0.891,-12.0,-12.0,0.0,-10.9,-4.2,-12.0,-10.9,0.0045788902053712,0.0001110781990521,0.0,0.1242101105845181,1.587771819851204,20.53591475692335,20.660124867507868,0.1287890007898894,5.130137865661414,,,,,0.1,1.4,18.3,,5.2,,,,,0.1,1.3,16.1,,4.6,38.0,0.85,0.65,42.0,18.0,1.8,18.0,22.0,6.0,60.7,,,,,,,,,,,,,,,,,,,,,,NO ODDS,,,,,,,,,15.2,,EARLY MODERATE,No OVER/UNDER recommendation.
2026,3,,2026-09-27,13:00,00-0039739,Roman Wilson,roman wilson,PIT,CIN,WR,LOW TARGET,True,,,-2.5,45.5,24.0,,,2,9,8,0.2,0.7,0.1,8,13,4.99,5.21,0.0,8.72,-0.056,48.93,58.65,60.6,57.62,1.03,0.55,0.993,1.03,0.982,Neutral,1.046,1.1,0.888,1.0,1.046,0.88,0.88,1.046,10.0,-11.2,0.0,4.6,-12.0,-12.0,4.6,0.0036631121642969,8.886255924170617e-05,0.0,0.0993680884676145,1.9870570977206048,20.81223811404499,20.911606202512605,0.1030312006319115,4.980668086586927,,,,,0.1,1.9,20.3,,5.1,,,,,0.1,1.7,17.9,,5.3,38.0,0.85,0.65,42.0,18.0,1.8,18.0,22.0,6.0,60.6,,,,,,,,,,,,,,,,,,,,,,NO ODDS,,,,,,,,,15.2,,EARLY MODERATE,No OVER/UNDER recommendation.
2026,3,,2026-09-27,13:00,00-0033589,David Moore,david moore,CAR,CLE,WR,LOW TARGET,False,,,2.5,40.5,19.0,,,0,18,8,0.2,0.7,0.1,8,18,3.7,3.65,1.43,5.35,-0.88,50.35,56.03,60.6,37.62,0.97,0.55,0.97,0.97,1.017,Neutral,0.948,0.88,1.049,1.0,0.948,0.88,0.88,0.948,-12.0,4.9,0.0,-5.2,-12.0,-12.0,-5.2,0.0045788902053712,0.0001110781990521,0.0,0.9575434439178516,1.873614789517703,21.0398949814918,21.99743842540965,0.9621223341232228,5.229199370605273,,,,,0.9,1.8,20.8,,4.9,,,,,0.9,1.6,18.3,,4.6,38.0,0.85,0.65,42.0,18.0,1.8,18.0,22.0,6.0,60.6,,,,,,,,,,,,,,,,,,,,,,NO ODDS,,,,,,,,,15.2,,EARLY MODERATE,No OVER/UNDER recommendation.
2026,3,,2026-09-27,13:00,00-0037742,Treylon Burks,treylon burks,WAS,SEA,WR,LOW TARGET,True,,,-2.5,41.5,22.0,,,1,13,8,0.2,0.7,0.1,8,18,2.78,2.89,0.0,5.62,0.06,49.0,56.95,60.6,45.62,1.002,0.55,1.007,1.03,0.97,Neutral,0.94,0.88,0.88,1.0,0.94,0.88,0.88,0.94,-12.0,-12.0,0.0,-6.0,-12.0,-12.0,-6.0,0.0036631121642969,8.886255924170617e-05,0.0,0.1301373192368453,1.051983837647345,12.608361435168309,12.738498754405157,0.1338004314011423,2.7966601500789894,,,,,0.1,1.0,12.3,,2.8,,,,,0.1,0.9,10.8,,2.6,38.0,0.85,0.65,42.0,18.0,1.8,18.0,22.0,6.0,60.6,,,,,,,,,,,,,,,,,,,,,,NO ODDS,,,,,,,,,15.2,,EARLY MODERATE,No OVER/UNDER recommendation.
2026,3,,2026-09-27,13:00,00-0039299,George Holani,george holani,SEA,WAS,RB,DEPTH RB,False,,,2.5,41.5,19.5,,,2,13,8,0.2,0.7,0.1,8,17,2.32,2.87,0.0,2.6,-0.4,44.72,58.07,60.5,40.62,0.977,0.6,0.97,0.97,1.02,Favorable,1.106,1.099,1.12,1.0,1.11,0.88,0.941,1.069,9.9,12.0,0.0,11.0,-12.0,-5.9,6.9,0.0019669551534225,0.0001573564122738,0.0,11.860423824798335,0.4283864050976562,2.140617753607526,14.00104157840586,11.862390779951758,2.6149373341057056,,,,,11.2,0.4,2.1,13.5,2.5,,,,,12.4,0.4,2.0,14.4,2.8,38.0,0.85,0.65,42.0,18.0,1.8,18.0,22.0,6.0,60.5,,,,,,,,,,,,,,,,,,,,,,NO ODDS,,,,,,,,,15.1,,EARLY MODERATE,No OVER/UNDER recommendation.
2026,3,,2026-09-27,13:00,00-0036187,Reggie Gilliam,reggie gilliam,NE,JAC,RB,DEPTH RB,False,,,-2.5,45.5,24.0,,,1,18,8,0.2,0.7,0.1,8,18,0.94,1.31,0.0,1.25,1.0,43.38,52.48,60.5,57.62,1.03,0.6,1.03,1.03,0.982,Neutral,1.0,1.0,1.0,1.0,1.0,1.0,1.0,1.0,0.0,0.0,0.0,0.0,0.0,0.0,0.0,0.0019669551534225,0.0001573564122738,0.0,3.754232630371845,0.4560672210137662,3.249398188858549,7.003630819230395,3.756199585525267,1.3274924587196535,,,,,4.0,0.5,3.3,7.3,1.4,,,,,4.0,0.5,3.3,7.3,1.4,38.0,0.85,0.65,42.0,18.0,1.8,18.0,22.0,6.0,60.5,,,,,,,,,,,,,,,,,,,,,,NO ODDS,,,,,,,,,15.1,,EARLY MODERATE,No OVER/UNDER recommendation.
2026,3,,2026-09-27,13:00,00-0039364,Sione Vaki,sione vaki,DET,NYJ,RB,DEPTH RB,True,,,7.0,48.5,20.75,,,2,17,8,0.2,0.7,0.1,8,18,1.02,1.36,0.0,1.0,1.0,42.85,52.32,60.4,58.25,1.004,0.6,1.03,0.916,1.086,Neutral,0.957,0.912,1.12,1.0,1.048,0.88,1.01,1.039,-8.8,12.0,0.0,4.8,-12.0,1.0,3.9,0.0019669551534225,0.0001573564122738,0.0,5.330866617299951,0.4562306197065767,4.80079874908264,10.13166536638259,5.332833572453373,1.6404593121276838,,,,,5.0,0.5,5.4,10.4,1.7,,,,,5.2,0.4,5.5,10.8,1.6,38.0,0.85,0.65,42.0,18.0,1.8,18.0,22.0,6.0,60.4,,,,,,,,,,,,,,,,,,,,,,NO ODDS,,,,,,,,,15.1,,EARLY MODERATE,No OVER/UNDER recommendation.
2026,3,,2026-09-27,13:00,00-0034407,Ray-Ray McCloud,ray ray mccloud,NYG,TEN,WR,LOW TARGET,True,,,5.5,43.5,19.0,,,0,23,8,0.2,0.7,0.1,8,18,2.83,3.45,0.22,5.03,-0.851,45.05,55.84,60.3,44.38,0.976,0.591,0.97,0.934,1.056,Neutral,1.04,1.071,1.016,1.0,1.04,1.118,1.12,1.04,7.1,1.6,0.0,4.0,11.8,12.0,4.0,0.0045788902053712,0.0001110781990521,0.0,2.7650203872643604,2.7317098061804947,30.656905883349264,33.42192627061362,2.769599277469732,6.373023804199528,,,,,2.5,2.8,31.4,,6.0,,,,,2.6,3.1,35.2,,6.2,38.0,0.85,0.65,42.0,18.0,1.8,18.0,22.0,6.0,60.3,,,,,,,,,,,,,,,,,,,,,,NO ODDS,,,,,,,,,15.1,,EARLY MODERATE,No OVER/UNDER recommendation.
2026,3,,2026-09-27,16:25,00-0036527,DJ Turner,dj turner,LV,NO,WR,LOW TARGET,False,,,-3.0,45.5,24.25,,,0,13,8,0.2,0.7,0.1,8,18,3.8,3.79,1.88,5.75,-0.686,50.03,57.13,60.3,58.25,1.032,0.55,0.97,1.036,0.977,Neutral,0.981,0.895,0.948,1.0,0.981,0.929,0.88,0.981,-10.5,-5.2,0.0,-1.9,-7.1,-12.0,-1.9,0.0045788902053712,0.0001110781990521,0.0,2.0088254951999027,1.4784413355207195,15.423913332421922,17.432738827621826,2.013404385405274,4.127555956829506,,,,,2.0,1.4,14.6,,4.1,,,,,2.0,1.3,12.8,,4.0,38.0,0.85,0.65,42.0,18.0,1.8,18.0,22.0,6.0,60.3,,,,,,,,,,,,,,,,,,,,,,NO ODDS,,,,,,,,,15.1,,EARLY MODERATE,No OVER/UNDER recommendation.
2026,3,,2026-09-27,13:00,00-0040218,Jimmy Horn Jr.,jimmy horn jr,CAR,CLE,WR,LOW TARGET,False,,,2.5,40.5,19.0,,,1,10,8,0.2,0.7,0.1,8,18,1.8,0.99,1.5,2.5,-0.143,64.66,58.73,60.3,37.62,0.97,0.55,0.983,0.97,1.017,Neutral,0.948,0.88,1.049,1.0,0.948,0.88,0.88,0.948,-12.0,4.9,0.0,-5.2,-12.0,-12.0,-5.2,0.0036631121642969,8.886255924170617e-05,0.0,4.559368088467615,0.9930094786729858,9.993746050552923,14.553114139020538,4.563031200631912,2.5729934834123225,,,,,4.3,1.0,10.0,14.2,2.5,,,,,4.1,0.9,8.8,13.5,2.4,38.0,0.85,0.65,42.0,18.0,1.8,18.0,22.0,6.0,60.3,,,,,,,,,,,,,,,,,,,,,,NO ODDS,,,,,,,,,15.1,,EARLY MODERATE,No OVER/UNDER recommendation.
2026,3,,2026-09-27,16:05,00-0019596,Tom Brady,tom brady,TB,MIN,QB,STARTING QB,True,,,1.5,45.5,22.0,,,0,0,8,0.2,0.7,0.1,8,18,16.99,9.84,11.04,17.37,0.286,63.31,90.83,60.2,53.38,1.01,0.851,1.03,0.982,1.022,Neutral,0.956,0.898,0.88,1.0,0.956,1.0,1.0,0.956,-10.2,-12.0,0.0,-4.4,0.0,0.0,-4.4,192.07142857142856,1.1861584011843078,0.0,15.384900074019248,0.0099925980754996,0.0177646188008882,15.402664692820132,207.45632864544783,13.518830495928944,199.8,1.23,0.0,215.8,,,,,14.1,179.4,1.08,0.0,193.8,,,,,13.5,39.47,0.85,0.65,42.64,18.0,1.8,18.0,22.0,6.0,60.2,,,,,,,,,,,,,,,,,,,,,,NO ODDS,,,,,,,,,15.0,,EARLY MODERATE,No OVER/UNDER recommendation.
2026,3,,2026-09-27,16:25,00-0039792,Devontez Walker,devontez walker,BAL,DAL,WR,LOW TARGET,False,,,3.0,52.5,24.75,,,1,11,8,0.2,0.7,0.1,8,18,3.86,4.48,0.0,4.73,1.0,46.26,53.56,60.2,73.25,1.052,0.55,1.03,0.964,1.058,Favorable,1.074,1.106,1.12,1.0,1.074,1.077,1.086,1.074,10.6,12.0,0.0,7.4,7.7,8.6,7.4,0.0036631121642969,8.886255924170617e-05,0.0,0.0993680884676145,0.9214943271578344,23.319200596007477,23.418568684475087,0.1030312006319115,4.817114695533536,,,,,0.1,1.0,25.4,,5.2,,,,,0.1,1.1,27.6,,5.6,38.0,0.85,0.65,42.0,18.0,1.8,18.0,22.0,6.0,60.2,,,,,,,,,,,,,,,,,,,,,,NO ODDS,,,,,,,,,15.0,,EARLY MODERATE,No OVER/UNDER recommendation.
2026,3,,2026-09-27,13:00,00-0040208,Tahj Brooks,tahj brooks,CIN,PIT,RB,DEPTH RB,False,,,2.5,45.5,21.5,,,1,12,8,0.2,0.7,0.1,8,17,0.7,1.01,0.0,0.55,0.867,49.78,55.57,60.1,52.62,1.005,0.6,1.03,0.97,1.032,Neutral,1.062,1.054,0.952,1.0,1.078,1.053,1.12,1.095,5.4,-4.8,0.0,7.8,5.3,12.0,9.5,0.0019669551534225,0.0001573564122738,0.0,6.140893355267864,0.2380933648046158,1.8856726986624708,8.026566053930337,6.142860310421287,1.2118121259804977,,,,,6.1,0.3,2.0,8.3,1.3,,,,,6.6,0.3,2.2,9.1,1.4,38.0,0.85,0.65,42.0,18.0,1.8,18.0,22.0,6.0,60.1,,,,,,,,,,,,,,,,,,,,,,NO ODDS,,,,,,,,,15.0,,EARLY MODERATE,No OVER/UNDER recommendation.
2026,3,,2026-09-27,16:25,00-0034860,Dante Pettis,dante pettis,NO,LV,WR,LOW TARGET,True,,,3.0,45.5,21.25,,,0,16,8,0.2,0.7,0.1,8,18,3.2,4.28,0.0,3.38,1.0,42.77,53.81,60.1,52.25,1.002,0.55,1.03,0.964,1.038,Neutral,0.951,0.937,0.88,1.0,0.951,1.011,0.985,0.951,-6.3,-12.0,0.0,-4.9,1.1,-1.5,-4.9,0.0045788902053712,0.0001110781990521,0.0,0.1242101105845181,1.5402201816745658,19.03593256319116,19.160142673775677,0.1287890007898894,3.855825187598736,,,,,0.1,1.6,20.3,,4.0,,,,,0.1,1.6,20.0,,3.8,38.0,0.85,0.65,42.0,18.0,1.8,18.0,22.0,6.0,60.1,,,,,,,,,,,,,,,,,,,,,,NO ODDS,,,,,,,,,15.0,,EARLY MODERATE,No OVER/UNDER recommendation.
2026,3,,2026-09-27,13:00,00-0040534,Ke'Shawn Williams,keshawn williams,CIN,PIT,WR,LOW TARGET,False,,,2.5,45.5,21.5,,,0,11,8,0.2,0.7,0.1,8,18,0.42,0.58,0.0,0.3,0.833,63.28,56.68,60.1,52.62,1.005,0.55,1.03,0.97,1.032,Neutral,1.062,1.054,0.952,1.0,1.062,0.995,0.997,1.062,5.4,-4.8,0.0,6.2,-0.5,-0.3,6.2,0.0045788902053712,0.0001110781990521,0.0,1.246937383311791,0.4314133634927474,4.626273472282063,5.873210855593854,1.251516273517162,1.1745751875987362,,,,,1.2,0.5,4.9,,1.2,,,,,1.3,0.5,4.9,,1.3,38.0,0.85,0.65,42.0,18.0,1.8,18.0,22.0,6.0,60.1,,,,,,,,,,,,,,,,,,,,,,NO ODDS,,,,,,,,,15.0,,EARLY MODERATE,No OVER/UNDER recommendation.
2026,3,,2026-09-27,13:00,00-0039686,Colson Yankoff,colson yankoff,WAS,SEA,TE,LOW TARGET,True,,,-2.5,41.5,22.0,,,2,14,8,0.2,0.7,0.1,8,15,0.85,1.08,0.0,1.65,-0.368,47.97,52.92,60.0,45.62,1.002,0.55,0.97,1.03,0.97,Neutral,0.94,0.88,0.88,1.0,0.94,1.12,1.12,0.94,-12.0,-12.0,0.0,-6.0,12.0,12.0,-6.0,0.0079202054118111,7.90045427612088e-05,0.0,0.0336164329448943,0.489080660599523,5.399076254576947,5.4326926875218415,0.0415366383567055,1.131698931919355,,,,,0.0,0.5,5.1,,1.1,,,,,0.0,0.6,5.7,,1.0,38.0,0.85,0.65,42.0,18.0,1.8,18.0,22.0,6.0,60.0,,,,,,,,,,,,,,,,,,,,,,NO ODDS,,,,,,,,,15.0,,EARLY MODERATE,No OVER/UNDER recommendation.
2026,3,,2026-09-27,13:00,00-0033375,Tim Patrick,tim patrick,JAC,NE,WR,LOW TARGET,True,,,2.5,45.5,21.5,,,0,28,8,0.2,0.7,0.1,8,18,4.48,6.29,1.05,5.15,-0.833,41.63,54.31,60.0,52.62,1.005,0.55,0.97,0.97,1.032,Tough,0.919,0.902,0.88,1.0,0.919,0.945,0.88,0.919,-9.8,-12.0,0.0,-8.1,-5.5,-12.0,-8.1,0.0045788902053712,0.0001110781990521,0.0,0.1242101105845181,1.744238038817423,21.027698436207025,21.15190854679155,0.1287890007898894,5.28511090188445,,,,,0.1,1.7,21.1,,5.2,,,,,0.1,1.6,18.6,,4.8,38.0,0.85,0.65,42.0,18.0,1.8,18.0,22.0,6.0,60.0,,,,,,,,,,,,,,,,,,,,,,NO ODDS,,,,,,,,,15.0,,EARLY MODERATE,No OVER/UNDER recommendation.
2026,3,,2026-09-27,13:00,00-0034386,Justin Watson,justin watson,HOU,IND,WR,LOW TARGET,False,,,2.5,45.5,21.5,,,0,18,8,0.2,0.7,0.1,8,18,3.29,4.49,0.0,5.42,-0.613,42.32,53.48,59.9,52.62,1.005,0.55,0.97,0.97,1.032,Favorable,1.108,1.12,0.986,1.0,1.108,1.12,1.12,1.108,12.0,-1.4,0.0,10.8,12.0,12.0,10.8,0.0045788902053712,0.0001110781990521,0.0,0.1242101105845181,1.4651180574915592,18.66897994881207,18.79319005939659,0.1287890007898894,4.171846429428801,,,,,0.1,1.5,18.7,,4.1,,,,,0.1,1.7,20.9,,4.5,38.0,0.85,0.65,42.0,18.0,1.8,18.0,22.0,6.0,59.9,,,,,,,,,,,,,,,,,,,,,,NO ODDS,,,,,,,,,15.0,,EARLY MODERATE,No OVER/UNDER recommendation.
2026,3,,2026-09-27,13:00,00-0039920,Malachi Corley,malachi corley,CLE,CAR,WR,LOW TARGET,True,,,-2.5,40.5,21.5,,,2,17,8,0.2,0.7,0.1,8,18,2.05,2.43,0.15,2.95,-0.389,45.74,54.85,59.8,42.62,0.995,0.55,0.97,1.03,0.968,Neutral,1.007,0.941,0.88,1.0,1.007,0.954,0.881,1.007,-5.9,-12.0,0.0,0.7,-4.6,-11.9,0.7,0.0036631121642969,8.886255924170617e-05,0.0,6.675103382585263,0.8824702629867113,7.628893109376452,14.303996491961714,6.67876649474956,2.386071914784872,,,,,6.7,0.8,7.2,13.9,2.3,,,,,6.7,0.8,6.3,14.0,2.3,38.0,0.85,0.65,42.0,18.0,1.8,18.0,22.0,6.0,59.8,,,,,,,,,,,,,,,,,,,,,,NO ODDS,,,,,,,,,15.0,,EARLY MODERATE,No OVER/UNDER recommendation.
2026,3,,2026-09-27,13:00,00-0038396,Eric Gray,eric gray,NYG,TEN,RB,DEPTH RB,True,,,5.5,43.5,19.0,,,0,15,8,0.2,0.7,0.1,8,18,0.9,0.98,0.0,1.48,0.2,50.43,54.18,59.7,44.38,0.976,0.6,1.024,0.934,1.056,Neutral,1.04,1.071,1.016,1.0,1.013,0.88,0.88,0.97,7.1,1.6,0.0,1.3,-12.0,-12.0,-3.0,0.0024586939417781,0.0001966955153422,0.0,5.744027949496086,0.7767833726724365,5.613638492375708,11.357666441871796,5.746486643437863,2.031139616350081,,,,,5.5,0.8,6.1,11.6,2.0,,,,,5.6,0.7,5.4,11.3,2.1,38.0,0.85,0.65,42.0,18.0,1.8,18.0,22.0,6.0,59.7,,,,,,,,,,,,,,,,,,,,,,NO ODDS,,,,,,,,,14.9,,EARLY MODERATE,No OVER/UNDER recommendation.
2026,3,,2026-09-27,13:00,00-0034614,Godwin Igwebuike,godwin igwebuike,PIT,CIN,RB,DEPTH RB,True,,,-2.5,45.5,24.0,,,0,0,8,0.2,0.7,0.1,8,18,0.0,0.0,0.0,0.0,0.0,100.0,65.0,59.6,57.62,1.03,0.602,1.0,1.03,0.982,Neutral,1.046,1.1,0.888,1.0,1.084,1.12,1.12,1.12,10.0,-11.2,0.0,8.4,12.0,12.0,12.0,0.019669551534225,0.001573564122738,0.0,32.999842643587726,1.5476003147128248,11.356726986624706,44.356569630212434,33.01951219512195,7.693878835562549,,,,,34.0,1.5,11.2,44.6,7.9,,,,,36.9,1.7,12.5,50.0,8.3,38.0,0.85,0.65,42.0,18.0,1.8,18.0,22.0,6.0,59.6,,,,,,,,,,,,,,,,,,,,,,NO ODDS,,,,,,,,,14.9,,EARLY MODERATE,No OVER/UNDER recommendation.
2026,3,,2026-09-27,13:00,00-0026293,Matthew Slater,matthew slater,NE,JAC,WR,LOW TARGET,False,,,-2.5,45.5,24.0,,,0,0,8,0.2,0.7,0.1,8,18,0.0,0.0,0.0,0.0,0.0,100.0,65.0,59.6,57.62,1.03,0.588,1.0,1.03,0.982,Neutral,1.0,1.0,1.0,1.0,1.0,1.0,1.0,1.0,0.0,0.0,0.0,0.0,0.0,0.0,0.0,0.0366311216429699,0.000888625592417,0.0,0.9936808846761452,2.5967614533965246,32.73746050552923,33.73114139020537,1.0303120063191151,7.216601500789888,,,,,1.0,2.6,32.2,,7.4,,,,,1.0,2.6,32.2,,7.4,38.0,0.85,0.65,42.0,18.0,1.8,18.0,22.0,6.0,59.6,,,,,,,,,,,,,,,,,,,,,,NO ODDS,,,,,,,,,14.9,,EARLY MODERATE,No OVER/UNDER recommendation.
2026,3,,2026-09-27,13:00,00-0038679,Tyrell Shavers,tyrell shavers,BUF,LAC,WR,LOW TARGET,True,,,4.5,49.5,22.5,,,0,12,8,0.2,0.7,0.1,8,17,5.48,5.52,2.38,5.62,-0.531,49.79,56.64,59.6,63.12,1.023,0.55,0.97,0.946,1.064,Neutral,0.936,0.928,0.88,1.0,0.936,0.982,0.951,0.936,-7.2,-12.0,0.0,-6.4,-1.8,-4.9,-6.4,0.0045788902053712,0.0001110781990521,0.0,0.1242101105845181,1.5878527574321415,27.76074316925176,27.88495327983628,0.1287890007898894,5.304916096689646,,,,,0.1,1.6,28.7,,5.3,,,,,0.1,1.6,27.3,,5.0,38.0,0.85,0.65,42.0,18.0,1.8,18.0,22.0,6.0,59.6,,,,,,,,,,,,,,,,,,,,,,NO ODDS,,,,,,,,,14.9,,EARLY MODERATE,No OVER/UNDER recommendation.
2026,3,,2026-09-27,13:00,00-0035140,Mecole Hardman,mecole hardman,BUF,LAC,WR,LOW TARGET,True,,,4.5,49.5,22.5,,,0,14,8,0.2,0.7,0.1,8,18,1.35,1.66,0.0,2.38,-1.0,44.76,53.52,59.6,63.12,1.023,0.55,0.97,0.946,1.064,Neutral,0.936,0.928,0.88,1.0,0.936,0.982,0.951,0.936,-7.2,-12.0,0.0,-6.4,-1.8,-4.9,-6.4,0.0045788902053712,0.0001110781990521,0.0,4.073385934760343,1.0581116651910492,9.432841903850496,13.506227838610837,4.077964824965714,2.902487275510824,,,,,3.7,1.1,9.7,13.2,2.9,,,,,3.5,1.1,9.2,12.4,2.7,38.0,0.85,0.65,42.0,18.0,1.8,18.0,22.0,6.0,59.6,,,,,,,,,,,,,,,,,,,,,,NO ODDS,,,,,,,,,14.9,,EARLY MODERATE,No OVER/UNDER recommendation.
2026,3,,2026-09-27,16:25,00-0035644,Noah Fant,noah fant,NO,LV,TE,LOW TARGET,True,,,3.0,45.5,21.25,,,2,27,8,0.2,0.7,0.1,8,18,3.16,4.82,0.0,3.52,1.0,39.58,54.34,59.5,52.25,1.002,0.55,1.03,0.964,1.038,Neutral,0.951,0.937,0.88,1.0,0.951,0.88,0.88,0.951,-6.3,-12.0,0.0,-4.9,-12.0,-12.0,-4.9,0.0079202054118111,7.90045427612088e-05,0.0,0.0336164329448943,2.4760566475755104,23.39048854598924,23.424104978934132,0.0415366383567055,5.752980983201407,,,,,0.0,2.6,25.0,,5.9,,,,,0.0,2.3,22.0,,5.6,38.0,0.85,0.65,42.0,18.0,1.8,18.0,22.0,6.0,59.5,,,,,,,,,,,,,,,,,,,,,,NO ODDS,,,,,,,,,14.9,,EARLY MODERATE,No OVER/UNDER recommendation.
2026,3,,2026-09-27,13:00,00-0035298,Scott Miller,scott miller,PIT,CIN,WR,LOW TARGET,True,,,-2.5,45.5,24.0,,,0,11,8,0.2,0.7,0.1,8,18,2.88,2.34,0.0,5.05,1.0,55.13,58.27,59.5,57.62,1.03,0.55,1.03,1.03,0.982,Neutral,1.046,1.1,0.888,1.0,1.046,0.88,0.88,1.046,10.0,-11.2,0.0,4.6,-12.0,-12.0,4.6,0.0045788902053712,0.0001110781990521,0.0,0.1242101105845181,1.5677769998563842,14.649000745009335,14.773210855593854,0.1287890007898894,3.2009388239623724,,,,,0.1,1.6,14.8,,3.4,,,,,0.1,1.4,13.0,,3.6,38.0,0.85,0.65,42.0,18.0,1.8,18.0,22.0,6.0,59.5,,,,,,,,,,,,,,,,,,,,,,NO ODDS,,,,,,,,,14.9,,EARLY MODERATE,No OVER/UNDER recommendation.
2026,3,,2026-09-27,13:00,00-0038583,Dorian Thompson-Robinson,dorian thompson robinson,CLE,CAR,QB,QB,True,,,-2.5,40.5,21.5,,,0,6,8,0.2,0.7,0.1,8,18,2.41,2.44,0.29,3.71,1.0,49.73,82.61,59.4,42.62,0.995,0.7,1.03,1.03,0.968,Neutral,1.007,0.941,0.88,1.0,1.007,1.0,1.0,1.007,-5.9,-12.0,0.0,0.7,0.0,0.0,0.7,91.97559523809524,0.1482698001480385,0.0,17.939779175919075,0.0012490747594374,0.002220577350111,17.941999753269183,109.91537441401432,4.0435204786577845,94.3,0.15,0.0,112.6,,,,,4.1,88.7,0.13,0.0,106.0,,,,,4.1,38.0,0.85,0.65,42.0,18.0,1.8,18.0,22.0,6.0,59.4,,,,,,,,,,,,,,,,,,,,,,NO ODDS,,,,,,,,,14.8,,EARLY MODERATE,No OVER/UNDER recommendation.
2026,3,,2026-09-27,13:00,00-0035645,Gunner Olszewski,gunner olszewski,NYG,TEN,WR,LOW TARGET,True,,,5.5,43.5,19.0,,,0,16,8,0.2,0.7,0.1,8,18,5.02,6.71,0.0,6.34,1.0,42.81,54.23,59.1,44.38,0.976,0.55,1.03,0.934,1.056,Neutral,1.04,1.071,1.016,1.0,1.04,1.118,1.12,1.04,7.1,1.6,0.0,4.0,11.8,12.0,4.0,2.170203890205371,0.0657360781990521,0.0,0.1242101105845181,1.0808451816745654,14.835932563191154,14.960142673775673,2.2944140007898897,3.4193251875987367,,,,,0.1,1.2,16.1,,3.4,,,,,0.1,1.3,18.0,,3.5,38.0,0.85,0.65,42.0,18.0,1.8,18.0,22.0,6.0,59.1,,,,,,,,,,,,,,,,,,,,,,NO ODDS,,,,,,,,,14.8,,EARLY MODERATE,No OVER/UNDER recommendation.
2026,3,,2026-09-27,13:00,00-0036626,Dyami Brown,dyami brown,WAS,SEA,WR,LOW TARGET,True,,,-2.5,41.5,22.0,,,2,26,8,0.2,0.7,0.1,8,18,1.8,2.67,0.0,4.55,1.0,40.28,55.11,59.0,45.62,1.002,0.55,1.03,1.03,0.97,Neutral,0.94,0.88,0.88,1.0,0.94,0.88,0.88,0.94,-12.0,-12.0,0.0,-6.0,-12.0,-12.0,-6.0,0.0036631121642969,8.886255924170617e-05,0.0,1.7390603961599225,2.1652585629220704,20.46759220439908,22.206652600559,1.7427235083242194,4.384882128100968,,,,,1.8,2.2,20.5,,4.5,,,,,1.7,1.9,18.0,,4.2,38.0,0.85,0.65,42.0,18.0,1.8,18.0,22.0,6.0,59.0,,,,,,,,,,,,,,,,,,,,,,NO ODDS,,,,,,,,,14.8,,EARLY MODERATE,No OVER/UNDER recommendation.
2026,3,,2026-09-27,13:00,00-0036133,James Proche,james proche,TEN,NYG,WR,LOW TARGET,False,,,-5.5,43.5,24.5,,,0,15,8,0.2,0.7,0.1,8,18,1.52,2.09,0.0,1.7,-0.684,42.04,53.48,59.0,55.38,1.031,0.55,0.97,1.066,0.946,Neutral,1.044,1.021,1.12,1.0,1.044,1.026,1.045,1.044,2.1,12.0,0.0,4.4,2.6,4.5,4.4,0.0045788902053712,0.0001110781990521,0.0,0.1242101105845181,0.88888089596028,9.533849229857822,9.65805934044234,0.1287890007898894,2.010527568551117,,,,,0.1,0.8,8.8,,2.0,,,,,0.1,0.8,9.2,,2.1,38.0,0.85,0.65,42.0,18.0,1.8,18.0,22.0,6.0,59.0,,,,,,,,,,,,,,,,,,,,,,NO ODDS,,,,,,,,,14.8,,EARLY MODERATE,No OVER/UNDER recommendation.
2026,3,,2026-09-27,13:00,00-0037272,Montrell Washington,montrell washington,KC,MIA,WR,LOW TARGET,False,,,8.5,44.5,18.0,,,0,1,8,0.2,0.7,0.1,8,16,0.0,0.0,0.0,0.0,0.0,100.0,65.0,59.0,45.12,0.968,0.55,1.0,0.898,1.09,Neutral,1.031,1.002,1.12,1.0,1.031,0.932,0.88,1.031,0.2,12.0,0.0,3.1,-6.8,-12.0,3.1,0.0045788902053712,0.0001110781990521,0.0,0.1242101105845181,0.3245951816745656,4.0921825631911535,4.2163926737756725,0.1287890007898894,0.9020751875987362,,,,,0.1,0.4,4.5,,0.9,,,,,0.1,0.4,4.0,,0.9,38.0,0.85,0.65,42.0,18.0,1.8,18.0,22.0,6.0,59.0,,,,,,,,,,,,,,,,,,,,,,NO ODDS,,,,,,,,,14.8,,EARLY MODERATE,No OVER/UNDER recommendation.
2026,3,,2026-09-27,13:00,00-0038636,Kenny McIntosh,kenny mcintosh,SEA,WAS,RB,DEPTH RB,False,,,2.5,41.5,19.5,,,0,11,8,0.2,0.7,0.1,8,18,3.09,2.35,0.0,4.67,0.811,56.73,62.26,58.9,40.62,0.977,0.6,1.03,0.97,1.02,Favorable,1.106,1.099,1.12,1.0,1.11,0.88,0.941,1.069,9.9,12.0,0.0,11.0,-12.0,-5.9,6.9,0.0024586939417781,0.0001966955153422,0.0,20.92270760317574,0.4661773120663758,3.524136327873543,24.44684393104928,20.92516629711752,3.124689399899864,,,,,20.9,0.5,3.7,25.1,3.1,,,,,23.2,0.4,3.5,26.8,3.4,38.0,0.85,0.65,42.0,18.0,1.8,18.0,22.0,6.0,58.9,,,,,,,,,,,,,,,,,,,,,,NO ODDS,,,,,,,,,14.7,,EARLY MODERATE,No OVER/UNDER recommendation.
2026,3,,2026-09-27,13:00,00-0035399,Stanley Morgan,stanley morgan,CIN,PIT,WR,LOW TARGET,False,,,2.5,45.5,21.5,,,0,0,8,0.2,0.7,0.1,8,15,0.0,0.0,0.0,0.0,0.0,100.0,65.12,58.9,52.62,1.005,0.588,1.0,0.97,1.032,Neutral,1.062,1.054,0.952,1.0,1.062,0.995,0.997,1.062,5.4,-4.8,0.0,6.2,-0.5,-0.3,6.2,0.0366311216429699,0.000888625592417,0.0,0.9936808846761452,2.5967614533965246,32.73746050552923,33.73114139020537,1.0303120063191151,7.216601500789888,,,,,1.0,2.7,33.8,,7.3,,,,,1.1,2.7,33.7,,7.8,38.0,0.85,0.65,42.0,18.0,1.8,18.0,22.0,6.0,58.9,,,,,,,,,,,,,,,,,,,,,,NO ODDS,,,,,,,,,14.7,,EARLY MODERATE,No OVER/UNDER recommendation.
2026,3,,2026-09-27,20:20,00-0040590,Konata Mumpfield,konata mumpfield,LAR,DEN,WR,LOW TARGET,False,,,2.5,46.5,22.0,,,2,10,8,0.2,0.7,0.1,8,18,1.74,2.23,0.0,2.4,-0.78,43.88,55.27,58.9,55.62,1.012,0.55,0.97,0.97,1.035,Neutral,0.966,0.913,0.88,1.0,0.966,0.979,0.88,0.966,-8.7,-12.0,0.0,-3.4,-2.1,-12.0,-3.4,0.0036631121642969,8.886255924170617e-05,0.0,0.0993680884676145,1.129199954863462,11.768031764838636,11.867399853306251,0.1030312006319115,2.72061253103137,,,,,0.1,1.1,11.8,,2.7,,,,,0.1,1.1,10.4,,2.6,38.0,0.85,0.65,42.0,18.0,1.8,18.0,22.0,6.0,58.9,,,,,,,,,,,,,,,,,,,,,,NO ODDS,,,,,,,,,14.7,,EARLY MODERATE,No OVER/UNDER recommendation.
2026,3,,2026-09-27,13:00,00-0040398,Brady Cook,brady cook,NYJ,DET,QB,STARTING QB,False,,,-7.0,48.5,27.75,,,0,5,5,0.2,0.7,0.1,5,18,6.05,2.71,3.72,8.94,0.159,43.18,77.27,58.8,72.25,1.074,0.924,1.019,1.084,0.946,Favorable,1.088,1.108,1.12,1.0,1.088,1.0,1.0,1.088,10.8,12.0,0.0,8.8,0.0,0.0,8.8,144.70892857142857,0.5357698001480384,0.0,9.598112509252408,0.0012490747594374,0.002220577350111,9.600333086602518,154.307041080681,6.985353811991118,158.3,0.59,0.0,168.8,,,,,7.6,175.4,0.66,0.0,187.0,,,,,8.3,38.59,0.85,0.65,42.0,18.0,1.8,18.0,22.0,6.0,58.8,,,,,,,,,,,,,,,,,,,,,,NO ODDS,,,,,,,,,14.7,,EARLY MODERATE,No OVER/UNDER recommendation.
2026,3,,2026-09-27,13:00,00-0033925,D'Onta Foreman,donta foreman,CLE,CAR,RB,DEPTH RB,True,,,-2.5,40.5,21.5,,,0,10,8,0.2,0.7,0.1,8,18,3.14,2.86,1.4,5.35,-0.235,52.31,67.18,58.8,42.62,0.995,0.6,0.972,1.03,0.968,Neutral,1.007,0.941,0.88,1.0,1.12,0.997,0.963,1.12,-5.9,-12.0,0.0,12.0,-0.3,-3.7,12.0,0.0024586939417781,0.0001966955153422,0.0,24.791646997115134,0.6767833726724364,5.736257539994754,30.52790453710989,24.79410569105691,3.7267348544453194,,,,,24.8,0.6,5.4,29.6,3.6,,,,,27.8,0.6,5.2,33.2,3.6,38.0,0.85,0.65,42.0,18.0,1.8,18.0,22.0,6.0,58.8,,,,,,,,,,,,,,,,,,,,,,NO ODDS,,,,,,,,,14.7,,EARLY MODERATE,No OVER/UNDER recommendation.
2026,3,,2026-09-27,13:00,00-0032394,Nick Vannett,nick vannett,TEN,NYG,TE,LOW TARGET,False,,,-5.5,43.5,24.5,,,0,12,8,0.2,0.7,0.1,8,18,3.67,3.26,1.55,5.4,1.0,52.96,55.66,58.8,55.38,1.031,0.55,1.03,1.066,0.946,Neutral,1.044,1.021,1.12,1.0,1.044,1.062,0.989,1.044,2.1,12.0,0.0,4.4,6.2,-1.1,4.4,0.0099002567647639,9.8755678451511e-05,0.0,0.0420205411811179,1.432009333907912,12.545173989549856,12.58719453073097,0.0519207979458819,4.076278676554205,,,,,0.0,1.4,12.2,,4.3,,,,,0.0,1.5,12.1,,4.5,38.0,0.85,0.65,42.0,18.0,1.8,18.0,22.0,6.0,58.8,,,,,,,,,,,,,,,,,,,,,,NO ODDS,,,,,,,,,14.7,,EARLY MODERATE,No OVER/UNDER recommendation.
2026,3,,2026-09-27,13:00,00-0033576,Eric Saubert,eric saubert,SEA,WAS,TE,LOW TARGET,False,,,2.5,41.5,19.5,,,2,21,8,0.2,0.7,0.1,8,18,0.87,1.19,0.0,1.92,-0.231,45.73,53.16,58.8,40.62,0.977,0.55,0.972,0.97,1.02,Favorable,1.106,1.099,1.12,1.0,1.106,0.975,1.12,1.106,9.9,12.0,0.0,10.6,-2.5,12.0,10.6,0.0079202054118111,7.90045427612088e-05,0.0,0.0336164329448943,0.8512784627973252,4.5361824816831735,4.569798914628068,0.0415366383567055,1.6885597377801609,,,,,0.0,0.8,4.5,,1.6,,,,,0.0,0.8,5.0,,1.8,38.0,0.85,0.65,42.0,18.0,1.8,18.0,22.0,6.0,58.8,,,,,,,,,,,,,,,,,,,,,,NO ODDS,,,,,,,,,14.7,,EARLY MODERATE,No OVER/UNDER recommendation.
2026,3,,2026-09-27,13:00,00-0037429,Raheem Blackshear,raheem blackshear,CAR,CLE,RB,DEPTH RB,False,,,2.5,40.5,19.0,,,0,16,8,0.2,0.7,0.1,8,18,1.36,1.73,0.0,1.48,1.0,43.94,55.3,58.7,37.62,0.97,0.6,1.03,0.97,1.017,Neutral,0.948,0.88,1.049,1.0,1.064,0.954,0.88,0.999,-12.0,4.9,0.0,6.4,-4.6,-12.0,-0.1,0.0024586939417781,0.0001966955153422,0.0,10.231230330448469,0.1934500393391031,1.4195908733280884,11.650821203776555,10.233689024390245,1.5723598544453186,,,,,10.2,0.2,1.5,11.9,1.6,,,,,10.9,0.2,1.3,11.9,1.5,38.0,0.85,0.65,42.0,18.0,1.8,18.0,22.0,6.0,58.7,,,,,,,,,,,,,,,,,,,,,,NO ODDS,,,,,,,,,14.7,,EARLY MODERATE,No OVER/UNDER recommendation.
2026,3,,2026-09-27,16:05,00-0040154,Tai Felton,tai felton,MIN,TB,WR,LOW TARGET,False,,,-1.5,45.5,23.5,,,0,12,8,0.2,0.7,0.1,8,18,0.56,0.84,0.0,0.4,1.0,54.46,54.16,58.7,56.38,1.025,0.55,1.03,1.018,0.992,Neutral,1.013,1.096,1.079,1.0,1.013,1.015,0.955,1.013,9.6,7.9,0.0,1.3,1.5,-4.5,1.3,0.0045788902053712,0.0001110781990521,0.0,0.1242101105845181,0.5632315453109292,6.037258320766911,6.161468431351429,0.1287890007898894,1.3352191269926756,,,,,0.1,0.6,6.2,,1.4,,,,,0.1,0.6,5.9,,1.4,38.0,0.85,0.65,42.0,18.0,1.8,18.0,22.0,6.0,58.7,,,,,,,,,,,,,,,,,,,,,,NO ODDS,,,,,,,,,14.7,,EARLY MODERATE,No OVER/UNDER recommendation.
2026,3,,2026-09-27,13:00,00-0038476,Tommy DeVito,tommy devito,NYG,TEN,QB,QB,True,,,5.5,43.5,19.0,,,0,2,8,0.2,0.7,0.1,8,18,8.21,6.6,2.72,12.43,-0.544,55.45,88.79,58.5,44.38,0.976,0.7,0.97,0.934,1.056,Neutral,1.04,1.071,1.016,1.0,1.04,1.0,1.0,1.04,7.1,1.6,0.0,4.0,0.0,0.0,4.0,113.75892857142856,0.1482698001480385,0.0,9.923112509252404,0.0012490747594374,0.002220577350111,9.925333086602516,123.68204108068096,6.079853811991119,107.7,0.14,0.0,117.1,,,,,5.8,115.3,0.14,0.0,125.4,,,,,6.0,38.0,0.85,0.65,42.0,18.0,1.8,18.0,22.0,6.0,58.5,,,,,,,,,,,,,,,,,,,,,,NO ODDS,,,,,,,,,14.6,,EARLY MODERATE,No OVER/UNDER recommendation.
2026,3,,2026-09-27,13:00,00-0031610,Darren Waller,darren waller,CAR,CLE,TE,LOW TARGET,False,,,2.5,40.5,19.0,,,2,9,8,0.2,0.7,0.1,8,18,8.99,8.42,2.28,9.82,-0.317,51.62,59.16,58.5,37.62,0.97,0.55,0.97,0.97,1.017,Neutral,0.948,0.88,1.049,1.0,0.948,0.966,0.968,0.948,-12.0,4.9,0.0,-5.2,-3.4,-3.2,-5.2,0.0079202054118111,7.90045427612088e-05,0.0,0.3780608773893387,2.604373700892564,29.72896025946095,30.10702113685029,0.3859810828011499,9.778710531430956,,,,,0.4,2.6,29.3,,9.2,,,,,0.4,2.5,28.4,,8.7,38.0,0.85,0.65,42.0,18.0,1.8,18.0,22.0,6.0,58.5,,,,,,,,,,,,,,,,,,,,,,NO ODDS,,,,,,,,,14.6,,EARLY MODERATE,No OVER/UNDER recommendation.
2026,3,,2026-09-27,13:00,00-0038938,Jalin Hyatt,jalin hyatt,NYG,TEN,WR,LOW TARGET,True,,,5.5,43.5,19.0,,,0,16,8,0.2,0.7,0.1,8,18,1.31,1.87,0.0,2.38,-0.191,41.15,53.94,58.5,44.38,0.976,0.55,0.977,0.934,1.056,Neutral,1.04,1.071,1.016,1.0,1.04,1.118,1.12,1.04,7.1,1.6,0.0,4.0,11.8,12.0,4.0,0.0045788902053712,0.0001110781990521,0.0,0.1242101105845181,1.0558451816745655,9.535932563191151,9.660142673775672,0.1287890007898894,2.1777001875987363,,,,,0.1,1.1,9.8,,2.1,,,,,0.1,1.2,11.0,,2.2,38.0,0.85,0.65,42.0,18.0,1.8,18.0,22.0,6.0,58.5,,,,,,,,,,,,,,,,,,,,,,NO ODDS,,,,,,,,,14.6,,EARLY MODERATE,No OVER/UNDER recommendation.
2026,3,,2026-09-27,13:00,00-0038108,Bailey Zappe,bailey zappe,CLE,CAR,QB,STARTING QB,True,,,-2.5,40.5,21.5,,,0,1,8,0.2,0.7,0.1,8,18,9.22,6.37,5.46,13.16,-0.575,59.13,89.78,58.3,42.62,0.995,0.954,0.97,1.03,0.968,Neutral,1.007,0.941,0.88,1.0,1.007,1.0,1.0,1.007,-5.9,-12.0,0.0,0.7,0.0,0.0,0.7,172.75892857142858,1.0232698001480385,0.0,3.673112509252406,0.0012490747594374,0.002220577350111,3.675333086602517,176.432041080681,7.814853811991117,166.7,0.99,0.0,170.3,,,,,7.5,156.9,0.87,0.0,160.3,,,,,7.6,38.0,0.85,0.65,42.0,18.0,1.8,18.0,22.0,6.0,58.3,,,,,,,,,,,,,,,,,,,,,,NO ODDS,,,,,,,,,14.6,,EARLY MODERATE,No OVER/UNDER recommendation.
2026,3,,2026-09-27,13:00,00-0036842,Kene Nwangwu,kene nwangwu,NYJ,DET,RB,DEPTH RB,False,,,-7.0,48.5,27.75,,,0,12,8,0.2,0.7,0.1,8,18,1.35,1.86,0.0,2.12,1.0,42.04,54.72,58.2,72.25,1.074,0.6,1.03,1.084,0.946,Favorable,1.088,1.108,1.12,1.0,1.004,0.88,0.88,0.95,10.8,12.0,0.0,0.4,-12.0,-12.0,-5.0,0.0024586939417781,0.0001966955153422,0.0,9.053010633478769,0.1934500393391031,1.4195908733280884,10.47260150680686,9.055469327420548,2.124992430202894,,,,,10.1,0.2,1.4,11.0,2.3,,,,,10.1,0.2,1.2,10.4,2.5,38.0,0.85,0.65,42.0,18.0,1.8,18.0,22.0,6.0,58.2,,,,,,,,,,,,,,,,,,,,,,NO ODDS,,,,,,,,,14.6,,EARLY MODERATE,No OVER/UNDER recommendation.
2026,3,,2026-09-27,16:05,00-0036887,Luke Farrell,luke farrell,SF,ARI,TE,LOW TARGET,True,,,8.5,47.5,19.5,,,2,25,8,0.2,0.7,0.1,8,18,1.75,2.78,0.0,2.4,0.867,38.65,51.1,58.2,54.12,0.989,0.55,1.03,0.898,1.098,Neutral,1.062,1.039,1.12,1.0,1.062,1.12,1.12,1.062,3.9,12.0,0.0,6.2,12.0,12.0,6.2,0.0079202054118111,7.90045427612088e-05,0.0,0.0336164329448943,0.9521356056544682,7.502944386445079,7.536560819389973,0.0415366383567055,2.1351406901611134,,,,,0.0,1.1,8.5,,2.2,,,,,0.0,1.2,9.5,,2.3,38.0,0.85,0.65,42.0,18.0,1.8,18.0,22.0,6.0,58.2,,,,,,,,,,,,,,,,,,,,,,NO ODDS,,,,,,,,,14.6,,EARLY MODERATE,No OVER/UNDER recommendation.
2026,3,,2026-09-27,16:05,00-0036261,Brandon Aiyuk,brandon aiyuk,SF,ARI,WR,REGULAR TARGET,True,,,8.5,47.5,19.5,,,0,7,8,0.2,0.7,0.1,8,18,8.77,6.05,5.33,8.68,0.313,59.16,66.28,58.2,54.12,0.989,0.92,1.03,0.898,1.098,Neutral,1.062,1.039,1.12,1.0,1.062,1.018,0.97,1.062,3.9,12.0,0.0,6.2,1.8,-3.0,6.2,0.0045788902053712,0.0001110781990521,0.0,0.1242101105845181,3.431738038817423,52.12789684890544,52.25210695948997,0.1287890007898894,8.812789473313023,,,,,0.1,3.9,59.0,,9.0,,,,,0.1,4.0,57.2,,9.6,38.0,0.85,0.65,42.0,18.0,1.8,21.74,22.0,6.0,58.2,,,,,,,,,,,,,,,,,,,,,,NO ODDS,,,,,,,,,14.6,,EARLY MODERATE,No OVER/UNDER recommendation.
2026,3,,2026-09-27,13:00,00-0036755,Jaret Patterson,jaret patterson,LAC,BUF,RB,DEPTH RB,False,,,-4.5,49.5,27.0,,,0,6,8,0.2,0.7,0.1,8,18,4.41,4.03,0.1,6.97,1.0,52.25,66.72,58.1,72.12,1.068,0.6,1.03,1.054,0.974,Neutral,0.94,0.885,0.982,1.0,1.083,0.981,0.981,1.058,-11.5,-1.8,0.0,8.3,-1.9,-1.9,5.8,0.0024586939417781,0.0001966955153422,0.0,26.299980330448463,0.8184500393391032,3.086257539994755,29.38623787044322,26.30243902439024,4.920901521111984,,,,,28.6,0.8,3.1,30.7,5.4,,,,,31.0,0.8,3.0,32.5,5.1,38.0,0.85,0.65,42.0,18.0,1.8,18.0,22.0,6.0,58.1,,,,,,,,,,,,,,,,,,,,,,NO ODDS,,,,,,,,,14.5,,EARLY MODERATE,No OVER/UNDER recommendation.
2026,3,,2026-09-27,16:25,00-0037093,Dareke Young,dareke young,LV,NO,WR,LOW TARGET,False,,,-3.0,45.5,24.25,,,2,15,8,0.2,0.7,0.1,8,18,1.06,1.78,0.0,0.93,1.0,37.36,50.06,58.1,58.25,1.032,0.55,1.03,1.036,0.977,Neutral,0.981,0.895,0.948,1.0,0.981,0.929,0.88,0.981,-10.5,-5.2,0.0,-1.9,-7.1,-12.0,-1.9,0.0036631121642969,8.886255924170617e-05,0.0,0.0993680884676145,0.5072951929587003,9.713746050552924,9.81311413902054,0.1030312006319115,1.6132791976980367,,,,,0.1,0.5,9.8,,1.7,,,,,0.1,0.5,8.6,,1.7,38.0,0.85,0.65,42.0,18.0,1.8,18.0,22.0,6.0,58.1,,,,,,,,,,,,,,,,,,,,,,NO ODDS,,,,,,,,,14.5,,EARLY MODERATE,No OVER/UNDER recommendation.
2026,3,,2026-09-27,13:00,00-0040164,Jaylin Lane,jaylin lane,WAS,SEA,WR,LOW TARGET,True,,,-2.5,41.5,22.0,,,2,15,8,0.2,0.7,0.1,8,16,1.59,2.21,0.0,3.0,-0.767,41.8,51.42,57.9,45.62,1.002,0.55,0.97,1.03,0.97,Neutral,0.94,0.88,0.88,1.0,0.94,0.88,0.88,0.94,-12.0,-12.0,0.0,-6.0,-12.0,-12.0,-6.0,0.0036631121642969,8.886255924170617e-05,0.0,0.3860347551342812,0.989199954863462,13.479460336267213,13.865495091401494,0.3896978672985783,3.077564911983752,,,,,0.4,0.9,12.7,,3.0,,,,,0.4,0.8,11.2,,2.8,38.0,0.85,0.65,42.0,18.0,1.8,18.0,22.0,6.0,57.9,,,,,,,,,,,,,,,,,,,,,,NO ODDS,,,,,,,,,14.5,,EARLY MODERATE,No OVER/UNDER recommendation.
2026,3,,2026-09-27,16:25,00-0040581,Dont'e Thornton Jr.,donte thornton jr,LV,NO,WR,LOW TARGET,False,,,-3.0,45.5,24.25,,,0,11,8,0.2,0.7,0.1,8,18,1.32,1.26,0.0,2.17,0.395,51.09,56.71,57.9,58.25,1.032,0.55,1.03,1.036,0.977,Neutral,0.981,0.895,0.948,1.0,0.981,0.929,0.88,0.981,-10.5,-5.2,0.0,-1.9,-7.1,-12.0,-1.9,0.0045788902053712,0.0001110781990521,0.0,0.1242101105845181,1.0791406362200202,12.928546199554788,13.052756310139308,0.1287890007898894,2.5402570057805542,,,,,0.1,1.1,13.0,,2.7,,,,,0.1,1.0,11.4,,2.6,38.0,0.85,0.65,42.0,18.0,1.8,18.0,22.0,6.0,57.9,,,,,,,,,,,,,,,,,,,,,,NO ODDS,,,,,,,,,14.5,,EARLY MODERATE,No OVER/UNDER recommendation.
2026,3,,2026-09-27,16:25,00-0033893,Dalvin Cook,dalvin cook,DAL,BAL,RB,DEPTH RB,True,,,-3.0,52.5,27.75,,,0,2,8,0.2,0.7,0.1,8,18,2.34,1.1,1.68,3.3,-0.368,68.1,66.08,57.8,79.25,1.082,0.6,0.97,1.036,0.998,Neutral,0.998,1.077,0.88,1.0,0.88,1.12,1.12,0.954,7.7,-12.0,0.0,-12.0,12.0,12.0,-4.6,0.0024586939417781,0.0001966955153422,0.0,12.124980330448466,0.4434500393391031,3.919590873328088,16.044571203776556,12.127439024390243,2.261734854445318,,,,,12.2,0.4,3.8,15.8,2.4,,,,,10.7,0.4,4.3,15.1,2.4,38.0,0.85,0.65,42.0,18.0,1.8,18.0,22.0,6.0,57.8,,,,,,,,,,,,,,,,,,,,,,NO ODDS,,,,,,,,,14.4,,EARLY MODERATE,No OVER/UNDER recommendation.
2026,3,,2026-09-27,16:05,00-0039521,Xavier Weaver,xavier weaver,ARI,SF,WR,LOW TARGET,False,,,-8.5,47.5,28.0,,,0,9,8,0.2,0.7,0.1,8,18,2.09,1.87,0.0,3.6,0.537,52.68,56.53,57.7,71.12,1.074,0.55,1.03,1.102,0.928,Neutral,0.998,1.001,0.926,1.0,0.998,0.987,0.959,0.998,0.1,-7.4,0.0,-0.2,-1.3,-4.1,-0.2,0.0045788902053712,0.0001110781990521,0.0,0.1242101105845181,1.1614007372301212,12.293571452080045,12.417781562664562,0.1287890007898894,2.55901963204318,,,,,0.1,1.1,11.8,,2.8,,,,,0.1,1.1,11.3,,2.8,38.0,0.85,0.65,42.0,18.0,1.8,18.0,22.0,6.0,57.7,,,,,,,,,,,,,,,,,,,,,,NO ODDS,,,,,,,,,14.4,,EARLY MODERATE,No OVER/UNDER recommendation.
2026,3,,2026-09-27,13:00,00-0037292,Andrew Ogletree,andrew ogletree,IND,HOU,TE,LOW TARGET,True,,,-2.5,45.5,24.0,,,2,23,8,0.2,0.7,0.1,8,18,1.42,2.63,0.0,1.88,-0.802,35.06,50.44,57.6,57.62,1.03,0.55,0.97,1.03,0.982,Neutral,0.956,0.963,0.88,1.0,0.956,0.983,1.031,0.956,-3.7,-12.0,0.0,-4.4,-1.7,3.1,-4.4,0.0079202054118111,7.90045427612088e-05,0.0,0.0336164329448943,0.5953439625149989,6.023886227213007,6.057502660157901,0.0415366383567055,1.6585459978968558,,,,,0.0,0.6,5.7,,1.7,,,,,0.0,0.6,5.9,,1.6,38.0,0.85,0.65,42.0,18.0,1.8,18.0,22.0,6.0,57.6,,,,,,,,,,,,,,,,,,,,,,NO ODDS,,,,,,,,,14.4,,EARLY MODERATE,No OVER/UNDER recommendation.
2026,3,,2026-09-27,13:00,00-0038824,Ryan Miller,ryan miller,MIA,KC,WR,LOW TARGET,True,,,-8.5,44.5,26.5,,,1,18,8,0.2,0.7,0.1,8,17,2.87,5.56,0.0,0.6,1.0,34.04,49.12,57.5,62.12,1.053,0.55,1.03,1.102,0.92,Tough,0.891,0.88,0.88,1.0,0.891,0.958,0.88,0.891,-12.0,-12.0,0.0,-10.9,-4.2,-12.0,-10.9,0.0036631121642969,8.886255924170617e-05,0.0,0.0993680884676145,0.9100029427252736,23.89139310937645,23.99076119784407,0.1030312006319115,5.25728106511167,,,,,0.1,0.9,22.6,,5.7,,,,,0.1,0.9,19.9,,5.1,38.0,0.85,0.65,42.0,18.0,1.8,18.0,22.0,6.0,57.5,,,,,,,,,,,,,,,,,,,,,,NO ODDS,,,,,,,,,14.4,,EARLY MODERATE,No OVER/UNDER recommendation.
2026,3,,2026-09-27,13:00,00-0038098,Pierre Strong,pierre strong,CLE,CAR,RB,DEPTH RB,True,,,-2.5,40.5,21.5,,,0,13,8,0.2,0.7,0.1,8,18,2.46,2.74,0.38,2.9,1.0,47.39,57.37,57.4,42.62,0.995,0.6,1.03,1.03,0.968,Neutral,1.007,0.941,0.88,1.0,1.12,0.997,0.963,1.12,-5.9,-12.0,0.0,12.0,-0.3,-3.7,12.0,0.0024586939417781,0.0001966955153422,0.0,11.62978802275616,1.174219270108334,7.631129334866549,19.26091735762271,11.632246716697937,3.3141387005991656,,,,,12.3,1.2,7.6,19.8,3.4,,,,,13.8,1.2,7.3,22.2,3.4,38.0,0.85,0.65,42.0,18.0,1.8,18.0,22.0,6.0,57.4,,,,,,,,,,,,,,,,,,,,,,NO ODDS,,,,,,,,,14.4,,EARLY MODERATE,No OVER/UNDER recommendation.
2026,3,,2026-09-27,13:00,00-0034830,Hayden Hurst,hayden hurst,LAC,BUF,TE,LOW TARGET,False,,,-4.5,49.5,27.0,,,0,7,8,0.2,0.7,0.1,8,18,2.04,1.44,1.58,3.42,-0.485,58.56,57.92,57.4,72.12,1.068,0.55,0.97,1.054,0.974,Neutral,0.94,0.885,0.982,1.0,0.94,0.88,0.88,0.94,-11.5,-1.8,0.0,-6.0,-12.0,-12.0,-6.0,0.0099002567647639,9.8755678451511e-05,0.0,0.0420205411811179,1.1676695070680851,10.252966197342062,10.294986738523178,0.0519207979458819,2.3213544341299626,,,,,0.0,1.1,9.7,,2.4,,,,,0.0,1.0,8.5,,2.3,38.0,0.85,0.65,42.0,18.0,1.8,18.0,22.0,6.0,57.4,,,,,,,,,,,,,,,,,,,,,,NO ODDS,,,,,,,,,14.4,,EARLY MODERATE,No OVER/UNDER recommendation.
2026,3,,2026-09-27,13:00,00-0036620,Dee Eskridge,dee eskridge,MIA,KC,WR,LOW TARGET,True,,,-8.5,44.5,26.5,,,0,16,8,0.2,0.7,0.1,8,17,0.66,1.97,0.0,0.0,-1.0,33.7,49.17,57.4,62.12,1.053,0.55,0.97,1.102,0.92,Tough,0.891,0.88,0.88,1.0,0.891,0.958,0.88,0.891,-12.0,-12.0,0.0,-10.9,-4.2,-12.0,-10.9,0.0045788902053712,0.0001110781990521,0.0,0.1242101105845181,0.6558451816745656,9.220307563191154,9.344517673775671,0.1287890007898894,1.7461376875987362,,,,,0.1,0.6,8.2,,1.8,,,,,0.1,0.6,7.2,,1.6,38.0,0.85,0.65,42.0,18.0,1.8,18.0,22.0,6.0,57.4,,,,,,,,,,,,,,,,,,,,,,NO ODDS,,,,,,,,,14.4,,EARLY MODERATE,No OVER/UNDER recommendation.
2026,3,,2026-09-27,20:20,00-0037557,Ronnie Rivers,ronnie rivers,LAR,DEN,RB,DEPTH RB,False,,,2.5,46.5,22.0,,,1,12,8,0.2,0.7,0.1,8,18,1.97,3.25,0.0,3.57,-0.049,37.75,55.12,57.3,55.62,1.012,0.6,0.994,0.97,1.035,Neutral,0.966,0.913,0.88,1.0,0.95,0.88,0.88,0.912,-8.7,-12.0,0.0,-5.0,-12.0,-12.0,-8.8,0.0019669551534225,0.0001573564122738,0.0,14.992408506783018,0.6168812435924947,4.041733304723077,19.034141811506096,14.99437546193644,2.691357580525952,,,,,14.5,0.6,4.2,19.0,2.7,,,,,13.8,0.5,3.7,17.3,2.6,38.0,0.85,0.65,42.0,18.0,1.8,18.0,22.0,6.0,57.3,,,,,,,,,,,,,,,,,,,,,,NO ODDS,,,,,,,,,14.3,,EARLY MODERATE,No OVER/UNDER recommendation.
2026,3,,2026-09-27,13:00,00-0035021,Ashton Dulin,ashton dulin,IND,HOU,WR,LOW TARGET,True,,,-2.5,45.5,24.0,,,1,25,8,0.2,0.7,0.1,8,18,1.04,1.99,0.0,0.7,-1.0,34.48,50.09,57.3,57.62,1.03,0.55,0.97,1.03,0.982,Neutral,0.956,0.963,0.88,1.0,0.956,0.908,0.95,0.956,-3.7,-12.0,0.0,-4.4,-9.2,-5.0,-4.4,0.0036631121642969,8.886255924170617e-05,0.0,2.5543680884676148,0.4636761453396525,8.069746050552924,10.62411413902054,2.558031200631912,1.7467601500789889,,,,,2.6,0.4,7.7,,1.7,,,,,2.5,0.4,7.3,,1.6,38.0,0.85,0.65,42.0,18.0,1.8,18.0,22.0,6.0,57.3,,,,,,,,,,,,,,,,,,,,,,NO ODDS,,,,,,,,,14.3,,EARLY MODERATE,No OVER/UNDER recommendation.
2026,3,,2026-09-27,16:05,00-0034854,KhaDarel Hodge,khadarel hodge,SF,ARI,WR,LOW TARGET,True,,,8.5,47.5,19.5,,,2,19,8,0.2,0.7,0.1,8,18,1.03,1.89,0.0,0.7,0.933,35.27,50.58,57.2,54.12,0.989,0.55,1.03,0.898,1.098,Neutral,1.062,1.039,1.12,1.0,1.062,1.018,0.97,1.062,3.9,12.0,0.0,6.2,1.8,-3.0,6.2,0.0036631121642969,8.886255924170617e-05,0.0,0.0993680884676145,0.7691999548634622,11.415350060577987,11.5147181490456,0.1030312006319115,2.213765413236884,,,,,0.1,0.9,12.9,,2.3,,,,,0.1,0.9,12.5,,2.4,38.0,0.85,0.65,42.0,18.0,1.8,18.0,22.0,6.0,57.2,,,,,,,,,,,,,,,,,,,,,,NO ODDS,,,,,,,,,14.3,,EARLY MODERATE,No OVER/UNDER recommendation.
2026,3,,2026-09-27,13:00,00-0038678,Jordan Mims,jordan mims,TEN,NYG,RB,DEPTH RB,False,,,-5.5,43.5,24.5,,,0,9,8,0.2,0.7,0.1,8,18,3.25,2.93,0.22,4.97,0.827,52.58,60.8,57.0,55.38,1.031,0.6,1.03,1.066,0.946,Neutral,1.044,1.021,1.12,1.0,1.12,1.007,0.981,1.12,2.1,12.0,0.0,12.0,0.7,-1.9,12.0,0.0024586939417781,0.0001966955153422,0.0,10.972202552670687,1.505950039339103,8.5307019844392,19.502904537109888,10.974661246612468,3.670068187778652,,,,,12.0,1.5,8.3,20.2,3.9,,,,,13.4,1.5,8.1,22.6,4.1,38.0,0.85,0.65,42.0,18.0,1.8,18.0,22.0,6.0,57.0,,,,,,,,,,,,,,,,,,,,,,NO ODDS,,,,,,,,,14.2,,EARLY MODERATE,No OVER/UNDER recommendation.
2026,3,,2026-09-27,13:00,00-0036265,AJ Dillon,aj dillon,CAR,CLE,RB,DEPTH RB,False,,,2.5,40.5,19.0,,,2,6,8,0.2,0.7,0.1,8,18,1.41,0.97,1.15,1.92,-0.224,59.39,59.94,57.0,37.62,0.97,0.6,0.973,0.97,1.017,Neutral,0.948,0.88,1.049,1.0,1.064,0.954,0.88,0.999,-12.0,4.9,0.0,6.4,-4.6,-12.0,-0.1,0.0019669551534225,0.0001573564122738,0.0,10.411412835787344,0.6147600314712826,4.275672698662471,14.687085534449816,10.413379790940768,1.9611974073657787,,,,,9.8,0.6,4.2,14.2,1.9,,,,,10.4,0.6,3.7,14.2,1.8,38.0,0.85,0.65,42.0,18.0,1.8,18.0,22.0,6.0,57.0,,,,,,,,,,,,,,,,,,,,,,NO ODDS,,,,,,,,,14.2,,EARLY MODERATE,No OVER/UNDER recommendation.
2026,3,,2026-09-27,13:00,00-0038752,Jake Bobo,jake bobo,SEA,WAS,WR,LOW TARGET,False,,,2.5,41.5,19.5,,,0,17,8,0.2,0.7,0.1,8,18,1.53,2.19,0.0,2.02,-0.871,41.14,51.21,56.9,40.62,0.977,0.55,0.97,0.97,1.02,Favorable,1.106,1.099,1.12,1.0,1.106,1.104,1.096,1.106,9.9,12.0,0.0,10.6,10.4,9.6,10.6,0.0045788902053712,0.0001110781990521,0.0,0.1242101105845181,0.983602534615742,9.600454622014682,9.7246647325992,0.1287890007898894,2.4703656287752063,,,,,0.1,1.0,9.5,,2.3,,,,,0.1,1.1,10.4,,2.5,38.0,0.85,0.65,42.0,18.0,1.8,18.0,22.0,6.0,56.9,,,,,,,,,,,,,,,,,,,,,,NO ODDS,,,,,,,,,14.2,,EARLY MODERATE,No OVER/UNDER recommendation.
2026,3,,2026-09-27,16:05,00-0036332,Josiah Deguara,josiah deguara,ARI,SF,TE,LOW TARGET,False,,,-8.5,47.5,28.0,,,0,14,8,0.2,0.7,0.1,8,18,1.88,3.59,0.0,0.4,1.0,34.44,49.93,56.8,71.12,1.074,0.55,1.03,1.102,0.928,Neutral,0.998,1.001,0.926,1.0,0.998,1.062,1.009,0.998,0.1,-7.4,0.0,-0.2,6.2,0.9,-0.2,0.0099002567647639,9.8755678451511e-05,0.0,0.0420205411811179,0.6580541224527003,5.173295867671732,5.215316408852851,0.0519207979458819,1.8394863022618304,,,,,0.0,0.6,4.9,,2.0,,,,,0.0,0.6,4.9,,2.0,38.0,0.85,0.65,42.0,18.0,1.8,18.0,22.0,6.0,56.8,,,,,,,,,,,,,,,,,,,,,,NO ODDS,,,,,,,,,14.2,,EARLY MODERATE,No OVER/UNDER recommendation.
2026,3,,2026-09-27,13:00,00-0038710,Blake Whiteheart,blake whiteheart,CLE,CAR,TE,LOW TARGET,True,,,-2.5,40.5,21.5,,,2,16,8,0.2,0.7,0.1,8,18,2.05,3.23,0.0,1.65,1.0,38.8,51.43,56.7,42.62,0.995,0.55,1.03,1.03,0.968,Neutral,1.007,0.941,0.88,1.0,1.007,0.923,1.088,1.007,-5.9,-12.0,0.0,0.7,-7.7,8.8,0.7,0.0079202054118111,7.90045427612088e-05,0.0,0.0336164329448943,0.6973498913687538,7.136301529302221,7.169917962247116,0.0415366383567055,2.5208335473039702,,,,,0.0,0.7,7.1,,2.6,,,,,0.0,0.6,7.7,,2.6,38.0,0.85,0.65,42.0,18.0,1.8,18.0,22.0,6.0,56.7,,,,,,,,,,,,,,,,,,,,,,NO ODDS,,,,,,,,,14.2,,EARLY MODERATE,No OVER/UNDER recommendation.
2026,3,,2026-09-27,13:00,00-0040739,Elijah Arroyo,elijah arroyo,SEA,WAS,TE,LOW TARGET,False,,,2.5,41.5,19.5,,,1,13,8,0.2,0.7,0.1,8,14,2.22,3.15,0.0,3.58,-0.1,41.34,53.2,56.5,40.62,0.977,0.55,0.988,0.97,1.02,Favorable,1.106,1.099,1.12,1.0,1.106,0.975,1.12,1.106,9.9,12.0,0.0,10.6,-2.5,12.0,10.6,0.0079202054118111,7.90045427612088e-05,0.0,0.0336164329448943,1.1621575836764462,14.145230100730792,14.178846533675689,0.0415366383567055,2.917852778073201,,,,,0.0,1.2,14.3,,2.8,,,,,0.0,1.2,16.0,,3.1,38.0,0.85,0.65,42.0,18.0,1.8,18.0,22.0,6.0,56.5,,,,,,,,,,,,,,,,,,,,,,NO ODDS,,,,,,,,,14.1,,EARLY MODERATE,No OVER/UNDER recommendation.
2026,3,,2026-09-27,13:00,00-0030578,Cordarrelle Patterson,cordarrelle patterson,PIT,CIN,RB,DEPTH RB,True,,,-2.5,45.5,24.0,,,0,13,8,0.2,0.7,0.1,8,18,2.3,3.51,0.02,3.4,-0.076,39.58,53.95,56.4,57.62,1.03,0.6,0.991,1.03,0.982,Neutral,1.046,1.1,0.888,1.0,1.084,1.12,1.12,1.12,10.0,-11.2,0.0,8.4,12.0,12.0,12.0,0.0024586939417781,0.0001966955153422,0.0,11.687480330448466,0.9674885008775646,6.6167062579434734,18.30418658839194,11.689939024390243,3.377119469829935,,,,,11.9,0.9,6.4,18.3,3.4,,,,,12.9,1.0,7.2,20.5,3.6,38.0,0.85,0.65,42.0,18.0,1.8,18.0,22.0,6.0,56.4,,,,,,,,,,,,,,,,,,,,,,NO ODDS,,,,,,,,,14.1,,EARLY MODERATE,No OVER/UNDER recommendation.
2026,3,,2026-09-27,13:00,00-0039650,Bryce Oliver,bryce oliver,TEN,NYG,WR,LOW TARGET,False,,,-5.5,43.5,24.5,,,0,10,8,0.2,0.7,0.1,8,18,1.51,1.3,0.0,2.52,-0.023,53.72,55.29,56.4,55.38,1.031,0.55,0.997,1.066,0.946,Neutral,1.044,1.021,1.12,1.0,1.044,1.026,1.045,1.044,2.1,12.0,0.0,4.4,2.6,4.5,4.4,0.0045788902053712,0.0001110781990521,0.0,0.1242101105845181,0.9245951816745658,12.45884922985782,12.583059340442338,0.1287890007898894,2.3387418542654026,,,,,0.1,0.9,11.8,,2.4,,,,,0.1,0.9,12.3,,2.5,38.0,0.85,0.65,42.0,18.0,1.8,18.0,22.0,6.0,56.4,,,,,,,,,,,,,,,,,,,,,,NO ODDS,,,,,,,,,14.1,,EARLY MODERATE,No OVER/UNDER recommendation.
2026,3,,2026-09-27,13:00,00-0038576,Charlie Jones,charlie jones,CIN,PIT,WR,LOW TARGET,False,,,2.5,45.5,21.5,,,0,21,8,0.2,0.7,0.1,8,18,0.61,1.82,0.0,0.0,-1.0,35.51,49.11,56.4,52.62,1.005,0.55,0.97,0.97,1.032,Neutral,1.062,1.054,0.952,1.0,1.062,0.995,0.997,1.062,5.4,-4.8,0.0,6.2,-0.5,-0.3,6.2,0.0045788902053712,0.0001110781990521,0.0,0.1242101105845181,0.3484047054840894,4.211230182238773,4.335440292823291,0.1287890007898894,1.437789473313022,,,,,0.1,0.3,4.2,,1.4,,,,,0.1,0.3,4.2,,1.5,38.0,0.85,0.65,42.0,18.0,1.8,18.0,22.0,6.0,56.4,,,,,,,,,,,,,,,,,,,,,,NO ODDS,,,,,,,,,14.1,,EARLY MODERATE,No OVER/UNDER recommendation.
2026,3,,2026-09-27,13:00,00-0031800,Taylor Heinicke,taylor heinicke,LAC,BUF,QB,QB,False,,,-4.5,49.5,27.0,,,0,4,8,0.2,0.7,0.1,8,17,5.58,6.33,0.92,14.3,-0.929,46.83,71.96,56.3,72.12,1.068,0.7,0.97,1.054,0.974,Neutral,0.94,0.885,0.982,1.0,0.94,1.0,1.0,0.94,-11.5,-1.8,0.0,-6.0,0.0,0.0,-6.0,28.008928571428577,0.1482698001480385,0.0,6.673112509252406,0.0012490747594374,0.002220577350111,6.6753330866025165,34.68204108068098,2.3248538119911184,29.0,0.15,0.0,35.9,,,,,2.4,25.7,0.15,0.0,31.8,,,,,2.3,38.0,0.85,0.65,42.0,18.0,1.8,18.0,22.0,6.0,56.3,,,,,,,,,,,,,,,,,,,,,,NO ODDS,,,,,,,,,14.1,,EARLY MODERATE,No OVER/UNDER recommendation.
2026,3,,2026-09-27,13:00,00-0038488,Brady Russell,brady russell,SEA,WAS,RB,DEPTH RB,False,,,2.5,41.5,19.5,,,1,18,8,0.2,0.7,0.1,8,16,0.71,1.53,0.0,0.0,1.0,39.49,50.76,56.3,40.62,0.977,0.6,1.03,0.97,1.02,Favorable,1.106,1.099,1.12,1.0,1.11,0.88,0.941,1.069,9.9,12.0,0.0,11.0,-12.0,-5.9,6.9,0.0019669551534225,0.0001573564122738,0.0,3.2999842643587733,0.5547600314712826,5.135672698662472,8.435656963021247,3.3019512195121954,1.5693878835562551,,,,,3.3,0.6,5.4,8.6,1.6,,,,,3.7,0.5,5.1,9.2,1.8,38.0,0.85,0.65,42.0,18.0,1.8,18.0,22.0,6.0,56.3,,,,,,,,,,,,,,,,,,,,,,NO ODDS,,,,,,,,,14.1,,EARLY MODERATE,No OVER/UNDER recommendation.
2026,3,,2026-09-27,20:20,00-0035264,Jarrett Stidham,jarrett stidham,DEN,LAR,QB,QB,True,,,-2.5,46.5,24.5,,,0,3,8,0.2,0.7,0.1,8,18,7.26,8.38,0.5,13.61,-0.99,46.41,79.28,56.2,60.62,1.037,0.7,0.97,1.03,0.985,Neutral,1.0,1.0,1.0,1.0,1.0,1.0,1.0,1.0,0.0,0.0,0.0,0.0,0.0,0.0,0.0,24.008928571428577,0.1482698001480385,0.0,3.2147791759190727,0.0012490747594374,0.002220577350111,3.216999753269184,27.223707747347653,1.8190204786577848,24.2,0.15,0.0,27.4,,,,,1.8,24.2,0.15,0.0,27.4,,,,,1.8,38.0,0.85,0.65,42.0,18.0,1.8,18.0,22.0,6.0,56.2,,,,,,,,,,,,,,,,,,,,,,NO ODDS,,,,,,,,,14.0,,EARLY MODERATE,No OVER/UNDER recommendation.
2026,3,,2026-09-27,13:00,00-0037327,Skylar Thompson,skylar thompson,MIA,KC,QB,QB,True,,,-8.5,44.5,26.5,,,0,2,8,0.2,0.7,0.1,8,18,3.18,3.02,0.2,4.94,1.0,51.33,78.55,56.1,62.12,1.053,0.7,1.03,1.102,0.92,Tough,0.891,0.88,0.88,1.0,0.891,1.0,1.0,0.891,-12.0,-12.0,0.0,-10.9,0.0,0.0,-10.9,110.88392857142858,0.1482698001480385,0.0,2.923112509252406,0.0012490747594374,0.002220577350111,2.925333086602517,113.807041080681,5.264853811991118,120.3,0.16,0.0,123.4,,,,,5.7,105.9,0.14,0.0,108.6,,,,,5.1,38.0,0.85,0.65,42.0,18.0,1.8,18.0,22.0,6.0,56.1,,,,,,,,,,,,,,,,,,,,,,NO ODDS,,,,,,,,,14.0,,EARLY MODERATE,No OVER/UNDER recommendation.
2026,3,,2026-09-27,16:25,00-0036741,Jack Stoll,jack stoll,NO,LV,TE,LOW TARGET,True,,,3.0,45.5,21.25,,,0,14,8,0.2,0.7,0.1,8,18,1.62,2.47,0.0,1.7,0.467,39.62,52.22,56.1,52.25,1.002,0.55,1.03,0.964,1.038,Neutral,0.951,0.937,0.88,1.0,0.951,0.88,0.88,0.951,-6.3,-12.0,0.0,-4.9,-12.0,-12.0,-4.9,0.0099002567647639,9.8755678451511e-05,0.0,0.0420205411811179,0.799537638936217,6.467251911627777,6.509272452808895,0.0519207979458819,1.9372885000640283,,,,,0.0,0.9,6.9,,2.0,,,,,0.0,0.8,6.1,,1.9,38.0,0.85,0.65,42.0,18.0,1.8,18.0,22.0,6.0,56.1,,,,,,,,,,,,,,,,,,,,,,NO ODDS,,,,,,,,,14.0,,EARLY MODERATE,No OVER/UNDER recommendation.
2026,3,,2026-09-27,13:00,00-0034073,Ross Dwelley,ross dwelley,DET,NYJ,TE,LOW TARGET,True,,,7.0,48.5,20.75,,,0,8,8,0.2,0.7,0.1,8,16,0.59,0.69,0.0,1.32,0.9,59.32,56.38,56.1,58.25,1.004,0.55,1.03,0.916,1.086,Neutral,0.957,0.912,1.12,1.0,0.957,1.029,0.99,0.957,-8.8,12.0,0.0,-4.3,2.9,-1.0,-4.3,0.0099002567647639,9.8755678451511e-05,0.0,0.0420205411811179,0.6498123642109421,4.239573340199205,4.2815938813803225,0.0519207979458819,1.202158005558534,,,,,0.0,0.7,4.7,,1.2,,,,,0.0,0.7,4.7,,1.1,38.0,0.85,0.65,42.0,18.0,1.8,18.0,22.0,6.0,56.1,,,,,,,,,,,,,,,,,,,,,,NO ODDS,,,,,,,,,14.0,,EARLY MODERATE,No OVER/UNDER recommendation.
2026,3,,2026-09-27,16:05,00-0039365,Jacob Cowing,jacob cowing,SF,ARI,WR,LOW TARGET,True,,,8.5,47.5,19.5,,,2,15,8,0.2,0.7,0.1,8,18,0.84,2.02,0.0,0.0,1.0,33.07,49.2,56.1,54.12,0.989,0.55,1.03,0.898,1.098,Neutral,1.062,1.039,1.12,1.0,1.062,1.018,0.97,1.062,3.9,12.0,0.0,6.2,1.8,-3.0,6.2,0.0036631121642969,8.886255924170617e-05,0.0,0.5660347551342814,0.4749142405777478,7.321365098171971,7.887399853306253,0.5696978672985783,1.388326816745656,,,,,0.5,0.5,8.3,,1.4,,,,,0.5,0.5,8.1,,1.5,38.0,0.85,0.65,42.0,18.0,1.8,18.0,22.0,6.0,56.1,,,,,,,,,,,,,,,,,,,,,,NO ODDS,,,,,,,,,14.0,,EARLY MODERATE,No OVER/UNDER recommendation.
2026,3,,2026-09-27,13:00,00-0034177,Tim Boyle,tim boyle,NYG,TEN,QB,QB,True,,,5.5,43.5,19.0,,,0,3,7,0.2,0.7,0.1,7,18,3.82,3.01,1.39,5.47,0.279,48.93,83.48,56.0,44.38,0.976,0.7,1.03,0.934,1.056,Neutral,1.04,1.071,1.016,1.0,1.04,1.0,1.0,1.04,7.1,1.6,0.0,4.0,0.0,0.0,4.0,110.00892857142856,0.5649364668147052,0.0,3.673112509252406,0.0012490747594374,0.002220577350111,3.675333086602517,113.682041080681,6.138187145324452,110.6,0.57,0.0,114.3,,,,,6.2,118.5,0.58,0.0,122.4,,,,,6.4,38.0,0.85,0.65,42.0,18.0,1.8,18.0,22.0,6.0,56.0,,,,,,,,,,,,,,,,,,,,,,NO ODDS,,,,,,,,,14.0,,EARLY MODERATE,No OVER/UNDER recommendation.
2026,3,,2026-09-27,20:20,00-0035664,Darrell Henderson,darrell henderson,LAR,DEN,RB,ROTATION RB,False,,,2.5,46.5,22.0,,,0,0,8,0.2,0.7,0.1,8,11,8.7,4.28,5.38,11.85,0.211,67.0,77.15,56.0,55.62,1.012,0.602,1.025,0.97,1.035,Neutral,0.966,0.913,0.88,1.0,0.95,0.88,0.88,0.912,-8.7,-12.0,0.0,-5.0,-12.0,-12.0,-8.8,0.019669551534225,0.001573564122738,0.0,32.999842643587726,1.5476003147128248,11.356726986624706,44.356569630212434,33.01951219512195,7.693878835562549,,,,,32.8,1.6,12.1,45.6,8.0,,,,,31.2,1.4,10.6,41.6,7.7,38.0,0.85,0.65,42.0,18.0,1.8,18.0,22.0,6.0,56.0,,,,,,,,,,,,,,,,,,,,,,NO ODDS,,,,,,,,,14.0,,EARLY MODERATE,No OVER/UNDER recommendation.
2026,3,,2026-09-27,13:00,00-0040184,KeAndre Lambert-Smith,keandre lambert smith,LAC,BUF,WR,LOW TARGET,False,,,-4.5,49.5,27.0,,,0,10,8,0.2,0.7,0.1,8,18,2.33,2.92,0.0,2.6,-0.34,44.42,54.01,56.0,72.12,1.068,0.55,0.97,1.054,0.974,Neutral,0.94,0.885,0.982,1.0,0.94,0.949,0.912,0.94,-11.5,-1.8,0.0,-6.0,-5.1,-8.8,-6.0,0.0045788902053712,0.0001110781990521,0.0,0.1242101105845181,0.8662618483412322,9.85884922985782,9.983059340442338,0.1287890007898894,2.620408520932069,,,,,0.1,0.8,9.3,,2.7,,,,,0.1,0.8,8.5,,2.5,38.0,0.85,0.65,42.0,18.0,1.8,18.0,22.0,6.0,56.0,,,,,,,,,,,,,,,,,,,,,,NO ODDS,,,,,,,,,14.0,,EARLY MODERATE,No OVER/UNDER recommendation.
2026,3,,2026-09-27,16:05,00-0035973,Patrick Taylor,patrick taylor,SF,ARI,RB,DEPTH RB,True,,,8.5,47.5,19.5,,,0,7,8,0.2,0.7,0.1,8,18,4.73,4.77,0.0,4.97,1.0,49.82,66.5,55.9,54.12,0.989,0.6,1.03,0.898,1.098,Neutral,1.062,1.039,1.12,1.0,1.12,0.88,0.93,1.119,3.9,12.0,0.0,12.0,-12.0,-7.0,11.9,0.0024586939417781,0.0001966955153422,0.0,33.85712318759132,0.6398786107676746,5.008876587613802,38.86599977520513,33.859581881533096,5.597449140159606,,,,,31.3,0.7,5.7,40.0,5.7,,,,,35.1,0.6,5.3,44.8,6.1,38.0,0.85,0.65,42.0,18.0,1.8,18.0,22.0,6.0,55.9,,,,,,,,,,,,,,,,,,,,,,NO ODDS,,,,,,,,,14.0,,EARLY MODERATE,No OVER/UNDER recommendation.
2026,3,,2026-09-27,13:00,00-0037451,Rod Williams,rod williams,PIT,CIN,TE,LOW TARGET,True,,,-2.5,45.5,24.0,,,0,1,7,0.2,0.7,0.1,7,17,0.0,0.0,0.0,0.0,0.0,87.5,60.29,55.9,57.62,1.03,0.55,1.0,1.03,0.982,Neutral,1.046,1.1,0.888,1.0,1.046,1.12,1.12,1.046,10.0,-11.2,0.0,4.6,12.0,12.0,4.6,0.0099002567647639,9.8755678451511e-05,0.0,0.0420205411811179,0.2748123642109422,2.8065376259134904,2.8485581670946085,0.0519207979458819,0.6838544341299626,,,,,0.0,0.3,2.8,,0.7,,,,,0.0,0.3,3.1,,0.7,38.0,0.85,0.65,42.0,18.0,1.8,18.0,22.0,6.0,55.9,,,,,,,,,,,,,,,,,,,,,,NO ODDS,,,,,,,,,14.0,,EARLY MODERATE,No OVER/UNDER recommendation.
2026,3,,2026-09-27,16:25,00-0035891,Cody White,cody white,LV,NO,WR,LOW TARGET,False,,,-3.0,45.5,24.25,,,2,10,8,0.2,0.7,0.1,8,16,3.54,6.09,0.0,2.2,1.0,36.79,50.55,55.7,58.25,1.032,0.55,1.03,1.036,0.977,Neutral,0.981,0.895,0.948,1.0,0.981,0.929,0.88,0.981,-10.5,-5.2,0.0,-1.9,-7.1,-12.0,-1.9,0.0036631121642969,8.886255924170617e-05,0.0,0.0993680884676145,0.8653904310539383,14.722317479124351,14.821685567591969,0.1030312006319115,4.546517292936133,,,,,0.1,0.9,14.8,,4.8,,,,,0.1,0.8,13.0,,4.7,38.0,0.85,0.65,42.0,18.0,1.8,18.0,22.0,6.0,55.7,,,,,,,,,,,,,,,,,,,,,,NO ODDS,,,,,,,,,13.9,,EARLY MODERATE,No OVER/UNDER recommendation.
2026,3,,2026-09-27,13:00,00-0037258,Dameon Pierce,dameon pierce,KC,MIA,RB,DEPTH RB,False,,,8.5,44.5,18.0,,,0,15,8,0.2,0.7,0.1,8,18,3.07,6.96,0.3,1.5,-0.962,30.59,55.98,55.6,45.12,0.968,0.6,0.97,0.898,1.09,Neutral,1.031,1.002,1.12,1.0,1.12,1.11,1.12,1.12,0.2,12.0,0.0,12.0,11.0,12.0,12.0,0.0024586939417781,0.0001966955153422,0.0,23.08093271140085,0.2851167060057697,1.511257539994755,24.592190251395603,23.083391405342628,3.572449140159605,,,,,20.1,0.3,1.6,23.7,3.4,,,,,22.5,0.3,1.8,26.5,3.5,38.0,0.85,0.65,42.0,18.0,1.8,18.0,22.0,6.0,55.6,,,,,,,,,,,,,,,,,,,,,,NO ODDS,,,,,,,,,13.9,,EARLY MODERATE,No OVER/UNDER recommendation.
2026,3,,2026-09-27,13:00,00-0031235,Odell Beckham Jr.,odell beckham jr,MIA,KC,WR,LOW TARGET,True,,,-8.5,44.5,26.5,,,0,8,8,0.2,0.7,0.1,8,17,1.84,1.6,0.0,3.4,-0.739,53.53,57.35,55.6,62.12,1.053,0.55,0.97,1.102,0.92,Tough,0.891,0.88,0.88,1.0,0.891,0.958,0.88,0.891,-12.0,-12.0,0.0,-10.9,-4.2,-12.0,-10.9,0.0045788902053712,0.0001110781990521,0.0,0.1242101105845181,1.3290594673888512,10.12789684890544,10.252106959489955,0.1287890007898894,2.5101109018844503,,,,,0.1,1.2,9.0,,2.6,,,,,0.1,1.1,7.9,,2.3,38.0,0.85,0.65,42.0,18.0,1.8,18.0,22.0,6.0,55.6,,,,,,,,,,,,,,,,,,,,,,NO ODDS,,,,,,,,,13.9,,EARLY MODERATE,No OVER/UNDER recommendation.
2026,3,,2026-09-27,16:05,00-0039052,Trey Palmer,trey palmer,TB,MIN,WR,LOW TARGET,True,,,1.5,45.5,22.0,,,0,15,8,0.2,0.7,0.1,8,18,1.0,1.88,0.0,0.7,1.0,34.73,50.17,55.5,53.38,1.01,0.55,1.03,0.982,1.022,Neutral,0.956,0.898,0.88,1.0,0.956,0.893,0.909,0.956,-10.2,-12.0,0.0,-4.4,-10.7,-9.1,-4.4,0.0045788902053712,0.0001110781990521,0.0,0.1242101105845181,0.9638808959602804,13.400515896524489,13.524726007109008,0.1287890007898894,2.736479949503498,,,,,0.1,1.0,14.1,,2.8,,,,,0.1,0.9,12.8,,2.7,38.0,0.85,0.65,42.0,18.0,1.8,18.0,22.0,6.0,55.5,,,,,,,,,,,,,,,,,,,,,,NO ODDS,,,,,,,,,13.9,,EARLY MODERATE,No OVER/UNDER recommendation.
2026,3,,2026-09-27,16:25,00-0032144,Melvin Gordon,melvin gordon,BAL,DAL,RB,DEPTH RB,False,,,3.0,52.5,24.75,,,0,0,8,0.2,0.7,0.1,8,18,7.16,4.32,6.6,11.25,-0.6,62.35,72.15,55.4,73.25,1.052,0.602,0.97,0.964,1.058,Favorable,1.074,1.106,1.12,1.0,1.056,1.12,1.12,1.12,10.6,12.0,0.0,5.6,12.0,12.0,12.0,0.019669551534225,0.001573564122738,0.0,32.999842643587726,1.5476003147128248,11.356726986624706,44.356569630212434,33.01951219512195,7.693878835562549,,,,,30.9,1.6,11.7,43.5,7.8,,,,,32.6,1.8,13.1,48.7,8.4,38.0,0.85,0.65,42.0,18.0,1.8,18.0,22.0,6.0,55.4,,,,,,,,,,,,,,,,,,,,,,NO ODDS,,,,,,,,,13.8,,EARLY MODERATE,No OVER/UNDER recommendation.
2026,3,,2026-09-27,13:00,00-0028063,Taiwan Jones,taiwan jones,BUF,LAC,RB,DEPTH RB,True,,,4.5,49.5,22.5,,,0,0,7,0.2,0.7,0.1,7,18,0.0,0.0,0.0,0.0,0.0,87.5,60.0,55.3,63.12,1.023,0.602,1.0,0.946,1.064,Neutral,0.936,0.928,0.88,1.0,0.909,0.88,0.88,0.88,-7.2,-12.0,0.0,-9.1,-12.0,-12.0,-12.0,0.019669551534225,0.001573564122738,0.0,32.999842643587726,1.5476003147128248,11.356726986624706,44.356569630212434,33.01951219512195,7.693878835562549,,,,,31.2,1.6,12.1,44.6,7.9,,,,,28.4,1.4,10.6,39.2,7.4,38.0,0.85,0.65,42.0,18.0,1.8,18.0,22.0,6.0,55.3,,,,,,,,,,,,,,,,,,,,,,NO ODDS,,,,,,,,,13.8,,EARLY MODERATE,No OVER/UNDER recommendation.
2026,3,,2026-09-27,13:00,00-0035216,Diontae Johnson,diontae johnson,HOU,IND,WR,LOW TARGET,False,,,2.5,45.5,21.5,,,0,11,8,0.2,0.7,0.1,8,18,5.15,7.2,1.2,9.38,-0.867,41.71,58.19,55.3,52.62,1.005,0.746,0.97,0.97,1.032,Favorable,1.108,1.12,0.986,1.0,1.108,1.12,1.12,1.108,12.0,-1.4,0.0,10.8,12.0,12.0,10.8,0.0045788902053712,0.0001110781990521,0.0,0.5605737469481546,2.6086860907654748,29.687637108645703,30.248210855593857,0.5651526371535258,7.016620642144192,,,,,0.5,2.6,29.7,,6.8,,,,,0.6,2.9,33.3,,7.5,38.0,0.85,0.65,42.0,18.0,1.8,18.0,22.0,6.0,55.3,,,,,,,,,,,,,,,,,,,,,,NO ODDS,,,,,,,,,13.8,,EARLY MODERATE,No OVER/UNDER recommendation.
2026,3,,2026-09-27,13:00,00-0036387,Jalen Reagor,jalen reagor,LAC,BUF,WR,LOW TARGET,False,,,-4.5,49.5,27.0,,,0,7,8,0.2,0.7,0.1,8,18,2.24,2.12,0.75,4.38,-0.143,51.44,57.09,55.3,72.12,1.068,0.55,0.983,1.054,0.974,Neutral,0.94,0.885,0.982,1.0,0.94,0.949,0.912,0.94,-11.5,-1.8,0.0,-6.0,-5.1,-8.8,-6.0,0.0045788902053712,0.0001110781990521,0.0,-0.1972184608440532,1.1817380388174226,14.07432542033401,13.877106959489955,-0.1926395706386819,2.582432330455879,,,,,-0.2,1.1,13.5,,2.7,,,,,-0.2,1.0,12.3,,2.5,38.0,0.85,0.65,42.0,18.0,1.8,18.0,22.0,6.0,55.3,,,,,,,,,,,,,,,,,,,,,,NO ODDS,,,,,,,,,13.8,,EARLY MODERATE,No OVER/UNDER recommendation.
2026,3,,2026-09-27,13:00,00-0035567,Craig Reynolds,craig reynolds,DET,NYJ,RB,DEPTH RB,True,,,7.0,48.5,20.75,,,0,13,8,0.2,0.7,0.1,8,18,1.43,2.59,0.0,3.45,-1.0,35.61,53.37,55.2,58.25,1.004,0.6,0.97,0.916,1.086,Neutral,0.957,0.912,1.12,1.0,1.048,0.88,1.01,1.039,-8.8,12.0,0.0,4.8,-12.0,1.0,3.9,0.0024586939417781,0.0001966955153422,0.0,12.740364945833084,0.3905654239544877,4.087860104097318,16.828225049930403,12.74282363977486,2.287215623676088,,,,,11.3,0.4,4.3,16.3,2.2,,,,,11.8,0.4,4.3,16.9,2.1,38.0,0.85,0.65,42.0,18.0,1.8,18.0,22.0,6.0,55.2,,,,,,,,,,,,,,,,,,,,,,NO ODDS,,,,,,,,,13.8,,EARLY MODERATE,No OVER/UNDER recommendation.
2026,3,,2026-09-27,13:00,00-0032156,Trevor Siemian,trevor siemian,NYJ,DET,QB,STARTING QB,False,,,-7.0,48.5,27.75,,,0,0,7,0.2,0.7,0.1,7,18,5.81,5.6,0.82,10.22,1.0,44.55,82.73,55.1,72.25,1.074,0.851,1.03,1.084,0.946,Favorable,1.088,1.108,1.12,1.0,1.088,1.0,1.0,1.088,10.8,12.0,0.0,8.8,0.0,0.0,8.8,192.07142857142856,1.1861584011843078,0.0,15.384900074019248,0.0099925980754996,0.0177646188008882,15.402664692820132,207.45632864544783,13.518830495928944,212.4,1.31,0.0,229.4,,,,,14.9,235.3,1.47,0.0,254.2,,,,,16.2,51.77,0.85,0.65,55.92,18.0,1.8,18.0,22.0,6.0,55.1,,,,,,,,,,,,,,,,,,,,,,NO ODDS,,,,,,,,,13.8,,EARLY MODERATE,No OVER/UNDER recommendation.
2026,3,,2026-09-27,13:00,00-0037077,Sam Howell,sam howell,SEA,WAS,QB,QB,False,,,2.5,41.5,19.5,,,0,1,8,0.2,0.7,0.1,8,18,7.51,7.33,4.79,17.41,-0.485,50.61,87.65,55.1,40.62,0.977,0.7,0.97,0.97,1.02,Favorable,1.106,1.099,1.12,1.0,1.106,1.0,1.0,1.106,9.9,12.0,0.0,10.6,0.0,0.0,10.6,45.00892857142857,0.1482698001480385,0.0,3.673112509252406,0.0012490747594374,0.002220577350111,3.675333086602517,48.68204108068098,0.954853811991118,42.7,0.14,0.0,46.1,,,,,0.9,46.9,0.16,0.0,50.7,,,,,1.0,38.0,0.85,0.65,42.0,18.0,1.8,18.0,22.0,6.0,55.1,,,,,,,,,,,,,,,,,,,,,,NO ODDS,,,,,,,,,13.8,,EARLY MODERATE,No OVER/UNDER recommendation.
2026,3,,2026-09-27,13:00,00-0038840,Brycen Tremayne,brycen tremayne,CAR,CLE,WR,LOW TARGET,False,,,2.5,40.5,19.0,,,2,17,8,0.2,0.7,0.1,8,18,0.7,1.67,0.0,0.0,1.0,37.47,50.12,55.1,37.62,0.97,0.55,1.03,0.97,1.017,Neutral,0.948,0.88,1.049,1.0,0.948,0.88,0.88,0.948,-12.0,4.9,0.0,-5.2,-12.0,-12.0,-5.2,0.0036631121642969,8.886255924170617e-05,0.0,0.0993680884676145,0.8309996747514173,9.444334285847043,9.543702374314655,0.1030312006319115,1.910042503020165,,,,,0.1,0.9,9.9,,1.9,,,,,0.1,0.8,8.7,,1.8,38.0,0.85,0.65,42.0,18.0,1.8,18.0,22.0,6.0,55.1,,,,,,,,,,,,,,,,,,,,,,NO ODDS,,,,,,,,,13.8,,EARLY MODERATE,No OVER/UNDER recommendation.
2026,3,,2026-09-27,13:00,00-0035282,Easton Stick,easton stick,LAC,BUF,QB,STARTING QB,False,,,-4.5,49.5,27.0,,,0,0,5,0.2,0.7,0.1,5,18,14.21,3.85,11.9,17.1,0.239,49.17,79.67,55.0,72.12,1.068,0.851,1.029,1.054,0.974,Neutral,0.94,0.885,0.982,1.0,0.94,1.0,1.0,0.94,-11.5,-1.8,0.0,-6.0,0.0,0.0,-6.0,192.07142857142856,1.1861584011843078,0.0,15.384900074019248,0.0099925980754996,0.0177646188008882,15.402664692820132,207.45632864544783,13.518830495928944,211.0,1.3,0.0,227.9,,,,,14.9,186.7,1.28,0.0,201.7,,,,,14.0,41.07,0.85,0.65,44.37,18.0,1.8,18.0,22.0,6.0,55.0,,,,,,,,,,,,,,,,,,,,,,NO ODDS,,,,,,,,,13.8,,EARLY MODERATE,No OVER/UNDER recommendation.
2026,3,,2026-09-27,13:00,00-0036232,Harrison Bryant,harrison bryant,HOU,IND,TE,LOW TARGET,False,,,2.5,45.5,21.5,,,0,11,8,0.2,0.7,0.1,8,18,1.57,1.82,0.0,3.98,-0.789,46.27,54.43,55.0,52.62,1.005,0.55,0.97,0.97,1.032,Favorable,1.108,1.12,0.986,1.0,1.108,1.12,1.12,1.108,12.0,-1.4,0.0,10.8,12.0,12.0,10.8,0.0099002567647639,9.8755678451511e-05,0.0,0.0420205411811179,1.0884487278473058,9.311083080458944,9.353103621640065,0.0519207979458819,2.1479453432208717,,,,,0.0,1.1,9.3,,2.1,,,,,0.0,1.2,10.4,,2.3,38.0,0.85,0.65,42.0,18.0,1.8,18.0,22.0,6.0,55.0,,,,,,,,,,,,,,,,,,,,,,NO ODDS,,,,,,,,,13.8,,EARLY MODERATE,No OVER/UNDER recommendation.
2026,3,,2026-09-27,13:00,00-0034577,Kyle Allen,kyle allen,DET,NYJ,QB,QB,True,,,7.0,48.5,20.75,,,0,3,8,0.2,0.7,0.1,8,17,-0.05,0.34,-0.2,-0.18,0.353,74.58,59.53,54.9,58.25,1.004,0.7,1.03,0.916,1.086,Neutral,0.957,0.912,1.12,1.0,0.957,1.0,1.0,0.957,-8.8,12.0,0.0,-4.3,0.0,0.0,-4.3,27.175595238095244,0.1482698001480385,0.0,0.923112509252406,0.0012490747594374,0.002220577350111,0.9253330866025168,28.09870774734765,1.716520478657785,28.1,0.15,0.0,29.0,,,,,1.8,25.6,0.17,0.0,26.4,,,,,1.7,38.0,0.85,0.65,42.0,18.0,1.8,18.0,22.0,6.0,54.9,,,,,,,,,,,,,,,,,,,,,,NO ODDS,,,,,,,,,13.7,,EARLY MODERATE,No OVER/UNDER recommendation.
2026,3,,2026-09-27,13:00,00-0038394,Will Mallory,will mallory,IND,HOU,TE,LOW TARGET,True,,,-2.5,45.5,24.0,,,0,8,8,0.2,0.7,0.1,8,18,1.26,1.01,0.0,1.77,0.229,55.36,55.8,54.8,57.62,1.03,0.55,1.027,1.03,0.982,Neutral,0.956,0.963,0.88,1.0,0.956,0.983,1.031,0.956,-3.7,-12.0,0.0,-4.4,-1.7,3.1,-4.4,0.0099002567647639,9.8755678451511e-05,0.0,0.0420205411811179,0.8283837927823707,8.257430483056346,8.299451024237465,0.0519207979458819,1.782515148415677,,,,,0.0,0.8,8.3,,1.9,,,,,0.0,0.8,8.6,,1.8,38.0,0.85,0.65,42.0,18.0,1.8,18.0,22.0,6.0,54.8,,,,,,,,,,,,,,,,,,,,,,NO ODDS,,,,,,,,,13.7,,EARLY MODERATE,No OVER/UNDER recommendation.
2026,3,,2026-09-27,13:00,00-0035806,JaMycal Hasty,jamycal hasty,NE,JAC,RB,DEPTH RB,False,,,-2.5,45.5,24.0,,,0,12,8,0.2,0.7,0.1,8,18,2.6,4.31,0.15,3.42,-0.186,37.63,54.13,54.7,57.62,1.03,0.6,0.978,1.03,0.982,Neutral,1.0,1.0,1.0,1.0,1.0,1.0,1.0,1.0,0.0,0.0,0.0,0.0,0.0,0.0,0.0,0.0024586939417781,0.0001966955153422,0.0,9.193162148630286,0.9510257969148608,5.531333297570512,14.7244954462008,9.195620842572064,3.0577575817180462,,,,,9.3,0.9,5.3,14.5,3.1,,,,,9.3,0.9,5.3,14.5,3.1,38.0,0.85,0.65,42.0,18.0,1.8,18.0,22.0,6.0,54.7,,,,,,,,,,,,,,,,,,,,,,NO ODDS,,,,,,,,,13.7,,EARLY MODERATE,No OVER/UNDER recommendation.
2026,3,,2026-09-27,13:00,00-0038489,Ben VanSumeren,ben vansumeren,KC,MIA,RB,DEPTH RB,False,,,8.5,44.5,18.0,,,1,3,8,0.2,0.7,0.1,8,18,0.16,0.37,0.0,0.0,0.333,73.01,58.54,54.7,45.12,0.968,0.6,1.03,0.898,1.09,Neutral,1.031,1.002,1.12,1.0,1.12,1.11,1.12,1.12,0.2,12.0,0.0,12.0,11.0,12.0,12.0,0.0019669551534225,0.0001573564122738,0.0,3.2999842643587733,0.4880933648046158,1.1356726986624708,4.435656963021245,3.3019512195121954,1.1027212168895884,,,,,3.1,0.5,1.3,4.5,1.1,,,,,3.5,0.6,1.5,5.0,1.1,38.0,0.85,0.65,42.0,18.0,1.8,18.0,22.0,6.0,54.7,,,,,,,,,,,,,,,,,,,,,,NO ODDS,,,,,,,,,13.7,,EARLY MODERATE,No OVER/UNDER recommendation.
2026,3,,2026-09-27,13:00,00-0038102,Kenny Pickett,kenny pickett,CAR,CLE,QB,QB,False,,,2.5,40.5,19.0,,,2,11,8,0.2,0.7,0.1,8,18,1.15,2.75,-0.55,1.54,-0.902,29.55,56.67,54.4,37.62,0.97,0.7,0.97,0.97,1.017,Neutral,0.948,0.88,1.049,1.0,0.948,1.0,1.0,0.948,-12.0,4.9,0.0,-5.2,0.0,0.0,-5.2,49.77623376623377,0.3040703855729763,0.0,4.971217280129198,0.0009992598075499,0.0017764618800888,4.972993742009287,54.747451046362976,3.4342830495928944,46.8,0.29,0.0,51.5,,,,,3.2,41.2,0.3,0.0,45.3,,,,,3.0,38.0,0.85,0.65,42.0,18.0,1.8,18.0,22.0,6.0,54.4,,,,,,,,,,,,,,,,,,,,,,NO ODDS,,,,,,,,,13.6,,EARLY MODERATE,No OVER/UNDER recommendation.
2026,3,,2026-09-27,13:00,00-0034115,Jeff Wilson,jeff wilson,MIA,KC,RB,DEPTH RB,True,,,-8.5,44.5,26.5,,,0,7,8,0.2,0.7,0.1,8,18,1.5,1.38,1.02,2.75,-0.806,52.1,58.35,54.4,62.12,1.053,0.6,0.97,1.102,0.92,Tough,0.891,0.88,0.88,1.0,0.884,0.912,0.955,0.901,-12.0,-12.0,0.0,-11.6,-8.8,-4.5,-9.9,0.0024586939417781,0.0001966955153422,0.0,9.785694616162752,0.4970214679105316,3.36601944475666,13.151714060919414,9.78815331010453,2.026020568731033,,,,,10.5,0.4,3.0,12.9,2.1,,,,,9.3,0.4,2.9,11.6,1.9,38.0,0.85,0.65,42.0,18.0,1.8,18.0,22.0,6.0,54.4,,,,,,,,,,,,,,,,,,,,,,NO ODDS,,,,,,,,,13.6,,EARLY MODERATE,No OVER/UNDER recommendation.
2026,3,,2026-09-27,16:05,00-0038809,Ben Sims,ben sims,MIN,TB,TE,LOW TARGET,False,,,-1.5,45.5,23.5,,,0,7,8,0.2,0.7,0.1,8,18,1.89,1.44,1.2,2.12,1.0,56.82,57.04,54.2,56.38,1.025,0.55,1.03,1.018,0.992,Neutral,1.013,1.096,1.079,1.0,1.013,1.12,1.12,1.013,9.6,7.9,0.0,1.3,12.0,12.0,1.3,0.0099002567647639,9.8755678451511e-05,0.0,0.0420205411811179,1.1140980784966563,10.93153762591349,10.973558167094607,0.0519207979458819,2.335640148415677,,,,,0.0,1.1,11.2,,2.5,,,,,0.0,1.2,12.5,,2.5,38.0,0.85,0.65,42.0,18.0,1.8,18.0,22.0,6.0,54.2,,,,,,,,,,,,,,,,,,,,,,NO ODDS,,,,,,,,,13.6,,EARLY MODERATE,No OVER/UNDER recommendation.
2026,3,,2026-09-27,13:00,00-0040466,Raheim Sanders,raheim sanders,CLE,CAR,RB,DEPTH RB,True,,,-2.5,40.5,21.5,,,2,4,6,0.2,0.7,0.1,6,18,4.37,1.45,4.15,5.6,-0.25,56.33,59.16,54.1,42.62,0.995,0.6,0.97,1.03,0.968,Neutral,1.007,0.941,0.88,1.0,1.12,0.997,0.963,1.12,-5.9,-12.0,0.0,12.0,-0.3,-3.7,12.0,0.0019669551534225,0.0001573564122738,0.0,21.228555692930207,1.0690457457569968,7.9142441272339,29.142799820164104,21.230522648083628,4.754387883556256,,,,,21.2,1.0,7.4,28.2,4.6,,,,,23.7,1.0,7.1,31.6,4.6,38.0,0.85,0.65,42.0,18.0,1.8,18.0,22.0,6.0,54.1,,,,,,,,,,,,,,,,,,,,,,NO ODDS,,,,,,,,,13.5,,EARLY MODERATE,No OVER/UNDER recommendation.
2026,3,,2026-09-27,13:00,00-0038839,Mitchell Tinsley,mitchell tinsley,CIN,PIT,WR,LOW TARGET,False,,,2.5,45.5,21.5,,,0,8,8,0.2,0.7,0.1,8,16,3.71,3.55,1.42,5.23,-0.588,51.14,58.44,54.1,52.62,1.005,0.55,0.97,0.97,1.032,Neutral,1.062,1.054,0.952,1.0,1.062,0.995,0.997,1.062,5.4,-4.8,0.0,6.2,-0.5,-0.3,6.2,0.0045788902053712,0.0001110781990521,0.0,0.1242101105845181,1.2129880388174226,16.980575420334013,17.10478553091853,0.1287890007898894,4.15073590188445,,,,,0.1,1.2,17.0,,4.0,,,,,0.1,1.2,16.9,,4.2,38.0,0.85,0.65,42.0,18.0,1.8,18.0,22.0,6.0,54.1,,,,,,,,,,,,,,,,,,,,,,NO ODDS,,,,,,,,,13.5,,EARLY MODERATE,No OVER/UNDER recommendation.
2026,3,,2026-09-27,13:00,00-0039907,Ja'Lynn Polk,jalynn polk,NE,JAC,WR,LOW TARGET,False,,,-2.5,45.5,24.0,,,0,14,8,0.2,0.7,0.1,8,17,0.96,2.18,0.0,0.42,-1.0,31.45,49.89,54.0,57.62,1.03,0.55,0.97,1.03,0.982,Neutral,1.0,1.0,1.0,1.0,1.0,1.0,1.0,1.0,0.0,0.0,0.0,0.0,0.0,0.0,0.0,0.0045788902053712,0.0001110781990521,0.0,0.1242101105845181,0.9262435333229172,8.37789684890544,8.502106959489957,0.1287890007898894,2.5833938689174176,,,,,0.1,0.9,8.0,,2.6,,,,,0.1,0.9,8.0,,2.6,38.0,0.85,0.65,42.0,18.0,1.8,18.0,22.0,6.0,54.0,,,,,,,,,,,,,,,,,,,,,,NO ODDS,,,,,,,,,13.5,,EARLY MODERATE,No OVER/UNDER recommendation.
2026,3,,2026-09-27,13:00,00-0033949,Joshua Dobbs,joshua dobbs,NE,JAC,QB,QB,False,,,-2.5,45.5,24.0,,,0,6,8,0.2,0.7,0.1,8,18,4.58,7.08,0.76,5.49,-0.925,39.26,69.74,53.9,57.62,1.03,0.7,0.97,1.03,0.982,Neutral,1.0,1.0,1.0,1.0,1.0,1.0,1.0,1.0,0.0,0.0,0.0,0.0,0.0,0.0,0.0,74.43392857142858,0.3649364668147052,0.0,3.5814458425857394,0.0012490747594374,0.002220577350111,3.5836664199358506,78.01537441401432,5.239353811991118,74.4,0.36,0.0,77.9,,,,,5.2,74.4,0.36,0.0,77.9,,,,,5.2,38.0,0.85,0.65,42.0,18.0,1.8,18.0,22.0,6.0,53.9,,,,,,,,,,,,,,,,,,,,,,NO ODDS,,,,,,,,,13.5,,EARLY MODERATE,No OVER/UNDER recommendation.
2026,3,,2026-09-27,13:00,00-0035291,Trayveon Williams,trayveon williams,CLE,CAR,RB,DEPTH RB,True,,,-2.5,40.5,21.5,,,0,11,8,0.2,0.7,0.1,8,18,2.57,3.1,0.0,2.78,1.0,45.34,56.17,53.9,42.62,0.995,0.6,1.03,1.03,0.968,Neutral,1.007,0.941,0.88,1.0,1.12,0.997,0.963,1.12,-5.9,-12.0,0.0,12.0,-0.3,-3.7,12.0,0.0024586939417781,0.0001966955153422,0.0,7.881798512266649,0.9798136757027396,7.069590873328088,14.95138938559474,7.884257206208426,2.688780308990774,,,,,8.4,1.0,7.0,15.4,2.8,,,,,9.4,1.0,6.7,17.2,2.8,38.0,0.85,0.65,42.0,18.0,1.8,18.0,22.0,6.0,53.9,,,,,,,,,,,,,,,,,,,,,,NO ODDS,,,,,,,,,13.5,,EARLY MODERATE,No OVER/UNDER recommendation.
2026,3,,2026-09-27,16:05,00-0036936,Rondale Moore,rondale moore,ARI,SF,WR,LOW TARGET,False,,,-8.5,47.5,28.0,,,0,0,8,0.2,0.7,0.1,8,18,6.09,2.91,4.83,8.03,0.98,67.65,64.87,53.5,71.12,1.074,0.588,1.03,1.102,0.928,Neutral,0.998,1.001,0.926,1.0,0.998,0.987,0.959,0.998,0.1,-7.4,0.0,-0.2,-1.3,-4.1,-0.2,0.0366311216429699,0.000888625592417,0.0,0.9936808846761452,2.5967614533965246,32.73746050552923,33.73114139020537,1.0303120063191151,7.216601500789888,,,,,1.1,2.5,31.3,,8.0,,,,,1.1,2.5,30.0,,8.0,38.0,0.85,0.65,42.0,18.0,1.8,18.0,22.0,6.0,53.5,,,,,,,,,,,,,,,,,,,,,,NO ODDS,,,,,,,,,13.4,,EARLY MODERATE,No OVER/UNDER recommendation.
2026,3,,2026-09-27,13:00,00-0040259,Gage Larvadain,gage larvadain,CLE,CAR,WR,LOW TARGET,True,,,-2.5,40.5,21.5,,,0,13,8,0.2,0.7,0.1,8,18,1.12,1.66,0.0,2.3,-1.0,40.39,51.84,53.5,42.62,0.995,0.55,0.97,1.03,0.968,Neutral,1.007,0.941,0.88,1.0,1.007,0.954,0.881,1.007,-5.9,-12.0,0.0,0.7,-4.6,-11.9,0.7,0.0045788902053712,0.0001110781990521,0.0,0.2828639567383643,0.7909413355207194,8.741221024729615,9.02408498146798,0.2874428469437356,1.8491905722141209,,,,,0.3,0.7,8.2,,1.8,,,,,0.3,0.7,7.2,,1.8,38.0,0.85,0.65,42.0,18.0,1.8,18.0,22.0,6.0,53.5,,,,,,,,,,,,,,,,,,,,,,NO ODDS,,,,,,,,,13.4,,EARLY MODERATE,No OVER/UNDER recommendation.
2026,3,,2026-09-27,13:00,00-0036497,Tim Jones,tim jones,JAC,NE,WR,LOW TARGET,True,,,2.5,45.5,21.5,,,0,10,8,0.2,0.7,0.1,8,18,1.07,1.2,0.0,2.2,0.133,47.24,52.88,53.4,52.62,1.005,0.55,1.016,0.97,1.032,Tough,0.919,0.902,0.88,1.0,0.919,0.945,0.88,0.919,-9.8,-12.0,0.0,-8.1,-5.5,-12.0,-8.1,0.0045788902053712,0.0001110781990521,0.0,0.1242101105845181,0.6829285150078991,9.025515896524483,9.149726007109006,0.1287890007898894,1.7537418542654029,,,,,0.1,0.7,9.5,,1.8,,,,,0.1,0.7,8.4,,1.7,38.0,0.85,0.65,42.0,18.0,1.8,18.0,22.0,6.0,53.4,,,,,,,,,,,,,,,,,,,,,,NO ODDS,,,,,,,,,13.4,,EARLY MODERATE,No OVER/UNDER recommendation.
2026,3,,2026-09-27,13:00,00-0036176,Mason Kinsey,mason kinsey,TEN,NYG,WR,LOW TARGET,False,,,-5.5,43.5,24.5,,,0,12,8,0.2,0.7,0.1,8,18,1.04,1.69,0.0,0.6,0.667,38.05,50.49,53.0,55.38,1.031,0.55,1.03,1.066,0.946,Neutral,1.044,1.021,1.12,1.0,1.044,1.026,1.045,1.044,2.1,12.0,0.0,4.4,2.6,4.5,4.4,0.0045788902053712,0.0001110781990521,0.0,0.1242101105845181,0.6219436665230504,9.59597044197903,9.72018055256355,0.1287890007898894,1.749802460326009,,,,,0.1,0.6,9.4,,1.9,,,,,0.1,0.6,9.8,,2.0,38.0,0.85,0.65,42.0,18.0,1.8,18.0,22.0,6.0,53.0,,,,,,,,,,,,,,,,,,,,,,NO ODDS,,,,,,,,,13.2,,EARLY MODERATE,No OVER/UNDER recommendation.
2026,3,,2026-09-27,13:00,00-0035544,Tom Kennedy,tom kennedy,DET,NYJ,WR,LOW TARGET,True,,,7.0,48.5,20.75,,,2,9,8,0.2,0.7,0.1,8,18,0.54,1.96,0.0,0.0,0.0,33.81,48.95,53.0,58.25,1.004,0.55,1.0,0.916,1.086,Neutral,0.957,0.912,1.12,1.0,0.957,0.959,0.88,0.957,-8.8,12.0,0.0,-4.3,-4.1,-12.0,-4.3,0.0036631121642969,8.886255924170617e-05,0.0,0.0993680884676145,0.5374539231174303,5.773746050552924,5.873114139020538,0.1030312006319115,1.2494379278567669,,,,,0.1,0.6,6.3,,1.3,,,,,0.1,0.6,5.5,,1.2,38.0,0.85,0.65,42.0,18.0,1.8,18.0,22.0,6.0,53.0,,,,,,,,,,,,,,,,,,,,,,NO ODDS,,,,,,,,,13.2,,EARLY MODERATE,No OVER/UNDER recommendation.
2026,3,,2026-09-27,13:00,00-0026300,Josh Johnson,josh johnson,WAS,SEA,QB,QB,True,,,-2.5,41.5,22.0,,,0,7,8,0.2,0.7,0.1,8,18,4.37,6.18,0.0,2.75,1.0,41.43,67.0,52.8,45.62,1.002,0.7,1.03,1.03,0.97,Neutral,0.94,0.88,0.88,1.0,0.94,1.0,1.0,0.94,-12.0,-12.0,0.0,-6.0,0.0,0.0,-6.0,87.43750000000001,0.3268412287194671,0.0,11.63739822353812,0.0012490747594374,0.002220577350111,11.63961880088823,99.07489822353811,5.9841395262768335,90.2,0.34,0.0,102.3,,,,,6.2,79.4,0.3,0.0,90.0,,,,,5.8,38.0,0.85,0.65,42.0,18.0,1.8,18.0,22.0,6.0,52.8,,,,,,,,,,,,,,,,,,,,,,NO ODDS,,,,,,,,,13.2,,EARLY MODERATE,No OVER/UNDER recommendation.
2026,3,,2026-09-27,13:00,00-0036510,Kenny Yeboah,kenny yeboah,NYJ,DET,TE,LOW TARGET,False,,,-7.0,48.5,27.75,,,0,7,8,0.2,0.7,0.1,8,18,2.34,2.71,0.0,4.2,-0.579,46.36,53.96,52.8,72.25,1.074,0.55,0.97,1.084,0.946,Favorable,1.088,1.108,1.12,1.0,1.088,1.12,1.12,1.088,10.8,12.0,0.0,8.8,12.0,12.0,8.8,0.0099002567647639,9.8755678451511e-05,0.0,0.0420205411811179,0.8998123642109421,8.770823340199206,8.812843881380322,0.0519207979458819,2.5481401484156763,,,,,0.0,0.8,8.1,,2.7,,,,,0.0,0.9,9.1,,2.9,38.0,0.85,0.65,42.0,18.0,1.8,18.0,22.0,6.0,52.8,,,,,,,,,,,,,,,,,,,,,,NO ODDS,,,,,,,,,13.2,,EARLY MODERATE,No OVER/UNDER recommendation.
2026,3,,2026-09-27,13:00,00-0031585,MyCole Pruitt,mycole pruitt,PIT,CIN,TE,LOW TARGET,True,,,-2.5,45.5,24.0,,,0,7,8,0.2,0.7,0.1,8,18,2.61,2.47,0.68,3.05,1.0,51.43,55.41,52.4,57.62,1.03,0.55,1.03,1.03,0.982,Neutral,1.046,1.1,0.888,1.0,1.046,1.12,1.12,1.046,10.0,-11.2,0.0,4.6,12.0,12.0,4.6,0.0099002567647639,9.8755678451511e-05,0.0,0.0420205411811179,1.0783837927823707,7.538680483056346,7.580701024237465,0.0519207979458819,3.0320687198442484,,,,,0.0,1.1,7.6,,3.2,,,,,0.0,1.2,8.5,,3.3,38.0,0.85,0.65,42.0,18.0,1.8,18.0,22.0,6.0,52.4,,,,,,,,,,,,,,,,,,,,,,NO ODDS,,,,,,,,,13.1,,EARLY MODERATE,No OVER/UNDER recommendation.
2026,3,,2026-09-27,13:00,00-0036635,Ihmir Smith-Marsette,ihmir smith marsette,NYG,TEN,WR,LOW TARGET,True,,,5.5,43.5,19.0,,,0,15,8,0.2,0.7,0.1,8,18,0.98,2.22,0.0,0.0,1.0,31.08,47.77,52.3,44.38,0.976,0.55,1.03,0.934,1.056,Neutral,1.04,1.071,1.016,1.0,1.04,1.118,1.12,1.04,7.1,1.6,0.0,4.0,11.8,12.0,4.0,0.0045788902053712,0.0001110781990521,0.0,0.1242101105845181,0.3245951816745656,4.0921825631911535,4.2163926737756725,0.1287890007898894,1.380646616170165,,,,,0.1,0.4,4.5,,1.4,,,,,0.1,0.4,5.0,,1.5,38.0,0.85,0.65,42.0,18.0,1.8,18.0,22.0,6.0,52.3,,,,,,,,,,,,,,,,,,,,,,NO ODDS,,,,,,,,,13.1,,EARLY MODERATE,No OVER/UNDER recommendation.
2026,3,,2026-09-27,16:05,00-0038821,Rakim Jarrett,rakim jarrett,TB,MIN,WR,LOW TARGET,True,,,1.5,45.5,22.0,,,0,8,8,0.2,0.7,0.1,8,17,2.21,2.23,1.2,3.25,-0.471,49.69,54.47,52.2,53.38,1.01,0.55,0.97,0.982,1.022,Neutral,0.956,0.898,0.88,1.0,0.956,0.893,0.909,0.956,-10.2,-12.0,0.0,-4.4,-10.7,-9.1,-4.4,0.0045788902053712,0.0001110781990521,0.0,0.1242101105845181,1.1683451816745656,14.949325420334011,15.07353553091853,0.1287890007898894,2.8315394733130224,,,,,0.1,1.2,14.8,,2.8,,,,,0.1,1.1,13.5,,2.7,38.0,0.85,0.65,42.0,18.0,1.8,18.0,22.0,6.0,52.2,,,,,,,,,,,,,,,,,,,,,,NO ODDS,,,,,,,,,13.0,,EARLY MODERATE,No OVER/UNDER recommendation.
2026,3,,2026-09-27,16:05,00-0035876,Andre Baccellia,andre baccellia,ARI,SF,WR,LOW TARGET,False,,,-8.5,47.5,28.0,,,0,4,8,0.2,0.7,0.1,8,18,0.84,0.76,0.0,1.62,-0.581,56.74,55.88,52.2,71.12,1.074,0.55,0.97,1.102,0.928,Neutral,0.998,1.001,0.926,1.0,0.998,0.987,0.959,0.998,0.1,-7.4,0.0,-0.2,-1.3,-4.1,-0.2,0.0045788902053712,0.0001110781990521,0.0,0.1242101105845181,0.6995951816745657,5.4671825631911535,5.591392673775672,0.1287890007898894,1.4145751875987362,,,,,0.1,0.6,4.9,,1.5,,,,,0.1,0.6,4.7,,1.5,38.0,0.85,0.65,42.0,18.0,1.8,18.0,22.0,6.0,52.2,,,,,,,,,,,,,,,,,,,,,,NO ODDS,,,,,,,,,13.0,,EARLY MODERATE,No OVER/UNDER recommendation.
2026,3,,2026-09-27,13:00,00-0037387,Jalen Virgil,jalen virgil,BUF,LAC,WR,LOW TARGET,True,,,4.5,49.5,22.5,,,0,3,8,0.2,0.7,0.1,8,18,0.16,0.53,0.0,0.0,0.0,65.16,56.65,52.2,63.12,1.023,0.55,1.0,0.946,1.064,Neutral,0.936,0.928,0.88,1.0,0.936,0.982,0.951,0.936,-7.2,-12.0,0.0,-6.4,-1.8,-4.9,-6.4,0.0045788902053712,0.0001110781990521,0.0,0.1242101105845181,0.3245951816745656,4.0921825631911535,4.2163926737756725,0.1287890007898894,0.9020751875987362,,,,,0.1,0.3,4.4,,0.9,,,,,0.1,0.3,4.2,,0.8,38.0,0.85,0.65,42.0,18.0,1.8,18.0,22.0,6.0,52.2,,,,,,,,,,,,,,,,,,,,,,NO ODDS,,,,,,,,,13.0,,EARLY MODERATE,No OVER/UNDER recommendation.
2026,3,,2026-09-27,13:00,00-0038045,Isaiah Spiller,isaiah spiller,LAC,BUF,RB,DEPTH RB,False,,,-4.5,49.5,27.0,,,0,0,8,0.2,0.7,0.1,8,17,2.44,1.55,1.3,3.35,1.0,61.16,64.93,52.1,72.12,1.068,0.602,1.03,1.054,0.974,Neutral,0.94,0.885,0.982,1.0,1.083,0.981,0.981,1.058,-11.5,-1.8,0.0,8.3,-1.9,-1.9,5.8,0.019669551534225,0.001573564122738,0.0,32.999842643587726,1.5476003147128248,11.356726986624706,44.356569630212434,33.01951219512195,7.693878835562549,,,,,35.8,1.6,11.4,46.3,8.5,,,,,38.8,1.6,11.2,49.0,8.0,38.0,0.85,0.65,42.0,18.0,1.8,18.0,22.0,6.0,52.1,,,,,,,,,,,,,,,,,,,,,,NO ODDS,,,,,,,,,13.0,,EARLY MODERATE,No OVER/UNDER recommendation.
2026,3,,2026-09-27,13:00,00-0033275,PJ Walker,pj walker,CLE,CAR,QB,QB,True,,,-2.5,40.5,21.5,,,0,0,8,0.2,0.7,0.1,8,12,4.27,5.3,0.11,6.94,-0.279,44.64,86.16,52.0,42.62,0.995,0.851,0.97,1.03,0.968,Neutral,1.007,0.941,0.88,1.0,1.007,1.0,1.0,1.007,-5.9,-12.0,0.0,0.7,0.0,0.0,0.7,192.07142857142856,1.1861584011843078,0.0,15.384900074019248,0.0099925980754996,0.0177646188008882,15.402664692820132,207.45632864544783,13.518830495928944,185.4,1.14,0.0,200.2,,,,,13.0,174.5,1.0,0.0,188.4,,,,,13.1,38.39,0.85,0.65,42.0,18.0,1.8,18.0,22.0,6.0,52.0,,,,,,,,,,,,,,,,,,,,,,NO ODDS,,,,,,,,,13.0,,EARLY MODERATE,No OVER/UNDER recommendation.
2026,3,,2026-09-27,13:00,00-0031484,Chris Manhertz,chris manhertz,NYG,TEN,TE,LOW TARGET,True,,,5.5,43.5,19.0,,,0,12,8,0.2,0.7,0.1,8,18,1.27,1.94,0.0,2.3,-1.0,39.56,50.94,51.9,44.38,0.976,0.55,0.97,0.934,1.056,Neutral,1.04,1.071,1.016,1.0,1.04,1.045,0.958,1.04,7.1,1.6,0.0,4.0,4.5,-4.2,4.0,0.0099002567647639,9.8755678451511e-05,0.0,0.0420205411811179,0.5835244854230633,5.757295201671068,5.799315742852185,0.0519207979458819,1.6740059492814778,,,,,0.0,0.6,5.9,,1.6,,,,,0.0,0.6,5.7,,1.7,38.0,0.85,0.65,42.0,18.0,1.8,18.0,22.0,6.0,51.9,,,,,,,,,,,,,,,,,,,,,,NO ODDS,,,,,,,,,13.0,,EARLY MODERATE,No OVER/UNDER recommendation.
2026,3,,2026-09-27,16:25,00-0038998,Jake Haener,jake haener,NO,LV,QB,QB,True,,,3.0,45.5,21.25,,,0,8,8,0.2,0.7,0.1,8,15,1.66,2.42,-0.12,2.71,-0.973,40.66,59.43,51.8,52.25,1.002,0.7,0.97,0.964,1.038,Neutral,0.951,0.937,0.88,1.0,0.951,1.0,1.0,0.951,-6.3,-12.0,0.0,-4.9,0.0,0.0,-4.9,51.24553571428572,0.2509483715766099,0.0,4.530255366395264,0.0012490747594374,0.002220577350111,4.532475943745375,55.77579108068098,3.1382466691339754,49.8,0.24,0.0,54.2,,,,,3.1,46.7,0.21,0.0,50.8,,,,,2.9,38.0,0.85,0.65,42.0,18.0,1.8,18.0,22.0,6.0,51.8,,,,,,,,,,,,,,,,,,,,,,NO ODDS,,,,,,,,,13.0,,EARLY MODERATE,No OVER/UNDER recommendation.
2026,3,,2026-09-27,16:25,00-0038397,Evan Hull,evan hull,NO,LV,RB,DEPTH RB,True,,,3.0,45.5,21.25,,,0,6,7,0.2,0.7,0.1,7,18,1.04,0.6,0.7,1.6,-0.638,55.3,56.19,51.6,52.25,1.002,0.6,0.97,0.964,1.038,Neutral,0.951,0.937,0.88,1.0,1.002,0.974,0.935,0.986,-6.3,-12.0,0.0,0.2,-2.6,-6.5,-1.4,0.0024586939417781,0.0001966955153422,0.0,10.724980330448467,0.3017833726724364,2.0695908733280883,12.794571203776556,10.727439024390245,1.7950681877786518,,,,,10.0,0.3,2.1,12.4,1.7,,,,,10.0,0.3,2.0,12.2,1.6,38.0,0.85,0.65,42.0,18.0,1.8,18.0,22.0,6.0,51.6,,,,,,,,,,,,,,,,,,,,,,NO ODDS,,,,,,,,,12.9,,EARLY MODERATE,No OVER/UNDER recommendation.
2026,3,,2026-09-27,13:00,00-0040648,Tory Horton,tory horton,SEA,WAS,WR,LOW TARGET,False,,,2.5,41.5,19.5,,,0,8,8,0.2,0.7,0.1,8,9,8.49,8.51,0.0,14.22,-0.372,49.94,57.51,51.6,40.62,0.977,0.55,0.97,0.97,1.02,Favorable,1.106,1.099,1.12,1.0,1.106,1.104,1.096,1.106,9.9,12.0,0.0,10.6,10.4,9.6,10.6,0.0045788902053712,0.0001110781990521,0.0,0.1242101105845181,1.82013089596028,22.43146827747687,22.55567838806139,0.1287890007898894,8.329753759027309,,,,,0.1,1.8,22.2,,7.9,,,,,0.1,2.0,24.3,,8.7,38.0,0.85,0.65,42.0,18.0,1.8,18.0,22.0,6.0,51.6,,,,,,,,,,,,,,,,,,,,,,NO ODDS,,,,,,,,,12.9,,EARLY MODERATE,No OVER/UNDER recommendation.
2026,3,,2026-09-27,13:00,00-0036360,Clyde Edwards-Helaire,clyde edwards helaire,KC,MIA,RB,DEPTH RB,False,,,8.5,44.5,18.0,,,0,4,8,0.2,0.7,0.1,8,18,5.55,5.1,3.28,8.05,-0.378,52.12,66.74,51.5,45.12,0.968,0.6,0.97,0.898,1.09,Neutral,1.031,1.002,1.12,1.0,1.12,1.11,1.12,1.12,0.2,12.0,0.0,12.0,11.0,12.0,12.0,0.0024586939417781,0.0001966955153422,0.0,15.249980330448466,1.255950039339103,8.107090873328088,23.35707120377656,15.252439024390242,3.805484854445319,,,,,13.3,1.3,8.6,22.5,3.6,,,,,14.9,1.4,9.6,25.2,3.7,38.0,0.85,0.65,42.0,18.0,1.8,18.0,22.0,6.0,51.5,,,,,,,,,,,,,,,,,,,,,,NO ODDS,,,,,,,,,12.9,,EARLY MODERATE,No OVER/UNDER recommendation.
2026,3,,2026-09-27,13:00,00-0040234,Quinn Ewers,quinn ewers,MIA,KC,QB,QB,True,,,-8.5,44.5,26.5,,,0,4,4,0.2,0.7,0.1,4,18,9.28,4.57,5.71,10.23,1.0,33.5,71.75,51.4,62.12,1.053,0.71,1.03,1.102,0.92,Tough,0.891,0.88,0.88,1.0,0.891,1.0,1.0,0.891,-12.0,-12.0,0.0,-10.9,0.0,0.0,-10.9,165.19642857142856,0.9607698001480388,0.0,6.923112509252406,0.2512490747594375,-1.497779422649889,5.4253330866025165,172.11954108068102,9.812353811991118,179.2,1.04,0.0,186.7,,,,,10.6,157.7,0.92,0.0,164.3,,,,,9.4,38.0,0.85,0.65,42.0,18.0,1.8,18.0,22.0,6.0,51.4,,,,,,,,,,,,,,,,,,,,,,NO ODDS,,,,,,,,,12.8,,EARLY MODERATE,No OVER/UNDER recommendation.
2026,3,,2026-09-27,13:00,00-0033856,Leonard Fournette,leonard fournette,BUF,LAC,RB,ROTATION RB,True,,,4.5,49.5,22.5,,,0,0,8,0.2,0.7,0.1,8,18,8.09,7.61,2.0,12.07,-0.881,51.53,72.46,51.3,63.12,1.023,0.602,0.97,0.946,1.064,Neutral,0.936,0.928,0.88,1.0,0.909,0.88,0.88,0.88,-7.2,-12.0,0.0,-9.1,-12.0,-12.0,-12.0,0.019669551534225,0.001573564122738,0.0,32.999842643587726,1.5476003147128248,11.356726986624706,44.356569630212434,33.01951219512195,7.693878835562549,,,,,30.3,1.6,11.7,43.3,7.6,,,,,27.5,1.4,10.3,38.1,7.1,38.0,0.85,0.65,42.0,18.0,1.8,18.0,22.0,6.0,51.3,,,,,,,,,,,,,,,,,,,,,,NO ODDS,,,,,,,,,12.8,,EARLY MODERATE,No OVER/UNDER recommendation.
2026,3,,2026-09-27,20:20,00-0031345,Jimmy Garoppolo,jimmy garoppolo,LAR,DEN,QB,QB,False,,,2.5,46.5,22.0,,,0,4,8,0.2,0.7,0.1,8,18,4.44,7.04,-0.3,9.34,-1.0,38.68,70.36,51.2,55.62,1.012,0.7,0.97,0.97,1.035,Neutral,0.966,0.913,0.88,1.0,0.966,1.0,1.0,0.966,-8.7,-12.0,0.0,-3.4,0.0,0.0,-3.4,65.75892857142858,0.3982698001480385,0.0,0.0481125092524062,0.0012490747594374,0.002220577350111,0.050333086602517,65.80704108068097,3.9223538119911177,64.6,0.39,0.0,64.6,,,,,3.9,59.0,0.34,0.0,59.0,,,,,3.8,38.0,0.85,0.65,42.0,18.0,1.8,18.0,22.0,6.0,51.2,,,,,,,,,,,,,,,,,,,,,,NO ODDS,,,,,,,,,12.8,,EARLY MODERATE,No OVER/UNDER recommendation.
2026,3,,2026-09-27,13:00,00-0039603,British Brooks,british brooks,HOU,IND,RB,DEPTH RB,False,,,2.5,45.5,21.5,,,1,10,8,0.2,0.7,0.1,8,18,1.03,2.33,0.0,0.0,1.0,30.64,51.68,51.2,52.62,1.005,0.6,1.03,0.97,1.032,Favorable,1.108,1.12,0.986,1.0,1.071,0.958,1.032,1.062,12.0,-1.4,0.0,7.1,-4.2,3.2,6.2,0.0019669551534225,0.0001573564122738,0.0,10.493317597692108,0.1547600314712825,1.1356726986624708,11.628990296354578,10.495284552845533,1.4887212168895885,,,,,10.5,0.2,1.2,12.0,1.5,,,,,11.2,0.2,1.2,12.7,1.7,38.0,0.85,0.65,42.0,18.0,1.8,18.0,22.0,6.0,51.2,,,,,,,,,,,,,,,,,,,,,,NO ODDS,,,,,,,,,12.8,,EARLY MODERATE,No OVER/UNDER recommendation.
2026,3,,2026-09-27,13:00,00-0040563,Efton Chism III,efton chism iii,NE,JAC,WR,LOW TARGET,False,,,-2.5,45.5,24.0,,,1,8,8,0.2,0.7,0.1,8,18,2.65,4.21,0.0,1.73,1.0,38.68,50.79,51.1,57.62,1.03,0.55,1.03,1.03,0.982,Neutral,1.0,1.0,1.0,1.0,1.0,1.0,1.0,1.0,0.0,0.0,0.0,0.0,0.0,0.0,0.0,0.0036631121642969,8.886255924170617e-05,0.0,0.0993680884676145,0.8132475739110813,11.820174621981494,11.91954271044911,0.1030312006319115,2.815588721507561,,,,,0.1,0.8,12.0,,3.0,,,,,0.1,0.8,12.0,,3.0,38.0,0.85,0.65,42.0,18.0,1.8,18.0,22.0,6.0,51.1,,,,,,,,,,,,,,,,,,,,,,NO ODDS,,,,,,,,,12.8,,EARLY MODERATE,No OVER/UNDER recommendation.
2026,3,,2026-09-27,13:00,00-0034208,Mike Boone,mike boone,CAR,CLE,RB,DEPTH RB,False,,,2.5,40.5,19.0,,,0,5,8,0.2,0.7,0.1,8,18,1.33,0.89,0.6,1.77,0.056,59.93,60.17,50.9,37.62,0.97,0.6,1.007,0.97,1.017,Neutral,0.948,0.88,1.049,1.0,1.064,0.954,0.88,0.999,-12.0,4.9,0.0,6.4,-4.6,-12.0,-0.1,0.0024586939417781,0.0001966955153422,0.0,13.762480330448469,0.4434500393391031,0.9195908733280884,14.682071203776555,13.764939024390245,2.125484854445318,,,,,13.4,0.5,0.9,14.7,2.1,,,,,14.3,0.5,0.8,14.7,2.0,38.0,0.85,0.65,42.0,18.0,1.8,18.0,22.0,6.0,50.9,,,,,,,,,,,,,,,,,,,,,,NO ODDS,,,,,,,,,12.7,,EARLY MODERATE,No OVER/UNDER recommendation.
2026,3,,2026-09-27,13:00,00-0039757,Terrell Jennings,terrell jennings,NE,JAC,RB,DEPTH RB,False,,,-2.5,45.5,24.0,,,0,8,8,0.2,0.7,0.1,8,18,2.21,3.67,0.38,1.85,-0.966,37.63,56.81,50.8,57.62,1.03,0.6,0.97,1.03,0.982,Neutral,1.0,1.0,1.0,1.0,1.0,1.0,1.0,1.0,0.0,0.0,0.0,0.0,0.0,0.0,0.0,0.0024586939417781,0.0001966955153422,0.0,14.312480330448466,0.3095214679105317,2.4642337304709456,16.776714060919414,14.314939024390242,2.897449140159605,,,,,14.3,0.3,2.3,16.4,2.9,,,,,14.3,0.3,2.3,16.4,2.9,38.0,0.85,0.65,42.0,18.0,1.8,18.0,22.0,6.0,50.8,,,,,,,,,,,,,,,,,,,,,,NO ODDS,,,,,,,,,12.7,,EARLY MODERATE,No OVER/UNDER recommendation.
2026,3,,2026-09-27,13:00,00-0034419,Braxton Berrios,braxton berrios,NYG,TEN,WR,LOW TARGET,True,,,5.5,43.5,19.0,,,2,10,8,0.2,0.7,0.1,8,18,1.12,2.81,0.0,0.23,-1.0,28.57,48.7,50.8,44.38,0.976,0.55,0.97,0.934,1.056,Neutral,1.04,1.071,1.016,1.0,1.04,1.118,1.12,1.04,7.1,1.6,0.0,4.0,11.8,12.0,4.0,0.0036631121642969,8.886255924170617e-05,0.0,0.0993680884676145,0.7730094786729859,6.487079383886257,6.586447472353871,0.1030312006319115,1.5563268167456557,,,,,0.1,0.8,6.6,,1.5,,,,,0.1,0.9,7.4,,1.6,38.0,0.85,0.65,42.0,18.0,1.8,18.0,22.0,6.0,50.8,,,,,,,,,,,,,,,,,,,,,,NO ODDS,,,,,,,,,12.7,,EARLY MODERATE,No OVER/UNDER recommendation.
2026,3,,2026-09-27,16:25,00-0027966,Mark Ingram,mark ingram,NO,LV,RB,DEPTH RB,True,,,3.0,45.5,21.25,,,0,0,8,0.2,0.7,0.1,8,13,5.14,3.25,3.0,7.42,-0.219,61.26,68.84,50.7,52.25,1.002,0.602,0.974,0.964,1.038,Neutral,0.951,0.937,0.88,1.0,1.002,0.974,0.935,0.986,-6.3,-12.0,0.0,0.2,-2.6,-6.5,-1.4,0.019669551534225,0.001573564122738,0.0,32.999842643587726,1.5476003147128248,11.356726986624706,44.356569630212434,33.01951219512195,7.693878835562549,,,,,31.0,1.6,11.5,43.2,7.5,,,,,31.1,1.6,10.8,42.6,7.1,38.0,0.85,0.65,42.0,18.0,1.8,18.0,22.0,6.0,50.7,,,,,,,,,,,,,,,,,,,,,,NO ODDS,,,,,,,,,12.7,,EARLY MODERATE,No OVER/UNDER recommendation.
2026,3,,2026-09-27,13:00,00-0037569,Peyton Hendershot,peyton hendershot,KC,MIA,TE,LOW TARGET,False,,,8.5,44.5,18.0,,,0,5,8,0.2,0.7,0.1,8,18,2.12,1.45,1.2,2.42,0.547,59.43,56.84,50.6,45.12,0.968,0.55,1.03,0.898,1.09,Neutral,1.031,1.002,1.12,1.0,1.031,1.12,1.12,1.031,0.2,12.0,0.0,3.1,12.0,12.0,3.1,0.0099002567647639,9.8755678451511e-05,0.0,0.0420205411811179,1.2998123642109425,13.68153762591349,13.723558167094607,0.0519207979458819,2.7963544341299627,,,,,0.0,1.5,15.4,,2.8,,,,,0.0,1.7,17.2,,2.9,38.0,0.85,0.65,42.0,18.0,1.8,18.0,22.0,6.0,50.6,,,,,,,,,,,,,,,,,,,,,,NO ODDS,,,,,,,,,12.6,,EARLY MODERATE,No OVER/UNDER recommendation.
2026,3,,2026-09-27,13:00,00-0033455,Anthony Firkser,anthony firkser,DET,NYJ,TE,LOW TARGET,True,,,7.0,48.5,20.75,,,0,6,8,0.2,0.7,0.1,8,18,2.36,2.53,1.05,2.4,1.0,48.31,55.3,50.4,58.25,1.004,0.55,1.03,0.916,1.086,Neutral,0.957,0.912,1.12,1.0,0.957,1.029,0.99,0.957,-8.8,12.0,0.0,-4.3,2.9,-1.0,-4.3,0.0099002567647639,9.8755678451511e-05,0.0,0.0420205411811179,1.566479030877609,10.92320429258016,10.965224833761274,0.0519207979458819,2.787187767463296,,,,,0.0,1.8,12.2,,2.9,,,,,0.0,1.9,12.1,,2.8,38.0,0.85,0.65,42.0,18.0,1.8,18.0,22.0,6.0,50.4,,,,,,,,,,,,,,,,,,,,,,NO ODDS,,,,,,,,,12.6,,EARLY MODERATE,No OVER/UNDER recommendation.
2026,3,,2026-09-27,16:05,00-0035860,Tony Jones,tony jones,ARI,SF,RB,DEPTH RB,False,,,-8.5,47.5,28.0,,,0,1,8,0.2,0.7,0.1,8,18,5.89,5.1,1.27,9.77,-0.418,53.62,62.37,50.3,71.12,1.074,0.6,0.97,1.102,0.928,Neutral,0.998,1.001,0.926,1.0,1.024,1.12,1.12,1.055,0.1,-7.4,0.0,2.4,12.0,12.0,5.5,0.0024586939417781,0.0001966955153422,0.0,52.24998033044847,0.1934500393391031,1.4195908733280884,53.66957120377656,52.25243902439025,11.024234854445318,,,,,55.9,0.2,1.3,52.9,11.5,,,,,57.2,0.2,1.5,55.8,11.5,38.0,0.85,0.65,42.0,20.02,1.8,18.0,22.0,6.0,50.3,,,,,,,,,,,,,,,,,,,,,,NO ODDS,,,,,,,,,12.6,,EARLY MODERATE,No OVER/UNDER recommendation.
2026,3,,2026-09-27,13:00,00-0037282,James Mitchell,james mitchell,CAR,CLE,TE,LOW TARGET,False,,,2.5,40.5,19.0,,,0,2,8,0.2,0.7,0.1,8,18,2.79,1.07,2.0,3.48,0.643,72.22,60.37,50.3,37.62,0.97,0.55,1.03,0.97,1.017,Neutral,0.948,0.88,1.049,1.0,0.948,0.966,0.968,0.948,-12.0,4.9,0.0,-5.2,-3.4,-3.2,-5.2,0.0099002567647639,9.8755678451511e-05,0.0,0.0420205411811179,1.3998123642109424,13.931537625913489,13.973558167094607,0.0519207979458819,2.9213544341299627,,,,,0.0,1.5,14.6,,2.9,,,,,0.0,1.4,14.1,,2.7,38.0,0.85,0.65,42.0,18.0,1.8,18.0,22.0,6.0,50.3,,,,,,,,,,,,,,,,,,,,,,NO ODDS,,,,,,,,,12.6,,EARLY MODERATE,No OVER/UNDER recommendation.
2026,3,,2026-09-27,16:25,00-0036955,Terrace Marshall Jr.,terrace marshall jr,LV,NO,WR,LOW TARGET,False,,,-3.0,45.5,24.25,,,0,5,8,0.2,0.7,0.1,8,18,1.48,1.33,0.0,1.8,0.774,52.59,55.51,50.3,58.25,1.032,0.55,1.03,1.036,0.977,Neutral,0.981,0.895,0.948,1.0,0.981,0.929,0.88,0.981,-10.5,-5.2,0.0,-1.9,-7.1,-12.0,-1.9,0.0045788902053712,0.0001110781990521,0.0,0.1242101105845181,0.8870951816745657,13.142182563191154,13.266392673775677,0.1287890007898894,2.369575187598736,,,,,0.1,0.9,13.2,,2.5,,,,,0.1,0.8,11.6,,2.5,38.0,0.85,0.65,42.0,18.0,1.8,18.0,22.0,6.0,50.3,,,,,,,,,,,,,,,,,,,,,,NO ODDS,,,,,,,,,12.6,,EARLY MODERATE,No OVER/UNDER recommendation.
2026,3,,2026-09-27,13:00,00-0037013,Zach Wilson,zach wilson,MIA,KC,QB,QB,True,,,-8.5,44.5,26.5,,,0,4,8,0.2,0.7,0.1,8,18,3.61,6.56,-0.05,8.54,-1.0,35.48,67.45,50.2,62.12,1.053,0.7,0.97,1.102,0.92,Tough,0.891,0.88,0.88,1.0,0.891,1.0,1.0,0.891,-12.0,-12.0,0.0,-10.9,0.0,0.0,-10.9,28.008928571428577,0.1482698001480385,0.0,1.798112509252406,0.0012490747594374,0.002220577350111,1.800333086602517,29.807041080680985,1.8373538119911184,28.6,0.15,0.0,30.4,,,,,1.9,25.2,0.13,0.0,26.8,,,,,1.7,38.0,0.85,0.65,42.0,18.0,1.8,18.0,22.0,6.0,50.2,,,,,,,,,,,,,,,,,,,,,,NO ODDS,,,,,,,,,12.6,,EARLY MODERATE,No OVER/UNDER recommendation.
2026,3,,2026-09-27,13:00,00-0036165,Isaiah Hodgins,isaiah hodgins,NYG,TEN,WR,LOW TARGET,True,,,5.5,43.5,19.0,,,0,8,8,0.2,0.7,0.1,8,18,3.46,4.32,1.4,4.02,-0.868,44.53,55.66,50.1,44.38,0.976,0.55,0.97,0.934,1.056,Neutral,1.04,1.071,1.016,1.0,1.04,1.118,1.12,1.04,7.1,1.6,0.0,4.0,11.8,12.0,4.0,0.0045788902053712,0.0001110781990521,0.0,0.1242101105845181,1.5031666102459942,16.462718277476867,16.586928388061388,0.1287890007898894,3.933771616170165,,,,,0.1,1.5,16.9,,3.7,,,,,0.1,1.7,18.9,,3.8,38.0,0.85,0.65,42.0,18.0,1.8,18.0,22.0,6.0,50.1,,,,,,,,,,,,,,,,,,,,,,NO ODDS,,,,,,,,,12.5,,EARLY MODERATE,No OVER/UNDER recommendation.
2026,3,,2026-09-27,16:05,00-0040494,Max Brosmer,max brosmer,MIN,TB,QB,QB,False,,,-1.5,45.5,23.5,,,0,7,7,0.2,0.7,0.1,7,18,0.73,1.98,0.09,1.47,1.0,29.36,62.89,49.7,56.38,1.025,0.7,1.03,1.018,0.992,Neutral,1.013,1.096,1.079,1.0,1.013,1.0,1.0,1.013,9.6,7.9,0.0,1.3,0.0,0.0,1.3,69.02678571428572,0.1482698001480385,0.0,3.8516839378238346,0.0012490747594374,0.002220577350111,3.853904515173945,72.87846965210956,2.3262823834196897,72.9,0.16,0.0,76.9,,,,,2.5,79.9,0.17,0.0,84.3,,,,,2.5,38.0,0.85,0.65,42.0,18.0,1.8,18.0,22.0,6.0,49.7,,,,,,,,,,,,,,,,,,,,,,NO ODDS,,,,,,,,,12.4,,EARLY MODERATE,No OVER/UNDER recommendation.
2026,3,,2026-09-27,13:00,00-0036020,Salvon Ahmed,salvon ahmed,MIA,KC,RB,DEPTH RB,True,,,-8.5,44.5,26.5,,,0,0,8,0.2,0.7,0.1,8,18,6.02,4.46,1.25,8.35,0.01,57.46,64.8,49.6,62.12,1.053,0.602,1.001,1.102,0.92,Tough,0.891,0.88,0.88,1.0,0.884,0.912,0.955,0.901,-12.0,-12.0,0.0,-11.6,-8.8,-4.5,-9.9,0.019669551534225,0.001573564122738,0.0,32.999842643587726,1.5476003147128248,11.356726986624706,44.356569630212434,33.01951219512195,7.693878835562549,,,,,36.4,1.4,10.5,44.9,8.1,,,,,32.2,1.3,10.0,40.5,7.2,38.0,0.85,0.65,42.0,18.0,1.8,18.0,22.0,6.0,49.6,,,,,,,,,,,,,,,,,,,,,,NO ODDS,,,,,,,,,12.4,,EARLY MODERATE,No OVER/UNDER recommendation.
2026,3,,2026-09-27,16:05,00-0031273,Cameron Brate,cameron brate,TB,MIN,TE,LOW TARGET,True,,,1.5,45.5,22.0,,,0,0,8,0.2,0.7,0.1,8,15,4.24,2.35,2.88,5.17,-0.097,64.35,63.76,49.6,53.38,1.01,0.55,0.988,0.982,1.022,Neutral,0.956,0.898,0.88,1.0,0.956,0.88,0.954,0.956,-10.2,-12.0,0.0,-4.4,-12.0,-4.6,-4.4,0.0792020541181117,0.000790045427612,0.0,0.3361643294489433,2.198498913687537,22.45230100730792,22.788465336756865,0.4153663835670551,5.4708354730397,,,,,0.3,2.2,22.7,,5.5,,,,,0.3,1.9,21.7,,5.3,38.0,0.85,0.65,42.0,18.0,1.8,18.0,22.0,6.0,49.6,,,,,,,,,,,,,,,,,,,,,,NO ODDS,,,,,,,,,12.4,,EARLY MODERATE,No OVER/UNDER recommendation.
2026,3,,2026-09-27,13:00,00-0034955,Brett Rypien,brett rypien,CIN,PIT,QB,QB,False,,,2.5,45.5,21.5,,,0,1,7,0.2,0.7,0.1,7,16,2.67,2.85,0.84,5.39,-0.528,42.31,74.52,49.5,52.62,1.005,0.7,0.97,0.97,1.032,Neutral,1.062,1.054,0.952,1.0,1.062,1.0,1.0,1.062,5.4,-4.8,0.0,6.2,0.0,0.0,6.2,24.008928571428577,0.1482698001480385,0.0,1.9231125092524064,0.0012490747594374,0.002220577350111,1.925333086602517,25.932041080680985,1.6898538119911182,23.4,0.14,0.0,25.3,,,,,1.6,24.7,0.13,0.0,26.7,,,,,1.7,38.0,0.85,0.65,42.0,18.0,1.8,18.0,22.0,6.0,49.5,,,,,,,,,,,,,,,,,,,,,,NO ODDS,,,,,,,,,12.4,,EARLY MODERATE,No OVER/UNDER recommendation.
2026,3,,2026-09-27,16:25,00-0031325,Sammy Watkins,sammy watkins,BAL,DAL,WR,LOW TARGET,False,,,3.0,52.5,24.75,,,0,0,8,0.2,0.7,0.1,8,18,4.97,3.54,1.75,7.75,0.183,58.4,59.66,49.5,73.25,1.052,0.588,1.022,0.964,1.058,Favorable,1.074,1.106,1.12,1.0,1.074,1.077,1.086,1.074,10.6,12.0,0.0,7.4,7.7,8.6,7.4,0.0366311216429699,0.000888625592417,0.0,0.9936808846761452,2.5967614533965246,32.73746050552923,33.73114139020537,1.0303120063191151,7.216601500789888,,,,,1.0,2.8,35.4,,7.8,,,,,1.1,3.0,38.4,,8.4,38.0,0.85,0.65,42.0,18.0,1.8,18.0,22.0,6.0,49.5,,,,,,,,,,,,,,,,,,,,,,NO ODDS,,,,,,,,,12.4,,EARLY MODERATE,No OVER/UNDER recommendation.
2026,3,,2026-09-27,13:00,00-0034777,DJ Chark,dj chark,LAC,BUF,WR,LOW TARGET,False,,,-4.5,49.5,27.0,,,0,4,8,0.2,0.7,0.1,8,18,5.58,7.24,2.57,5.35,0.204,43.51,57.06,49.5,72.12,1.068,0.55,1.024,1.054,0.974,Neutral,0.94,0.885,0.982,1.0,0.94,0.949,0.912,0.94,-11.5,-1.8,0.0,-6.0,-5.1,-8.8,-6.0,0.0045788902053712,0.0001110781990521,0.0,0.1242101105845181,1.1370951816745656,10.092182563191155,10.216392673775673,0.1287890007898894,4.189575187598736,,,,,0.1,1.1,10.1,,4.6,,,,,0.1,1.0,9.2,,4.3,38.0,0.85,0.65,42.0,18.0,1.8,18.0,22.0,6.0,49.5,,,,,,,,,,,,,,,,,,,,,,NO ODDS,,,,,,,,,12.4,,EARLY MODERATE,No OVER/UNDER recommendation.
2026,3,,2026-09-27,13:00,00-0030288,Rex Burkhead,rex burkhead,HOU,IND,RB,DEPTH RB,False,,,2.5,45.5,21.5,,,0,0,8,0.2,0.7,0.1,8,18,2.65,1.32,1.43,3.78,0.219,66.76,61.99,49.4,52.62,1.005,0.602,1.026,0.97,1.032,Favorable,1.108,1.12,0.986,1.0,1.071,0.958,1.032,1.062,12.0,-1.4,0.0,7.1,-4.2,3.2,6.2,0.019669551534225,0.001573564122738,0.0,32.999842643587726,1.5476003147128248,11.356726986624706,44.356569630212434,33.01951219512195,7.693878835562549,,,,,32.9,1.6,12.0,45.6,7.9,,,,,35.2,1.5,12.4,48.4,8.8,38.0,0.85,0.65,42.0,18.0,1.8,18.0,22.0,6.0,49.4,,,,,,,,,,,,,,,,,,,,,,NO ODDS,,,,,,,,,12.4,,EARLY MODERATE,No OVER/UNDER recommendation.
2026,3,,2026-09-27,13:00,00-0033871,Corey Davis,corey davis,NYJ,DET,WR,LOW TARGET,False,,,-7.0,48.5,27.75,,,0,0,8,0.2,0.7,0.1,8,18,4.83,3.89,2.35,7.28,-0.24,55.42,61.79,49.4,72.25,1.074,0.588,0.971,1.084,0.946,Favorable,1.088,1.108,1.12,1.0,1.088,1.083,1.12,1.088,10.8,12.0,0.0,8.8,8.3,12.0,8.8,0.0366311216429699,0.000888625592417,0.0,0.9936808846761452,2.5967614533965246,32.73746050552923,33.73114139020537,1.0303120063191151,7.216601500789888,,,,,1.0,2.4,30.1,,7.5,,,,,1.1,2.6,33.7,,8.2,38.0,0.85,0.65,42.0,18.0,1.8,18.0,22.0,6.0,49.4,,,,,,,,,,,,,,,,,,,,,,NO ODDS,,,,,,,,,12.4,,EARLY MODERATE,No OVER/UNDER recommendation.
2026,3,,2026-09-27,16:05,00-0031237,Teddy Bridgewater,teddy bridgewater,TB,MIN,QB,QB,True,,,1.5,45.5,22.0,,,0,3,8,0.2,0.7,0.1,8,17,4.18,5.99,-0.1,9.48,-0.893,41.11,67.96,49.2,53.38,1.01,0.7,0.97,0.982,1.022,Neutral,0.956,0.898,0.88,1.0,0.956,1.0,1.0,0.956,-10.2,-12.0,0.0,-4.4,0.0,0.0,-4.4,49.84226190476191,0.1482698001480385,0.0,3.9647791759190727,0.0012490747594374,0.002220577350111,3.966999753269184,53.80704108068099,2.9273538119911184,48.8,0.15,0.0,52.7,,,,,2.9,43.8,0.13,0.0,47.3,,,,,2.8,38.0,0.85,0.65,42.0,18.0,1.8,18.0,22.0,6.0,49.2,,,,,,,,,,,,,,,,,,,,,,NO ODDS,,,,,,,,,12.3,,EARLY MODERATE,No OVER/UNDER recommendation.
2026,3,,2026-09-27,13:00,00-0030513,Latavius Murray,latavius murray,BUF,LAC,RB,DEPTH RB,True,,,4.5,49.5,22.5,,,0,0,8,0.2,0.7,0.1,8,18,5.04,4.24,2.08,7.27,-0.576,54.28,65.31,49.2,63.12,1.023,0.602,0.97,0.946,1.064,Neutral,0.936,0.928,0.88,1.0,0.909,0.88,0.88,0.88,-7.2,-12.0,0.0,-9.1,-12.0,-12.0,-12.0,0.019669551534225,0.001573564122738,0.0,32.999842643587726,1.5476003147128248,11.356726986624706,44.356569630212434,33.01951219512195,7.693878835562549,,,,,30.3,1.6,11.7,43.3,7.6,,,,,27.5,1.4,10.3,38.1,7.1,38.0,0.85,0.65,42.0,18.0,1.8,18.0,22.0,6.0,49.2,,,,,,,,,,,,,,,,,,,,,,NO ODDS,,,,,,,,,12.3,,EARLY MODERATE,No OVER/UNDER recommendation.
2026,3,,2026-09-27,13:00,00-0032602,J.D. McKissic,jd mckissic,WAS,SEA,RB,DEPTH RB,True,,,-2.5,41.5,22.0,,,0,0,8,0.2,0.7,0.1,8,8,6.15,3.99,4.25,9.02,-0.729,60.67,68.01,49.2,45.62,1.002,0.602,0.97,1.03,0.97,Neutral,0.94,0.88,0.88,1.0,0.88,1.12,1.12,0.882,-12.0,-12.0,0.0,-12.0,12.0,12.0,-11.8,0.019669551534225,0.001573564122738,0.0,32.999842643587726,1.5476003147128248,11.356726986624706,44.356569630212434,33.01951219512195,7.693878835562549,,,,,33.0,1.5,10.7,43.0,7.5,,,,,29.0,1.7,12.0,37.9,7.0,38.0,0.85,0.65,42.0,18.0,1.8,18.0,22.0,6.0,49.2,,,,,,,,,,,,,,,,,,,,,,NO ODDS,,,,,,,,,12.3,,EARLY MODERATE,No OVER/UNDER recommendation.
2026,3,,2026-09-27,16:05,00-0032128,Chris Conley,chris conley,SF,ARI,WR,LOW TARGET,True,,,8.5,47.5,19.5,,,0,9,8,0.2,0.7,0.1,8,18,2.14,3.71,0.0,0.57,1.0,36.61,51.79,49.2,54.12,0.989,0.55,1.03,0.898,1.098,Neutral,1.062,1.039,1.12,1.0,1.062,1.018,0.97,1.062,3.9,12.0,0.0,6.2,1.8,-3.0,6.2,0.0045788902053712,0.0001110781990521,0.0,0.1242101105845181,1.064178515007899,14.17898811874671,14.30319822933123,0.1287890007898894,2.6503390764876253,,,,,0.1,1.2,16.0,,2.7,,,,,0.1,1.2,15.5,,2.9,38.0,0.85,0.65,42.0,18.0,1.8,18.0,22.0,6.0,49.2,,,,,,,,,,,,,,,,,,,,,,NO ODDS,,,,,,,,,12.3,,EARLY MODERATE,No OVER/UNDER recommendation.
2026,3,,2026-09-27,13:00,00-0039631,Cam Grandy,cam grandy,CIN,PIT,TE,LOW TARGET,False,,,2.5,45.5,21.5,,,0,6,6,0.2,0.7,0.1,6,18,1.69,0.65,1.23,1.85,-0.22,54.22,50.04,49.0,52.62,1.005,0.55,0.974,0.97,1.032,Neutral,1.062,1.054,0.952,1.0,1.062,1.06,1.12,1.062,5.4,-4.8,0.0,6.2,6.0,12.0,6.2,0.0099002567647639,9.8755678451511e-05,0.0,0.0420205411811179,1.2581456975442755,7.773204292580159,7.815224833761277,0.0519207979458819,2.163854434129963,,,,,0.0,1.3,7.8,,2.1,,,,,0.0,1.4,8.7,,2.2,38.0,0.85,0.65,42.0,18.0,1.8,18.0,22.0,6.0,49.0,,,,,,,,,,,,,,,,,,,,,,NO ODDS,,,,,,,,,12.2,,EARLY MODERATE,No OVER/UNDER recommendation.
2026,3,,2026-09-27,13:00,00-0036268,Laviska Shenault Jr.,laviska shenault jr,SEA,WAS,WR,LOW TARGET,False,,,2.5,41.5,19.5,,,0,10,8,0.2,0.7,0.1,8,18,1.33,1.96,0.0,2.2,-0.667,40.42,50.64,49.0,40.62,0.977,0.55,0.97,0.97,1.02,Favorable,1.106,1.099,1.12,1.0,1.106,1.104,1.096,1.106,9.9,12.0,0.0,10.6,10.4,9.6,10.6,0.0045788902053712,0.0001110781990521,0.0,0.1742101105845181,0.6829285150078991,7.008849229857821,7.183059340442338,0.1787890007898894,2.107075187598736,,,,,0.2,0.7,6.9,,2.0,,,,,0.2,0.8,7.6,,2.2,38.0,0.85,0.65,42.0,18.0,1.8,18.0,22.0,6.0,49.0,,,,,,,,,,,,,,,,,,,,,,NO ODDS,,,,,,,,,12.2,,EARLY MODERATE,No OVER/UNDER recommendation.
2026,3,,2026-09-27,16:25,00-0032765,Michael Thomas,michael thomas,NO,LV,WR,REGULAR TARGET,True,,,3.0,45.5,21.25,,,0,0,8,0.2,0.7,0.1,8,10,7.47,4.82,7.45,10.85,-0.617,60.76,64.47,48.8,52.25,1.002,0.588,0.97,0.964,1.038,Neutral,0.951,0.937,0.88,1.0,0.951,1.011,0.985,0.951,-6.3,-12.0,0.0,-4.9,1.1,-1.5,-4.9,0.0366311216429699,0.000888625592417,0.0,0.9936808846761452,2.5967614533965246,32.73746050552923,33.73114139020537,1.0303120063191151,7.216601500789888,,,,,0.9,2.6,32.9,,7.0,,,,,0.9,2.6,32.4,,6.7,38.0,0.85,0.65,42.0,18.0,1.8,18.0,22.0,6.0,48.8,,,,,,,,,,,,,,,,,,,,,,NO ODDS,,,,,,,,,12.2,,EARLY MODERATE,No OVER/UNDER recommendation.
2026,3,,2026-09-27,13:00,00-0032951,Laquon Treadwell,laquon treadwell,IND,HOU,WR,LOW TARGET,True,,,-2.5,45.5,24.0,,,2,6,8,0.2,0.7,0.1,8,18,1.62,3.49,0.0,0.0,1.0,31.8,49.17,48.8,57.62,1.03,0.55,1.03,1.03,0.982,Neutral,0.956,0.963,0.88,1.0,0.956,0.908,0.95,0.956,-3.7,-12.0,0.0,-4.4,-9.2,-5.0,-4.4,0.0036631121642969,8.886255924170617e-05,0.0,0.0993680884676145,0.6882475739110813,11.988031764838638,12.087399853306254,0.1030312006319115,2.021660150078989,,,,,0.1,0.7,12.1,,2.1,,,,,0.1,0.6,11.5,,2.0,38.0,0.85,0.65,42.0,18.0,1.8,18.0,22.0,6.0,48.8,,,,,,,,,,,,,,,,,,,,,,NO ODDS,,,,,,,,,12.2,,EARLY MODERATE,No OVER/UNDER recommendation.
2026,3,,2026-09-27,13:00,00-0037755,Jelani Woods,jelani woods,NYJ,DET,TE,LOW TARGET,False,,,-7.0,48.5,27.75,,,0,2,8,0.2,0.7,0.1,8,18,4.19,4.42,1.77,5.5,-0.804,48.71,57.96,48.7,72.25,1.074,0.55,0.97,1.084,0.946,Favorable,1.088,1.108,1.12,1.0,1.088,1.12,1.12,1.088,10.8,12.0,0.0,8.8,12.0,12.0,8.8,0.0099002567647639,9.8755678451511e-05,0.0,0.0420205411811179,0.8998123642109421,5.30653762591349,5.348558167094609,0.0519207979458819,1.5588544341299628,,,,,0.0,0.8,4.9,,1.6,,,,,0.0,0.9,5.5,,1.7,38.0,0.85,0.65,42.0,18.0,1.8,18.0,22.0,6.0,48.7,,,,,,,,,,,,,,,,,,,,,,NO ODDS,,,,,,,,,12.2,,EARLY MODERATE,No OVER/UNDER recommendation.
2026,3,,2026-09-27,13:00,00-0031547,DeVante Parker,devante parker,NE,JAC,WR,LOW TARGET,False,,,-2.5,45.5,24.0,,,0,0,8,0.2,0.7,0.1,8,18,5.79,3.84,2.25,9.65,-0.459,60.11,62.47,48.7,57.62,1.03,0.588,0.97,1.03,0.982,Neutral,1.0,1.0,1.0,1.0,1.0,1.0,1.0,1.0,0.0,0.0,0.0,0.0,0.0,0.0,0.0,0.0366311216429699,0.000888625592417,0.0,0.9936808846761452,2.5967614533965246,32.73746050552923,33.73114139020537,1.0303120063191151,7.216601500789888,,,,,1.0,2.5,31.2,,7.2,,,,,1.0,2.5,31.2,,7.2,38.0,0.85,0.65,42.0,18.0,1.8,18.0,22.0,6.0,48.7,,,,,,,,,,,,,,,,,,,,,,NO ODDS,,,,,,,,,12.2,,EARLY MODERATE,No OVER/UNDER recommendation.
2026,3,,2026-09-27,16:05,00-0034411,Russell Gage,russell gage,TB,MIN,WR,REGULAR TARGET,True,,,1.5,45.5,22.0,,,0,0,8,0.2,0.7,0.1,8,18,10.31,6.74,5.72,10.75,-0.239,60.45,64.03,48.7,53.38,1.01,0.588,0.971,0.982,1.022,Neutral,0.956,0.898,0.88,1.0,0.956,0.893,0.909,0.956,-10.2,-12.0,0.0,-4.4,-10.7,-9.1,-4.4,0.0366311216429699,0.000888625592417,0.0,0.9936808846761452,2.5967614533965246,32.73746050552923,33.73114139020537,1.0303120063191151,7.216601500789888,,,,,0.9,2.6,32.5,,7.1,,,,,0.9,2.3,29.5,,6.8,38.0,0.85,0.65,42.0,18.0,1.8,18.0,22.0,6.0,48.7,,,,,,,,,,,,,,,,,,,,,,NO ODDS,,,,,,,,,12.2,,EARLY MODERATE,No OVER/UNDER recommendation.
2026,3,,2026-09-27,13:00,00-0039810,Jermaine Burton,jermaine burton,CIN,PIT,WR,LOW TARGET,False,,,2.5,45.5,21.5,,,0,8,8,0.2,0.7,0.1,8,17,1.28,1.94,0.0,2.85,-1.0,39.6,52.32,48.7,52.62,1.005,0.55,0.97,0.97,1.032,Neutral,1.062,1.054,0.952,1.0,1.062,0.995,0.997,1.062,5.4,-4.8,0.0,6.2,-0.5,-0.3,6.2,0.0045788902053712,0.0001110781990521,0.0,0.1242101105845181,0.6549523245317085,11.944861134619728,12.069071245204244,0.1287890007898894,2.017700187598736,,,,,0.1,0.7,12.0,,2.0,,,,,0.1,0.7,12.0,,2.1,38.0,0.85,0.65,42.0,18.0,1.8,18.0,22.0,6.0,48.7,,,,,,,,,,,,,,,,,,,,,,NO ODDS,,,,,,,,,12.2,,EARLY MODERATE,No OVER/UNDER recommendation.
2026,3,,2026-09-27,16:25,00-0035562,Jesper Horsted,jesper horsted,LV,NO,TE,LOW TARGET,False,,,-3.0,45.5,24.25,,,0,0,8,0.2,0.7,0.1,8,15,0.19,0.47,0.0,0.0,-0.467,67.8,57.31,48.6,58.25,1.032,0.55,0.97,1.036,0.977,Neutral,0.981,0.895,0.948,1.0,0.981,1.08,1.028,0.981,-10.5,-5.2,0.0,-1.9,8.0,2.8,-1.9,0.0792020541181117,0.000790045427612,0.0,0.3361643294489433,2.198498913687537,22.45230100730792,22.788465336756865,0.4153663835670551,5.4708354730397,,,,,0.3,2.1,21.3,,5.5,,,,,0.3,2.3,21.9,,5.4,38.0,0.85,0.65,42.0,18.0,1.8,18.0,22.0,6.0,48.6,,,,,,,,,,,,,,,,,,,,,,NO ODDS,,,,,,,,,12.2,,EARLY MODERATE,No OVER/UNDER recommendation.
2026,3,,2026-09-27,16:25,00-0035639,Parris Campbell,parris campbell,DAL,BAL,WR,LOW TARGET,True,,,-3.0,52.5,27.75,,,0,5,8,0.2,0.7,0.1,8,18,2.41,3.85,0.0,3.35,-1.0,38.52,52.09,48.6,79.25,1.082,0.55,0.97,1.036,0.998,Neutral,0.998,1.077,0.88,1.0,0.998,1.12,1.1,0.998,7.7,-12.0,0.0,-0.2,12.0,10.0,-0.2,0.0045788902053712,0.0001110781990521,0.0,0.1242101105845181,1.0745951816745656,7.729682563191154,7.853892673775673,0.1287890007898894,2.8408251875987363,,,,,0.1,1.0,7.5,,3.0,,,,,0.1,1.1,8.2,,3.0,38.0,0.85,0.65,42.0,18.0,1.8,18.0,22.0,6.0,48.6,,,,,,,,,,,,,,,,,,,,,,NO ODDS,,,,,,,,,12.2,,EARLY MODERATE,No OVER/UNDER recommendation.
2026,3,,2026-09-27,13:00,00-0034440,Justin Jackson,justin jackson,DET,NYJ,RB,DEPTH RB,True,,,7.0,48.5,20.75,,,0,0,8,0.2,0.7,0.1,8,18,4.36,3.22,2.75,6.15,-0.656,57.51,63.5,48.5,58.25,1.004,0.602,0.97,0.916,1.086,Neutral,0.957,0.912,1.12,1.0,1.048,0.88,1.01,1.039,-8.8,12.0,0.0,4.8,-12.0,1.0,3.9,0.019669551534225,0.001573564122738,0.0,32.999842643587726,1.5476003147128248,11.356726986624706,44.356569630212434,33.01951219512195,7.693878835562549,,,,,29.3,1.6,12.0,43.1,7.5,,,,,30.7,1.4,12.1,44.8,7.2,38.0,0.85,0.65,42.0,18.0,1.8,18.0,22.0,6.0,48.5,,,,,,,,,,,,,,,,,,,,,,NO ODDS,,,,,,,,,12.1,,EARLY MODERATE,No OVER/UNDER recommendation.
2026,3,,2026-09-27,16:25,00-0039244,Chris Collier,chris collier,LV,NO,RB,DEPTH RB,False,,,-3.0,45.5,24.25,,,0,6,6,0.2,0.7,0.1,6,18,0.41,0.5,0.0,0.45,0.6,50.03,49.44,48.5,58.25,1.032,0.6,1.03,1.036,0.977,Neutral,0.981,0.895,0.948,1.0,1.12,0.886,0.881,1.069,-10.5,-5.2,0.0,12.0,-11.4,-11.9,6.9,0.0024586939417781,0.0001966955153422,0.0,6.474980330448467,0.4017833726724364,0.5862575399947549,7.061237870443223,6.477439024390244,1.321734854445319,,,,,6.9,0.4,0.6,7.3,1.4,,,,,7.7,0.4,0.5,7.8,1.4,38.0,0.85,0.65,42.0,18.0,1.8,18.0,22.0,6.0,48.5,,,,,,,,,,,,,,,,,,,,,,NO ODDS,,,,,,,,,12.1,,EARLY MODERATE,No OVER/UNDER recommendation.
2026,3,,2026-09-27,13:00,00-0037456,Troy Hairston,troy hairston,HOU,IND,RB,DEPTH RB,False,,,2.5,45.5,21.5,,,0,2,8,0.2,0.7,0.1,8,18,0.34,0.62,0.0,0.25,-0.9,61.77,56.29,48.4,52.62,1.005,0.6,0.97,0.97,1.032,Favorable,1.108,1.12,0.986,1.0,1.071,0.958,1.032,1.062,12.0,-1.4,0.0,7.1,-4.2,3.2,6.2,0.0024586939417781,0.0001966955153422,0.0,4.124980330448467,0.1934500393391031,1.4195908733280884,5.544571203776555,4.127439024390244,0.9617348544453188,,,,,3.9,0.2,1.4,5.4,0.9,,,,,4.2,0.2,1.4,5.7,1.0,38.0,0.85,0.65,42.0,18.0,1.8,18.0,22.0,6.0,48.4,,,,,,,,,,,,,,,,,,,,,,NO ODDS,,,,,,,,,12.1,,EARLY MODERATE,No OVER/UNDER recommendation.
2026,3,,2026-09-27,13:00,00-0031690,Eric Tomlinson,eric tomlinson,LAC,BUF,TE,LOW TARGET,False,,,-4.5,49.5,27.0,,,0,5,8,0.2,0.7,0.1,8,18,2.46,3.59,0.0,4.15,-0.603,40.65,52.26,48.1,72.12,1.068,0.55,0.97,1.054,0.974,Neutral,0.94,0.885,0.982,1.0,0.94,0.88,0.88,0.94,-11.5,-1.8,0.0,-6.0,-12.0,-12.0,-6.0,0.0099002567647639,9.8755678451511e-05,0.0,0.0420205411811179,0.6998123642109423,4.53153762591349,4.573558167094609,0.0519207979458819,1.2813544341299623,,,,,0.0,0.7,4.3,,1.3,,,,,0.0,0.6,3.8,,1.2,38.0,0.85,0.65,42.0,18.0,1.8,18.0,22.0,6.0,48.1,,,,,,,,,,,,,,,,,,,,,,NO ODDS,,,,,,,,,12.0,,EARLY MODERATE,No OVER/UNDER recommendation.
2026,3,,2026-09-27,13:00,00-0037300,Mike Woods,mike woods,CLE,CAR,WR,LOW TARGET,True,,,-2.5,40.5,21.5,,,0,5,8,0.2,0.7,0.1,8,18,2.14,2.12,0.98,2.55,-0.667,50.29,57.17,48.1,42.62,0.995,0.55,0.97,1.03,0.968,Neutral,1.007,0.941,0.88,1.0,1.007,0.954,0.881,1.007,-5.9,-12.0,0.0,0.7,-4.6,-11.9,0.7,0.0045788902053712,0.0001110781990521,0.0,0.1242101105845181,1.3620951816745657,12.017182563191154,12.141392673775671,0.1287890007898894,2.732075187598736,,,,,0.1,1.3,11.3,,2.6,,,,,0.1,1.2,10.0,,2.6,38.0,0.85,0.65,42.0,18.0,1.8,18.0,22.0,6.0,48.1,,,,,,,,,,,,,,,,,,,,,,NO ODDS,,,,,,,,,12.0,,EARLY MODERATE,No OVER/UNDER recommendation.
2026,3,,2026-09-27,13:00,00-0035657,Damien Harris,damien harris,BUF,LAC,RB,DEPTH RB,True,,,4.5,49.5,22.5,,,0,0,8,0.2,0.7,0.1,8,18,3.45,3.07,1.45,6.62,-0.707,52.92,63.17,48.0,63.12,1.023,0.602,0.97,0.946,1.064,Neutral,0.936,0.928,0.88,1.0,0.909,0.88,0.88,0.88,-7.2,-12.0,0.0,-9.1,-12.0,-12.0,-12.0,0.019669551534225,0.001573564122738,0.0,32.999842643587726,1.5476003147128248,11.356726986624706,44.356569630212434,33.01951219512195,7.693878835562549,,,,,30.3,1.6,11.7,43.3,7.6,,,,,27.5,1.4,10.3,38.1,7.1,38.0,0.85,0.65,42.0,18.0,1.8,18.0,22.0,6.0,48.0,,,,,,,,,,,,,,,,,,,,,,NO ODDS,,,,,,,,,12.0,,EARLY MODERATE,No OVER/UNDER recommendation.
2026,3,,2026-09-27,13:00,00-0035924,Jonathan Ward,jonathan ward,PIT,CIN,RB,DEPTH RB,True,,,-2.5,45.5,24.0,,,0,4,8,0.2,0.7,0.1,8,18,0.83,1.04,0.0,1.23,-0.233,49.07,55.2,48.0,57.62,1.03,0.6,0.972,1.03,0.982,Neutral,1.046,1.1,0.888,1.0,1.084,1.12,1.12,1.12,10.0,-11.2,0.0,8.4,12.0,12.0,12.0,0.0024586939417781,0.0001966955153422,0.0,7.687480330448467,0.1934500393391031,1.4195908733280884,9.107071203776556,7.6899390243902435,1.3179848544453183,,,,,7.7,0.2,1.4,8.9,1.3,,,,,8.3,0.2,1.6,10.0,1.4,38.0,0.85,0.65,42.0,18.0,1.8,18.0,22.0,6.0,48.0,,,,,,,,,,,,,,,,,,,,,,NO ODDS,,,,,,,,,12.0,,EARLY MODERATE,No OVER/UNDER recommendation.
2026,3,,2026-09-27,13:00,00-0031428,Allen Robinson,allen robinson,DET,NYJ,WR,LOW TARGET,True,,,7.0,48.5,20.75,,,0,6,8,0.2,0.7,0.1,8,18,1.51,2.05,0.0,2.05,1.0,42.41,52.99,48.0,58.25,1.004,0.55,1.03,0.916,1.086,Neutral,0.957,0.912,1.12,1.0,0.957,0.959,0.88,0.957,-8.8,12.0,0.0,-4.3,-4.1,-12.0,-4.3,0.0045788902053712,0.0001110781990521,0.0,0.1242101105845181,0.8245951816745657,9.842182563191152,9.966392673775673,0.1287890007898894,1.977075187598736,,,,,0.1,0.9,11.0,,2.0,,,,,0.1,0.9,9.7,,1.9,38.0,0.85,0.65,42.0,18.0,1.8,18.0,22.0,6.0,48.0,,,,,,,,,,,,,,,,,,,,,,NO ODDS,,,,,,,,,12.0,,EARLY MODERATE,No OVER/UNDER recommendation.
2026,3,,2026-09-27,13:00,00-0036556,Brevin Jordan,brevin jordan,HOU,IND,TE,LOW TARGET,False,,,2.5,45.5,21.5,,,0,2,8,0.2,0.7,0.1,8,17,4.45,3.35,1.77,7.22,-0.074,57.06,58.11,47.9,52.62,1.005,0.55,0.991,0.97,1.032,Favorable,1.108,1.12,0.986,1.0,1.108,1.12,1.12,1.108,12.0,-1.4,0.0,10.8,12.0,12.0,10.8,0.0099002567647639,9.8755678451511e-05,0.0,0.0420205411811179,1.149812364210942,6.05653762591349,6.098558167094608,0.0519207979458819,1.8838544341299623,,,,,0.0,1.2,6.2,,1.9,,,,,0.0,1.3,6.9,,2.1,38.0,0.85,0.65,42.0,18.0,1.8,18.0,22.0,6.0,47.9,,,,,,,,,,,,,,,,,,,,,,NO ODDS,,,,,,,,,12.0,,EARLY MODERATE,No OVER/UNDER recommendation.
2026,3,,2026-09-27,20:20,00-0035864,Kendall Hinton,kendall hinton,DEN,LAR,WR,LOW TARGET,True,,,-2.5,46.5,24.5,,,0,0,8,0.2,0.7,0.1,8,17,5.45,4.08,2.02,9.05,-0.62,57.2,61.32,47.9,60.62,1.037,0.588,0.97,1.03,0.985,Neutral,1.0,1.0,1.0,1.0,1.0,1.0,1.0,1.0,0.0,0.0,0.0,0.0,0.0,0.0,0.0,0.0366311216429699,0.000888625592417,0.0,0.9936808846761452,2.5967614533965246,32.73746050552923,33.73114139020537,1.0303120063191151,7.216601500789888,,,,,1.0,2.5,31.3,,7.3,,,,,1.0,2.5,31.3,,7.3,38.0,0.85,0.65,42.0,18.0,1.8,18.0,22.0,6.0,47.9,,,,,,,,,,,,,,,,,,,,,,NO ODDS,,,,,,,,,12.0,,EARLY MODERATE,No OVER/UNDER recommendation.
2026,3,,2026-09-27,13:00,00-0034054,River Cracraft,river cracraft,WAS,SEA,WR,LOW TARGET,True,,,-2.5,41.5,22.0,,,0,7,8,0.2,0.7,0.1,8,18,2.05,2.61,0.0,2.65,0.345,43.98,53.18,47.9,45.62,1.002,0.55,1.03,1.03,0.97,Neutral,0.94,0.88,0.88,1.0,0.94,0.88,0.88,0.94,-12.0,-12.0,0.0,-6.0,-12.0,-12.0,-6.0,0.0045788902053712,0.0001110781990521,0.0,0.1242101105845181,1.2174523245317086,12.699325420334011,12.82353553091853,0.1287890007898894,2.655646616170164,,,,,0.1,1.2,12.7,,2.7,,,,,0.1,1.1,11.2,,2.5,38.0,0.85,0.65,42.0,18.0,1.8,18.0,22.0,6.0,47.9,,,,,,,,,,,,,,,,,,,,,,NO ODDS,,,,,,,,,12.0,,EARLY MODERATE,No OVER/UNDER recommendation.
2026,3,,2026-09-27,13:00,00-0031376,Jerick McKinnon,jerick mckinnon,KC,MIA,RB,DEPTH RB,False,,,8.5,44.5,18.0,,,0,0,8,0.2,0.7,0.1,8,18,8.29,5.15,4.25,10.97,0.926,61.69,64.14,47.8,45.12,0.968,0.602,1.03,0.898,1.09,Neutral,1.031,1.002,1.12,1.0,1.12,1.11,1.12,1.12,0.2,12.0,0.0,12.0,11.0,12.0,12.0,0.019669551534225,0.001573564122738,0.0,32.999842643587726,1.5476003147128248,11.356726986624706,44.356569630212434,33.01951219512195,7.693878835562549,,,,,30.5,1.7,12.7,45.4,7.7,,,,,34.2,1.9,14.2,50.8,7.9,38.0,0.85,0.65,42.0,18.0,1.8,18.0,22.0,6.0,47.8,,,,,,,,,,,,,,,,,,,,,,NO ODDS,,,,,,,,,12.0,,EARLY MODERATE,No OVER/UNDER recommendation.
2026,3,,2026-09-27,16:25,00-0040586,Jaydon Blue,jaydon blue,DAL,BAL,RB,DEPTH RB,True,,,-3.0,52.5,27.75,,,0,5,5,0.2,0.7,0.1,5,18,5.21,4.77,0.7,4.4,1.0,32.61,53.87,47.8,79.25,1.082,0.6,1.03,1.036,0.998,Neutral,0.998,1.077,0.88,1.0,0.88,1.12,1.12,0.954,7.7,-12.0,0.0,-12.0,12.0,12.0,-4.6,0.0024586939417781,0.0001966955153422,0.0,32.062480330448466,0.3684500393391031,2.2945908733280884,34.35707120377656,32.06493902439024,5.51798485444532,,,,,34.2,0.4,2.4,36.0,6.1,,,,,30.1,0.4,2.7,34.3,6.1,38.0,0.85,0.65,42.0,18.0,1.8,18.0,22.0,6.0,47.8,,,,,,,,,,,,,,,,,,,,,,NO ODDS,,,,,,,,,12.0,,EARLY MODERATE,No OVER/UNDER recommendation.
2026,3,,2026-09-27,16:25,00-0038647,Ronnie Bell,ronnie bell,NO,LV,WR,LOW TARGET,True,,,3.0,45.5,21.25,,,0,6,8,0.2,0.7,0.1,8,18,2.95,4.01,0.0,3.53,1.0,42.37,53.9,47.5,52.25,1.002,0.55,1.03,0.964,1.038,Neutral,0.951,0.937,0.88,1.0,0.951,1.011,0.985,0.951,-6.3,-12.0,0.0,-4.9,1.1,-1.5,-4.9,0.0045788902053712,0.0001110781990521,0.0,0.1242101105845181,0.932928515007899,10.967182563191155,11.091392673775673,0.1287890007898894,3.447908520932069,,,,,0.1,1.0,11.7,,3.6,,,,,0.1,1.0,11.5,,3.4,38.0,0.85,0.65,42.0,18.0,1.8,18.0,22.0,6.0,47.5,,,,,,,,,,,,,,,,,,,,,,NO ODDS,,,,,,,,,11.9,,EARLY MODERATE,No OVER/UNDER recommendation.
2026,3,,2026-09-27,13:00,00-0036841,Austin Trammell,austin trammell,JAC,NE,WR,LOW TARGET,True,,,2.5,45.5,21.5,,,0,7,8,0.2,0.7,0.1,8,18,1.45,2.24,0.0,3.05,-1.0,39.23,52.69,47.5,52.62,1.005,0.55,0.97,0.97,1.032,Tough,0.919,0.902,0.88,1.0,0.919,0.945,0.88,0.919,-9.8,-12.0,0.0,-8.1,-5.5,-12.0,-8.1,0.0045788902053712,0.0001110781990521,0.0,0.1242101105845181,0.8067380388174229,12.110039706048298,12.234249816632817,0.1287890007898894,2.186003759027308,,,,,0.1,0.8,12.1,,2.1,,,,,0.1,0.8,10.6,,1.9,38.0,0.85,0.65,42.0,18.0,1.8,18.0,22.0,6.0,47.5,,,,,,,,,,,,,,,,,,,,,,NO ODDS,,,,,,,,,11.9,,EARLY MODERATE,No OVER/UNDER recommendation.
2026,3,,2026-09-27,13:00,00-0035329,Donald Parham,donald parham,LAC,BUF,TE,LOW TARGET,False,,,-4.5,49.5,27.0,,,0,0,8,0.2,0.7,0.1,8,18,5.74,5.29,1.58,10.6,0.378,52.02,59.01,47.4,72.12,1.068,0.55,1.03,1.054,0.974,Neutral,0.94,0.885,0.982,1.0,0.94,0.88,0.88,0.94,-11.5,-1.8,0.0,-6.0,-12.0,-12.0,-6.0,0.0792020541181117,0.000790045427612,0.0,0.3361643294489433,2.198498913687537,22.45230100730792,22.788465336756865,0.4153663835670551,5.4708354730397,,,,,0.4,2.2,22.5,,6.0,,,,,0.4,1.9,19.8,,5.6,38.0,0.85,0.65,42.0,18.0,1.8,18.0,22.0,6.0,47.4,,,,,,,,,,,,,,,,,,,,,,NO ODDS,,,,,,,,,11.8,,EARLY MODERATE,No OVER/UNDER recommendation.
2026,3,,2026-09-27,13:00,00-0036345,K.J. Osborn,kj osborn,WAS,SEA,WR,LOW TARGET,True,,,-2.5,41.5,22.0,,,0,7,8,0.2,0.7,0.1,8,18,2.38,3.55,0.0,3.45,-1.0,40.17,54.08,47.3,45.62,1.002,0.55,0.97,1.03,0.97,Neutral,0.94,0.88,0.88,1.0,0.94,0.88,0.88,0.94,-12.0,-12.0,0.0,-6.0,-12.0,-12.0,-6.0,0.0045788902053712,0.0001110781990521,0.0,0.1242101105845181,0.9853094673888514,9.788611134619725,9.912821245204244,0.1287890007898894,2.882432330455879,,,,,0.1,0.9,9.2,,2.8,,,,,0.1,0.8,8.1,,2.6,38.0,0.85,0.65,42.0,18.0,1.8,18.0,22.0,6.0,47.3,,,,,,,,,,,,,,,,,,,,,,NO ODDS,,,,,,,,,11.8,,EARLY MODERATE,No OVER/UNDER recommendation.
2026,3,,2026-09-27,16:05,00-0035146,Trace McSorley,trace mcsorley,ARI,SF,QB,QB,False,,,-8.5,47.5,28.0,,,0,0,5,0.2,0.7,0.1,5,18,1.68,1.49,0.6,2.48,0.32,33.12,70.67,47.2,71.12,1.074,0.851,1.03,1.102,0.928,Neutral,0.998,1.001,0.926,1.0,0.998,1.0,1.0,0.998,0.1,-7.4,0.0,-0.2,0.0,0.0,-0.2,192.07142857142856,1.1861584011843078,0.0,15.384900074019248,0.0099925980754996,0.0177646188008882,15.402664692820132,207.45632864544783,13.518830495928944,212.5,1.31,0.0,229.5,,,,,15.0,212.7,1.21,0.0,229.7,,,,,15.0,46.79,0.85,0.65,50.53,18.0,1.8,18.0,22.0,6.0,47.2,,,,,,,,,,,,,,,,,,,,,,NO ODDS,,,,,,,,,11.8,,EARLY MODERATE,No OVER/UNDER recommendation.
2026,3,,2026-09-27,13:00,00-0035341,Trenton Irwin,trenton irwin,CIN,PIT,WR,LOW TARGET,False,,,2.5,45.5,21.5,,,0,6,8,0.2,0.7,0.1,8,18,1.09,1.5,0.0,1.52,-1.0,42.11,53.16,47.2,52.62,1.005,0.55,0.97,0.97,1.032,Neutral,1.062,1.054,0.952,1.0,1.062,0.995,0.997,1.062,5.4,-4.8,0.0,6.2,-0.5,-0.3,6.2,0.0045788902053712,0.0001110781990521,0.0,0.1242101105845181,0.6495951816745658,5.667182563191154,5.791392673775672,0.1287890007898894,1.3845751875987362,,,,,0.1,0.7,5.7,,1.3,,,,,0.1,0.7,5.7,,1.4,38.0,0.85,0.65,42.0,18.0,1.8,18.0,22.0,6.0,47.2,,,,,,,,,,,,,,,,,,,,,,NO ODDS,,,,,,,,,11.8,,EARLY MODERATE,No OVER/UNDER recommendation.
2026,3,,2026-09-27,13:00,00-0036879,Sam Ehlinger,sam ehlinger,IND,HOU,QB,QB,True,,,-2.5,45.5,24.0,,,0,0,4,0.2,0.7,0.1,4,18,9.7,3.59,7.16,9.31,0.627,36.48,73.24,47.1,57.62,1.03,0.851,1.03,1.03,0.982,Neutral,0.956,0.963,0.88,1.0,0.956,1.0,1.0,0.956,-3.7,-12.0,0.0,-4.4,0.0,0.0,-4.4,192.07142857142856,1.1861584011843078,0.0,15.384900074019248,0.0099925980754996,0.0177646188008882,15.402664692820132,207.45632864544783,13.518830495928944,203.8,1.26,0.0,220.1,,,,,14.3,196.3,1.11,0.0,212.0,,,,,13.7,43.19,0.85,0.65,46.64,18.0,1.8,18.0,22.0,6.0,47.1,,,,,,,,,,,,,,,,,,,,,,NO ODDS,,,,,,,,,11.8,,EARLY MODERATE,No OVER/UNDER recommendation.
2026,3,,2026-09-27,13:00,00-0040556,Corey Kiner,corey kiner,NE,JAC,RB,DEPTH RB,False,,,-2.5,45.5,24.0,,,2,4,6,0.2,0.7,0.1,6,18,1.63,1.78,0.43,2.68,0.311,35.9,48.8,47.1,57.62,1.03,0.6,1.03,1.03,0.982,Neutral,1.0,1.0,1.0,1.0,1.0,1.0,1.0,1.0,0.0,0.0,0.0,0.0,0.0,0.0,0.0,0.0019669551534225,0.0001573564122738,0.0,13.478555692930202,0.6547600314712826,4.885672698662471,18.364228391592675,13.480522648083625,2.662245026413398,,,,,14.3,0.7,4.9,19.0,2.8,,,,,14.3,0.7,4.9,19.0,2.8,38.0,0.85,0.65,42.0,18.0,1.8,18.0,22.0,6.0,47.1,,,,,,,,,,,,,,,,,,,,,,NO ODDS,,,,,,,,,11.8,,EARLY MODERATE,No OVER/UNDER recommendation.
2026,3,,2026-09-27,20:20,00-0036959,Michael Bandy,michael bandy,DEN,LAR,WR,LOW TARGET,True,,,-2.5,46.5,24.5,,,0,4,8,0.2,0.7,0.1,8,17,2.68,3.11,0.0,2.8,1.0,46.27,53.01,46.9,60.62,1.037,0.55,1.03,1.03,0.985,Neutral,1.0,1.0,1.0,1.0,1.0,1.0,1.0,1.0,0.0,0.0,0.0,0.0,0.0,0.0,0.0,0.0045788902053712,0.0001110781990521,0.0,0.1242101105845181,1.3245951816745656,15.467182563191152,15.591392673775674,0.1287890007898894,4.539575187598737,,,,,0.1,1.3,15.7,,4.8,,,,,0.1,1.3,15.7,,4.8,38.0,0.85,0.65,42.0,18.0,1.8,18.0,22.0,6.0,46.9,,,,,,,,,,,,,,,,,,,,,,NO ODDS,,,,,,,,,11.7,,EARLY MODERATE,No OVER/UNDER recommendation.
2026,3,,2026-09-27,13:00,00-0034193,Kevin Rader,kevin rader,TEN,NYG,TE,LOW TARGET,False,,,-5.5,43.5,24.5,,,0,0,8,0.2,0.7,0.1,8,18,0.26,0.59,0.0,0.0,0.533,62.84,56.62,46.7,55.38,1.031,0.55,1.03,1.066,0.946,Neutral,1.044,1.021,1.12,1.0,1.044,1.062,0.989,1.044,2.1,12.0,0.0,4.4,6.2,-1.1,4.4,0.0792020541181117,0.000790045427612,0.0,0.3361643294489433,2.198498913687537,22.45230100730792,22.788465336756865,0.4153663835670551,5.4708354730397,,,,,0.4,2.1,21.9,,5.8,,,,,0.4,2.2,21.7,,6.1,38.0,0.85,0.65,42.0,18.0,1.8,18.0,22.0,6.0,46.7,,,,,,,,,,,,,,,,,,,,,,NO ODDS,,,,,,,,,11.7,,EARLY MODERATE,No OVER/UNDER recommendation.
2026,3,,2026-09-27,20:20,00-0034838,Royce Freeman,royce freeman,LAR,DEN,RB,DEPTH RB,False,,,2.5,46.5,22.0,,,0,0,8,0.2,0.7,0.1,8,18,4.21,4.47,1.43,8.07,-0.762,48.53,65.22,46.6,55.62,1.012,0.602,0.97,0.97,1.035,Neutral,0.966,0.913,0.88,1.0,0.95,0.88,0.88,0.912,-8.7,-12.0,0.0,-5.0,-12.0,-12.0,-8.8,0.019669551534225,0.001573564122738,0.0,32.999842643587726,1.5476003147128248,11.356726986624706,44.356569630212434,33.01951219512195,7.693878835562549,,,,,31.0,1.6,11.4,43.1,7.6,,,,,29.4,1.4,10.0,39.3,7.3,38.0,0.85,0.65,42.0,18.0,1.8,18.0,22.0,6.0,46.6,,,,,,,,,,,,,,,,,,,,,,NO ODDS,,,,,,,,,11.6,,EARLY MODERATE,No OVER/UNDER recommendation.
2026,3,,2026-09-27,13:00,00-0036567,Elijah Mitchell,elijah mitchell,KC,MIA,RB,DEPTH RB,False,,,8.5,44.5,18.0,,,0,1,8,0.2,0.7,0.1,8,18,5.64,6.02,1.02,6.95,1.0,48.39,66.15,46.6,45.12,0.968,0.6,1.03,0.898,1.09,Neutral,1.031,1.002,1.12,1.0,1.12,1.11,1.12,1.12,0.2,12.0,0.0,12.0,11.0,12.0,12.0,0.0024586939417781,0.0001966955153422,0.0,4.124980330448467,0.1934500393391031,1.4195908733280884,5.544571203776555,4.127439024390244,0.9617348544453188,,,,,3.8,0.2,1.6,5.7,1.0,,,,,4.3,0.2,1.8,6.4,1.0,38.0,0.85,0.65,42.0,18.0,1.8,18.0,22.0,6.0,46.6,,,,,,,,,,,,,,,,,,,,,,NO ODDS,,,,,,,,,11.6,,EARLY MODERATE,No OVER/UNDER recommendation.
2026,3,,2026-09-27,13:00,00-0033936,C.J. Beathard,cj beathard,JAC,NE,QB,QB,True,,,2.5,45.5,21.5,,,0,0,8,0.2,0.7,0.1,8,17,3.49,4.13,-0.23,4.5,1.0,45.77,67.85,46.5,52.62,1.005,0.851,1.03,0.97,1.032,Tough,0.919,0.902,0.88,1.0,0.919,1.0,1.0,0.919,-9.8,-12.0,0.0,-8.1,0.0,0.0,-8.1,192.07142857142856,1.1861584011843078,0.0,15.384900074019248,0.0099925980754996,0.0177646188008882,15.402664692820132,207.45632864544783,13.518830495928944,198.8,1.23,0.0,214.7,,,,,14.0,179.3,1.08,0.0,193.7,,,,,12.9,39.45,0.85,0.65,42.61,18.0,1.8,18.0,22.0,6.0,46.5,,,,,,,,,,,,,,,,,,,,,,NO ODDS,,,,,,,,,11.6,,EARLY MODERATE,No OVER/UNDER recommendation.
2026,3,,2026-09-27,13:00,00-0036255,Denzel Mims,denzel mims,NYJ,DET,WR,LOW TARGET,False,,,-7.0,48.5,27.75,,,0,0,8,0.2,0.7,0.1,8,17,3.02,2.93,1.58,5.75,0.158,50.76,57.36,46.5,72.25,1.074,0.588,1.019,1.084,0.946,Favorable,1.088,1.108,1.12,1.0,1.088,1.083,1.12,1.088,10.8,12.0,0.0,8.8,8.3,12.0,8.8,0.0366311216429699,0.000888625592417,0.0,0.9936808846761452,2.5967614533965246,32.73746050552923,33.73114139020537,1.0303120063191151,7.216601500789888,,,,,1.1,2.5,31.6,,7.9,,,,,1.2,2.7,35.4,,8.6,38.0,0.85,0.65,42.0,18.0,1.8,18.0,22.0,6.0,46.5,,,,,,,,,,,,,,,,,,,,,,NO ODDS,,,,,,,,,11.6,,EARLY MODERATE,No OVER/UNDER recommendation.
2026,3,,2026-09-27,16:25,00-0031382,Jarvis Landry,jarvis landry,NO,LV,WR,LOW TARGET,True,,,3.0,45.5,21.25,,,0,0,8,0.2,0.7,0.1,8,15,4.87,3.56,3.85,6.55,-0.688,57.81,60.56,46.5,52.25,1.002,0.588,0.97,0.964,1.038,Neutral,0.951,0.937,0.88,1.0,0.951,1.011,0.985,0.951,-6.3,-12.0,0.0,-4.9,1.1,-1.5,-4.9,0.0366311216429699,0.000888625592417,0.0,0.9936808846761452,2.5967614533965246,32.73746050552923,33.73114139020537,1.0303120063191151,7.216601500789888,,,,,0.9,2.6,32.9,,7.0,,,,,0.9,2.6,32.4,,6.7,38.0,0.85,0.65,42.0,18.0,1.8,18.0,22.0,6.0,46.5,,,,,,,,,,,,,,,,,,,,,,NO ODDS,,,,,,,,,11.6,,EARLY MODERATE,No OVER/UNDER recommendation.
2026,3,,2026-09-27,13:00,00-0031941,Jamison Crowder,jamison crowder,WAS,SEA,WR,LOW TARGET,True,,,-2.5,41.5,22.0,,,0,5,8,0.2,0.7,0.1,8,18,4.31,5.18,0.0,5.55,1.0,45.4,55.02,46.5,45.62,1.002,0.55,1.03,1.03,0.97,Neutral,0.94,0.88,0.88,1.0,0.94,0.88,0.88,0.94,-12.0,-12.0,0.0,-6.0,-12.0,-12.0,-6.0,0.0045788902053712,0.0001110781990521,0.0,0.1242101105845181,1.8245951816745656,16.242182563191154,16.36639267377567,0.1287890007898894,5.717075187598736,,,,,0.1,1.8,16.2,,5.9,,,,,0.1,1.6,14.3,,5.5,38.0,0.85,0.65,42.0,18.0,1.8,18.0,22.0,6.0,46.5,,,,,,,,,,,,,,,,,,,,,,NO ODDS,,,,,,,,,11.6,,EARLY MODERATE,No OVER/UNDER recommendation.
2026,3,,2026-09-27,13:00,00-0037286,Kevin Harris,kevin harris,NE,JAC,RB,DEPTH RB,False,,,-2.5,45.5,24.0,,,0,0,8,0.2,0.7,0.1,8,18,4.18,3.61,1.43,8.53,0.196,53.63,60.98,46.4,57.62,1.03,0.602,1.024,1.03,0.982,Neutral,1.0,1.0,1.0,1.0,1.0,1.0,1.0,1.0,0.0,0.0,0.0,0.0,0.0,0.0,0.0,0.019669551534225,0.001573564122738,0.0,32.999842643587726,1.5476003147128248,11.356726986624706,44.356569630212434,33.01951219512195,7.693878835562549,,,,,34.8,1.6,11.4,45.7,8.1,,,,,34.8,1.6,11.4,45.7,8.1,38.0,0.85,0.65,42.0,18.0,1.8,18.0,22.0,6.0,46.4,,,,,,,,,,,,,,,,,,,,,,NO ODDS,,,,,,,,,11.6,,EARLY MODERATE,No OVER/UNDER recommendation.
2026,3,,2026-09-27,13:00,00-0037745,Velus Jones Jr.,velus jones jr,SEA,WAS,WR,LOW TARGET,False,,,2.5,41.5,19.5,,,0,7,8,0.2,0.7,0.1,8,18,0.82,1.37,0.0,0.72,1.0,42.17,52.43,46.4,40.62,0.977,0.55,1.03,0.97,1.02,Favorable,1.106,1.099,1.12,1.0,1.106,1.104,1.096,1.106,9.9,12.0,0.0,10.6,10.4,9.6,10.6,0.0045788902053712,0.0001110781990521,0.0,6.624210110584519,0.396023753103137,4.6636111346197255,11.287821245204244,6.62878900078989,1.6806466161701643,,,,,6.6,0.4,4.9,11.6,1.7,,,,,7.3,0.4,5.4,12.8,1.9,38.0,0.85,0.65,42.0,18.0,1.8,18.0,22.0,6.0,46.4,,,,,,,,,,,,,,,,,,,,,,NO ODDS,,,,,,,,,11.6,,EARLY MODERATE,No OVER/UNDER recommendation.
2026,3,,2026-09-27,16:05,00-0036928,Kyle Trask,kyle trask,TB,MIN,QB,QB,True,,,1.5,45.5,22.0,,,0,3,6,0.2,0.7,0.1,6,18,0.03,0.33,-0.18,0.15,-0.34,56.59,51.0,46.3,53.38,1.01,0.7,0.97,0.982,1.022,Neutral,0.956,0.898,0.88,1.0,0.956,1.0,1.0,0.956,-10.2,-12.0,0.0,-4.4,0.0,0.0,-4.4,25.467261904761912,0.1482698001480385,0.0,0.7564458425857394,0.0012490747594374,0.002220577350111,0.7586664199358503,26.22370774734765,1.6315204786577848,25.0,0.15,0.0,25.7,,,,,1.6,22.4,0.13,0.0,23.1,,,,,1.5,38.0,0.85,0.65,42.0,18.0,1.8,18.0,22.0,6.0,46.3,,,,,,,,,,,,,,,,,,,,,,NO ODDS,,,,,,,,,11.6,,EARLY MODERATE,No OVER/UNDER recommendation.
2026,3,,2026-09-27,13:00,00-0032688,Robbie Chosen,robbie chosen,WAS,SEA,WR,LOW TARGET,True,,,-2.5,41.5,22.0,,,0,4,8,0.2,0.7,0.1,8,17,2.48,2.69,0.0,3.65,1.0,48.01,56.06,46.3,45.62,1.002,0.55,1.03,1.03,0.97,Neutral,0.94,0.88,0.88,1.0,0.94,0.88,0.88,0.94,-12.0,-12.0,0.0,-6.0,-12.0,-12.0,-6.0,0.0045788902053712,0.0001110781990521,0.0,0.1242101105845181,1.4495951816745658,15.717182563191155,15.841392673775673,0.1287890007898894,3.189575187598736,,,,,0.1,1.4,15.7,,3.3,,,,,0.1,1.2,13.8,,3.1,38.0,0.85,0.65,42.0,18.0,1.8,18.0,22.0,6.0,46.3,,,,,,,,,,,,,,,,,,,,,,NO ODDS,,,,,,,,,11.6,,EARLY MODERATE,No OVER/UNDER recommendation.
2026,3,,2026-09-27,16:05,00-0027688,Colt McCoy,colt mccoy,ARI,SF,QB,STARTING QB,False,,,-8.5,47.5,28.0,,,0,0,4,0.2,0.7,0.1,4,15,6.95,4.62,5.82,11.16,-0.456,30.03,70.02,46.2,71.12,1.074,0.851,0.97,1.102,0.928,Neutral,0.998,1.001,0.926,1.0,0.998,1.0,1.0,0.998,0.1,-7.4,0.0,-0.2,0.0,0.0,-0.2,192.07142857142856,1.1861584011843078,0.0,15.384900074019248,0.0099925980754996,0.0177646188008882,15.402664692820132,207.45632864544783,13.518830495928944,200.1,1.24,0.0,216.1,,,,,14.1,200.3,1.15,0.0,216.3,,,,,14.1,44.07,0.85,0.65,47.59,18.0,1.8,18.0,22.0,6.0,46.2,,,,,,,,,,,,,,,,,,,,,,NO ODDS,,,,,,,,,11.6,,EARLY MODERATE,No OVER/UNDER recommendation.
2026,3,,2026-09-27,13:00,00-0040206,Riley Leonard,riley leonard,IND,HOU,QB,QB,True,,,-2.5,45.5,24.0,,,0,5,5,0.2,0.7,0.1,5,18,7.6,10.29,0.0,10.3,0.981,26.56,61.77,46.2,57.62,1.03,0.7,1.03,1.03,0.982,Neutral,0.956,0.963,0.88,1.0,0.956,1.0,1.0,0.956,-3.7,-12.0,0.0,-4.4,0.0,0.0,-4.4,111.44642857142858,0.6482698001480385,0.0,7.960612509252407,0.0012490747594374,-0.747779422649889,7.212833086602516,119.40704108068098,8.341103811991118,118.2,0.69,0.0,126.7,,,,,8.8,113.8,0.61,0.0,122.0,,,,,8.4,38.0,0.85,0.65,42.0,18.0,1.8,18.0,22.0,6.0,46.2,,,,,,,,,,,,,,,,,,,,,,NO ODDS,,,,,,,,,11.6,,EARLY MODERATE,No OVER/UNDER recommendation.
2026,3,,2026-09-27,13:00,00-0032975,Jonathan Williams,jonathan williams,WAS,SEA,RB,DEPTH RB,True,,,-2.5,41.5,22.0,,,0,0,8,0.2,0.7,0.1,8,18,3.28,2.88,0.08,6.1,0.452,53.29,65.08,46.2,45.62,1.002,0.602,1.03,1.03,0.97,Neutral,0.94,0.88,0.88,1.0,0.88,1.12,1.12,0.882,-12.0,-12.0,0.0,-12.0,12.0,12.0,-11.8,0.019669551534225,0.001573564122738,0.0,32.999842643587726,1.5476003147128248,11.356726986624706,44.356569630212434,33.01951219512195,7.693878835562549,,,,,35.0,1.5,11.4,45.7,7.9,,,,,30.8,1.7,12.8,40.3,7.4,38.0,0.85,0.65,42.0,18.0,1.8,18.0,22.0,6.0,46.2,,,,,,,,,,,,,,,,,,,,,,NO ODDS,,,,,,,,,11.6,,EARLY MODERATE,No OVER/UNDER recommendation.
2026,3,,2026-09-27,13:00,00-0037382,Brandon Johnson,brandon johnson,PIT,CIN,WR,LOW TARGET,True,,,-2.5,45.5,24.0,,,0,1,8,0.2,0.7,0.1,8,18,6.2,5.71,1.42,8.75,0.363,52.06,58.31,46.2,57.62,1.03,0.55,1.03,1.03,0.982,Neutral,1.046,1.1,0.888,1.0,1.046,0.88,0.88,1.046,10.0,-11.2,0.0,4.6,-12.0,-12.0,4.6,0.0045788902053712,0.0001110781990521,0.0,0.1242101105845181,1.1995951816745658,11.967182563191155,12.091392673775673,0.1287890007898894,2.564575187598736,,,,,0.1,1.2,12.1,,2.7,,,,,0.1,1.1,10.6,,2.8,38.0,0.85,0.65,42.0,18.0,1.8,18.0,22.0,6.0,46.2,,,,,,,,,,,,,,,,,,,,,,NO ODDS,,,,,,,,,11.6,,EARLY MODERATE,No OVER/UNDER recommendation.
2026,3,,2026-09-27,16:05,00-0033292,Trent Taylor,trent taylor,SF,ARI,WR,LOW TARGET,True,,,8.5,47.5,19.5,,,0,2,8,0.2,0.7,0.1,8,18,0.38,0.8,0.0,0.0,0.7,55.42,54.32,46.2,54.12,0.989,0.55,1.03,0.898,1.098,Neutral,1.062,1.039,1.12,1.0,1.062,1.018,0.97,1.062,3.9,12.0,0.0,6.2,1.8,-3.0,6.2,0.0045788902053712,0.0001110781990521,0.0,0.1242101105845181,0.9495951816745658,10.967182563191155,11.091392673775673,0.1287890007898894,2.214575187598736,,,,,0.1,1.1,12.4,,2.3,,,,,0.1,1.1,12.0,,2.4,38.0,0.85,0.65,42.0,18.0,1.8,18.0,22.0,6.0,46.2,,,,,,,,,,,,,,,,,,,,,,NO ODDS,,,,,,,,,11.6,,EARLY MODERATE,No OVER/UNDER recommendation.
2026,3,,2026-09-27,13:00,00-0022942,Philip Rivers,philip rivers,IND,HOU,QB,STARTING QB,True,,,-2.5,45.5,24.0,,,0,3,3,0.2,0.7,0.1,3,17,10.69,4.53,7.29,12.43,0.144,26.34,67.56,46.0,57.62,1.03,0.957,1.017,1.03,0.982,Neutral,0.956,0.963,0.88,1.0,0.956,1.0,1.0,0.956,-3.7,-12.0,0.0,-4.4,0.0,0.0,-4.4,186.05059523809524,1.3149364668147052,0.0,1.5064458425857394,0.0012490747594374,0.002220577350111,1.5086664199358504,187.557041080681,11.046520478657785,194.9,1.38,0.0,196.5,,,,,11.6,187.7,1.21,0.0,189.2,,,,,11.1,41.29,0.85,0.65,42.0,18.0,1.8,18.0,22.0,6.0,46.0,,,,,,,,,,,,,,,,,,,,,,NO ODDS,,,,,,,,,11.5,,EARLY MODERATE,No OVER/UNDER recommendation.
2026,3,,2026-09-27,13:00,00-0034366,Keke Coutee,keke coutee,IND,HOU,WR,LOW TARGET,True,,,-2.5,45.5,24.0,,,0,0,7,0.2,0.7,0.1,7,18,0.16,0.37,0.0,0.0,0.333,63.89,53.54,46.0,57.62,1.03,0.588,1.03,1.03,0.982,Neutral,0.956,0.963,0.88,1.0,0.956,0.908,0.95,0.956,-3.7,-12.0,0.0,-4.4,-9.2,-5.0,-4.4,0.0366311216429699,0.000888625592417,0.0,0.9936808846761452,2.5967614533965246,32.73746050552923,33.73114139020537,1.0303120063191151,7.216601500789888,,,,,1.1,2.6,33.1,,7.7,,,,,1.1,2.4,31.4,,7.4,38.0,0.85,0.65,42.0,18.0,1.8,18.0,22.0,6.0,46.0,,,,,,,,,,,,,,,,,,,,,,NO ODDS,,,,,,,,,11.5,,EARLY MODERATE,No OVER/UNDER recommendation.
2026,3,,2026-09-27,16:25,00-0037509,Sincere McCormick,sincere mccormick,LV,NO,RB,ROTATION RB,False,,,-3.0,45.5,24.25,,,0,4,4,0.2,0.7,0.1,4,15,7.01,3.0,4.2,9.1,0.305,35.01,58.63,45.9,58.25,1.032,0.735,1.03,1.036,0.977,Neutral,0.981,0.895,0.948,1.0,1.12,0.886,0.881,1.069,-10.5,-5.2,0.0,12.0,-11.4,-11.9,6.9,0.0024586939417781,0.0001966955153422,0.0,42.24998033044847,1.6934500393391032,9.669590873328088,51.91957120377656,42.25243902439024,7.099234854445318,,,,,45.1,1.7,9.7,53.8,7.5,,,,,50.5,1.5,8.5,57.5,7.4,38.0,0.85,0.65,42.0,18.0,1.8,18.0,22.0,6.0,45.9,,,,,,,,,,,,,,,,,,,,,,NO ODDS,,,,,,,,,11.5,,EARLY MODERATE,No OVER/UNDER recommendation.
2026,3,,2026-09-27,13:00,00-0034845,Sony Michel,sony michel,LAC,BUF,RB,DEPTH RB,False,,,-4.5,49.5,27.0,,,0,0,8,0.2,0.7,0.1,8,11,2.17,2.52,0.18,4.5,-0.842,46.24,58.52,45.8,72.12,1.068,0.602,0.97,1.054,0.974,Neutral,0.94,0.885,0.982,1.0,1.083,0.981,0.981,1.058,-11.5,-1.8,0.0,8.3,-1.9,-1.9,5.8,0.019669551534225,0.001573564122738,0.0,32.999842643587726,1.5476003147128248,11.356726986624706,44.356569630212434,33.01951219512195,7.693878835562549,,,,,33.7,1.5,10.7,43.6,8.0,,,,,36.5,1.5,10.5,46.1,7.5,38.0,0.85,0.65,42.0,18.0,1.8,18.0,22.0,6.0,45.8,,,,,,,,,,,,,,,,,,,,,,NO ODDS,,,,,,,,,11.4,,EARLY MODERATE,No OVER/UNDER recommendation.
2026,3,,2026-09-27,16:05,00-0027942,A.J. Green,aj green,ARI,SF,WR,LOW TARGET,False,,,-8.5,47.5,28.0,,,0,0,8,0.2,0.7,0.1,8,18,6.04,6.49,1.12,9.25,0.652,48.19,57.61,45.8,71.12,1.074,0.588,1.03,1.102,0.928,Neutral,0.998,1.001,0.926,1.0,0.998,0.987,0.959,0.998,0.1,-7.4,0.0,-0.2,-1.3,-4.1,-0.2,0.0366311216429699,0.000888625592417,0.0,0.9936808846761452,2.5967614533965246,32.73746050552923,33.73114139020537,1.0303120063191151,7.216601500789888,,,,,1.1,2.5,31.3,,8.0,,,,,1.1,2.5,30.0,,8.0,38.0,0.85,0.65,42.0,18.0,1.8,18.0,22.0,6.0,45.8,,,,,,,,,,,,,,,,,,,,,,NO ODDS,,,,,,,,,11.4,,EARLY MODERATE,No OVER/UNDER recommendation.
2026,3,,2026-09-27,16:25,00-0039398,Joe Milton III,joe milton iii,DAL,BAL,QB,QB,True,,,-3.0,52.5,27.75,,,0,5,5,0.2,0.7,0.1,5,18,4.69,6.02,-0.36,6.32,-0.769,27.35,51.87,45.7,79.25,1.082,0.7,0.97,1.036,0.998,Neutral,0.998,1.077,0.88,1.0,0.998,1.0,1.0,0.998,7.7,-12.0,0.0,-0.2,0.0,0.0,-0.2,84.48392857142856,0.4232698001480385,0.0,15.76061250925241,0.0012490747594374,0.002220577350111,15.762833086602518,100.24454108068096,5.792603811991118,88.6,0.44,0.0,105.2,,,,,6.1,95.4,0.39,0.0,113.3,,,,,6.1,38.0,0.85,0.65,42.0,18.0,1.8,18.0,22.0,6.0,45.7,,,,,,,,,,,,,,,,,,,,,,NO ODDS,,,,,,,,,11.4,,EARLY MODERATE,No OVER/UNDER recommendation.
2026,3,,2026-09-27,16:05,00-0036450,Ke'Shawn Vaughn,keshawn vaughn,SF,ARI,RB,DEPTH RB,True,,,8.5,47.5,19.5,,,0,1,8,0.2,0.7,0.1,8,18,1.39,1.49,0.55,2.08,-0.489,48.23,60.6,45.7,54.12,0.989,0.6,0.97,0.898,1.098,Neutral,1.062,1.039,1.12,1.0,1.12,0.88,0.93,1.119,3.9,12.0,0.0,12.0,-12.0,-7.0,11.9,0.0024586939417781,0.0001966955153422,0.0,7.624980330448466,0.1934500393391031,1.4195908733280884,9.044571203776556,7.627439024390244,1.311734854445319,,,,,6.6,0.2,1.5,8.8,1.3,,,,,7.4,0.2,1.4,9.8,1.4,38.0,0.85,0.65,42.0,18.0,1.8,18.0,22.0,6.0,45.7,,,,,,,,,,,,,,,,,,,,,,NO ODDS,,,,,,,,,11.4,,EARLY MODERATE,No OVER/UNDER recommendation.
2026,3,,2026-09-27,13:00,00-0035414,Jalen Guyton,jalen guyton,LAC,BUF,WR,LOW TARGET,False,,,-4.5,49.5,27.0,,,0,0,8,0.2,0.7,0.1,8,16,3.7,4.0,1.48,5.03,-0.535,48.03,56.94,45.6,72.12,1.068,0.588,0.97,1.054,0.974,Neutral,0.94,0.885,0.982,1.0,0.94,0.949,0.912,0.94,-11.5,-1.8,0.0,-6.0,-5.1,-8.8,-6.0,0.0366311216429699,0.000888625592417,0.0,0.9936808846761452,2.5967614533965246,32.73746050552923,33.73114139020537,1.0303120063191151,7.216601500789888,,,,,1.0,2.5,30.9,,7.5,,,,,0.9,2.4,28.2,,7.0,38.0,0.85,0.65,42.0,18.0,1.8,18.0,22.0,6.0,45.6,,,,,,,,,,,,,,,,,,,,,,NO ODDS,,,,,,,,,11.4,,EARLY MODERATE,No OVER/UNDER recommendation.
2026,3,,2026-09-27,16:25,00-0036364,Lynn Bowden,lynn bowden,NO,LV,WR,LOW TARGET,True,,,3.0,45.5,21.25,,,0,0,8,0.2,0.7,0.1,8,18,2.95,2.26,1.2,4.53,-0.204,56.62,58.9,45.6,52.25,1.002,0.588,0.976,0.964,1.038,Neutral,0.951,0.937,0.88,1.0,0.951,1.011,0.985,0.951,-6.3,-12.0,0.0,-4.9,1.1,-1.5,-4.9,0.0366311216429699,0.000888625592417,0.0,0.9936808846761452,2.5967614533965246,32.73746050552923,33.73114139020537,1.0303120063191151,7.216601500789888,,,,,0.9,2.6,33.1,,7.1,,,,,0.9,2.6,32.6,,6.8,38.0,0.85,0.65,42.0,18.0,1.8,18.0,22.0,6.0,45.6,,,,,,,,,,,,,,,,,,,,,,NO ODDS,,,,,,,,,11.4,,EARLY MODERATE,No OVER/UNDER recommendation.
2026,3,,2026-09-27,13:00,00-0033308,Matt Breida,matt breida,NYG,TEN,RB,DEPTH RB,True,,,5.5,43.5,19.0,,,0,0,8,0.2,0.7,0.1,8,18,1.88,1.31,1.05,2.62,1.0,58.92,60.33,45.5,44.38,0.976,0.602,1.03,0.934,1.056,Neutral,1.04,1.071,1.016,1.0,1.013,0.88,0.88,0.97,7.1,1.6,0.0,1.3,-12.0,-12.0,-3.0,0.019669551534225,0.001573564122738,0.0,32.999842643587726,1.5476003147128248,11.356726986624706,44.356569630212434,33.01951219512195,7.693878835562549,,,,,31.7,1.7,12.4,45.5,7.7,,,,,32.1,1.5,10.9,44.1,8.0,38.0,0.85,0.65,42.0,18.0,1.8,18.0,22.0,6.0,45.5,,,,,,,,,,,,,,,,,,,,,,NO ODDS,,,,,,,,,11.4,,EARLY MODERATE,No OVER/UNDER recommendation.
2026,3,,2026-09-27,13:00,00-0036493,Deon Jackson,deon jackson,NYG,TEN,RB,DEPTH RB,True,,,5.5,43.5,19.0,,,0,0,8,0.2,0.7,0.1,8,18,5.25,5.72,0.9,6.4,0.355,47.86,66.74,45.3,44.38,0.976,0.602,1.03,0.934,1.056,Neutral,1.04,1.071,1.016,1.0,1.013,0.88,0.88,0.97,7.1,1.6,0.0,1.3,-12.0,-12.0,-3.0,0.019669551534225,0.001573564122738,0.0,32.999842643587726,1.5476003147128248,11.356726986624706,44.356569630212434,33.01951219512195,7.693878835562549,,,,,31.7,1.7,12.4,45.5,7.7,,,,,32.1,1.5,10.9,44.1,8.0,38.0,0.85,0.65,42.0,18.0,1.8,18.0,22.0,6.0,45.3,,,,,,,,,,,,,,,,,,,,,,NO ODDS,,,,,,,,,11.3,,EARLY MODERATE,No OVER/UNDER recommendation.
2026,3,,2026-09-27,13:00,00-0035222,Zach Gentry,zach gentry,PIT,CIN,TE,LOW TARGET,True,,,-2.5,45.5,24.0,,,0,0,8,0.2,0.7,0.1,8,18,1.49,1.14,0.45,2.05,1.0,56.62,56.21,45.3,57.62,1.03,0.55,1.03,1.03,0.982,Neutral,1.046,1.1,0.888,1.0,1.046,1.12,1.12,1.046,10.0,-11.2,0.0,4.6,12.0,12.0,4.6,0.0792020541181117,0.000790045427612,0.0,0.3361643294489433,2.198498913687537,22.45230100730792,22.788465336756865,0.4153663835670551,5.4708354730397,,,,,0.4,2.2,22.7,,5.8,,,,,0.4,2.5,25.4,,6.1,38.0,0.85,0.65,42.0,18.0,1.8,18.0,22.0,6.0,45.3,,,,,,,,,,,,,,,,,,,,,,NO ODDS,,,,,,,,,11.3,,EARLY MODERATE,No OVER/UNDER recommendation.
2026,3,,2026-09-27,13:00,00-0032725,Stephen Anderson,stephen anderson,LAC,BUF,TE,LOW TARGET,False,,,-4.5,49.5,27.0,,,0,0,8,0.2,0.7,0.1,8,16,0.4,0.96,0.0,0.0,0.9,51.06,54.29,45.3,72.12,1.068,0.55,1.03,1.054,0.974,Neutral,0.94,0.885,0.982,1.0,0.94,0.88,0.88,0.94,-11.5,-1.8,0.0,-6.0,-12.0,-12.0,-6.0,0.0792020541181117,0.000790045427612,0.0,0.3361643294489433,2.198498913687537,22.45230100730792,22.788465336756865,0.4153663835670551,5.4708354730397,,,,,0.4,2.2,22.5,,6.0,,,,,0.4,1.9,19.8,,5.6,38.0,0.85,0.65,42.0,18.0,1.8,18.0,22.0,6.0,45.3,,,,,,,,,,,,,,,,,,,,,,NO ODDS,,,,,,,,,11.3,,EARLY MODERATE,No OVER/UNDER recommendation.
2026,3,,2026-09-27,16:25,00-0034764,Michael Gallup,michael gallup,DAL,BAL,WR,LOW TARGET,True,,,-3.0,52.5,27.75,,,0,0,8,0.2,0.7,0.1,8,18,4.34,5.27,1.42,8.03,-0.733,45.16,55.3,45.3,79.25,1.082,0.588,0.97,1.036,0.998,Neutral,0.998,1.077,0.88,1.0,0.998,1.12,1.1,0.998,7.7,-12.0,0.0,-0.2,12.0,10.0,-0.2,0.0366311216429699,0.000888625592417,0.0,0.9936808846761452,2.5967614533965246,32.73746050552923,33.73114139020537,1.0303120063191151,7.216601500789888,,,,,1.0,2.5,31.7,,7.6,,,,,1.0,2.8,34.9,,7.6,38.0,0.85,0.65,42.0,18.0,1.8,18.0,22.0,6.0,45.3,,,,,,,,,,,,,,,,,,,,,,NO ODDS,,,,,,,,,11.3,,EARLY MODERATE,No OVER/UNDER recommendation.
2026,3,,2026-09-27,13:00,00-0029293,Marvin Jones,marvin jones,DET,NYJ,WR,LOW TARGET,True,,,7.0,48.5,20.75,,,0,0,8,0.2,0.7,0.1,8,18,3.95,3.74,1.32,6.1,-0.68,51.39,59.22,45.3,58.25,1.004,0.588,0.97,0.916,1.086,Neutral,0.957,0.912,1.12,1.0,0.957,0.959,0.88,0.957,-8.8,12.0,0.0,-4.3,-4.1,-12.0,-4.3,0.0366311216429699,0.000888625592417,0.0,0.9936808846761452,2.5967614533965246,32.73746050552923,33.73114139020537,1.0303120063191151,7.216601500789888,,,,,0.9,2.7,34.5,,7.0,,,,,0.9,2.6,30.4,,6.7,38.0,0.85,0.65,42.0,18.0,1.8,18.0,22.0,6.0,45.3,,,,,,,,,,,,,,,,,,,,,,NO ODDS,,,,,,,,,11.3,,EARLY MODERATE,No OVER/UNDER recommendation.
2026,3,,2026-09-27,16:25,00-0037098,Samori Toure,samori toure,NO,LV,WR,LOW TARGET,True,,,3.0,45.5,21.25,,,0,1,8,0.2,0.7,0.1,8,18,1.75,1.54,1.07,2.55,-0.83,53.18,57.26,45.3,52.25,1.002,0.55,0.97,0.964,1.038,Neutral,0.951,0.937,0.88,1.0,0.951,1.011,0.985,0.951,-6.3,-12.0,0.0,-4.9,1.1,-1.5,-4.9,0.0045788902053712,0.0001110781990521,0.0,0.1242101105845181,1.1995951816745658,6.7171825631911535,6.841392673775672,0.1287890007898894,2.039575187598736,,,,,0.1,1.2,6.8,,2.0,,,,,0.1,1.2,6.7,,1.9,38.0,0.85,0.65,42.0,18.0,1.8,18.0,22.0,6.0,45.3,,,,,,,,,,,,,,,,,,,,,,NO ODDS,,,,,,,,,11.3,,EARLY MODERATE,No OVER/UNDER recommendation.
2026,3,,2026-09-27,13:00,00-0034983,Hunter Renfrow,hunter renfrow,CAR,CLE,WR,LOW TARGET,False,,,2.5,40.5,19.0,,,0,6,8,0.2,0.7,0.1,8,18,4.48,7.11,1.27,3.02,-0.783,38.64,55.91,45.2,37.62,0.97,0.55,0.97,0.97,1.017,Neutral,0.948,0.88,1.049,1.0,0.948,0.88,0.88,0.948,-12.0,4.9,0.0,-5.2,-12.0,-12.0,-5.2,0.0045788902053712,0.0001110781990521,0.0,0.1242101105845181,2.224595181674566,15.33384922985782,15.458059340442338,0.1287890007898894,5.226241854265403,,,,,0.1,2.2,15.1,,4.9,,,,,0.1,1.9,13.3,,4.6,38.0,0.85,0.65,42.0,18.0,1.8,18.0,22.0,6.0,45.2,,,,,,,,,,,,,,,,,,,,,,NO ODDS,,,,,,,,,11.3,,EARLY MODERATE,No OVER/UNDER recommendation.
2026,3,,2026-09-27,13:00,00-0037273,Kyle Philips,kyle philips,TEN,NYG,WR,LOW TARGET,False,,,-5.5,43.5,24.5,,,0,0,8,0.2,0.7,0.1,8,18,4.2,3.62,1.38,6.33,-0.755,53.72,58.35,45.1,55.38,1.031,0.588,0.97,1.066,0.946,Neutral,1.044,1.021,1.12,1.0,1.044,1.026,1.045,1.044,2.1,12.0,0.0,4.4,2.6,4.5,4.4,0.0366311216429699,0.000888625592417,0.0,0.9936808846761452,2.5967614533965246,32.73746050552923,33.73114139020537,1.0303120063191151,7.216601500789888,,,,,1.0,2.4,30.1,,7.2,,,,,1.0,2.5,31.5,,7.5,38.0,0.85,0.65,42.0,18.0,1.8,18.0,22.0,6.0,45.1,,,,,,,,,,,,,,,,,,,,,,NO ODDS,,,,,,,,,11.3,,EARLY MODERATE,No OVER/UNDER recommendation.
2026,3,,2026-09-27,13:00,00-0034253,Dontrell Hilliard,dontrell hilliard,TEN,NYG,RB,DEPTH RB,False,,,-5.5,43.5,24.5,,,0,0,8,0.2,0.7,0.1,8,14,3.81,3.42,1.45,5.88,-0.315,52.75,58.87,45.0,55.38,1.031,0.602,0.97,1.066,0.946,Neutral,1.044,1.021,1.12,1.0,1.12,1.007,0.981,1.12,2.1,12.0,0.0,12.0,0.7,-1.9,12.0,0.019669551534225,0.001573564122738,0.0,32.999842643587726,1.5476003147128248,11.356726986624706,44.356569630212434,33.01951219512195,7.693878835562549,,,,,34.1,1.4,10.4,43.3,7.7,,,,,38.2,1.4,10.2,48.5,8.0,38.0,0.85,0.65,42.0,18.0,1.8,18.0,22.0,6.0,45.0,,,,,,,,,,,,,,,,,,,,,,NO ODDS,,,,,,,,,11.2,,EARLY MODERATE,No OVER/UNDER recommendation.
2026,3,,2026-09-27,13:00,00-0032141,Geoff Swaim,geoff swaim,CLE,CAR,TE,LOW TARGET,True,,,-2.5,40.5,21.5,,,0,3,8,0.2,0.7,0.1,8,18,1.67,1.53,0.0,3.35,-0.742,52.26,54.57,45.0,42.62,0.995,0.55,0.97,1.03,0.968,Neutral,1.007,0.941,0.88,1.0,1.007,0.923,1.088,1.007,-5.9,-12.0,0.0,0.7,-7.7,8.8,0.7,0.0099002567647639,9.8755678451511e-05,0.0,0.0420205411811179,0.6914790308776089,5.723204292580158,5.765224833761276,0.0519207979458819,1.392187767463296,,,,,0.0,0.6,5.4,,1.3,,,,,0.0,0.6,5.9,,1.3,38.0,0.85,0.65,42.0,18.0,1.8,18.0,22.0,6.0,45.0,,,,,,,,,,,,,,,,,,,,,,NO ODDS,,,,,,,,,11.2,,EARLY MODERATE,No OVER/UNDER recommendation.
2026,3,,2026-09-27,13:00,00-0032543,Alex Erickson,alex erickson,NE,JAC,WR,LOW TARGET,False,,,-2.5,45.5,24.0,,,0,3,8,0.2,0.7,0.1,8,18,4.0,5.4,0.0,5.9,-1.0,42.52,54.97,45.0,57.62,1.03,0.55,0.97,1.03,0.982,Neutral,1.0,1.0,1.0,1.0,1.0,1.0,1.0,1.0,0.0,0.0,0.0,0.0,0.0,0.0,0.0,0.0045788902053712,0.0001110781990521,0.0,0.1242101105845181,0.3245951816745656,4.0921825631911535,4.2163926737756725,0.1287890007898894,0.9020751875987362,,,,,0.1,0.3,3.9,,0.9,,,,,0.1,0.3,3.9,,0.9,38.0,0.85,0.65,42.0,18.0,1.8,18.0,22.0,6.0,45.0,,,,,,,,,,,,,,,,,,,,,,NO ODDS,,,,,,,,,11.2,,EARLY MODERATE,No OVER/UNDER recommendation.
2026,3,,2026-09-27,20:20,00-0032450,Dwayne Washington,dwayne washington,DEN,LAR,RB,DEPTH RB,True,,,-2.5,46.5,24.5,,,0,0,8,0.2,0.7,0.1,8,13,0.41,0.82,0.0,0.33,-1.0,54.87,55.25,44.9,60.62,1.037,0.602,0.97,1.03,0.985,Neutral,1.0,1.0,1.0,1.0,1.0,1.0,1.0,1.0,0.0,0.0,0.0,0.0,0.0,0.0,0.0,0.019669551534225,0.001573564122738,0.0,32.999842643587726,1.5476003147128248,11.356726986624706,44.356569630212434,33.01951219512195,7.693878835562549,,,,,33.0,1.5,10.9,43.4,7.7,,,,,33.0,1.5,10.9,43.4,7.7,38.0,0.85,0.65,42.0,18.0,1.8,18.0,22.0,6.0,44.9,,,,,,,,,,,,,,,,,,,,,,NO ODDS,,,,,,,,,11.2,,EARLY MODERATE,No OVER/UNDER recommendation.
2026,3,,2026-09-27,13:00,00-0031260,Logan Thomas,logan thomas,WAS,SEA,TE,LOW TARGET,True,,,-2.5,41.5,22.0,,,0,0,8,0.2,0.7,0.1,8,18,5.54,4.49,1.98,8.85,1.0,55.21,60.58,44.9,45.62,1.002,0.55,1.03,1.03,0.97,Neutral,0.94,0.88,0.88,1.0,0.94,1.12,1.12,0.94,-12.0,-12.0,0.0,-6.0,12.0,12.0,-6.0,0.0792020541181117,0.000790045427612,0.0,0.3361643294489433,2.198498913687537,22.45230100730792,22.788465336756865,0.4153663835670551,5.4708354730397,,,,,0.4,2.2,22.4,,5.6,,,,,0.4,2.5,25.1,,5.3,38.0,0.85,0.65,42.0,18.0,1.8,18.0,22.0,6.0,44.9,,,,,,,,,,,,,,,,,,,,,,NO ODDS,,,,,,,,,11.2,,EARLY MODERATE,No OVER/UNDER recommendation.
2026,3,,2026-09-27,13:00,00-0035703,Miles Boykin,miles boykin,PIT,CIN,WR,LOW TARGET,True,,,-2.5,45.5,24.0,,,0,0,8,0.2,0.7,0.1,8,18,0.58,0.76,0.0,1.52,0.0,56.74,54.98,44.8,57.62,1.03,0.588,1.0,1.03,0.982,Neutral,1.046,1.1,0.888,1.0,1.046,0.88,0.88,1.046,10.0,-11.2,0.0,4.6,-12.0,-12.0,4.6,0.0366311216429699,0.000888625592417,0.0,0.9936808846761452,2.5967614533965246,32.73746050552923,33.73114139020537,1.0303120063191151,7.216601500789888,,,,,1.0,2.6,32.2,,7.4,,,,,1.0,2.3,28.3,,7.7,38.0,0.85,0.65,42.0,18.0,1.8,18.0,22.0,6.0,44.8,,,,,,,,,,,,,,,,,,,,,,NO ODDS,,,,,,,,,11.2,,EARLY MODERATE,No OVER/UNDER recommendation.
2026,3,,2026-09-27,16:25,00-0038612,A.T. Perry,at perry,NO,LV,WR,LOW TARGET,True,,,3.0,45.5,21.25,,,0,0,8,0.2,0.7,0.1,8,18,8.17,6.53,3.42,10.82,1.0,55.59,57.68,44.8,52.25,1.002,0.588,1.03,0.964,1.038,Neutral,0.951,0.937,0.88,1.0,0.951,1.011,0.985,0.951,-6.3,-12.0,0.0,-4.9,1.1,-1.5,-4.9,0.0366311216429699,0.000888625592417,0.0,0.9936808846761452,2.5967614533965246,32.73746050552923,33.73114139020537,1.0303120063191151,7.216601500789888,,,,,1.0,2.8,35.0,,7.5,,,,,1.0,2.8,34.5,,7.1,38.0,0.85,0.65,42.0,18.0,1.8,18.0,22.0,6.0,44.8,,,,,,,,,,,,,,,,,,,,,,NO ODDS,,,,,,,,,11.2,,EARLY MODERATE,No OVER/UNDER recommendation.
2026,3,,2026-09-27,13:00,00-0036569,Gary Brightwell,gary brightwell,CIN,PIT,RB,DEPTH RB,False,,,2.5,45.5,21.5,,,0,3,8,0.2,0.7,0.1,8,18,1.83,2.47,0.0,3.73,-1.0,42.63,55.69,44.6,52.62,1.005,0.6,0.97,0.97,1.032,Neutral,1.062,1.054,0.952,1.0,1.078,1.053,1.12,1.095,5.4,-4.8,0.0,7.8,5.3,12.0,9.5,0.0024586939417781,0.0001966955153422,0.0,4.124980330448467,0.1934500393391031,1.4195908733280884,5.544571203776555,4.127439024390244,0.9617348544453188,,,,,3.9,0.2,1.4,5.4,0.9,,,,,4.2,0.2,1.6,5.9,1.0,38.0,0.85,0.65,42.0,18.0,1.8,18.0,22.0,6.0,44.6,,,,,,,,,,,,,,,,,,,,,,NO ODDS,,,,,,,,,11.2,,EARLY MODERATE,No OVER/UNDER recommendation.
2026,3,,2026-09-27,13:00,00-0034011,Dan Arnold,dan arnold,JAC,NE,TE,LOW TARGET,True,,,2.5,45.5,21.5,,,0,0,8,0.2,0.7,0.1,8,17,1.57,1.19,1.12,2.75,-0.106,56.95,56.27,44.6,52.62,1.005,0.55,0.987,0.97,1.032,Tough,0.919,0.902,0.88,1.0,0.919,1.046,1.012,0.919,-9.8,-12.0,0.0,-8.1,4.6,1.2,-8.1,0.0792020541181117,0.000790045427612,0.0,0.3361643294489433,2.198498913687537,22.45230100730792,22.788465336756865,0.4153663835670551,5.4708354730397,,,,,0.3,2.2,22.9,,5.4,,,,,0.3,2.3,23.2,,5.0,38.0,0.85,0.65,42.0,18.0,1.8,18.0,22.0,6.0,44.6,,,,,,,,,,,,,,,,,,,,,,NO ODDS,,,,,,,,,11.2,,EARLY MODERATE,No OVER/UNDER recommendation.
2026,3,,2026-09-27,16:25,00-0036423,Albert Okwuegbunam,albert okwuegbunam,LV,NO,TE,LOW TARGET,False,,,-3.0,45.5,24.25,,,0,1,8,0.2,0.7,0.1,8,18,4.32,4.94,0.0,8.38,-0.5,46.65,57.09,44.5,58.25,1.032,0.805,0.97,1.036,0.977,Neutral,0.981,0.895,0.948,1.0,0.981,1.08,1.028,0.981,-10.5,-5.2,0.0,-1.9,8.0,2.8,-1.9,0.0099002567647639,9.8755678451511e-05,0.0,0.0420205411811179,4.649812364210943,34.30653762591349,34.34855816709461,0.0519207979458819,8.208854434129963,,,,,0.0,4.4,32.5,,8.2,,,,,0.0,4.8,33.4,,8.0,38.0,0.85,0.65,42.0,18.0,1.82,18.0,22.0,6.0,44.5,,,,,,,,,,,,,,,,,,,,,,NO ODDS,,,,,,,,,11.1,,EARLY MODERATE,No OVER/UNDER recommendation.
2026,3,,2026-09-27,20:20,00-0024243,Marcedes Lewis,marcedes lewis,DEN,LAR,TE,LOW TARGET,True,,,-2.5,46.5,24.5,,,0,6,8,0.2,0.7,0.1,8,18,0.88,1.98,0.0,1.25,-0.4,33.51,48.89,44.5,60.62,1.037,0.55,0.97,1.03,0.985,Neutral,1.0,1.0,1.0,1.0,1.0,1.0,1.0,1.0,0.0,0.0,0.0,0.0,0.0,0.0,0.0,0.0099002567647639,9.8755678451511e-05,0.0,0.0420205411811179,0.4081456975442755,3.073204292580157,3.115224833761275,0.0519207979458819,0.8438544341299626,,,,,0.0,0.4,2.9,,0.8,,,,,0.0,0.4,2.9,,0.8,38.0,0.85,0.65,42.0,18.0,1.8,18.0,22.0,6.0,44.5,,,,,,,,,,,,,,,,,,,,,,NO ODDS,,,,,,,,,11.1,,EARLY MODERATE,No OVER/UNDER recommendation.
2026,3,,2026-09-27,16:25,00-0038590,Justin Shorter,justin shorter,LV,NO,TE,LOW TARGET,False,,,-3.0,45.5,24.25,,,0,4,4,0.2,0.7,0.1,4,13,0.0,0.0,0.0,0.0,0.0,50.0,45.0,44.2,58.25,1.032,0.55,1.0,1.036,0.977,Neutral,0.981,0.895,0.948,1.0,0.981,1.08,1.028,0.981,-10.5,-5.2,0.0,-1.9,8.0,2.8,-1.9,0.0099002567647639,9.8755678451511e-05,0.0,0.0420205411811179,0.2748123642109422,2.8065376259134904,2.8485581670946085,0.0519207979458819,0.6838544341299626,,,,,0.0,0.3,2.7,,0.7,,,,,0.0,0.3,2.8,,0.7,38.0,0.85,0.65,42.0,18.0,1.8,18.0,22.0,6.0,44.2,,,,,,,,,,,,,,,,,,,,,,NO ODDS,,,,,,,,,11.0,,EARLY MODERATE,No OVER/UNDER recommendation.
2026,3,,2026-09-27,13:00,00-0033879,O.J. Howard,oj howard,HOU,IND,TE,LOW TARGET,False,,,2.5,45.5,21.5,,,0,0,8,0.2,0.7,0.1,8,17,1.99,1.77,0.0,3.8,-0.191,53.0,57.18,44.0,52.62,1.005,0.55,0.977,0.97,1.032,Favorable,1.108,1.12,0.986,1.0,1.108,1.12,1.12,1.108,12.0,-1.4,0.0,10.8,12.0,12.0,10.8,0.0792020541181117,0.000790045427612,0.0,0.3361643294489433,2.198498913687537,22.45230100730792,22.788465336756865,0.4153663835670551,5.4708354730397,,,,,0.3,2.2,22.7,,5.4,,,,,0.3,2.5,25.4,,6.0,38.0,0.85,0.65,42.0,18.0,1.8,18.0,22.0,6.0,44.0,,,,,,,,,,,,,,,,,,,,,,NO ODDS,,,,,,,,,11.0,,EARLY MODERATE,No OVER/UNDER recommendation.
2026,3,,2026-09-27,13:00,00-0034681,Chase Edmonds,chase edmonds,WAS,SEA,RB,DEPTH RB,True,,,-2.5,41.5,22.0,,,0,3,8,0.2,0.7,0.1,8,18,2.62,3.6,0.0,4.5,-1.0,42.1,57.02,43.9,45.62,1.002,0.6,0.97,1.03,0.97,Neutral,0.94,0.88,0.88,1.0,0.88,1.12,1.12,0.882,-12.0,-12.0,0.0,-12.0,12.0,12.0,-11.8,0.0024586939417781,0.0001966955153422,0.0,4.124980330448467,0.1934500393391031,1.4195908733280884,5.544571203776555,4.127439024390244,0.9617348544453188,,,,,4.1,0.2,1.3,5.4,0.9,,,,,3.6,0.2,1.5,4.8,0.8,38.0,0.85,0.65,42.0,18.0,1.8,18.0,22.0,6.0,43.9,,,,,,,,,,,,,,,,,,,,,,NO ODDS,,,,,,,,,11.0,,EARLY MODERATE,No OVER/UNDER recommendation.
2026,3,,2026-09-27,13:00,00-0028002,Randall Cobb,randall cobb,NYJ,DET,WR,LOW TARGET,False,,,-7.0,48.5,27.75,,,0,0,8,0.2,0.7,0.1,8,18,2.25,2.78,0.0,2.35,1.0,44.72,54.65,43.9,72.25,1.074,0.588,1.03,1.084,0.946,Favorable,1.088,1.108,1.12,1.0,1.088,1.083,1.12,1.088,10.8,12.0,0.0,8.8,8.3,12.0,8.8,0.0366311216429699,0.000888625592417,0.0,0.9936808846761452,2.5967614533965246,32.73746050552923,33.73114139020537,1.0303120063191151,7.216601500789888,,,,,1.1,2.5,31.9,,8.0,,,,,1.2,2.7,35.7,,8.7,38.0,0.85,0.65,42.0,18.0,1.8,18.0,22.0,6.0,43.9,,,,,,,,,,,,,,,,,,,,,,NO ODDS,,,,,,,,,11.0,,EARLY MODERATE,No OVER/UNDER recommendation.
2026,3,,2026-09-27,13:00,00-0032436,Jeff Driskel,jeff driskel,CLE,CAR,QB,QB,True,,,-2.5,40.5,21.5,,,0,0,8,0.2,0.7,0.1,8,18,4.45,5.04,1.04,4.68,0.207,46.93,64.29,43.8,42.62,0.995,0.851,1.025,1.03,0.968,Neutral,1.007,0.941,0.88,1.0,1.007,1.0,1.0,1.007,-5.9,-12.0,0.0,0.7,0.0,0.0,0.7,192.07142857142856,1.1861584011843078,0.0,15.384900074019248,0.0099925980754996,0.0177646188008882,15.402664692820132,207.45632864544783,13.518830495928944,195.9,1.21,0.0,211.5,,,,,13.8,184.3,1.06,0.0,199.0,,,,,13.9,40.55,0.85,0.65,43.78,18.0,1.8,18.0,22.0,6.0,43.8,,,,,,,,,,,,,,,,,,,,,,NO ODDS,,,,,,,,,11.0,,EARLY MODERATE,No OVER/UNDER recommendation.
2026,3,,2026-09-27,13:00,00-0037078,Cole Turner,cole turner,WAS,SEA,TE,LOW TARGET,True,,,-2.5,41.5,22.0,,,0,0,8,0.2,0.7,0.1,8,16,2.67,2.06,1.57,3.95,-0.277,56.43,57.0,43.8,45.62,1.002,0.55,0.97,1.03,0.97,Neutral,0.94,0.88,0.88,1.0,0.94,1.12,1.12,0.94,-12.0,-12.0,0.0,-6.0,12.0,12.0,-6.0,0.0792020541181117,0.000790045427612,0.0,0.3361643294489433,2.198498913687537,22.45230100730792,22.788465336756865,0.4153663835670551,5.4708354730397,,,,,0.3,2.1,21.1,,5.3,,,,,0.3,2.4,23.6,,5.0,38.0,0.85,0.65,42.0,18.0,1.8,18.0,22.0,6.0,43.8,,,,,,,,,,,,,,,,,,,,,,NO ODDS,,,,,,,,,11.0,,EARLY MODERATE,No OVER/UNDER recommendation.
2026,3,,2026-09-27,16:05,00-0040509,Ben Yurosek,ben yurosek,MIN,TB,TE,LOW TARGET,False,,,-1.5,45.5,23.5,,,0,6,6,0.2,0.7,0.1,6,18,0.68,0.86,0.0,1.12,0.133,40.33,44.39,43.8,56.38,1.025,0.55,1.016,1.018,0.992,Neutral,1.013,1.096,1.079,1.0,1.013,1.12,1.12,1.013,9.6,7.9,0.0,1.3,12.0,12.0,1.3,0.0099002567647639,9.8755678451511e-05,0.0,0.0420205411811179,0.6164790308776088,5.348204292580157,5.390224833761275,0.0519207979458819,1.279687767463296,,,,,0.0,0.6,5.4,,1.3,,,,,0.0,0.7,6.0,,1.3,38.0,0.85,0.65,42.0,18.0,1.8,18.0,22.0,6.0,43.8,,,,,,,,,,,,,,,,,,,,,,NO ODDS,,,,,,,,,11.0,,EARLY MODERATE,No OVER/UNDER recommendation.
2026,3,,2026-09-27,16:25,00-0026189,DeSean Jackson,desean jackson,BAL,DAL,WR,LOW TARGET,False,,,3.0,52.5,24.75,,,0,0,7,0.2,0.7,0.1,7,17,3.07,2.63,1.95,4.2,-0.781,47.1,52.64,43.8,73.25,1.052,0.588,0.97,0.964,1.058,Favorable,1.074,1.106,1.12,1.0,1.074,1.077,1.086,1.074,10.6,12.0,0.0,7.4,7.7,8.6,7.4,0.0366311216429699,0.000888625592417,0.0,0.9936808846761452,2.5967614533965246,32.73746050552923,33.73114139020537,1.0303120063191151,7.216601500789888,,,,,0.9,2.7,33.6,,7.4,,,,,1.0,2.9,36.5,,7.9,38.0,0.85,0.65,42.0,18.0,1.8,18.0,22.0,6.0,43.8,,,,,,,,,,,,,,,,,,,,,,NO ODDS,,,,,,,,,11.0,,EARLY MODERATE,No OVER/UNDER recommendation.
2026,3,,2026-09-27,20:20,00-0032208,Phillip Dorsett,phillip dorsett,DEN,LAR,WR,LOW TARGET,True,,,-2.5,46.5,24.5,,,0,0,8,0.2,0.7,0.1,8,17,2.47,2.67,0.0,3.95,-0.611,48.09,56.63,43.8,60.62,1.037,0.588,0.97,1.03,0.985,Neutral,1.0,1.0,1.0,1.0,1.0,1.0,1.0,1.0,0.0,0.0,0.0,0.0,0.0,0.0,0.0,0.0366311216429699,0.000888625592417,0.0,0.9936808846761452,2.5967614533965246,32.73746050552923,33.73114139020537,1.0303120063191151,7.216601500789888,,,,,1.0,2.5,31.3,,7.3,,,,,1.0,2.5,31.3,,7.3,38.0,0.85,0.65,42.0,18.0,1.8,18.0,22.0,6.0,43.8,,,,,,,,,,,,,,,,,,,,,,NO ODDS,,,,,,,,,11.0,,EARLY MODERATE,No OVER/UNDER recommendation.
2026,3,,2026-09-27,13:00,00-0036534,Shane Zylstra,shane zylstra,DET,NYJ,TE,LOW TARGET,True,,,7.0,48.5,20.75,,,0,3,8,0.2,0.7,0.1,8,18,4.62,7.29,1.05,4.1,-0.7,38.78,53.66,43.6,58.25,1.004,0.55,0.97,0.916,1.086,Neutral,0.957,0.912,1.12,1.0,0.957,1.029,0.99,0.957,-8.8,12.0,0.0,-4.3,2.9,-1.0,-4.3,0.0099002567647639,9.8755678451511e-05,0.0,0.0420205411811179,1.8164790308776089,17.55653762591349,17.59855816709461,0.0519207979458819,3.700521100796629,,,,,0.0,1.9,18.5,,3.6,,,,,0.0,2.0,18.3,,3.4,38.0,0.85,0.65,42.0,18.0,1.8,18.0,22.0,6.0,43.6,,,,,,,,,,,,,,,,,,,,,,NO ODDS,,,,,,,,,10.9,,EARLY MODERATE,No OVER/UNDER recommendation.
2026,3,,2026-09-27,16:25,00-0036219,Marquez Callaway,marquez callaway,NO,LV,WR,LOW TARGET,True,,,3.0,45.5,21.25,,,0,0,8,0.2,0.7,0.1,8,18,2.35,2.25,1.2,4.35,-0.86,51.05,57.49,43.6,52.25,1.002,0.588,0.97,0.964,1.038,Neutral,0.951,0.937,0.88,1.0,0.951,1.011,0.985,0.951,-6.3,-12.0,0.0,-4.9,1.1,-1.5,-4.9,0.0366311216429699,0.000888625592417,0.0,0.9936808846761452,2.5967614533965246,32.73746050552923,33.73114139020537,1.0303120063191151,7.216601500789888,,,,,0.9,2.6,32.9,,7.0,,,,,0.9,2.6,32.4,,6.7,38.0,0.85,0.65,42.0,18.0,1.8,18.0,22.0,6.0,43.6,,,,,,,,,,,,,,,,,,,,,,NO ODDS,,,,,,,,,10.9,,EARLY MODERATE,No OVER/UNDER recommendation.
2026,3,,2026-09-27,13:00,00-0040179,DJ Giddens,dj giddens,IND,HOU,RB,DEPTH RB,True,,,-2.5,45.5,24.0,,,0,5,5,0.2,0.7,0.1,5,18,1.92,1.41,0.3,3.0,0.268,35.99,48.97,43.5,57.62,1.03,0.6,1.03,1.03,0.982,Neutral,0.956,0.963,0.88,1.0,0.88,0.936,0.935,0.88,-3.7,-12.0,0.0,-12.0,-6.4,-6.5,-12.0,0.0024586939417781,0.0001966955153422,0.0,20.924980330448467,0.1934500393391031,1.4195908733280884,22.34457120377656,20.92743902439025,2.641734854445319,,,,,22.2,0.2,1.4,23.2,2.8,,,,,19.5,0.2,1.3,20.4,2.7,38.0,0.85,0.65,42.0,18.0,1.8,18.0,22.0,6.0,43.5,,,,,,,,,,,,,,,,,,,,,,NO ODDS,,,,,,,,,10.9,,EARLY MODERATE,No OVER/UNDER recommendation.
2026,3,,2026-09-27,13:00,00-0036991,Amari Rodgers,amari rodgers,IND,HOU,WR,LOW TARGET,True,,,-2.5,45.5,24.0,,,0,0,8,0.2,0.7,0.1,8,18,4.18,4.52,0.0,4.83,-0.652,48.04,57.04,43.5,57.62,1.03,0.588,0.97,1.03,0.982,Neutral,0.956,0.963,0.88,1.0,0.956,0.908,0.95,0.956,-3.7,-12.0,0.0,-4.4,-9.2,-5.0,-4.4,0.0366311216429699,0.000888625592417,0.0,0.9936808846761452,2.5967614533965246,32.73746050552923,33.73114139020537,1.0303120063191151,7.216601500789888,,,,,1.0,2.5,31.2,,7.2,,,,,1.0,2.3,29.6,,6.9,38.0,0.85,0.65,42.0,18.0,1.8,18.0,22.0,6.0,43.5,,,,,,,,,,,,,,,,,,,,,,NO ODDS,,,,,,,,,10.9,,EARLY MODERATE,No OVER/UNDER recommendation.
2026,3,,2026-09-27,13:00,00-0039853,Javon Baker,javon baker,NE,JAC,WR,LOW TARGET,False,,,-2.5,45.5,24.0,,,0,6,6,0.2,0.7,0.1,6,18,0.52,0.94,0.0,0.0,0.733,38.72,44.27,43.5,57.62,1.03,0.55,1.03,1.03,0.982,Neutral,1.0,1.0,1.0,1.0,1.0,1.0,1.0,1.0,0.0,0.0,0.0,0.0,0.0,0.0,0.0,0.0045788902053712,0.0001110781990521,0.0,0.1242101105845181,0.5329285150078991,6.592182563191154,6.7163926737756725,0.1287890007898894,1.3604085209320695,,,,,0.1,0.5,6.7,,1.4,,,,,0.1,0.5,6.7,,1.4,38.0,0.85,0.65,42.0,18.0,1.8,18.0,22.0,6.0,43.5,,,,,,,,,,,,,,,,,,,,,,NO ODDS,,,,,,,,,10.9,,EARLY MODERATE,No OVER/UNDER recommendation.
2026,3,,2026-09-27,20:20,00-0036424,Brycen Hopkins,brycen hopkins,LAR,DEN,TE,LOW TARGET,False,,,2.5,46.5,22.0,,,0,0,8,0.2,0.7,0.1,8,18,2.92,2.75,1.12,4.0,1.0,51.46,55.46,43.4,55.62,1.012,0.55,1.03,0.97,1.035,Neutral,0.966,0.913,0.88,1.0,0.966,1.049,1.12,0.966,-8.7,-12.0,0.0,-3.4,4.9,12.0,-3.4,0.0792020541181117,0.000790045427612,0.0,0.3361643294489433,2.198498913687537,22.45230100730792,22.788465336756865,0.4153663835670551,5.4708354730397,,,,,0.3,2.3,23.9,,5.7,,,,,0.3,2.4,26.8,,5.5,38.0,0.85,0.65,42.0,18.0,1.8,18.0,22.0,6.0,43.4,,,,,,,,,,,,,,,,,,,,,,NO ODDS,,,,,,,,,10.8,,EARLY MODERATE,No OVER/UNDER recommendation.
2026,3,,2026-09-27,13:00,00-0036233,Donovan Peoples-Jones,donovan peoples jones,DET,NYJ,WR,LOW TARGET,True,,,7.0,48.5,20.75,,,0,0,8,0.2,0.7,0.1,8,18,1.73,1.63,0.0,2.25,1.0,51.45,54.62,43.4,58.25,1.004,0.588,1.03,0.916,1.086,Neutral,0.957,0.912,1.12,1.0,0.957,0.959,0.88,0.957,-8.8,12.0,0.0,-4.3,-4.1,-12.0,-4.3,0.0366311216429699,0.000888625592417,0.0,0.9936808846761452,2.5967614533965246,32.73746050552923,33.73114139020537,1.0303120063191151,7.216601500789888,,,,,0.9,2.9,36.6,,7.5,,,,,0.9,2.8,32.2,,7.2,38.0,0.85,0.65,42.0,18.0,1.8,18.0,22.0,6.0,43.4,,,,,,,,,,,,,,,,,,,,,,NO ODDS,,,,,,,,,10.8,,EARLY MODERATE,No OVER/UNDER recommendation.
2026,3,,2026-09-27,16:25,00-0035215,Deonte Harty,deonte harty,BAL,DAL,WR,LOW TARGET,False,,,3.0,52.5,24.75,,,0,5,8,0.2,0.7,0.1,8,18,0.84,2.48,0.0,0.0,-1.0,28.72,47.36,43.4,73.25,1.052,0.55,0.97,0.964,1.058,Favorable,1.074,1.106,1.12,1.0,1.074,1.077,1.086,1.074,10.6,12.0,0.0,7.4,7.7,8.6,7.4,0.0045788902053712,0.0001110781990521,0.0,0.1242101105845181,0.3245951816745656,4.0921825631911535,4.2163926737756725,0.1287890007898894,0.9020751875987362,,,,,0.1,0.3,4.2,,0.9,,,,,0.1,0.3,4.6,,1.0,38.0,0.85,0.65,42.0,18.0,1.8,18.0,22.0,6.0,43.4,,,,,,,,,,,,,,,,,,,,,,NO ODDS,,,,,,,,,10.8,,EARLY MODERATE,No OVER/UNDER recommendation.
2026,3,,2026-09-27,13:00,00-0036096,J.J. Taylor,jj taylor,HOU,IND,RB,DEPTH RB,False,,,2.5,45.5,21.5,,,0,3,4,0.2,0.7,0.1,4,9,2.21,0.29,2.17,2.4,-0.18,44.12,51.31,43.2,52.62,1.005,0.6,0.978,0.97,1.032,Favorable,1.108,1.12,0.986,1.0,1.071,0.958,1.032,1.062,12.0,-1.4,0.0,7.1,-4.2,3.2,6.2,0.0024586939417781,0.0001966955153422,0.0,19.4583136637818,0.5267833726724364,1.4195908733280884,20.877904537109888,19.46077235772358,2.828401521111985,,,,,18.5,0.5,1.4,20.5,2.8,,,,,19.8,0.5,1.4,21.8,3.1,38.0,0.85,0.65,42.0,18.0,1.8,18.0,22.0,6.0,43.2,,,,,,,,,,,,,,,,,,,,,,NO ODDS,,,,,,,,,10.8,,EARLY MODERATE,No OVER/UNDER recommendation.
2026,3,,2026-09-27,13:00,00-0038389,Israel Abanikanda,israel abanikanda,NYJ,DET,RB,DEPTH RB,False,,,-7.0,48.5,27.75,,,0,0,6,0.2,0.7,0.1,6,18,3.22,2.51,1.1,4.2,0.859,42.11,54.19,43.0,72.25,1.074,0.602,1.03,1.084,0.946,Favorable,1.088,1.108,1.12,1.0,1.004,0.88,0.88,0.95,10.8,12.0,0.0,0.4,-12.0,-12.0,-5.0,0.019669551534225,0.001573564122738,0.0,32.999842643587726,1.5476003147128248,11.356726986624706,44.356569630212434,33.01951219512195,7.693878835562549,,,,,36.8,1.5,11.1,46.4,8.5,,,,,36.9,1.3,9.8,44.1,9.2,38.0,0.85,0.65,42.0,18.0,1.8,18.0,22.0,6.0,43.0,,,,,,,,,,,,,,,,,,,,,,NO ODDS,,,,,,,,,10.8,,EARLY MODERATE,No OVER/UNDER recommendation.
2026,3,,2026-09-27,13:00,00-0035956,Giovanni Ricci,giovanni ricci,DET,NYJ,TE,LOW TARGET,True,,,7.0,48.5,20.75,,,0,2,8,0.2,0.7,0.1,8,18,0.82,1.29,0.0,1.35,-1.0,43.59,51.9,42.9,58.25,1.004,0.55,0.97,0.916,1.086,Neutral,0.957,0.912,1.12,1.0,0.957,1.029,0.99,0.957,-8.8,12.0,0.0,-4.3,2.9,-1.0,-4.3,0.0099002567647639,9.8755678451511e-05,0.0,0.0420205411811179,0.2748123642109422,2.8065376259134904,2.8485581670946085,0.0519207979458819,0.6838544341299626,,,,,0.0,0.3,3.0,,0.7,,,,,0.0,0.3,3.0,,0.7,38.0,0.85,0.65,42.0,18.0,1.8,18.0,22.0,6.0,42.9,,,,,,,,,,,,,,,,,,,,,,NO ODDS,,,,,,,,,10.7,,EARLY MODERATE,No OVER/UNDER recommendation.
2026,3,,2026-09-27,13:00,00-0036326,Chase Claypool,chase claypool,MIA,KC,WR,LOW TARGET,True,,,-8.5,44.5,26.5,,,0,0,8,0.2,0.7,0.1,8,18,0.82,1.1,0.0,1.6,-0.5,47.61,53.58,42.7,62.12,1.053,0.588,0.97,1.102,0.92,Tough,0.891,0.88,0.88,1.0,0.891,0.958,0.88,0.891,-12.0,-12.0,0.0,-10.9,-4.2,-12.0,-10.9,0.0366311216429699,0.000888625592417,0.0,0.9936808846761452,2.5967614533965246,32.73746050552923,33.73114139020537,1.0303120063191151,7.216601500789888,,,,,1.1,2.3,29.2,,7.4,,,,,1.0,2.2,25.7,,6.6,38.0,0.85,0.65,42.0,18.0,1.8,18.0,22.0,6.0,42.7,,,,,,,,,,,,,,,,,,,,,,NO ODDS,,,,,,,,,10.7,,EARLY MODERATE,No OVER/UNDER recommendation.
2026,3,,2026-09-27,13:00,00-0037257,David Bell,david bell,CLE,CAR,WR,LOW TARGET,True,,,-2.5,40.5,21.5,,,0,1,8,0.2,0.7,0.1,8,18,7.1,7.58,1.6,7.05,0.962,48.35,57.06,42.6,42.62,0.995,0.55,1.03,1.03,0.968,Neutral,1.007,0.941,0.88,1.0,1.007,0.954,0.881,1.007,-5.9,-12.0,0.0,0.7,-4.6,-11.9,0.7,0.0045788902053712,0.0001110781990521,0.0,0.1242101105845181,2.9495951816745656,27.717182563191155,27.841392673775676,0.1287890007898894,5.889575187598736,,,,,0.1,2.9,27.6,,6.0,,,,,0.1,2.8,24.3,,6.0,38.0,0.85,0.65,42.0,18.0,1.8,18.0,22.0,6.0,42.6,,,,,,,,,,,,,,,,,,,,,,NO ODDS,,,,,,,,,10.6,,EARLY MODERATE,No OVER/UNDER recommendation.
2026,3,,2026-09-27,16:25,00-0039614,Jermaine Jackson,jermaine jackson,NO,LV,WR,LOW TARGET,True,,,3.0,45.5,21.25,,,0,4,4,0.2,0.7,0.1,4,10,-0.03,0.05,-0.03,0.0,-0.05,47.84,44.42,42.6,52.25,1.002,0.55,0.994,0.964,1.038,Neutral,0.951,0.937,0.88,1.0,0.951,1.011,0.985,0.951,-6.3,-12.0,0.0,-4.9,1.1,-1.5,-4.9,0.0045788902053712,0.0001110781990521,0.0,-0.1257898894154818,0.3245951816745656,4.0921825631911535,3.966392673775672,-0.1212109992101105,0.8770751875987362,,,,,-0.1,0.3,4.2,,0.9,,,,,-0.1,0.3,4.1,,0.9,38.0,0.85,0.65,42.0,18.0,1.8,18.0,22.0,6.0,42.6,,,,,,,,,,,,,,,,,,,,,,NO ODDS,,,,,,,,,10.6,,EARLY MODERATE,No OVER/UNDER recommendation.
2026,3,,2026-09-27,16:25,00-0036383,Eno Benjamin,eno benjamin,NO,LV,RB,DEPTH RB,True,,,3.0,45.5,21.25,,,0,0,8,0.2,0.7,0.1,8,18,4.54,6.58,0.25,8.75,-0.73,40.85,61.19,42.5,52.25,1.002,0.602,0.97,0.964,1.038,Neutral,0.951,0.937,0.88,1.0,1.002,0.974,0.935,0.986,-6.3,-12.0,0.0,0.2,-2.6,-6.5,-1.4,0.019669551534225,0.001573564122738,0.0,32.999842643587726,1.5476003147128248,11.356726986624706,44.356569630212434,33.01951219512195,7.693878835562549,,,,,30.9,1.6,11.4,43.1,7.5,,,,,31.0,1.6,10.7,42.5,7.1,38.0,0.85,0.65,42.0,18.0,1.8,18.0,22.0,6.0,42.5,,,,,,,,,,,,,,,,,,,,,,NO ODDS,,,,,,,,,10.6,,EARLY MODERATE,No OVER/UNDER recommendation.
2026,3,,2026-09-27,13:00,00-0034286,Richie James,richie james,KC,MIA,WR,LOW TARGET,False,,,8.5,44.5,18.0,,,0,0,8,0.2,0.7,0.1,8,18,2.88,2.54,1.05,2.9,1.0,53.08,56.08,42.5,45.12,0.968,0.588,1.03,0.898,1.09,Neutral,1.031,1.002,1.12,1.0,1.031,0.932,0.88,1.031,0.2,12.0,0.0,3.1,-6.8,-12.0,3.1,0.0366311216429699,0.000888625592417,0.0,0.9936808846761452,2.5967614533965246,32.73746050552923,33.73114139020537,1.0303120063191151,7.216601500789888,,,,,0.9,2.9,36.7,,7.2,,,,,0.9,2.7,32.3,,7.4,38.0,0.85,0.65,42.0,18.0,1.8,18.0,22.0,6.0,42.5,,,,,,,,,,,,,,,,,,,,,,NO ODDS,,,,,,,,,10.6,,EARLY MODERATE,No OVER/UNDER recommendation.
2026,3,,2026-09-27,20:20,00-0031806,Malcolm Brown,malcolm brown,LAR,DEN,RB,DEPTH RB,False,,,2.5,46.5,22.0,,,0,0,7,0.2,0.7,0.1,7,17,3.56,2.72,1.95,3.75,0.5,49.56,54.2,42.4,55.62,1.012,0.602,1.03,0.97,1.035,Neutral,0.966,0.913,0.88,1.0,0.95,0.88,0.88,0.912,-8.7,-12.0,0.0,-5.0,-12.0,-12.0,-8.8,0.019669551534225,0.001573564122738,0.0,32.999842643587726,1.5476003147128248,11.356726986624706,44.356569630212434,33.01951219512195,7.693878835562549,,,,,33.0,1.7,12.1,45.8,8.0,,,,,31.4,1.5,10.6,41.8,7.7,38.0,0.85,0.65,42.0,18.0,1.8,18.0,22.0,6.0,42.4,,,,,,,,,,,,,,,,,,,,,,NO ODDS,,,,,,,,,10.6,,EARLY MODERATE,No OVER/UNDER recommendation.
2026,3,,2026-09-27,16:25,00-0034367,Nyheim Hines,nyheim hines,NO,LV,RB,DEPTH RB,True,,,3.0,45.5,21.25,,,0,4,8,0.2,0.7,0.1,8,18,2.41,4.16,0.0,3.58,-1.0,36.62,50.66,42.3,52.25,1.002,0.6,0.97,0.964,1.038,Neutral,0.951,0.937,0.88,1.0,1.002,0.974,0.935,0.986,-6.3,-12.0,0.0,0.2,-2.6,-6.5,-1.4,0.0024586939417781,0.0001966955153422,0.0,3.6249803304484662,0.1934500393391031,1.4195908733280884,5.044571203776555,3.627439024390244,0.9117348544453188,,,,,3.4,0.2,1.4,4.9,0.9,,,,,3.4,0.2,1.3,4.8,0.9,38.0,0.85,0.65,42.0,18.0,1.8,18.0,22.0,6.0,42.3,,,,,,,,,,,,,,,,,,,,,,NO ODDS,,,,,,,,,10.6,,EARLY MODERATE,No OVER/UNDER recommendation.
2026,3,,2026-09-27,13:00,00-0035547,Joseph Fortson,joseph fortson,KC,MIA,TE,LOW TARGET,False,,,8.5,44.5,18.0,,,0,3,8,0.2,0.7,0.1,8,15,1.61,2.18,0.0,2.35,-0.758,42.45,52.87,42.3,45.12,0.968,0.55,0.97,0.898,1.09,Neutral,1.031,1.002,1.12,1.0,1.031,1.12,1.12,1.031,0.2,12.0,0.0,3.1,12.0,12.0,3.1,0.0099002567647639,9.8755678451511e-05,0.0,0.0420205411811179,0.4414790308776088,3.639870959246824,3.6818915004279416,0.0519207979458819,0.9338544341299624,,,,,0.0,0.5,3.8,,0.9,,,,,0.0,0.6,4.3,,0.9,38.0,0.85,0.65,42.0,18.0,1.8,18.0,22.0,6.0,42.3,,,,,,,,,,,,,,,,,,,,,,NO ODDS,,,,,,,,,10.6,,EARLY MODERATE,No OVER/UNDER recommendation.
2026,3,,2026-09-27,13:00,00-0032200,Ty Montgomery,ty montgomery,NE,JAC,WR,LOW TARGET,False,,,-2.5,45.5,24.0,,,0,0,8,0.2,0.7,0.1,8,14,0.79,1.08,0.0,1.6,0.967,48.11,53.97,42.3,57.62,1.03,0.588,1.03,1.03,0.982,Neutral,1.0,1.0,1.0,1.0,1.0,1.0,1.0,1.0,0.0,0.0,0.0,0.0,0.0,0.0,0.0,0.0366311216429699,0.000888625592417,0.0,0.9936808846761452,2.5967614533965246,32.73746050552923,33.73114139020537,1.0303120063191151,7.216601500789888,,,,,1.1,2.6,33.1,,7.7,,,,,1.1,2.6,33.1,,7.7,38.0,0.85,0.65,42.0,18.0,1.8,18.0,22.0,6.0,42.3,,,,,,,,,,,,,,,,,,,,,,NO ODDS,,,,,,,,,10.6,,EARLY MODERATE,No OVER/UNDER recommendation.
2026,3,,2026-09-27,13:00,00-0036913,Kadarius Toney,kadarius toney,CLE,CAR,WR,LOW TARGET,True,,,-2.5,40.5,21.5,,,0,3,8,0.2,0.7,0.1,8,18,1.77,2.48,0.22,3.25,-1.0,41.69,54.33,42.3,42.62,0.995,0.55,0.97,1.03,0.968,Neutral,1.007,0.941,0.88,1.0,1.007,0.954,0.881,1.007,-5.9,-12.0,0.0,0.7,-4.6,-11.9,0.7,0.0045788902053712,0.0001110781990521,0.0,-0.1674565560821484,0.3245951816745656,4.0921825631911535,3.9247260071090055,-0.1628776658767772,0.8729085209320695,,,,,-0.2,0.3,3.8,,0.8,,,,,-0.2,0.3,3.3,,0.8,38.0,0.85,0.65,42.0,18.0,1.8,18.0,22.0,6.0,42.3,,,,,,,,,,,,,,,,,,,,,,NO ODDS,,,,,,,,,10.6,,EARLY MODERATE,No OVER/UNDER recommendation.
2026,3,,2026-09-27,13:00,00-0037299,Keaontay Ingram,keaontay ingram,KC,MIA,RB,DEPTH RB,False,,,8.5,44.5,18.0,,,0,1,8,0.2,0.7,0.1,8,18,1.67,2.27,0.15,2.73,-0.922,42.37,58.66,42.1,45.12,0.968,0.6,0.97,0.898,1.09,Neutral,1.031,1.002,1.12,1.0,1.12,1.11,1.12,1.12,0.2,12.0,0.0,12.0,11.0,12.0,12.0,0.0024586939417781,0.0001966955153422,0.0,4.124980330448467,0.1934500393391031,1.4195908733280884,5.544571203776555,4.127439024390244,0.9617348544453188,,,,,3.6,0.2,1.5,5.3,0.9,,,,,4.0,0.2,1.7,5.9,0.9,38.0,0.85,0.65,42.0,18.0,1.8,18.0,22.0,6.0,42.1,,,,,,,,,,,,,,,,,,,,,,NO ODDS,,,,,,,,,10.5,,EARLY MODERATE,No OVER/UNDER recommendation.
2026,3,,2026-09-27,13:00,00-0037011,Tre' McKitty,tre mckitty,LAC,BUF,TE,LOW TARGET,False,,,-4.5,49.5,27.0,,,0,0,8,0.2,0.7,0.1,8,18,0.99,1.42,0.0,1.85,-1.0,41.39,52.23,42.1,72.12,1.068,0.55,0.97,1.054,0.974,Neutral,0.94,0.885,0.982,1.0,0.94,0.88,0.88,0.94,-11.5,-1.8,0.0,-6.0,-12.0,-12.0,-6.0,0.0792020541181117,0.000790045427612,0.0,0.3361643294489433,2.198498913687537,22.45230100730792,22.788465336756865,0.4153663835670551,5.4708354730397,,,,,0.3,2.1,21.2,,5.7,,,,,0.3,1.8,18.7,,5.4,38.0,0.85,0.65,42.0,18.0,1.8,18.0,22.0,6.0,42.1,,,,,,,,,,,,,,,,,,,,,,NO ODDS,,,,,,,,,10.5,,EARLY MODERATE,No OVER/UNDER recommendation.
2026,3,,2026-09-27,13:00,00-0036370,Joshua Kelley,joshua kelley,TEN,NYG,RB,DEPTH RB,False,,,-5.5,43.5,24.5,,,0,1,8,0.2,0.7,0.1,8,18,0.96,1.45,0.18,2.2,-0.567,40.85,55.61,42.0,55.38,1.031,0.6,0.97,1.066,0.946,Neutral,1.044,1.021,1.12,1.0,1.12,1.007,0.981,1.12,2.1,12.0,0.0,12.0,0.7,-1.9,12.0,0.0024586939417781,0.0001966955153422,0.0,5.874980330448467,0.1934500393391031,1.4195908733280884,7.294571203776555,5.877439024390244,1.1367348544453186,,,,,6.1,0.2,1.3,7.1,1.1,,,,,6.8,0.2,1.3,8.0,1.1,38.0,0.85,0.65,42.0,18.0,1.8,18.0,22.0,6.0,42.0,,,,,,,,,,,,,,,,,,,,,,NO ODDS,,,,,,,,,10.5,,EARLY MODERATE,No OVER/UNDER recommendation.
2026,3,,2026-09-27,16:05,00-0037311,Ko Kieft,ko kieft,TB,MIN,TE,LOW TARGET,True,,,1.5,45.5,22.0,,,0,5,8,0.2,0.7,0.1,8,18,0.62,2.03,0.0,0.0,0.0,33.04,48.54,41.9,53.38,1.01,0.55,1.0,0.982,1.022,Neutral,0.956,0.898,0.88,1.0,0.956,0.88,0.954,0.956,-10.2,-12.0,0.0,-4.4,-12.0,-4.6,-4.4,0.0099002567647639,9.8755678451511e-05,0.0,0.0420205411811179,0.2748123642109422,2.8065376259134904,2.8485581670946085,0.0519207979458819,0.6838544341299626,,,,,0.0,0.3,2.9,,0.7,,,,,0.0,0.3,2.8,,0.7,38.0,0.85,0.65,42.0,18.0,1.8,18.0,22.0,6.0,41.9,,,,,,,,,,,,,,,,,,,,,,NO ODDS,,,,,,,,,10.5,,EARLY MODERATE,No OVER/UNDER recommendation.
2026,3,,2026-09-27,13:00,00-0034970,Irv Smith,irv smith,CIN,PIT,TE,LOW TARGET,False,,,2.5,45.5,21.5,,,0,0,8,0.2,0.7,0.1,8,18,2.96,3.3,1.12,3.97,-0.5,47.27,55.28,41.8,52.62,1.005,0.55,0.97,0.97,1.032,Neutral,1.062,1.054,0.952,1.0,1.062,1.06,1.12,1.062,5.4,-4.8,0.0,6.2,6.0,12.0,6.2,0.0792020541181117,0.000790045427612,0.0,0.3361643294489433,2.198498913687537,22.45230100730792,22.788465336756865,0.4153663835670551,5.4708354730397,,,,,0.3,2.2,22.5,,5.3,,,,,0.3,2.3,25.2,,5.6,38.0,0.85,0.65,42.0,18.0,1.8,18.0,22.0,6.0,41.8,,,,,,,,,,,,,,,,,,,,,,NO ODDS,,,,,,,,,10.4,,EARLY MODERATE,No OVER/UNDER recommendation.
2026,3,,2026-09-27,16:05,00-0039754,Devin Culp,devin culp,TB,MIN,TE,LOW TARGET,True,,,1.5,45.5,22.0,,,0,6,6,0.2,0.7,0.1,6,18,3.28,3.64,0.0,7.1,-0.449,35.57,43.37,41.7,53.38,1.01,0.55,0.97,0.982,1.022,Neutral,0.956,0.898,0.88,1.0,0.956,0.88,0.954,0.956,-10.2,-12.0,0.0,-4.4,-12.0,-4.6,-4.4,0.0099002567647639,9.8755678451511e-05,0.0,0.0420205411811179,0.9498123642109422,12.289870959246826,12.33189150042794,0.0519207979458819,3.5571877674632955,,,,,0.0,0.9,12.2,,3.5,,,,,0.0,0.8,11.6,,3.3,38.0,0.85,0.65,42.0,18.0,1.8,18.0,22.0,6.0,41.7,,,,,,,,,,,,,,,,,,,,,,NO ODDS,,,,,,,,,10.4,,EARLY MODERATE,No OVER/UNDER recommendation.
2026,3,,2026-09-27,13:00,00-0040058,Nick Kallerup,nick kallerup,SEA,WAS,TE,LOW TARGET,False,,,2.5,41.5,19.5,,,0,4,4,0.2,0.7,0.1,4,15,0.0,0.0,0.0,0.0,0.0,50.0,45.25,41.7,40.62,0.977,0.55,1.0,0.97,1.02,Favorable,1.106,1.099,1.12,1.0,1.106,0.975,1.12,1.106,9.9,12.0,0.0,10.6,-2.5,12.0,10.6,0.0099002567647639,9.8755678451511e-05,0.0,0.0420205411811179,0.2748123642109422,2.8065376259134904,2.8485581670946085,0.0519207979458819,0.6838544341299626,,,,,0.0,0.3,2.9,,0.7,,,,,0.0,0.3,3.2,,0.8,38.0,0.85,0.65,42.0,18.0,1.8,18.0,22.0,6.0,41.7,,,,,,,,,,,,,,,,,,,,,,NO ODDS,,,,,,,,,10.4,,EARLY MODERATE,No OVER/UNDER recommendation.
2026,3,,2026-09-27,13:00,00-0035311,Myles Gaskin,myles gaskin,SEA,WAS,RB,DEPTH RB,False,,,2.5,41.5,19.5,,,0,5,7,0.2,0.7,0.1,7,13,1.34,1.87,0.0,2.7,0.033,36.55,50.23,41.6,40.62,0.977,0.6,1.004,0.97,1.02,Favorable,1.106,1.099,1.12,1.0,1.11,0.88,0.941,1.069,9.9,12.0,0.0,11.0,-12.0,-5.9,6.9,0.0024586939417781,0.0001966955153422,0.0,5.749980330448467,0.4059500393391031,3.757090873328088,9.507071203776556,5.752439024390244,1.5704848544453185,,,,,5.6,0.4,3.8,9.5,1.5,,,,,6.2,0.4,3.6,10.2,1.7,38.0,0.85,0.65,42.0,18.0,1.8,18.0,22.0,6.0,41.6,,,,,,,,,,,,,,,,,,,,,,NO ODDS,,,,,,,,,10.4,,EARLY MODERATE,No OVER/UNDER recommendation.
2026,3,,2026-09-27,13:00,00-0040649,Robbie Ouzts,robbie ouzts,SEA,WAS,RB,DEPTH RB,False,,,2.5,41.5,19.5,,,0,4,4,0.2,0.7,0.1,4,14,0.0,0.0,0.0,0.0,0.0,50.0,45.0,41.6,40.62,0.977,0.6,1.0,0.97,1.02,Favorable,1.106,1.099,1.12,1.0,1.11,0.88,0.941,1.069,9.9,12.0,0.0,11.0,-12.0,-5.9,6.9,0.0024586939417781,0.0001966955153422,0.0,4.124980330448467,0.1934500393391031,1.4195908733280884,5.544571203776555,4.127439024390244,0.9617348544453188,,,,,4.0,0.2,1.4,5.5,0.9,,,,,4.4,0.2,1.3,5.9,1.0,38.0,0.85,0.65,42.0,18.0,1.8,18.0,22.0,6.0,41.6,,,,,,,,,,,,,,,,,,,,,,NO ODDS,,,,,,,,,10.4,,EARLY MODERATE,No OVER/UNDER recommendation.
2026,3,,2026-09-27,13:00,00-0035259,Trevon Wesco,trevon wesco,TEN,NYG,TE,LOW TARGET,False,,,-5.5,43.5,24.5,,,0,0,8,0.2,0.7,0.1,8,17,0.5,1.07,0.0,0.33,-1.0,48.35,52.96,41.6,55.38,1.031,0.55,0.97,1.066,0.946,Neutral,1.044,1.021,1.12,1.0,1.044,1.062,0.989,1.044,2.1,12.0,0.0,4.4,6.2,-1.1,4.4,0.0792020541181117,0.000790045427612,0.0,0.3361643294489433,2.198498913687537,22.45230100730792,22.788465336756865,0.4153663835670551,5.4708354730397,,,,,0.3,2.0,20.6,,5.5,,,,,0.3,2.1,20.4,,5.7,38.0,0.85,0.65,42.0,18.0,1.8,18.0,22.0,6.0,41.6,,,,,,,,,,,,,,,,,,,,,,NO ODDS,,,,,,,,,10.4,,EARLY MODERATE,No OVER/UNDER recommendation.
2026,3,,2026-09-27,20:20,00-0036412,KJ Hamler,kj hamler,DEN,LAR,WR,LOW TARGET,True,,,-2.5,46.5,24.5,,,0,0,6,0.2,0.7,0.1,6,8,4.78,2.76,2.2,6.47,1.0,47.53,51.21,41.5,60.62,1.037,0.588,1.03,1.03,0.985,Neutral,1.0,1.0,1.0,1.0,1.0,1.0,1.0,1.0,0.0,0.0,0.0,0.0,0.0,0.0,0.0,0.0366311216429699,0.000888625592417,0.0,0.9936808846761452,2.5967614533965246,32.73746050552923,33.73114139020537,1.0303120063191151,7.216601500789888,,,,,1.1,2.6,33.2,,7.7,,,,,1.1,2.6,33.2,,7.7,38.0,0.85,0.65,42.0,18.0,1.8,18.0,22.0,6.0,41.5,,,,,,,,,,,,,,,,,,,,,,NO ODDS,,,,,,,,,10.4,,EARLY MODERATE,No OVER/UNDER recommendation.
2026,3,,2026-09-27,16:25,00-0034765,Tre'Quan Smith,trequan smith,NO,LV,WR,LOW TARGET,True,,,3.0,45.5,21.25,,,0,0,8,0.2,0.7,0.1,8,18,3.77,4.37,1.2,7.15,-0.798,46.3,55.33,41.5,52.25,1.002,0.588,0.97,0.964,1.038,Neutral,0.951,0.937,0.88,1.0,0.951,1.011,0.985,0.951,-6.3,-12.0,0.0,-4.9,1.1,-1.5,-4.9,0.0366311216429699,0.000888625592417,0.0,0.9936808846761452,2.5967614533965246,32.73746050552923,33.73114139020537,1.0303120063191151,7.216601500789888,,,,,0.9,2.6,32.9,,7.0,,,,,0.9,2.6,32.4,,6.7,38.0,0.85,0.65,42.0,18.0,1.8,18.0,22.0,6.0,41.5,,,,,,,,,,,,,,,,,,,,,,NO ODDS,,,,,,,,,10.4,,EARLY MODERATE,No OVER/UNDER recommendation.
2026,3,,2026-09-27,13:00,00-0032434,Brandon Allen,brandon allen,TEN,NYG,QB,QB,False,,,-5.5,43.5,24.5,,,0,4,5,0.2,0.7,0.1,5,18,1.53,3.64,-0.1,0.88,-0.9,18.51,58.58,41.4,55.38,1.031,0.7,0.97,1.066,0.946,Neutral,1.044,1.021,1.12,1.0,1.044,1.0,1.0,1.044,2.1,12.0,0.0,4.4,0.0,0.0,4.4,83.82142857142858,0.3357698001480385,0.0,2.735612509252406,0.0012490747594374,0.002220577350111,2.7378330866025173,86.55704108068099,3.038603811991119,83.8,0.34,0.0,86.6,,,,,3.0,85.6,0.38,0.0,88.4,,,,,3.1,38.0,0.85,0.65,42.0,18.0,1.8,18.0,22.0,6.0,41.4,,,,,,,,,,,,,,,,,,,,,,NO ODDS,,,,,,,,,10.4,,EARLY MODERATE,No OVER/UNDER recommendation.
2026,3,,2026-09-27,13:00,00-0039344,Jonathon Brooks,jonathon brooks,CAR,CLE,RB,DEPTH RB,False,,,2.5,40.5,19.0,,,2,3,5,0.2,0.7,0.1,5,14,3.48,3.12,0.7,7.1,0.192,33.0,46.97,41.4,37.62,0.97,0.6,1.023,0.97,1.017,Neutral,0.948,0.88,1.049,1.0,1.064,0.954,0.88,0.999,-12.0,4.9,0.0,6.4,-4.6,-12.0,-0.1,0.0019669551534225,0.0001573564122738,0.0,10.519031883406395,1.0547600314712826,8.530910793900567,19.04994267730696,10.520998838559818,3.1308164549848265,,,,,10.4,1.1,8.9,19.4,3.1,,,,,11.1,1.0,7.8,19.4,2.9,38.0,0.85,0.65,42.0,18.0,1.8,18.0,22.0,6.0,41.4,,,,,,,,,,,,,,,,,,,,,,NO ODDS,,,,,,,,,10.4,,EARLY MODERATE,No OVER/UNDER recommendation.
2026,3,,2026-09-27,16:05,00-0037828,Danny Gray,danny gray,SF,ARI,WR,LOW TARGET,True,,,8.5,47.5,19.5,,,0,0,7,0.2,0.7,0.1,7,17,0.47,0.72,0.0,0.45,-0.367,50.91,51.23,41.3,54.12,0.989,0.588,0.97,0.898,1.098,Neutral,1.062,1.039,1.12,1.0,1.062,1.018,0.97,1.062,3.9,12.0,0.0,6.2,1.8,-3.0,6.2,0.0366311216429699,0.000888625592417,0.0,0.9936808846761452,2.5967614533965246,32.73746050552923,33.73114139020537,1.0303120063191151,7.216601500789888,,,,,0.9,2.8,34.9,,6.9,,,,,1.0,2.9,33.9,,7.3,38.0,0.85,0.65,42.0,18.0,1.8,18.0,22.0,6.0,41.3,,,,,,,,,,,,,,,,,,,,,,NO ODDS,,,,,,,,,10.3,,EARLY MODERATE,No OVER/UNDER recommendation.
2026,3,,2026-09-27,16:05,00-0034867,Malik Turner,malik turner,SF,ARI,WR,LOW TARGET,True,,,8.5,47.5,19.5,,,0,2,4,0.2,0.7,0.1,4,7,0.0,0.0,0.0,0.0,0.0,50.0,45.5,41.3,54.12,0.989,0.55,1.0,0.898,1.098,Neutral,1.062,1.039,1.12,1.0,1.062,1.018,0.97,1.062,3.9,12.0,0.0,6.2,1.8,-3.0,6.2,0.0045788902053712,0.0001110781990521,0.0,0.1242101105845181,0.3245951816745656,4.0921825631911535,4.2163926737756725,0.1287890007898894,0.9020751875987362,,,,,0.1,0.4,4.5,,0.9,,,,,0.1,0.4,4.4,,1.0,38.0,0.85,0.65,42.0,18.0,1.8,18.0,22.0,6.0,41.3,,,,,,,,,,,,,,,,,,,,,,NO ODDS,,,,,,,,,10.3,,EARLY MODERATE,No OVER/UNDER recommendation.
2026,3,,2026-09-27,13:00,00-0035771,Mitchell Wilcox,mitchell wilcox,CIN,PIT,TE,LOW TARGET,False,,,2.5,45.5,21.5,,,0,0,8,0.2,0.7,0.1,8,18,1.2,1.33,0.0,1.75,-0.778,47.54,53.56,41.2,52.62,1.005,0.55,0.97,0.97,1.032,Neutral,1.062,1.054,0.952,1.0,1.062,1.06,1.12,1.062,5.4,-4.8,0.0,6.2,6.0,12.0,6.2,0.0792020541181117,0.000790045427612,0.0,0.3361643294489433,2.198498913687537,22.45230100730792,22.788465336756865,0.4153663835670551,5.4708354730397,,,,,0.3,2.2,22.5,,5.3,,,,,0.3,2.3,25.2,,5.6,38.0,0.85,0.65,42.0,18.0,1.8,18.0,22.0,6.0,41.2,,,,,,,,,,,,,,,,,,,,,,NO ODDS,,,,,,,,,10.3,,EARLY MODERATE,No OVER/UNDER recommendation.
2026,3,,2026-09-27,13:00,00-0034401,Mike White,mike white,BUF,LAC,QB,QB,True,,,4.5,49.5,22.5,,,0,1,8,0.2,0.7,0.1,8,18,0.44,2.44,-0.65,1.74,0.52,29.06,57.69,41.1,63.12,1.023,0.7,1.03,0.946,1.064,Neutral,0.936,0.928,0.88,1.0,0.936,1.0,1.0,0.936,-7.2,-12.0,0.0,-6.4,0.0,0.0,-6.4,48.50892857142858,0.1482698001480385,0.0,1.9231125092524064,0.0012490747594374,0.002220577350111,1.925333086602517,50.43204108068098,2.669853811991118,51.1,0.16,0.0,53.1,,,,,2.8,47.4,0.14,0.0,49.3,,,,,2.6,38.0,0.85,0.65,42.0,18.0,1.8,18.0,22.0,6.0,41.1,,,,,,,,,,,,,,,,,,,,,,NO ODDS,,,,,,,,,10.3,,EARLY MODERATE,No OVER/UNDER recommendation.
2026,3,,2026-09-27,13:00,00-0034104,Cam Sims,cam sims,WAS,SEA,WR,LOW TARGET,True,,,-2.5,41.5,22.0,,,0,0,8,0.2,0.7,0.1,8,18,1.26,1.25,0.0,2.62,-0.257,50.19,54.39,41.1,45.62,1.002,0.588,0.97,1.03,0.97,Neutral,0.94,0.88,0.88,1.0,0.94,0.88,0.88,0.94,-12.0,-12.0,0.0,-6.0,-12.0,-12.0,-6.0,0.0366311216429699,0.000888625592417,0.0,0.9936808846761452,2.5967614533965246,32.73746050552923,33.73114139020537,1.0303120063191151,7.216601500789888,,,,,1.0,2.4,30.8,,7.0,,,,,0.9,2.1,27.1,,6.6,38.0,0.85,0.65,42.0,18.0,1.8,18.0,22.0,6.0,41.1,,,,,,,,,,,,,,,,,,,,,,NO ODDS,,,,,,,,,10.3,,EARLY MODERATE,No OVER/UNDER recommendation.
2026,3,,2026-09-27,13:00,00-0037331,Zander Horvath,zander horvath,LAC,BUF,RB,DEPTH RB,False,,,-4.5,49.5,27.0,,,0,0,8,0.2,0.7,0.1,8,11,1.67,2.74,0.22,2.6,0.7,37.81,51.84,41.0,72.12,1.068,0.602,1.03,1.054,0.974,Neutral,0.94,0.885,0.982,1.0,1.083,0.981,0.981,1.058,-11.5,-1.8,0.0,8.3,-1.9,-1.9,5.8,0.019669551534225,0.001573564122738,0.0,32.999842643587726,1.5476003147128248,11.356726986624706,44.356569630212434,33.01951219512195,7.693878835562549,,,,,35.8,1.6,11.4,46.3,8.5,,,,,38.8,1.6,11.2,49.0,8.0,38.0,0.85,0.65,42.0,18.0,1.8,18.0,22.0,6.0,41.0,,,,,,,,,,,,,,,,,,,,,,NO ODDS,,,,,,,,,10.2,,EARLY MODERATE,No OVER/UNDER recommendation.
2026,3,,2026-09-27,13:00,00-0035510,Jeff Smith,jeff smith,NYJ,DET,WR,LOW TARGET,False,,,-7.0,48.5,27.75,,,0,0,7,0.2,0.7,0.1,7,15,3.7,4.2,0.8,3.0,1.0,40.97,49.88,41.0,72.25,1.074,0.588,1.03,1.084,0.946,Favorable,1.088,1.108,1.12,1.0,1.088,1.083,1.12,1.088,10.8,12.0,0.0,8.8,8.3,12.0,8.8,0.0366311216429699,0.000888625592417,0.0,0.9936808846761452,2.5967614533965246,32.73746050552923,33.73114139020537,1.0303120063191151,7.216601500789888,,,,,1.1,2.5,31.9,,8.0,,,,,1.2,2.7,35.7,,8.7,38.0,0.85,0.65,42.0,18.0,1.8,18.0,22.0,6.0,41.0,,,,,,,,,,,,,,,,,,,,,,NO ODDS,,,,,,,,,10.2,,EARLY MODERATE,No OVER/UNDER recommendation.
2026,3,,2026-09-27,16:25,00-0034317,Keith Kirkwood,keith kirkwood,NO,LV,WR,LOW TARGET,True,,,3.0,45.5,21.25,,,0,0,8,0.2,0.7,0.1,8,16,2.33,2.72,0.0,2.42,1.0,46.17,53.94,41.0,52.25,1.002,0.588,1.03,0.964,1.038,Neutral,0.951,0.937,0.88,1.0,0.951,1.011,0.985,0.951,-6.3,-12.0,0.0,-4.9,1.1,-1.5,-4.9,0.0366311216429699,0.000888625592417,0.0,0.9936808846761452,2.5967614533965246,32.73746050552923,33.73114139020537,1.0303120063191151,7.216601500789888,,,,,1.0,2.8,35.0,,7.5,,,,,1.0,2.8,34.5,,7.1,38.0,0.85,0.65,42.0,18.0,1.8,18.0,22.0,6.0,41.0,,,,,,,,,,,,,,,,,,,,,,NO ODDS,,,,,,,,,10.2,,EARLY MODERATE,No OVER/UNDER recommendation.
2026,3,,2026-09-27,16:25,00-0026625,Brian Hoyer,brian hoyer,LV,NO,QB,QB,False,,,-3.0,45.5,24.25,,,0,0,3,0.2,0.7,0.1,3,7,2.09,1.2,1.32,2.63,-0.216,23.86,65.4,40.9,58.25,1.032,0.851,0.974,1.036,0.977,Neutral,0.981,0.895,0.948,1.0,0.981,1.0,1.0,0.981,-10.5,-5.2,0.0,-1.9,0.0,0.0,-1.9,192.07142857142856,1.1861584011843078,0.0,15.384900074019248,0.0099925980754996,0.0177646188008882,15.402664692820132,207.45632864544783,13.518830495928944,193.2,1.19,0.0,208.6,,,,,13.6,172.9,1.13,0.0,186.7,,,,,13.3,38.04,0.85,0.65,42.0,18.0,1.8,18.0,22.0,6.0,40.9,,,,,,,,,,,,,,,,,,,,,,NO ODDS,,,,,,,,,10.2,,EARLY MODERATE,No OVER/UNDER recommendation.
2026,3,,2026-09-27,13:00,00-0040205,Kalel Mullings,kalel mullings,TEN,NYG,RB,DEPTH RB,False,,,-5.5,43.5,24.5,,,0,4,4,0.2,0.7,0.1,4,17,0.21,0.18,0.0,0.33,0.05,42.26,42.63,40.9,55.38,1.031,0.6,1.006,1.066,0.946,Neutral,1.044,1.021,1.12,1.0,1.12,1.007,0.981,1.12,2.1,12.0,0.0,12.0,0.7,-1.9,12.0,0.0024586939417781,0.0001966955153422,0.0,5.937480330448467,0.1934500393391031,1.4195908733280884,7.357071203776556,5.939939024390244,1.1429848544453187,,,,,6.4,0.2,1.4,7.4,1.2,,,,,7.2,0.2,1.4,8.3,1.3,38.0,0.85,0.65,42.0,18.0,1.8,18.0,22.0,6.0,40.9,,,,,,,,,,,,,,,,,,,,,,NO ODDS,,,,,,,,,10.2,,EARLY MODERATE,No OVER/UNDER recommendation.
2026,3,,2026-09-27,13:00,00-0039458,Brenden Bates,brenden bates,CLE,CAR,TE,LOW TARGET,True,,,-2.5,40.5,21.5,,,0,6,6,0.2,0.7,0.1,6,18,1.52,1.53,0.0,2.58,0.047,37.36,44.15,40.9,42.62,0.995,0.55,1.006,1.03,0.968,Neutral,1.007,0.941,0.88,1.0,1.007,0.923,1.088,1.007,-5.9,-12.0,0.0,0.7,-7.7,8.8,0.7,0.0099002567647639,9.8755678451511e-05,0.0,0.0420205411811179,0.8831456975442756,10.03153762591349,10.07355816709461,0.0519207979458819,2.014687767463296,,,,,0.0,0.9,9.8,,2.0,,,,,0.0,0.8,10.7,,2.0,38.0,0.85,0.65,42.0,18.0,1.8,18.0,22.0,6.0,40.9,,,,,,,,,,,,,,,,,,,,,,NO ODDS,,,,,,,,,10.2,,EARLY MODERATE,No OVER/UNDER recommendation.
2026,3,,2026-09-27,13:00,00-0036145,Lawrence Cager,lawrence cager,NYG,TEN,TE,LOW TARGET,True,,,5.5,43.5,19.0,,,0,0,8,0.2,0.7,0.1,8,18,4.02,4.48,1.42,5.0,-0.468,47.29,55.53,40.7,44.38,0.976,0.55,0.97,0.934,1.056,Neutral,1.04,1.071,1.016,1.0,1.04,1.045,0.958,1.04,7.1,1.6,0.0,4.0,4.5,-4.2,4.0,0.0792020541181117,0.000790045427612,0.0,0.3361643294489433,2.198498913687537,22.45230100730792,22.788465336756865,0.4153663835670551,5.4708354730397,,,,,0.3,2.3,23.0,,5.2,,,,,0.3,2.4,22.0,,5.4,38.0,0.85,0.65,42.0,18.0,1.8,18.0,22.0,6.0,40.7,,,,,,,,,,,,,,,,,,,,,,NO ODDS,,,,,,,,,10.2,,EARLY MODERATE,No OVER/UNDER recommendation.
2026,3,,2026-09-27,20:20,00-0033951,Marlon Mack,marlon mack,DEN,LAR,RB,DEPTH RB,True,,,-2.5,46.5,24.5,,,0,0,7,0.2,0.7,0.1,7,17,5.77,6.87,0.95,8.95,-0.066,39.93,53.27,40.4,60.62,1.037,0.602,0.992,1.03,0.985,Neutral,1.0,1.0,1.0,1.0,1.0,1.0,1.0,1.0,0.0,0.0,0.0,0.0,0.0,0.0,0.0,0.019669551534225,0.001573564122738,0.0,32.999842643587726,1.5476003147128248,11.356726986624706,44.356569630212434,33.01951219512195,7.693878835562549,,,,,33.7,1.5,11.1,44.3,7.9,,,,,33.7,1.5,11.1,44.3,7.9,38.0,0.85,0.65,42.0,18.0,1.8,18.0,22.0,6.0,40.4,,,,,,,,,,,,,,,,,,,,,,NO ODDS,,,,,,,,,10.1,,EARLY MODERATE,No OVER/UNDER recommendation.
2026,3,,2026-09-27,13:00,00-0037524,Tay Martin,tay martin,DET,NYJ,WR,LOW TARGET,True,,,7.0,48.5,20.75,,,2,3,6,0.2,0.7,0.1,6,18,2.18,3.78,0.0,2.27,-0.867,27.45,40.17,40.4,58.25,1.004,0.55,0.97,0.916,1.086,Neutral,0.957,0.912,1.12,1.0,0.957,0.959,0.88,0.957,-8.8,12.0,0.0,-4.3,-4.1,-12.0,-4.3,0.0036631121642969,8.886255924170617e-05,0.0,0.0993680884676145,0.9596761453396526,16.073746050552923,16.17311413902054,0.1030312006319115,3.501660150078989,,,,,0.1,1.0,16.9,,3.4,,,,,0.1,1.0,14.9,,3.3,38.0,0.85,0.65,42.0,18.0,1.8,18.0,22.0,6.0,40.4,,,,,,,,,,,,,,,,,,,,,,NO ODDS,,,,,,,,,10.1,,EARLY MODERATE,No OVER/UNDER recommendation.
2026,3,,2026-09-27,13:00,00-0033757,Robert Tonyan,robert tonyan,KC,MIA,TE,LOW TARGET,False,,,8.5,44.5,18.0,,,0,2,8,0.2,0.7,0.1,8,18,1.56,2.3,0.0,2.17,-0.883,40.38,52.25,40.3,45.12,0.968,0.55,0.97,0.898,1.09,Neutral,1.031,1.002,1.12,1.0,1.031,1.12,1.12,1.031,0.2,12.0,0.0,3.1,12.0,12.0,3.1,0.0099002567647639,9.8755678451511e-05,0.0,0.0420205411811179,0.8998123642109421,3.4315376259134904,3.4735581670946085,0.0519207979458819,1.3713544341299626,,,,,0.0,1.0,3.6,,1.3,,,,,0.0,1.1,4.0,,1.3,38.0,0.85,0.65,42.0,18.0,1.8,18.0,22.0,6.0,40.3,,,,,,,,,,,,,,,,,,,,,,NO ODDS,,,,,,,,,10.1,,EARLY MODERATE,No OVER/UNDER recommendation.
2026,3,,2026-09-27,16:25,00-0033681,Keelan Cole,keelan cole,LV,NO,WR,LOW TARGET,False,,,-3.0,45.5,24.25,,,0,0,8,0.2,0.7,0.1,8,18,3.07,4.3,0.0,3.12,1.0,41.63,52.98,40.3,58.25,1.032,0.588,1.03,1.036,0.977,Neutral,0.981,0.895,0.948,1.0,0.981,0.929,0.88,0.981,-10.5,-5.2,0.0,-1.9,-7.1,-12.0,-1.9,0.0366311216429699,0.000888625592417,0.0,0.9936808846761452,2.5967614533965246,32.73746050552923,33.73114139020537,1.0303120063191151,7.216601500789888,,,,,1.1,2.6,33.0,,7.7,,,,,1.1,2.4,29.0,,7.6,38.0,0.85,0.65,42.0,18.0,1.8,18.0,22.0,6.0,40.3,,,,,,,,,,,,,,,,,,,,,,NO ODDS,,,,,,,,,10.1,,EARLY MODERATE,No OVER/UNDER recommendation.
2026,3,,2026-09-27,13:00,00-0035976,Dan Chisena,dan chisena,CAR,CLE,WR,LOW TARGET,False,,,2.5,40.5,19.0,,,0,4,7,0.2,0.7,0.1,7,18,1.1,1.24,0.0,1.7,1.0,41.12,47.89,40.1,37.62,0.97,0.55,1.03,0.97,1.017,Neutral,0.948,0.88,1.049,1.0,0.948,0.88,0.88,0.948,-12.0,4.9,0.0,-5.2,-12.0,-12.0,-5.2,0.0045788902053712,0.0001110781990521,0.0,0.1242101105845181,0.8870951816745657,11.154682563191152,11.278892673775673,0.1287890007898894,2.170825187598736,,,,,0.1,0.9,11.7,,2.2,,,,,0.1,0.8,10.3,,2.1,38.0,0.85,0.65,42.0,18.0,1.8,18.0,22.0,6.0,40.1,,,,,,,,,,,,,,,,,,,,,,NO ODDS,,,,,,,,,10.0,,EARLY MODERATE,No OVER/UNDER recommendation.
2026,3,,2026-09-27,13:00,00-0037324,Chris Oladokun,chris oladokun,KC,MIA,QB,QB,False,,,8.5,44.5,18.0,,,0,4,4,0.2,0.7,0.1,4,18,2.78,4.01,-0.04,5.79,0.074,20.49,57.87,40.0,45.12,0.968,0.7,1.009,0.898,1.09,Neutral,1.031,1.002,1.12,1.0,1.031,1.0,1.0,1.031,0.2,12.0,0.0,3.1,0.0,0.0,3.1,79.44642857142857,0.3982698001480385,0.0,6.610612509252405,0.0012490747594374,0.002220577350111,6.612833086602517,86.05704108068099,4.1261038119911175,77.6,0.39,0.0,84.0,,,,,4.0,77.8,0.44,0.0,84.2,,,,,4.1,38.0,0.85,0.65,42.0,18.0,1.8,18.0,22.0,6.0,40.0,,,,,,,,,,,,,,,,,,,,,,NO ODDS,,,,,,,,,10.0,,EARLY MODERATE,No OVER/UNDER recommendation.
2026,3,,2026-09-27,16:25,00-0029239,Brandon Bolden,brandon bolden,LV,NO,RB,DEPTH RB,False,,,-3.0,45.5,24.25,,,0,0,8,0.2,0.7,0.1,8,18,1.97,2.9,0.0,2.3,1.0,40.43,52.59,39.9,58.25,1.032,0.602,1.03,1.036,0.977,Neutral,0.981,0.895,0.948,1.0,1.12,0.886,0.881,1.069,-10.5,-5.2,0.0,12.0,-11.4,-11.9,6.9,0.019669551534225,0.001573564122738,0.0,32.999842643587726,1.5476003147128248,11.356726986624706,44.356569630212434,33.01951219512195,7.693878835562549,,,,,35.2,1.6,11.4,46.0,8.2,,,,,39.4,1.4,10.0,49.2,8.0,38.0,0.85,0.65,42.0,18.0,1.8,18.0,22.0,6.0,39.9,,,,,,,,,,,,,,,,,,,,,,NO ODDS,,,,,,,,,10.0,,EARLY MODERATE,No OVER/UNDER recommendation.
2026,3,,2026-09-27,13:00,00-0039405,Jawhar Jordan,jawhar jordan,HOU,IND,RB,ROTATION RB,False,,,2.5,45.5,21.5,,,0,4,4,0.2,0.7,0.1,4,18,5.68,5.44,2.77,12.45,-0.849,25.55,51.65,39.9,52.62,1.005,0.665,0.97,0.97,1.032,Favorable,1.108,1.12,0.986,1.0,1.071,0.958,1.032,1.062,12.0,-1.4,0.0,7.1,-4.2,3.2,6.2,0.0024586939417781,0.0001966955153422,0.0,36.62498033044847,1.3809500393391032,6.732090873328088,43.35707120377656,36.62743902439025,5.93048485444532,,,,,34.5,1.4,6.7,42.1,5.8,,,,,36.9,1.3,6.9,44.7,6.4,38.0,0.85,0.65,42.0,18.0,1.8,18.0,22.0,6.0,39.9,,,,,,,,,,,,,,,,,,,,,,NO ODDS,,,,,,,,,10.0,,EARLY MODERATE,No OVER/UNDER recommendation.
2026,3,,2026-09-27,13:00,00-0035345,Chris Myarick,chris myarick,NYG,TEN,TE,LOW TARGET,True,,,5.5,43.5,19.0,,,0,0,8,0.2,0.7,0.1,8,14,1.38,1.5,0.0,2.33,-0.459,47.85,53.29,39.9,44.38,0.976,0.55,0.97,0.934,1.056,Neutral,1.04,1.071,1.016,1.0,1.04,1.045,0.958,1.04,7.1,1.6,0.0,4.0,4.5,-4.2,4.0,0.0792020541181117,0.000790045427612,0.0,0.3361643294489433,2.198498913687537,22.45230100730792,22.788465336756865,0.4153663835670551,5.4708354730397,,,,,0.3,2.3,23.0,,5.2,,,,,0.3,2.4,22.0,,5.4,38.0,0.85,0.65,42.0,18.0,1.8,18.0,22.0,6.0,39.9,,,,,,,,,,,,,,,,,,,,,,NO ODDS,,,,,,,,,10.0,,EARLY MODERATE,No OVER/UNDER recommendation.
2026,3,,2026-09-27,13:00,00-0036572,Shi Smith,shi smith,CAR,CLE,WR,LOW TARGET,False,,,2.5,40.5,19.0,,,0,0,8,0.2,0.7,0.1,8,18,5.36,5.87,2.03,5.88,0.504,47.69,55.89,39.9,37.62,0.97,0.588,1.03,0.97,1.017,Neutral,0.948,0.88,1.049,1.0,0.948,0.88,0.88,0.948,-12.0,4.9,0.0,-5.2,-12.0,-12.0,-5.2,0.0366311216429699,0.000888625592417,0.0,0.9936808846761452,2.5967614533965246,32.73746050552923,33.73114139020537,1.0303120063191151,7.216601500789888,,,,,1.0,2.7,34.3,,7.2,,,,,0.9,2.4,30.2,,6.8,38.0,0.85,0.65,42.0,18.0,1.8,18.0,22.0,6.0,39.9,,,,,,,,,,,,,,,,,,,,,,NO ODDS,,,,,,,,,10.0,,EARLY MODERATE,No OVER/UNDER recommendation.
2026,3,,2026-09-27,13:00,00-0032980,Marcus Johnson,marcus johnson,NYG,TEN,WR,LOW TARGET,True,,,5.5,43.5,19.0,,,0,0,8,0.2,0.7,0.1,8,18,2.19,2.82,0.0,5.0,1.0,43.63,55.53,39.8,44.38,0.976,0.588,1.03,0.934,1.056,Neutral,1.04,1.071,1.016,1.0,1.04,1.118,1.12,1.04,7.1,1.6,0.0,4.0,11.8,12.0,4.0,0.0366311216429699,0.000888625592417,0.0,0.9936808846761452,2.5967614533965246,32.73746050552923,33.73114139020537,1.0303120063191151,7.216601500789888,,,,,1.0,2.8,35.6,,7.3,,,,,1.0,3.1,39.9,,7.6,38.0,0.85,0.65,42.0,18.0,1.8,18.0,22.0,6.0,39.8,,,,,,,,,,,,,,,,,,,,,,NO ODDS,,,,,,,,,10.0,,EARLY MODERATE,No OVER/UNDER recommendation.
2026,3,,2026-09-27,13:00,00-0033466,Isaiah McKenzie,isaiah mckenzie,IND,HOU,WR,LOW TARGET,True,,,-2.5,45.5,24.0,,,0,0,8,0.2,0.7,0.1,8,18,1.73,2.5,0.0,3.48,-0.971,40.85,52.42,39.8,57.62,1.03,0.588,0.97,1.03,0.982,Neutral,0.956,0.963,0.88,1.0,0.956,0.908,0.95,0.956,-3.7,-12.0,0.0,-4.4,-9.2,-5.0,-4.4,0.0366311216429699,0.000888625592417,0.0,0.9936808846761452,2.5967614533965246,32.73746050552923,33.73114139020537,1.0303120063191151,7.216601500789888,,,,,1.0,2.5,31.2,,7.2,,,,,1.0,2.3,29.6,,6.9,38.0,0.85,0.65,42.0,18.0,1.8,18.0,22.0,6.0,39.8,,,,,,,,,,,,,,,,,,,,,,NO ODDS,,,,,,,,,10.0,,EARLY MODERATE,No OVER/UNDER recommendation.
2026,3,,2026-09-27,20:20,00-0037055,Lance McCutcheon,lance mccutcheon,LAR,DEN,WR,LOW TARGET,False,,,2.5,46.5,22.0,,,0,0,4,0.2,0.7,0.1,4,17,0.0,0.0,0.0,0.0,0.0,50.0,46.62,39.5,55.62,1.012,0.588,1.0,0.97,1.035,Neutral,0.966,0.913,0.88,1.0,0.966,0.979,0.88,0.966,-8.7,-12.0,0.0,-3.4,-2.1,-12.0,-3.4,0.0366311216429699,0.000888625592417,0.0,0.9936808846761452,2.5967614533965246,32.73746050552923,33.73114139020537,1.0303120063191151,7.216601500789888,,,,,1.0,2.7,33.9,,7.3,,,,,1.0,2.6,29.8,,7.1,38.0,0.85,0.65,42.0,18.0,1.8,18.0,22.0,6.0,39.5,,,,,,,,,,,,,,,,,,,,,,NO ODDS,,,,,,,,,9.9,,EARLY MODERATE,No OVER/UNDER recommendation.
2026,3,,2026-09-27,13:00,00-0036438,Stephen Sullivan,stephen sullivan,CAR,CLE,TE,LOW TARGET,False,,,2.5,40.5,19.0,,,0,1,8,0.2,0.7,0.1,8,18,1.35,1.81,0.0,2.45,-1.0,42.69,54.58,39.4,37.62,0.97,0.55,0.97,0.97,1.017,Neutral,0.948,0.88,1.049,1.0,0.948,0.966,0.968,0.948,-12.0,4.9,0.0,-5.2,-3.4,-3.2,-5.2,0.0099002567647639,9.8755678451511e-05,0.0,0.0420205411811179,0.2748123642109422,2.8065376259134904,2.8485581670946085,0.0519207979458819,0.6838544341299626,,,,,0.0,0.3,2.8,,0.6,,,,,0.0,0.3,2.7,,0.6,38.0,0.85,0.65,42.0,18.0,1.8,18.0,22.0,6.0,39.4,,,,,,,,,,,,,,,,,,,,,,NO ODDS,,,,,,,,,9.8,,EARLY MODERATE,No OVER/UNDER recommendation.
2026,3,,2026-09-27,16:05,00-0032054,Breshad Perriman,breshad perriman,TB,MIN,WR,LOW TARGET,True,,,1.5,45.5,22.0,,,0,0,8,0.2,0.7,0.1,8,18,2.45,3.77,0.0,2.93,-0.6,39.42,53.87,39.4,53.38,1.01,0.588,0.97,0.982,1.022,Neutral,0.956,0.898,0.88,1.0,0.956,0.893,0.909,0.956,-10.2,-12.0,0.0,-4.4,-10.7,-9.1,-4.4,0.0366311216429699,0.000888625592417,0.0,0.9936808846761452,2.5967614533965246,32.73746050552923,33.73114139020537,1.0303120063191151,7.216601500789888,,,,,0.9,2.6,32.5,,7.1,,,,,0.9,2.3,29.5,,6.8,38.0,0.85,0.65,42.0,18.0,1.8,18.0,22.0,6.0,39.4,,,,,,,,,,,,,,,,,,,,,,NO ODDS,,,,,,,,,9.8,,EARLY MODERATE,No OVER/UNDER recommendation.
2026,3,,2026-09-27,13:00,00-0034297,Byron Pringle,byron pringle,WAS,SEA,WR,LOW TARGET,True,,,-2.5,41.5,22.0,,,0,0,8,0.2,0.7,0.1,8,18,2.04,2.63,0.0,4.83,-1.0,43.63,53.69,39.2,45.62,1.002,0.588,0.97,1.03,0.97,Neutral,0.94,0.88,0.88,1.0,0.94,0.88,0.88,0.94,-12.0,-12.0,0.0,-6.0,-12.0,-12.0,-6.0,0.0366311216429699,0.000888625592417,0.0,0.9936808846761452,2.5967614533965246,32.73746050552923,33.73114139020537,1.0303120063191151,7.216601500789888,,,,,1.0,2.4,30.8,,7.0,,,,,0.9,2.1,27.1,,6.6,38.0,0.85,0.65,42.0,18.0,1.8,18.0,22.0,6.0,39.2,,,,,,,,,,,,,,,,,,,,,,NO ODDS,,,,,,,,,9.8,,EARLY MODERATE,No OVER/UNDER recommendation.
2026,3,,2026-09-27,16:25,00-0032063,Mike Davis,mike davis,BAL,DAL,RB,DEPTH RB,False,,,3.0,52.5,24.75,,,0,0,5,0.2,0.7,0.1,5,11,0.86,0.53,0.4,1.1,0.45,40.84,44.39,39.0,73.25,1.052,0.602,1.03,0.964,1.058,Favorable,1.074,1.106,1.12,1.0,1.056,1.12,1.12,1.12,10.6,12.0,0.0,5.6,12.0,12.0,12.0,0.019669551534225,0.001573564122738,0.0,32.999842643587726,1.5476003147128248,11.356726986624706,44.356569630212434,33.01951219512195,7.693878835562549,,,,,32.8,1.7,12.4,46.2,8.3,,,,,34.6,1.9,13.9,51.7,8.9,38.0,0.85,0.65,42.0,18.0,1.8,18.0,22.0,6.0,39.0,,,,,,,,,,,,,,,,,,,,,,NO ODDS,,,,,,,,,9.8,,EARLY MODERATE,No OVER/UNDER recommendation.
2026,3,,2026-09-27,16:25,00-0027696,Jimmy Graham,jimmy graham,NO,LV,TE,LOW TARGET,True,,,3.0,45.5,21.25,,,0,0,6,0.2,0.7,0.1,6,15,6.47,3.78,1.9,8.62,1.0,47.35,48.15,38.9,52.25,1.002,0.55,1.03,0.964,1.038,Neutral,0.951,0.937,0.88,1.0,0.951,0.88,0.88,0.951,-6.3,-12.0,0.0,-4.9,-12.0,-12.0,-4.9,0.0792020541181117,0.000790045427612,0.0,0.3361643294489433,2.198498913687537,22.45230100730792,22.788465336756865,0.4153663835670551,5.4708354730397,,,,,0.3,2.3,24.0,,5.6,,,,,0.3,2.0,21.1,,5.3,38.0,0.85,0.65,42.0,18.0,1.8,18.0,22.0,6.0,38.9,,,,,,,,,,,,,,,,,,,,,,NO ODDS,,,,,,,,,9.7,,EARLY MODERATE,No OVER/UNDER recommendation.
2026,3,,2026-09-27,13:00,00-0035217,Benny Snell,benny snell,PIT,CIN,RB,DEPTH RB,True,,,-2.5,45.5,24.0,,,0,0,8,0.2,0.7,0.1,8,18,2.28,4.46,0.0,1.42,-0.978,33.79,53.26,38.4,57.62,1.03,0.602,0.97,1.03,0.982,Neutral,1.046,1.1,0.888,1.0,1.084,1.12,1.12,1.12,10.0,-11.2,0.0,8.4,12.0,12.0,12.0,0.019669551534225,0.001573564122738,0.0,32.999842643587726,1.5476003147128248,11.356726986624706,44.356569630212434,33.01951219512195,7.693878835562549,,,,,33.0,1.5,10.8,43.3,7.7,,,,,35.8,1.7,12.1,48.5,8.1,38.0,0.85,0.65,42.0,18.0,1.8,18.0,22.0,6.0,38.4,,,,,,,,,,,,,,,,,,,,,,NO ODDS,,,,,,,,,9.6,,EARLY MODERATE,No OVER/UNDER recommendation.
2026,3,,2026-09-27,13:00,00-0032214,Tyler Kroft,tyler kroft,MIA,KC,TE,LOW TARGET,True,,,-8.5,44.5,26.5,,,0,0,7,0.2,0.7,0.1,7,16,1.23,1.45,0.0,2.15,-0.05,40.22,47.46,38.4,62.12,1.053,0.55,0.994,1.102,0.92,Tough,0.891,0.88,0.88,1.0,0.891,1.022,0.922,0.891,-12.0,-12.0,0.0,-10.9,2.2,-7.8,-10.9,0.0792020541181117,0.000790045427612,0.0,0.3361643294489433,2.198498913687537,22.45230100730792,22.788465336756865,0.4153663835670551,5.4708354730397,,,,,0.4,2.0,20.5,,5.7,,,,,0.4,2.0,18.9,,5.1,38.0,0.85,0.65,42.0,18.0,1.8,18.0,22.0,6.0,38.4,,,,,,,,,,,,,,,,,,,,,,NO ODDS,,,,,,,,,9.6,,EARLY MODERATE,No OVER/UNDER recommendation.
2026,3,,2026-09-27,13:00,00-0030068,Marquise Goodwin,marquise goodwin,CLE,CAR,WR,LOW TARGET,True,,,-2.5,40.5,21.5,,,0,0,8,0.2,0.7,0.1,8,16,1.86,2.54,0.0,3.32,0.081,42.19,53.32,38.3,42.62,0.995,0.588,1.01,1.03,0.968,Neutral,1.007,0.941,0.88,1.0,1.007,0.954,0.881,1.007,-5.9,-12.0,0.0,0.7,-4.6,-11.9,0.7,0.0366311216429699,0.000888625592417,0.0,0.9936808846761452,2.5967614533965246,32.73746050552923,33.73114139020537,1.0303120063191151,7.216601500789888,,,,,1.0,2.5,32.0,,7.3,,,,,1.0,2.4,28.2,,7.4,38.0,0.85,0.65,42.0,18.0,1.8,18.0,22.0,6.0,38.3,,,,,,,,,,,,,,,,,,,,,,NO ODDS,,,,,,,,,9.6,,EARLY MODERATE,No OVER/UNDER recommendation.
2026,3,,2026-09-27,13:00,00-0037168,Armani Rogers,armani rogers,WAS,SEA,TE,LOW TARGET,True,,,-2.5,41.5,22.0,,,0,0,8,0.2,0.7,0.1,8,18,1.38,1.9,0.0,2.32,-0.679,42.0,52.15,38.2,45.62,1.002,0.55,0.97,1.03,0.97,Neutral,0.94,0.88,0.88,1.0,0.94,1.12,1.12,0.94,-12.0,-12.0,0.0,-6.0,12.0,12.0,-6.0,0.0792020541181117,0.000790045427612,0.0,0.3361643294489433,2.198498913687537,22.45230100730792,22.788465336756865,0.4153663835670551,5.4708354730397,,,,,0.3,2.1,21.1,,5.3,,,,,0.3,2.4,23.6,,5.0,38.0,0.85,0.65,42.0,18.0,1.8,18.0,22.0,6.0,38.2,,,,,,,,,,,,,,,,,,,,,,NO ODDS,,,,,,,,,9.6,,EARLY MODERATE,No OVER/UNDER recommendation.
2026,3,,2026-09-27,13:00,00-0037216,Justyn Ross,justyn ross,KC,MIA,WR,LOW TARGET,False,,,8.5,44.5,18.0,,,0,1,7,0.2,0.7,0.1,7,18,1.59,1.8,0.0,2.65,0.021,41.1,49.85,38.2,45.12,0.968,0.55,1.003,0.898,1.09,Neutral,1.031,1.002,1.12,1.0,1.031,0.932,0.88,1.031,0.2,12.0,0.0,3.1,-6.8,-12.0,3.1,0.0045788902053712,0.0001110781990521,0.0,0.1242101105845181,0.3245951816745656,4.0921825631911535,4.2163926737756725,0.1287890007898894,0.9020751875987362,,,,,0.1,0.4,4.5,,0.9,,,,,0.1,0.4,4.0,,0.9,38.0,0.85,0.65,42.0,18.0,1.8,18.0,22.0,6.0,38.2,,,,,,,,,,,,,,,,,,,,,,NO ODDS,,,,,,,,,9.6,,EARLY MODERATE,No OVER/UNDER recommendation.
2026,3,,2026-09-27,13:00,00-0040363,Keleki Latu,keleki latu,BUF,LAC,TE,LOW TARGET,True,,,4.5,49.5,22.5,,,2,3,5,0.2,0.7,0.1,5,18,1.38,2.4,0.0,1.4,-0.7,22.82,35.38,38.1,63.12,1.023,0.55,0.97,0.946,1.064,Neutral,0.936,0.928,0.88,1.0,0.936,0.943,0.956,0.936,-7.2,-12.0,0.0,-6.4,-5.7,-4.4,-6.4,0.0079202054118111,7.90045427612088e-05,0.0,0.0336164329448943,1.3531832247020872,13.11189676739746,13.145513200342354,0.0415366383567055,2.76708354730397,,,,,0.0,1.4,13.5,,2.7,,,,,0.0,1.3,12.9,,2.5,38.0,0.85,0.65,42.0,18.0,1.8,18.0,22.0,6.0,38.1,,,,,,,,,,,,,,,,,,,,,,NO ODDS,,,,,,,,,9.5,,EARLY MODERATE,No OVER/UNDER recommendation.
2026,3,,2026-09-27,16:05,00-0033725,Corey Clement,corey clement,ARI,SF,RB,DEPTH RB,False,,,-8.5,47.5,28.0,,,0,0,5,0.2,0.7,0.1,5,18,5.62,5.26,1.8,3.2,1.0,32.28,47.94,37.9,71.12,1.074,0.602,1.03,1.102,0.928,Neutral,0.998,1.001,0.926,1.0,1.024,1.12,1.12,1.055,0.1,-7.4,0.0,2.4,12.0,12.0,5.5,0.019669551534225,0.001573564122738,0.0,32.999842643587726,1.5476003147128248,11.356726986624706,44.356569630212434,33.01951219512195,7.693878835562549,,,,,37.5,1.5,10.9,46.4,8.5,,,,,38.4,1.7,12.2,49.0,8.5,38.0,0.85,0.65,42.0,18.0,1.8,18.0,22.0,6.0,37.9,,,,,,,,,,,,,,,,,,,,,,NO ODDS,,,,,,,,,9.5,,EARLY MODERATE,No OVER/UNDER recommendation.
2026,3,,2026-09-27,13:00,00-0034433,Nick Bawden,nick bawden,NYJ,DET,RB,DEPTH RB,False,,,-7.0,48.5,27.75,,,0,0,6,0.2,0.7,0.1,6,17,1.62,1.62,0.62,1.77,-0.526,37.56,44.05,37.8,72.25,1.074,0.602,0.97,1.084,0.946,Favorable,1.088,1.108,1.12,1.0,1.004,0.88,0.88,0.95,10.8,12.0,0.0,0.4,-12.0,-12.0,-5.0,0.019669551534225,0.001573564122738,0.0,32.999842643587726,1.5476003147128248,11.356726986624706,44.356569630212434,33.01951219512195,7.693878835562549,,,,,34.7,1.4,10.4,43.7,8.0,,,,,34.8,1.2,9.2,41.5,8.7,38.0,0.85,0.65,42.0,18.0,1.8,18.0,22.0,6.0,37.8,,,,,,,,,,,,,,,,,,,,,,NO ODDS,,,,,,,,,9.4,,EARLY MODERATE,No OVER/UNDER recommendation.
2026,3,,2026-09-27,13:00,00-0038492,Jason Brownlee,jason brownlee,KC,MIA,WR,LOW TARGET,False,,,8.5,44.5,18.0,,,0,3,7,0.2,0.7,0.1,7,18,1.71,2.72,0.0,4.4,-1.0,33.76,46.43,37.5,45.12,0.968,0.55,0.97,0.898,1.09,Neutral,1.031,1.002,1.12,1.0,1.031,0.932,0.88,1.031,0.2,12.0,0.0,3.1,-6.8,-12.0,3.1,0.0045788902053712,0.0001110781990521,0.0,0.1242101105845181,0.3245951816745656,4.0921825631911535,4.2163926737756725,0.1287890007898894,0.9020751875987362,,,,,0.1,0.3,4.3,,0.8,,,,,0.1,0.3,3.8,,0.8,38.0,0.85,0.65,42.0,18.0,1.8,18.0,22.0,6.0,37.5,,,,,,,,,,,,,,,,,,,,,,NO ODDS,,,,,,,,,9.4,,EARLY MODERATE,No OVER/UNDER recommendation.
2026,3,,2026-09-27,13:00,00-0038728,Jared Wayne,jared wayne,HOU,IND,WR,LOW TARGET,False,,,2.5,45.5,21.5,,,2,1,3,0.2,0.7,0.1,3,8,4.02,1.37,3.1,4.65,0.325,27.95,40.72,37.4,52.62,1.005,0.55,1.03,0.97,1.032,Favorable,1.108,1.12,0.986,1.0,1.108,1.12,1.12,1.108,12.0,-1.4,0.0,10.8,12.0,12.0,10.8,0.0036631121642969,8.886255924170617e-05,0.0,0.0993680884676145,2.002533288196796,22.673746050552925,22.77311413902054,0.1030312006319115,4.4045172929361325,,,,,0.1,2.1,24.1,,4.6,,,,,0.1,2.4,27.0,,5.1,38.0,0.85,0.65,42.0,18.0,1.8,18.0,22.0,6.0,37.4,,,,,,,,,,,,,,,,,,,,,,NO ODDS,,,,,,,,,9.4,,EARLY MODERATE,No OVER/UNDER recommendation.
2026,3,,2026-09-27,13:00,00-0039305,Jack Westover,jack westover,NE,JAC,TE,LOW TARGET,False,,,-2.5,45.5,24.0,,,0,4,4,0.2,0.7,0.1,4,18,0.36,0.48,0.0,0.25,0.5,33.8,37.9,37.3,57.62,1.03,0.55,1.03,1.03,0.982,Neutral,1.0,1.0,1.0,1.0,1.0,1.0,1.0,1.0,0.0,0.0,0.0,0.0,0.0,0.0,0.0,0.0099002567647639,9.8755678451511e-05,0.0,0.0420205411811179,0.5873123642109422,2.8065376259134904,2.8485581670946085,0.0519207979458819,0.9963544341299626,,,,,0.0,0.6,2.8,,1.1,,,,,0.0,0.6,2.8,,1.1,38.0,0.85,0.65,42.0,18.0,1.8,18.0,22.0,6.0,37.3,,,,,,,,,,,,,,,,,,,,,,NO ODDS,,,,,,,,,9.3,,EARLY MODERATE,No OVER/UNDER recommendation.
2026,3,,2026-09-27,13:00,00-0036857,Chris Evans,chris evans,CIN,PIT,RB,DEPTH RB,False,,,2.5,45.5,21.5,,,0,0,8,0.2,0.7,0.1,8,15,1.48,2.55,0.0,2.48,-0.731,36.75,50.29,37.2,52.62,1.005,0.602,0.97,0.97,1.032,Neutral,1.062,1.054,0.952,1.0,1.078,1.053,1.12,1.095,5.4,-4.8,0.0,7.8,5.3,12.0,9.5,0.019669551534225,0.001573564122738,0.0,32.999842643587726,1.5476003147128248,11.356726986624706,44.356569630212434,33.01951219512195,7.693878835562549,,,,,31.0,1.5,11.4,43.1,7.5,,,,,33.4,1.6,12.8,47.2,8.0,38.0,0.85,0.65,42.0,18.0,1.8,18.0,22.0,6.0,37.2,,,,,,,,,,,,,,,,,,,,,,NO ODDS,,,,,,,,,9.3,,EARLY MODERATE,No OVER/UNDER recommendation.
2026,3,,2026-09-27,16:25,00-0038891,Shedrick Jackson,shedrick jackson,LV,NO,WR,LOW TARGET,False,,,-3.0,45.5,24.25,,,0,3,5,0.2,0.7,0.1,5,18,3.56,3.31,0.0,4.0,1.0,32.39,40.86,36.9,58.25,1.032,0.55,1.03,1.036,0.977,Neutral,0.981,0.895,0.948,1.0,0.981,0.929,0.88,0.981,-10.5,-5.2,0.0,-1.9,-7.1,-12.0,-1.9,0.0045788902053712,0.0001110781990521,0.0,1.374210110584518,1.4912618483412323,18.675515896524487,20.049726007109008,1.3787890007898898,4.652075187598736,,,,,1.5,1.5,18.8,,4.9,,,,,1.5,1.4,16.5,,4.8,38.0,0.85,0.65,42.0,18.0,1.8,18.0,22.0,6.0,36.9,,,,,,,,,,,,,,,,,,,,,,NO ODDS,,,,,,,,,9.2,,EARLY MODERATE,No OVER/UNDER recommendation.
2026,3,,2026-09-27,13:00,00-0035304,Cullen Gillaspia,cullen gillaspia,SEA,WAS,RB,DEPTH RB,False,,,2.5,41.5,19.5,,,0,0,4,0.2,0.7,0.1,4,9,0.0,0.0,0.0,0.0,0.0,50.0,45.0,36.6,40.62,0.977,0.602,1.0,0.97,1.02,Favorable,1.106,1.099,1.12,1.0,1.11,0.88,0.941,1.069,9.9,12.0,0.0,11.0,-12.0,-5.9,6.9,0.019669551534225,0.001573564122738,0.0,32.999842643587726,1.5476003147128248,11.356726986624706,44.356569630212434,33.01951219512195,7.693878835562549,,,,,32.0,1.6,11.6,44.1,7.5,,,,,35.5,1.4,10.9,47.1,8.3,38.0,0.85,0.65,42.0,18.0,1.8,18.0,22.0,6.0,36.6,,,,,,,,,,,,,,,,,,,,,,NO ODDS,,,,,,,,,9.2,,EARLY MODERATE,No OVER/UNDER recommendation.
2026,3,,2026-09-27,13:00,00-0037708,Maurice Alexander,maurice alexander,DET,NYJ,WR,LOW TARGET,True,,,7.0,48.5,20.75,,,0,2,5,0.2,0.7,0.1,5,14,0.34,0.68,0.0,0.0,0.0,37.2,40.23,36.6,58.25,1.004,0.55,1.0,0.916,1.086,Neutral,0.957,0.912,1.12,1.0,0.957,0.959,0.88,0.957,-8.8,12.0,0.0,-4.3,-4.1,-12.0,-4.3,0.0045788902053712,0.0001110781990521,0.0,0.1242101105845181,0.3245951816745656,4.0921825631911535,4.2163926737756725,0.1287890007898894,0.9020751875987362,,,,,0.1,0.4,4.4,,0.9,,,,,0.1,0.4,3.9,,0.9,38.0,0.85,0.65,42.0,18.0,1.8,18.0,22.0,6.0,36.6,,,,,,,,,,,,,,,,,,,,,,NO ODDS,,,,,,,,,9.2,,EARLY MODERATE,No OVER/UNDER recommendation.
2026,3,,2026-09-27,16:25,00-0039386,Bub Means,bub means,NO,LV,WR,LOW TARGET,True,,,3.0,45.5,21.25,,,0,4,4,0.2,0.7,0.1,4,8,6.88,4.95,3.45,8.9,-0.271,29.06,40.91,36.5,52.25,1.002,0.55,0.97,0.964,1.038,Neutral,0.951,0.937,0.88,1.0,0.951,1.011,0.985,0.951,-6.3,-12.0,0.0,-4.9,1.1,-1.5,-4.9,0.0045788902053712,0.0001110781990521,0.0,0.1242101105845181,2.3245951816745656,33.02968256319115,33.15389267377567,0.1287890007898894,6.920825187598736,,,,,0.1,2.3,33.2,,6.7,,,,,0.1,2.3,32.7,,6.4,38.0,0.85,0.65,42.0,18.0,1.8,18.0,22.0,6.0,36.5,,,,,,,,,,,,,,,,,,,,,,NO ODDS,,,,,,,,,9.1,,EARLY MODERATE,No OVER/UNDER recommendation.
2026,3,,2026-09-27,13:00,00-0036654,Demetric Felton,demetric felton,CLE,CAR,RB,DEPTH RB,True,,,-2.5,40.5,21.5,,,0,0,6,0.2,0.7,0.1,6,15,0.47,0.65,0.0,0.68,0.2,45.58,46.53,36.4,42.62,0.995,0.602,1.024,1.03,0.968,Neutral,1.007,0.941,0.88,1.0,1.12,0.997,0.963,1.12,-5.9,-12.0,0.0,12.0,-0.3,-3.7,12.0,0.019669551534225,0.001573564122738,0.0,32.999842643587726,1.5476003147128248,11.356726986624706,44.356569630212434,33.01951219512195,7.693878835562549,,,,,34.8,1.5,11.3,45.4,7.8,,,,,39.0,1.5,10.9,50.8,7.9,38.0,0.85,0.65,42.0,18.0,1.8,18.0,22.0,6.0,36.4,,,,,,,,,,,,,,,,,,,,,,NO ODDS,,,,,,,,,9.1,,EARLY MODERATE,No OVER/UNDER recommendation.
2026,3,,2026-09-27,16:25,00-0031598,Nick Boyle,nick boyle,BAL,DAL,TE,LOW TARGET,False,,,3.0,52.5,24.75,,,0,0,3,0.2,0.7,0.1,3,16,0.0,0.0,0.0,0.0,0.0,37.5,40.0,36.4,73.25,1.052,0.55,1.0,0.964,1.058,Favorable,1.074,1.106,1.12,1.0,1.074,1.068,1.046,1.074,10.6,12.0,0.0,7.4,6.8,4.6,7.4,0.0792020541181117,0.000790045427612,0.0,0.3361643294489433,2.198498913687537,22.45230100730792,22.788465336756865,0.4153663835670551,5.4708354730397,,,,,0.3,2.3,23.8,,5.8,,,,,0.3,2.5,24.9,,6.2,38.0,0.85,0.65,42.0,18.0,1.8,18.0,22.0,6.0,36.4,,,,,,,,,,,,,,,,,,,,,,NO ODDS,,,,,,,,,9.1,,EARLY MODERATE,No OVER/UNDER recommendation.
2026,3,,2026-09-27,16:05,00-0034301,Darrel Williams,darrel williams,ARI,SF,RB,DEPTH RB,False,,,-8.5,47.5,28.0,,,0,0,5,0.2,0.7,0.1,5,8,3.3,4.05,0.9,3.4,-0.711,28.06,46.0,36.1,71.12,1.074,0.602,0.97,1.102,0.928,Neutral,0.998,1.001,0.926,1.0,1.024,1.12,1.12,1.055,0.1,-7.4,0.0,2.4,12.0,12.0,5.5,0.019669551534225,0.001573564122738,0.0,32.999842643587726,1.5476003147128248,11.356726986624706,44.356569630212434,33.01951219512195,7.693878835562549,,,,,35.3,1.4,10.2,43.7,8.0,,,,,36.1,1.6,11.4,46.1,8.0,38.0,0.85,0.65,42.0,18.0,1.8,18.0,22.0,6.0,36.1,,,,,,,,,,,,,,,,,,,,,,NO ODDS,,,,,,,,,9.0,,EARLY MODERATE,No OVER/UNDER recommendation.
2026,3,,2026-09-27,13:00,00-0028986,Case Keenum,case keenum,HOU,IND,QB,QB,False,,,2.5,45.5,21.5,,,0,0,4,0.2,0.7,0.1,4,16,2.73,5.44,-0.29,2.97,1.0,16.7,59.35,35.8,52.62,1.005,0.851,1.03,0.97,1.032,Favorable,1.108,1.12,0.986,1.0,1.108,1.0,1.0,1.108,12.0,-1.4,0.0,10.8,0.0,0.0,10.8,192.07142857142856,1.1861584011843078,0.0,15.384900074019248,0.0099925980754996,0.0177646188008882,15.402664692820132,207.45632864544783,13.518830495928944,198.8,1.23,0.0,214.7,,,,,14.0,222.7,1.21,0.0,240.5,,,,,15.5,48.99,0.85,0.65,52.91,18.0,1.8,18.0,22.0,6.0,35.8,,,,,,,,,,,,,,,,,,,,,,NO ODDS,,,,,,,,,9.0,,EARLY MODERATE,No OVER/UNDER recommendation.
2026,3,,2026-09-27,13:00,00-0040311,Theo Wease Jr.,theo wease jr,MIA,KC,WR,LOW TARGET,True,,,-8.5,44.5,26.5,,,0,3,3,0.2,0.7,0.1,3,18,8.95,3.18,6.3,10.35,0.423,27.66,39.52,35.8,62.12,1.053,0.55,1.03,1.102,0.92,Tough,0.891,0.88,0.88,1.0,0.891,0.958,0.88,0.891,-12.0,-12.0,0.0,-10.9,-4.2,-12.0,-10.9,0.0045788902053712,0.0001110781990521,0.0,0.1242101105845181,2.1995951816745656,46.13384922985782,46.25805934044234,0.1287890007898894,8.731241854265404,,,,,0.1,2.1,43.7,,9.5,,,,,0.1,2.0,38.5,,8.5,38.0,0.85,0.65,42.0,18.0,1.8,18.0,22.0,6.0,35.8,,,,,,,,,,,,,,,,,,,,,,NO ODDS,,,,,,,,,9.0,,EARLY MODERATE,No OVER/UNDER recommendation.
2026,3,,2026-09-27,13:00,00-0040431,Dalen Cambre,dalen cambre,NYG,TEN,WR,LOW TARGET,True,,,5.5,43.5,19.0,,,0,3,3,0.2,0.7,0.1,3,18,0.0,0.0,0.0,0.0,0.0,37.5,40.0,35.8,44.38,0.976,0.55,1.0,0.934,1.056,Neutral,1.04,1.071,1.016,1.0,1.04,1.118,1.12,1.04,7.1,1.6,0.0,4.0,11.8,12.0,4.0,0.0045788902053712,0.0001110781990521,0.0,0.1242101105845181,0.3245951816745656,4.0921825631911535,4.2163926737756725,0.1287890007898894,0.9020751875987362,,,,,0.1,0.3,4.3,,0.9,,,,,0.1,0.3,4.8,,0.9,38.0,0.85,0.65,42.0,18.0,1.8,18.0,22.0,6.0,35.8,,,,,,,,,,,,,,,,,,,,,,NO ODDS,,,,,,,,,9.0,,EARLY MODERATE,No OVER/UNDER recommendation.
2026,3,,2026-09-27,13:00,00-0032062,Blake Bell,blake bell,KC,MIA,TE,LOW TARGET,False,,,8.5,44.5,18.0,,,0,0,8,0.2,0.7,0.1,8,18,1.32,2.52,0.0,1.32,1.0,34.39,50.73,35.7,45.12,0.968,0.55,1.03,0.898,1.09,Neutral,1.031,1.002,1.12,1.0,1.031,1.12,1.12,1.031,0.2,12.0,0.0,3.1,12.0,12.0,3.1,0.0792020541181117,0.000790045427612,0.0,0.3361643294489433,2.198498913687537,22.45230100730792,22.788465336756865,0.4153663835670551,5.4708354730397,,,,,0.3,2.5,25.2,,5.5,,,,,0.3,2.8,28.2,,5.7,38.0,0.85,0.65,42.0,18.0,1.8,18.0,22.0,6.0,35.7,,,,,,,,,,,,,,,,,,,,,,NO ODDS,,,,,,,,,8.9,,EARLY MODERATE,No OVER/UNDER recommendation.
2026,3,,2026-09-27,20:20,00-0039136,Zach Evans,zach evans,LAR,DEN,RB,DEPTH RB,False,,,2.5,46.5,22.0,,,0,0,4,0.2,0.7,0.1,4,18,0.42,0.32,0.22,0.7,-0.05,37.98,42.49,34.8,55.62,1.012,0.602,0.994,0.97,1.035,Neutral,0.966,0.913,0.88,1.0,0.95,0.88,0.88,0.912,-8.7,-12.0,0.0,-5.0,-12.0,-12.0,-8.8,0.019669551534225,0.001573564122738,0.0,32.999842643587726,1.5476003147128248,11.356726986624706,44.356569630212434,33.01951219512195,7.693878835562549,,,,,31.8,1.6,11.7,44.2,7.7,,,,,30.2,1.4,10.3,40.3,7.4,38.0,0.85,0.65,42.0,18.0,1.8,18.0,22.0,6.0,34.8,,,,,,,,,,,,,,,,,,,,,,NO ODDS,,,,,,,,,8.7,,EARLY MODERATE,No OVER/UNDER recommendation.
2026,3,,2026-09-27,13:00,00-0033932,Kenny Golladay,kenny golladay,NYG,TEN,WR,LOW TARGET,True,,,5.5,43.5,19.0,,,0,0,6,0.2,0.7,0.1,6,18,4.05,4.38,0.0,4.73,1.0,36.03,47.54,34.7,44.38,0.976,0.588,1.03,0.934,1.056,Neutral,1.04,1.071,1.016,1.0,1.04,1.118,1.12,1.04,7.1,1.6,0.0,4.0,11.8,12.0,4.0,0.0366311216429699,0.000888625592417,0.0,0.9936808846761452,2.5967614533965246,32.73746050552923,33.73114139020537,1.0303120063191151,7.216601500789888,,,,,1.0,2.8,35.6,,7.3,,,,,1.0,3.1,39.9,,7.6,38.0,0.85,0.65,42.0,18.0,1.8,18.0,22.0,6.0,34.7,,,,,,,,,,,,,,,,,,,,,,NO ODDS,,,,,,,,,8.7,,EARLY MODERATE,No OVER/UNDER recommendation.
2026,3,,2026-09-27,16:25,00-0029608,T.Y. Hilton,ty hilton,DAL,BAL,WR,LOW TARGET,True,,,-3.0,52.5,27.75,,,0,0,3,0.2,0.7,0.1,3,18,6.04,2.26,5.05,7.6,-0.371,27.29,39.78,34.6,79.25,1.082,0.588,0.97,1.036,0.998,Neutral,0.998,1.077,0.88,1.0,0.998,1.12,1.1,0.998,7.7,-12.0,0.0,-0.2,12.0,10.0,-0.2,0.0366311216429699,0.000888625592417,0.0,0.9936808846761452,2.5967614533965246,32.73746050552923,33.73114139020537,1.0303120063191151,7.216601500789888,,,,,1.0,2.5,31.7,,7.6,,,,,1.0,2.8,34.9,,7.6,38.0,0.85,0.65,42.0,18.0,1.8,18.0,22.0,6.0,34.6,,,,,,,,,,,,,,,,,,,,,,NO ODDS,,,,,,,,,8.6,,EARLY MODERATE,No OVER/UNDER recommendation.
2026,3,,2026-09-27,13:00,00-0029000,Cole Beasley,cole beasley,BUF,LAC,WR,LOW TARGET,True,,,4.5,49.5,22.5,,,0,0,4,0.2,0.7,0.1,4,16,2.14,0.85,1.8,2.48,-0.333,35.74,40.37,34.6,63.12,1.023,0.588,0.97,0.946,1.064,Neutral,0.936,0.928,0.88,1.0,0.936,0.982,0.951,0.936,-7.2,-12.0,0.0,-6.4,-1.8,-4.9,-6.4,0.0366311216429699,0.000888625592417,0.0,0.9936808846761452,2.5967614533965246,32.73746050552923,33.73114139020537,1.0303120063191151,7.216601500789888,,,,,0.9,2.7,33.8,,7.2,,,,,0.8,2.7,32.1,,6.7,38.0,0.85,0.65,42.0,18.0,1.8,18.0,22.0,6.0,34.6,,,,,,,,,,,,,,,,,,,,,,NO ODDS,,,,,,,,,8.6,,EARLY MODERATE,No OVER/UNDER recommendation.
2026,3,,2026-09-27,13:00,00-0036999,Anthony Schwartz,anthony schwartz,CLE,CAR,WR,LOW TARGET,True,,,-2.5,40.5,21.5,,,0,0,7,0.2,0.7,0.1,7,13,2.92,4.4,0.0,3.1,1.0,34.86,48.28,34.4,42.62,0.995,0.588,1.03,1.03,0.968,Neutral,1.007,0.941,0.88,1.0,1.007,0.954,0.881,1.007,-5.9,-12.0,0.0,0.7,-4.6,-11.9,0.7,0.0366311216429699,0.000888625592417,0.0,0.9936808846761452,2.5967614533965246,32.73746050552923,33.73114139020537,1.0303120063191151,7.216601500789888,,,,,1.1,2.6,32.6,,7.4,,,,,1.1,2.5,28.7,,7.5,38.0,0.85,0.65,42.0,18.0,1.8,18.0,22.0,6.0,34.4,,,,,,,,,,,,,,,,,,,,,,NO ODDS,,,,,,,,,8.6,,EARLY MODERATE,No OVER/UNDER recommendation.
2026,3,,2026-09-27,13:00,00-0036482,Mike Strachan,mike strachan,CAR,CLE,WR,LOW TARGET,False,,,2.5,40.5,19.0,,,0,0,7,0.2,0.7,0.1,7,17,1.8,2.44,0.0,4.4,0.667,37.16,48.44,34.3,37.62,0.97,0.588,1.03,0.97,1.017,Neutral,0.948,0.88,1.049,1.0,0.948,0.88,0.88,0.948,-12.0,4.9,0.0,-5.2,-12.0,-12.0,-5.2,0.0366311216429699,0.000888625592417,0.0,0.9936808846761452,2.5967614533965246,32.73746050552923,33.73114139020537,1.0303120063191151,7.216601500789888,,,,,1.0,2.7,34.3,,7.2,,,,,0.9,2.4,30.2,,6.8,38.0,0.85,0.65,42.0,18.0,1.8,18.0,22.0,6.0,34.3,,,,,,,,,,,,,,,,,,,,,,NO ODDS,,,,,,,,,8.6,,EARLY MODERATE,No OVER/UNDER recommendation.
2026,3,,2026-09-27,13:00,00-0036671,Dax Milne,dax milne,WAS,SEA,WR,LOW TARGET,True,,,-2.5,41.5,22.0,,,0,0,8,0.2,0.7,0.1,8,18,0.76,2.14,0.0,0.35,0.0,31.86,48.24,34.1,45.62,1.002,0.588,1.0,1.03,0.97,Neutral,0.94,0.88,0.88,1.0,0.94,0.88,0.88,0.94,-12.0,-12.0,0.0,-6.0,-12.0,-12.0,-6.0,0.0366311216429699,0.000888625592417,0.0,0.9936808846761452,2.5967614533965246,32.73746050552923,33.73114139020537,1.0303120063191151,7.216601500789888,,,,,1.0,2.5,31.8,,7.2,,,,,0.9,2.2,28.0,,6.8,38.0,0.85,0.65,42.0,18.0,1.8,18.0,22.0,6.0,34.1,,,,,,,,,,,,,,,,,,,,,,NO ODDS,,,,,,,,,8.5,,EARLY MODERATE,No OVER/UNDER recommendation.
2026,3,,2026-09-27,13:00,00-0040646,Jalen Royals,jalen royals,KC,MIA,WR,LOW TARGET,False,,,8.5,44.5,18.0,,,2,2,4,0.2,0.7,0.1,4,18,3.59,3.85,0.0,3.95,1.0,24.12,34.44,34.1,45.12,0.968,0.55,1.03,0.898,1.09,Neutral,1.031,1.002,1.12,1.0,1.031,0.932,0.88,1.031,0.2,12.0,0.0,3.1,-6.8,-12.0,3.1,0.0036631121642969,8.886255924170617e-05,0.0,0.0993680884676145,1.5453904310539386,6.130888907695781,6.230256996163395,0.1030312006319115,3.150231578650418,,,,,0.1,1.7,6.9,,3.1,,,,,0.1,1.6,6.1,,3.2,38.0,0.85,0.65,42.0,18.0,1.8,18.0,22.0,6.0,34.1,,,,,,,,,,,,,,,,,,,,,,NO ODDS,,,,,,,,,8.5,,EARLY MODERATE,No OVER/UNDER recommendation.
2026,3,,2026-09-27,13:00,00-0037185,Raleigh Webb,raleigh webb,NE,JAC,WR,LOW TARGET,False,,,-2.5,45.5,24.0,,,0,0,3,0.2,0.7,0.1,3,15,0.0,0.0,0.0,0.0,0.0,37.5,40.0,34.0,57.62,1.03,0.588,1.0,1.03,0.982,Neutral,1.0,1.0,1.0,1.0,1.0,1.0,1.0,1.0,0.0,0.0,0.0,0.0,0.0,0.0,0.0,0.0366311216429699,0.000888625592417,0.0,0.9936808846761452,2.5967614533965246,32.73746050552923,33.73114139020537,1.0303120063191151,7.216601500789888,,,,,1.0,2.6,32.2,,7.4,,,,,1.0,2.6,32.2,,7.4,38.0,0.85,0.65,42.0,18.0,1.8,18.0,22.0,6.0,34.0,,,,,,,,,,,,,,,,,,,,,,NO ODDS,,,,,,,,,8.5,,EARLY MODERATE,No OVER/UNDER recommendation.
2026,3,,2026-09-27,20:20,00-0035939,Bryce Perkins,bryce perkins,LAR,DEN,QB,QB,False,,,2.5,46.5,22.0,,,0,0,5,0.2,0.7,0.1,5,16,2.79,3.6,0.28,6.46,-0.955,27.3,46.92,33.9,55.62,1.012,0.851,0.97,0.97,1.035,Neutral,0.966,0.913,0.88,1.0,0.966,1.0,1.0,0.966,-8.7,-12.0,0.0,-3.4,0.0,0.0,-3.4,192.07142857142856,1.1861584011843078,0.0,15.384900074019248,0.0099925980754996,0.0177646188008882,15.402664692820132,207.45632864544783,13.518830495928944,188.5,1.16,0.0,203.6,,,,,13.3,172.1,1.02,0.0,185.9,,,,,12.8,38.0,0.85,0.65,42.0,18.0,1.8,18.0,22.0,6.0,33.9,,,,,,,,,,,,,,,,,,,,,,NO ODDS,,,,,,,,,8.5,,EARLY MODERATE,No OVER/UNDER recommendation.
2026,3,,2026-09-27,13:00,00-0027948,Blaine Gabbert,blaine gabbert,KC,MIA,QB,QB,False,,,8.5,44.5,18.0,,,0,0,3,0.2,0.7,0.1,3,18,4.2,5.17,1.15,6.96,0.698,16.82,56.8,33.7,45.12,0.968,0.851,1.03,0.898,1.09,Neutral,1.031,1.002,1.12,1.0,1.031,1.0,1.0,1.031,0.2,12.0,0.0,3.1,0.0,0.0,3.1,192.07142857142856,1.1861584011843078,0.0,15.384900074019248,0.0099925980754996,0.0177646188008882,15.402664692820132,207.45632864544783,13.518830495928944,191.5,1.18,0.0,206.8,,,,,13.5,191.9,1.32,0.0,207.2,,,,,13.9,42.22,0.85,0.65,45.58,18.0,1.8,18.0,22.0,6.0,33.7,,,,,,,,,,,,,,,,,,,,,,NO ODDS,,,,,,,,,8.4,,EARLY MODERATE,No OVER/UNDER recommendation.
2026,3,,2026-09-27,13:00,00-0038092,Erik Ezukanma,erik ezukanma,MIA,KC,WR,LOW TARGET,True,,,-8.5,44.5,26.5,,,0,1,4,0.2,0.7,0.1,4,18,0.69,0.67,0.38,1.4,-0.833,29.9,39.2,33.7,62.12,1.053,0.55,0.97,1.102,0.92,Tough,0.891,0.88,0.88,1.0,0.891,0.958,0.88,0.891,-12.0,-12.0,0.0,-10.9,-4.2,-12.0,-10.9,0.0045788902053712,0.0001110781990521,0.0,0.1242101105845181,0.3245951816745656,4.0921825631911535,4.2163926737756725,0.1287890007898894,0.9020751875987362,,,,,0.1,0.3,3.6,,0.9,,,,,0.1,0.3,3.2,,0.8,38.0,0.85,0.65,42.0,18.0,1.8,18.0,22.0,6.0,33.7,,,,,,,,,,,,,,,,,,,,,,NO ODDS,,,,,,,,,8.4,,EARLY MODERATE,No OVER/UNDER recommendation.
2026,3,,2026-09-27,13:00,00-0035527,Andy Isabella,andy isabella,BUF,LAC,WR,LOW TARGET,True,,,4.5,49.5,22.5,,,0,0,5,0.2,0.7,0.1,5,17,0.58,0.9,0.0,2.0,-0.976,32.87,39.72,33.6,63.12,1.023,0.588,0.97,0.946,1.064,Neutral,0.936,0.928,0.88,1.0,0.936,0.982,0.951,0.936,-7.2,-12.0,0.0,-6.4,-1.8,-4.9,-6.4,0.0366311216429699,0.000888625592417,0.0,0.9936808846761452,2.5967614533965246,32.73746050552923,33.73114139020537,1.0303120063191151,7.216601500789888,,,,,0.9,2.7,33.8,,7.2,,,,,0.8,2.7,32.1,,6.7,38.0,0.85,0.65,42.0,18.0,1.8,18.0,22.0,6.0,33.6,,,,,,,,,,,,,,,,,,,,,,NO ODDS,,,,,,,,,8.4,,EARLY MODERATE,No OVER/UNDER recommendation.
2026,3,,2026-09-27,13:00,00-0034400,Jordan Wilkins,jordan wilkins,IND,HOU,RB,DEPTH RB,True,,,-2.5,45.5,24.0,,,0,0,4,0.2,0.7,0.1,4,17,3.51,2.58,1.45,5.97,-0.291,28.81,43.53,33.3,57.62,1.03,0.602,0.97,1.03,0.982,Neutral,0.956,0.963,0.88,1.0,0.88,0.936,0.935,0.88,-3.7,-12.0,0.0,-12.0,-6.4,-6.5,-12.0,0.019669551534225,0.001573564122738,0.0,32.999842643587726,1.5476003147128248,11.356726986624706,44.356569630212434,33.01951219512195,7.693878835562549,,,,,33.0,1.5,10.8,43.3,7.7,,,,,29.0,1.4,10.1,38.1,7.4,38.0,0.85,0.65,42.0,18.0,1.8,18.0,22.0,6.0,33.3,,,,,,,,,,,,,,,,,,,,,,NO ODDS,,,,,,,,,8.3,,EARLY MODERATE,No OVER/UNDER recommendation.
2026,3,,2026-09-27,16:05,00-0033111,Pharoh Cooper,pharoh cooper,ARI,SF,WR,LOW TARGET,False,,,-8.5,47.5,28.0,,,0,0,5,0.2,0.7,0.1,5,18,1.14,1.4,0.0,0.8,1.0,27.96,39.03,33.3,71.12,1.074,0.588,1.03,1.102,0.928,Neutral,0.998,1.001,0.926,1.0,0.998,0.987,0.959,0.998,0.1,-7.4,0.0,-0.2,-1.3,-4.1,-0.2,0.0366311216429699,0.000888625592417,0.0,0.9936808846761452,2.5967614533965246,32.73746050552923,33.73114139020537,1.0303120063191151,7.216601500789888,,,,,1.1,2.5,31.3,,8.0,,,,,1.1,2.5,30.0,,8.0,38.0,0.85,0.65,42.0,18.0,1.8,18.0,22.0,6.0,33.3,,,,,,,,,,,,,,,,,,,,,,NO ODDS,,,,,,,,,8.3,,EARLY MODERATE,No OVER/UNDER recommendation.
2026,3,,2026-09-27,13:00,00-0039420,Jaheim Bell,jaheim bell,NE,JAC,TE,LOW TARGET,False,,,-2.5,45.5,24.0,,,0,4,4,0.2,0.7,0.1,4,18,1.19,1.32,0.0,1.55,0.9,23.7,33.1,32.8,57.62,1.03,0.55,1.03,1.03,0.982,Neutral,1.0,1.0,1.0,1.0,1.0,1.0,1.0,1.0,0.0,0.0,0.0,0.0,0.0,0.0,0.0,0.0099002567647639,9.8755678451511e-05,0.0,0.0420205411811179,0.7123123642109422,8.86903762591349,8.911058167094609,0.0519207979458819,1.7276044341299626,,,,,0.0,0.7,9.0,,1.8,,,,,0.0,0.7,9.0,,1.8,38.0,0.85,0.65,42.0,18.0,1.8,18.0,22.0,6.0,32.8,,,,,,,,,,,,,,,,,,,,,,NO ODDS,,,,,,,,,8.2,,EARLY MODERATE,No OVER/UNDER recommendation.
2026,3,,2026-09-27,16:05,00-0040429,Josh Williams,josh williams,TB,MIN,RB,DEPTH RB,True,,,1.5,45.5,22.0,,,1,2,3,0.2,0.7,0.1,3,8,0.37,0.52,0.0,0.55,0.0,24.69,33.8,32.7,53.38,1.01,0.6,1.0,0.982,1.022,Neutral,0.956,0.898,0.88,1.0,1.063,0.88,0.88,0.991,-10.2,-12.0,0.0,6.3,-12.0,-12.0,-0.9,0.0019669551534225,0.0001573564122738,0.0,8.799984264358773,0.1547600314712825,1.1356726986624708,9.935656963021245,8.801951219512196,1.319387883556255,,,,,8.6,0.2,1.2,10.0,1.3,,,,,9.1,0.2,1.1,9.9,1.2,38.0,0.85,0.65,42.0,18.0,1.8,18.0,22.0,6.0,32.7,,,,,,,,,,,,,,,,,,,,,,NO ODDS,,,,,,,,,8.2,,EARLY MODERATE,No OVER/UNDER recommendation.
2026,3,,2026-09-27,13:00,00-0040432,Beaux Collins,beaux collins,NYG,TEN,WR,LOW TARGET,True,,,5.5,43.5,19.0,,,0,4,4,0.2,0.7,0.1,4,8,1.36,1.25,0.0,1.97,0.55,26.11,35.93,32.6,44.38,0.976,0.55,1.03,0.934,1.056,Neutral,1.04,1.071,1.016,1.0,1.04,1.118,1.12,1.04,7.1,1.6,0.0,4.0,11.8,12.0,4.0,0.0045788902053712,0.0001110781990521,0.0,0.1242101105845181,0.8245951816745657,11.029682563191155,11.153892673775673,0.1287890007898894,2.095825187598736,,,,,0.1,0.9,12.0,,2.1,,,,,0.1,1.0,13.4,,2.2,38.0,0.85,0.65,42.0,18.0,1.8,18.0,22.0,6.0,32.6,,,,,,,,,,,,,,,,,,,,,,NO ODDS,,,,,,,,,8.2,,EARLY MODERATE,No OVER/UNDER recommendation.
2026,3,,2026-09-27,13:00,00-0038550,Hendon Hooker,hendon hooker,DET,NYJ,QB,QB,True,,,7.0,48.5,20.75,,,0,3,3,0.2,0.7,0.1,3,11,1.05,0.71,0.45,1.22,1.0,22.42,35.7,32.4,58.25,1.004,0.7,1.03,0.916,1.086,Neutral,0.957,0.912,1.12,1.0,0.957,1.0,1.0,0.957,-8.8,12.0,0.0,-4.3,0.0,0.0,-4.3,44.34226190476191,0.1482698001480385,0.0,3.00644584258574,0.0012490747594374,0.002220577350111,3.008666419935851,47.348707747347646,2.611520478657785,45.8,0.15,0.0,48.9,,,,,2.7,41.8,0.17,0.0,44.6,,,,,2.6,38.0,0.85,0.65,42.0,18.0,1.8,18.0,22.0,6.0,32.4,,,,,,,,,,,,,,,,,,,,,,NO ODDS,,,,,,,,,8.1,,EARLY MODERATE,No OVER/UNDER recommendation.
2026,3,,2026-09-27,16:05,00-0030874,Damien Williams,damien williams,ARI,SF,RB,DEPTH RB,False,,,-8.5,47.5,28.0,,,0,0,4,0.2,0.7,0.1,4,8,1.92,1.97,0.2,2.77,-0.625,24.72,38.61,32.3,71.12,1.074,0.602,0.97,1.102,0.928,Neutral,0.998,1.001,0.926,1.0,1.024,1.12,1.12,1.055,0.1,-7.4,0.0,2.4,12.0,12.0,5.5,0.019669551534225,0.001573564122738,0.0,32.999842643587726,1.5476003147128248,11.356726986624706,44.356569630212434,33.01951219512195,7.693878835562549,,,,,35.3,1.4,10.2,43.7,8.0,,,,,36.1,1.6,11.4,46.1,8.0,38.0,0.85,0.65,42.0,18.0,1.8,18.0,22.0,6.0,32.3,,,,,,,,,,,,,,,,,,,,,,NO ODDS,,,,,,,,,8.1,,EARLY MODERATE,No OVER/UNDER recommendation.
2026,3,,2026-09-27,13:00,00-0032355,Chester Rogers,chester rogers,CLE,CAR,WR,LOW TARGET,True,,,-2.5,40.5,21.5,,,0,0,3,0.2,0.7,0.1,3,6,0.0,0.0,0.0,0.0,0.0,37.5,40.0,31.8,42.62,0.995,0.588,1.0,1.03,0.968,Neutral,1.007,0.941,0.88,1.0,1.007,0.954,0.881,1.007,-5.9,-12.0,0.0,0.7,-4.6,-11.9,0.7,0.0366311216429699,0.000888625592417,0.0,0.9936808846761452,2.5967614533965246,32.73746050552923,33.73114139020537,1.0303120063191151,7.216601500789888,,,,,1.0,2.5,31.7,,7.2,,,,,1.0,2.4,27.9,,7.3,38.0,0.85,0.65,42.0,18.0,1.8,18.0,22.0,6.0,31.8,,,,,,,,,,,,,,,,,,,,,,NO ODDS,,,,,,,,,8.0,,EARLY MODERATE,No OVER/UNDER recommendation.
2026,3,,2026-09-27,16:25,00-0032187,David Johnson,david johnson,NO,LV,RB,DEPTH RB,True,,,3.0,45.5,21.25,,,0,0,4,0.2,0.7,0.1,4,18,2.76,2.12,1.07,3.75,1.0,28.29,41.39,31.5,52.25,1.002,0.602,1.03,0.964,1.038,Neutral,0.951,0.937,0.88,1.0,1.002,0.974,0.935,0.986,-6.3,-12.0,0.0,0.2,-2.6,-6.5,-1.4,0.019669551534225,0.001573564122738,0.0,32.999842643587726,1.5476003147128248,11.356726986624706,44.356569630212434,33.01951219512195,7.693878835562549,,,,,32.8,1.7,12.1,45.7,7.9,,,,,32.9,1.7,11.3,45.1,7.5,38.0,0.85,0.65,42.0,18.0,1.8,18.0,22.0,6.0,31.5,,,,,,,,,,,,,,,,,,,,,,NO ODDS,,,,,,,,,7.9,,EARLY MODERATE,No OVER/UNDER recommendation.
2026,3,,2026-09-27,16:25,00-0039613,Dallin Holker,dallin holker,NO,LV,TE,LOW TARGET,True,,,3.0,45.5,21.25,,,0,3,3,0.2,0.7,0.1,3,18,2.14,1.15,1.0,2.55,1.0,24.42,34.36,31.4,52.25,1.002,0.55,1.03,0.964,1.038,Neutral,0.951,0.937,0.88,1.0,0.951,0.88,0.88,0.951,-6.3,-12.0,0.0,-4.9,-12.0,-12.0,-4.9,0.0099002567647639,9.8755678451511e-05,0.0,0.0420205411811179,1.3998123642109424,10.306537625913489,10.348558167094607,0.0519207979458819,2.5588544341299624,,,,,0.0,1.5,11.0,,2.6,,,,,0.0,1.3,9.7,,2.5,38.0,0.85,0.65,42.0,18.0,1.8,18.0,22.0,6.0,31.4,,,,,,,,,,,,,,,,,,,,,,NO ODDS,,,,,,,,,7.8,,EARLY MODERATE,No OVER/UNDER recommendation.
2026,3,,2026-09-27,16:25,00-0040488,Carter Runyon,carter runyon,LV,NO,TE,LOW TARGET,False,,,-3.0,45.5,24.25,,,0,3,3,0.2,0.7,0.1,3,16,0.25,0.51,0.0,0.65,-1.0,24.83,31.88,31.4,58.25,1.032,0.55,0.97,1.036,0.977,Neutral,0.981,0.895,0.948,1.0,0.981,1.08,1.028,0.981,-10.5,-5.2,0.0,-1.9,8.0,2.8,-1.9,0.0099002567647639,9.8755678451511e-05,0.0,0.0420205411811179,0.4414790308776088,3.30653762591349,3.348558167094608,0.0519207979458819,0.9005211007966293,,,,,0.0,0.4,3.1,,0.9,,,,,0.0,0.4,3.2,,0.9,38.0,0.85,0.65,42.0,18.0,1.8,18.0,22.0,6.0,31.4,,,,,,,,,,,,,,,,,,,,,,NO ODDS,,,,,,,,,7.8,,EARLY MODERATE,No OVER/UNDER recommendation.
2026,3,,2026-09-27,13:00,00-0034816,Ronald Jones,ronald jones,KC,MIA,RB,DEPTH RB,False,,,8.5,44.5,18.0,,,0,0,5,0.2,0.7,0.1,5,18,3.75,4.45,0.4,4.4,1.0,28.6,43.49,31.3,45.12,0.968,0.602,1.03,0.898,1.09,Neutral,1.031,1.002,1.12,1.0,1.12,1.11,1.12,1.12,0.2,12.0,0.0,12.0,11.0,12.0,12.0,0.019669551534225,0.001573564122738,0.0,32.999842643587726,1.5476003147128248,11.356726986624706,44.356569630212434,33.01951219512195,7.693878835562549,,,,,30.5,1.7,12.7,45.4,7.7,,,,,34.2,1.9,14.2,50.8,7.9,38.0,0.85,0.65,42.0,18.0,1.8,18.0,22.0,6.0,31.3,,,,,,,,,,,,,,,,,,,,,,NO ODDS,,,,,,,,,7.8,,EARLY MODERATE,No OVER/UNDER recommendation.
2026,3,,2026-09-27,13:00,00-0037265,Snoop Conner,snoop conner,JAC,NE,RB,DEPTH RB,True,,,2.5,45.5,21.5,,,0,0,5,0.2,0.7,0.1,5,17,2.6,3.23,0.5,1.1,1.0,27.87,40.72,31.1,52.62,1.005,0.602,1.03,0.97,1.032,Tough,0.919,0.902,0.88,1.0,0.88,1.054,1.068,0.911,-9.8,-12.0,0.0,-12.0,5.4,6.8,-8.9,0.019669551534225,0.001573564122738,0.0,32.999842643587726,1.5476003147128248,11.356726986624706,44.356569630212434,33.01951219512195,7.693878835562549,,,,,33.0,1.6,12.1,45.7,8.0,,,,,29.0,1.7,12.9,41.6,7.4,38.0,0.85,0.65,42.0,18.0,1.8,18.0,22.0,6.0,31.1,,,,,,,,,,,,,,,,,,,,,,NO ODDS,,,,,,,,,7.8,,EARLY MODERATE,No OVER/UNDER recommendation.
2026,3,,2026-09-27,13:00,00-0037609,Aaron Shampklin,aaron shampklin,PIT,CIN,RB,DEPTH RB,True,,,-2.5,45.5,24.0,,,0,3,3,0.2,0.7,0.1,3,6,0.47,0.71,0.15,0.95,-0.7,21.95,33.13,31.1,57.62,1.03,0.6,0.97,1.03,0.982,Neutral,1.046,1.1,0.888,1.0,1.084,1.12,1.12,1.12,10.0,-11.2,0.0,8.4,12.0,12.0,12.0,0.0024586939417781,0.0001966955153422,0.0,8.2083136637818,0.1934500393391031,1.4195908733280884,9.627904537109888,8.210772357723577,1.370068187778652,,,,,8.2,0.2,1.4,9.4,1.4,,,,,8.9,0.2,1.6,10.5,1.5,38.0,0.85,0.65,42.0,18.0,1.8,18.0,22.0,6.0,31.1,,,,,,,,,,,,,,,,,,,,,,NO ODDS,,,,,,,,,7.8,,EARLY MODERATE,No OVER/UNDER recommendation.
2026,3,,2026-09-27,13:00,00-0033386,Cody Hollister,cody hollister,TEN,NYG,WR,LOW TARGET,False,,,-5.5,43.5,24.5,,,0,0,6,0.2,0.7,0.1,6,12,1.1,1.97,0.0,2.4,-1.0,26.8,40.32,31.1,55.38,1.031,0.588,0.97,1.066,0.946,Neutral,1.044,1.021,1.12,1.0,1.044,1.026,1.045,1.044,2.1,12.0,0.0,4.4,2.6,4.5,4.4,0.0366311216429699,0.000888625592417,0.0,0.9936808846761452,2.5967614533965246,32.73746050552923,33.73114139020537,1.0303120063191151,7.216601500789888,,,,,1.0,2.4,30.1,,7.2,,,,,1.0,2.5,31.5,,7.5,38.0,0.85,0.65,42.0,18.0,1.8,18.0,22.0,6.0,31.1,,,,,,,,,,,,,,,,,,,,,,NO ODDS,,,,,,,,,7.8,,EARLY MODERATE,No OVER/UNDER recommendation.
2026,3,,2026-09-27,13:00,00-0035184,Devine Ozigbo,devine ozigbo,DET,NYJ,RB,DEPTH RB,True,,,7.0,48.5,20.75,,,0,0,4,0.2,0.7,0.1,4,15,1.19,0.93,0.2,1.55,0.5,28.04,38.14,31.0,58.25,1.004,0.602,1.03,0.916,1.086,Neutral,0.957,0.912,1.12,1.0,1.048,0.88,1.01,1.039,-8.8,12.0,0.0,4.8,-12.0,1.0,3.9,0.019669551534225,0.001573564122738,0.0,32.999842643587726,1.5476003147128248,11.356726986624706,44.356569630212434,33.01951219512195,7.693878835562549,,,,,31.1,1.7,12.7,45.7,8.0,,,,,32.6,1.5,12.8,47.5,7.7,38.0,0.85,0.65,42.0,18.0,1.8,18.0,22.0,6.0,31.0,,,,,,,,,,,,,,,,,,,,,,NO ODDS,,,,,,,,,7.8,,EARLY MODERATE,No OVER/UNDER recommendation.
2026,3,,2026-09-27,13:00,00-0027691,Andre Roberts,andre roberts,CAR,CLE,WR,LOW TARGET,False,,,2.5,40.5,19.0,,,0,0,3,0.2,0.7,0.1,3,18,0.0,0.0,0.0,0.0,0.0,37.5,40.0,31.0,37.62,0.97,0.588,1.0,0.97,1.017,Neutral,0.948,0.88,1.049,1.0,0.948,0.88,0.88,0.948,-12.0,4.9,0.0,-5.2,-12.0,-12.0,-5.2,0.0366311216429699,0.000888625592417,0.0,0.9936808846761452,2.5967614533965246,32.73746050552923,33.73114139020537,1.0303120063191151,7.216601500789888,,,,,1.0,2.6,33.3,,7.0,,,,,0.9,2.3,29.3,,6.6,38.0,0.85,0.65,42.0,18.0,1.8,18.0,22.0,6.0,31.0,,,,,,,,,,,,,,,,,,,,,,NO ODDS,,,,,,,,,7.8,,EARLY MODERATE,No OVER/UNDER recommendation.
2026,3,,2026-09-27,13:00,00-0038477,Bryce Ford-Wheaton,bryce ford wheaton,NYG,TEN,WR,LOW TARGET,True,,,5.5,43.5,19.0,,,0,5,5,0.2,0.7,0.1,5,14,0.94,2.18,0.0,0.0,-1.0,19.63,32.85,31.0,44.38,0.976,0.55,0.97,0.934,1.056,Neutral,1.04,1.071,1.016,1.0,1.04,1.118,1.12,1.04,7.1,1.6,0.0,4.0,11.8,12.0,4.0,0.0045788902053712,0.0001110781990521,0.0,0.1242101105845181,0.3245951816745656,4.0921825631911535,4.2163926737756725,0.1287890007898894,1.7270751875987362,,,,,0.1,0.3,4.2,,1.6,,,,,0.1,0.3,4.7,,1.7,38.0,0.85,0.65,42.0,18.0,1.8,18.0,22.0,6.0,31.0,,,,,,,,,,,,,,,,,,,,,,NO ODDS,,,,,,,,,7.8,,EARLY MODERATE,No OVER/UNDER recommendation.
2026,3,,2026-09-27,13:00,00-0026197,Chad Henne,chad henne,KC,MIA,QB,QB,False,,,8.5,44.5,18.0,,,0,0,3,0.2,0.7,0.1,3,18,-0.2,0.1,-0.25,-0.1,-0.2,33.95,38.8,30.8,45.12,0.968,0.851,0.976,0.898,1.09,Neutral,1.031,1.002,1.12,1.0,1.031,1.0,1.0,1.031,0.2,12.0,0.0,3.1,0.0,0.0,3.1,192.07142857142856,1.1861584011843078,0.0,15.384900074019248,0.0099925980754996,0.0177646188008882,15.402664692820132,207.45632864544783,13.518830495928944,181.5,1.12,0.0,196.0,,,,,12.8,181.9,1.25,0.0,196.4,,,,,13.2,40.02,0.85,0.65,43.21,18.0,1.8,18.0,22.0,6.0,30.8,,,,,,,,,,,,,,,,,,,,,,NO ODDS,,,,,,,,,7.7,,EARLY MODERATE,No OVER/UNDER recommendation.
2026,3,,2026-09-27,16:05,00-0027981,Kyle Rudolph,kyle rudolph,TB,MIN,TE,LOW TARGET,True,,,1.5,45.5,22.0,,,0,0,5,0.2,0.7,0.1,5,18,2.84,3.24,0.0,2.2,1.0,29.18,38.42,30.7,53.38,1.01,0.55,1.03,0.982,1.022,Neutral,0.956,0.898,0.88,1.0,0.956,0.88,0.954,0.956,-10.2,-12.0,0.0,-4.4,-12.0,-4.6,-4.4,0.0792020541181117,0.000790045427612,0.0,0.3361643294489433,2.198498913687537,22.45230100730792,22.788465336756865,0.4153663835670551,5.4708354730397,,,,,0.3,2.3,23.6,,5.7,,,,,0.3,2.0,22.5,,5.4,38.0,0.85,0.65,42.0,18.0,1.8,18.0,22.0,6.0,30.7,,,,,,,,,,,,,,,,,,,,,,NO ODDS,,,,,,,,,7.7,,EARLY MODERATE,No OVER/UNDER recommendation.
2026,3,,2026-09-27,16:25,00-0037340,Zaire Mitchell-Paden,zaire mitchell paden,NO,LV,TE,LOW TARGET,True,,,3.0,45.5,21.25,,,0,3,3,0.2,0.7,0.1,3,10,1.58,0.91,0.65,1.85,1.0,23.81,32.62,30.6,52.25,1.002,0.55,1.03,0.964,1.038,Neutral,0.951,0.937,0.88,1.0,0.951,0.88,0.88,0.951,-6.3,-12.0,0.0,-4.9,-12.0,-12.0,-4.9,0.0099002567647639,9.8755678451511e-05,0.0,0.0420205411811179,0.9831456975442756,9.514870959246824,9.55689150042794,0.0519207979458819,2.0630211007966293,,,,,0.0,1.1,10.2,,2.1,,,,,0.0,1.0,9.0,,2.0,38.0,0.85,0.65,42.0,18.0,1.8,18.0,22.0,6.0,30.6,,,,,,,,,,,,,,,,,,,,,,NO ODDS,,,,,,,,,7.6,,EARLY MODERATE,No OVER/UNDER recommendation.
2026,3,,2026-09-27,16:25,00-0039543,Ramel Keyton,ramel keyton,LV,NO,WR,LOW TARGET,False,,,-3.0,45.5,24.25,,,0,3,3,0.2,0.7,0.1,3,14,0.32,0.67,0.0,0.85,-1.0,22.49,31.24,30.6,58.25,1.032,0.55,0.97,1.036,0.977,Neutral,0.981,0.895,0.948,1.0,0.981,0.929,0.88,0.981,-10.5,-5.2,0.0,-1.9,-7.1,-12.0,-1.9,0.0045788902053712,0.0001110781990521,0.0,0.1242101105845181,0.4912618483412322,5.25884922985782,5.38305934044234,0.1287890007898894,1.1854085209320695,,,,,0.1,0.5,5.0,,1.2,,,,,0.1,0.5,4.4,,1.2,38.0,0.85,0.65,42.0,18.0,1.8,18.0,22.0,6.0,30.6,,,,,,,,,,,,,,,,,,,,,,NO ODDS,,,,,,,,,7.6,,EARLY MODERATE,No OVER/UNDER recommendation.
2026,3,,2026-09-27,13:00,00-0026544,Chase Daniel,chase daniel,LAC,BUF,QB,QB,False,,,-4.5,49.5,27.0,,,0,0,3,0.2,0.7,0.1,3,18,3.88,3.37,0.54,4.24,1.0,20.07,36.63,30.5,72.12,1.068,0.851,1.03,1.054,0.974,Neutral,0.94,0.885,0.982,1.0,0.94,1.0,1.0,0.94,-11.5,-1.8,0.0,-6.0,0.0,0.0,-6.0,192.07142857142856,1.1861584011843078,0.0,15.384900074019248,0.0099925980754996,0.0177646188008882,15.402664692820132,207.45632864544783,13.518830495928944,211.3,1.3,0.0,228.2,,,,,14.9,187.0,1.28,0.0,202.0,,,,,14.0,41.14,0.85,0.65,44.44,18.0,1.8,18.0,22.0,6.0,30.5,,,,,,,,,,,,,,,,,,,,,,NO ODDS,,,,,,,,,7.6,,EARLY MODERATE,No OVER/UNDER recommendation.
2026,3,,2026-09-27,13:00,00-0036194,Devin Asiasi,devin asiasi,CIN,PIT,TE,LOW TARGET,False,,,2.5,45.5,21.5,,,0,0,5,0.2,0.7,0.1,5,16,0.71,1.13,0.0,0.0,1.0,29.35,38.29,30.5,52.62,1.005,0.55,1.03,0.97,1.032,Neutral,1.062,1.054,0.952,1.0,1.062,1.06,1.12,1.062,5.4,-4.8,0.0,6.2,6.0,12.0,6.2,0.0792020541181117,0.000790045427612,0.0,0.3361643294489433,2.198498913687537,22.45230100730792,22.788465336756865,0.4153663835670551,5.4708354730397,,,,,0.3,2.3,23.9,,5.7,,,,,0.3,2.4,26.8,,6.1,38.0,0.85,0.65,42.0,18.0,1.8,18.0,22.0,6.0,30.5,,,,,,,,,,,,,,,,,,,,,,NO ODDS,,,,,,,,,7.6,,EARLY MODERATE,No OVER/UNDER recommendation.
2026,3,,2026-09-27,13:00,00-0038632,Colton Dowell,colton dowell,TEN,NYG,WR,LOW TARGET,False,,,-5.5,43.5,24.5,,,0,0,4,0.2,0.7,0.1,4,16,0.46,0.62,0.0,0.33,0.65,30.81,36.28,30.5,55.38,1.031,0.588,1.03,1.066,0.946,Neutral,1.044,1.021,1.12,1.0,1.044,1.026,1.045,1.044,2.1,12.0,0.0,4.4,2.6,4.5,4.4,0.0366311216429699,0.000888625592417,0.0,0.9936808846761452,2.5967614533965246,32.73746050552923,33.73114139020537,1.0303120063191151,7.216601500789888,,,,,1.1,2.5,31.9,,7.7,,,,,1.1,2.6,33.3,,8.0,38.0,0.85,0.65,42.0,18.0,1.8,18.0,22.0,6.0,30.5,,,,,,,,,,,,,,,,,,,,,,NO ODDS,,,,,,,,,7.6,,EARLY MODERATE,No OVER/UNDER recommendation.
2026,3,,2026-09-27,16:25,00-0031545,Kevin White,kevin white,NO,LV,WR,LOW TARGET,True,,,3.0,45.5,21.25,,,0,0,6,0.2,0.7,0.1,6,12,1.28,2.42,0.0,1.5,-0.73,25.9,40.07,30.3,52.25,1.002,0.588,0.97,0.964,1.038,Neutral,0.951,0.937,0.88,1.0,0.951,1.011,0.985,0.951,-6.3,-12.0,0.0,-4.9,1.1,-1.5,-4.9,0.0366311216429699,0.000888625592417,0.0,0.9936808846761452,2.5967614533965246,32.73746050552923,33.73114139020537,1.0303120063191151,7.216601500789888,,,,,0.9,2.6,32.9,,7.0,,,,,0.9,2.6,32.4,,6.7,38.0,0.85,0.65,42.0,18.0,1.8,18.0,22.0,6.0,30.3,,,,,,,,,,,,,,,,,,,,,,NO ODDS,,,,,,,,,7.6,,EARLY MODERATE,No OVER/UNDER recommendation.
2026,3,,2026-09-27,16:25,00-0038920,John Shenker,john shenker,LV,NO,TE,LOW TARGET,False,,,-3.0,45.5,24.25,,,0,3,3,0.2,0.7,0.1,3,16,0.57,0.8,0.0,0.85,0.0,20.82,29.46,29.5,58.25,1.032,0.55,1.0,1.036,0.977,Neutral,0.981,0.895,0.948,1.0,0.981,1.08,1.028,0.981,-10.5,-5.2,0.0,-1.9,8.0,2.8,-1.9,0.0099002567647639,9.8755678451511e-05,0.0,0.0420205411811179,0.5664790308776089,4.848204292580157,4.890224833761275,0.0519207979458819,1.179687767463296,,,,,0.0,0.6,4.7,,1.2,,,,,0.0,0.6,4.8,,1.2,38.0,0.85,0.65,42.0,18.0,1.8,18.0,22.0,6.0,29.5,,,,,,,,,,,,,,,,,,,,,,NO ODDS,,,,,,,,,7.4,,EARLY MODERATE,No OVER/UNDER recommendation.
2026,3,,2026-09-27,20:20,00-0036439,Tyrie Cleveland,tyrie cleveland,DEN,LAR,WR,LOW TARGET,True,,,-2.5,46.5,24.5,,,0,0,5,0.2,0.7,0.1,5,10,0.75,1.75,0.0,0.0,-1.0,22.75,36.78,29.5,60.62,1.037,0.588,0.97,1.03,0.985,Neutral,1.0,1.0,1.0,1.0,1.0,1.0,1.0,1.0,0.0,0.0,0.0,0.0,0.0,0.0,0.0,0.0366311216429699,0.000888625592417,0.0,0.9936808846761452,2.5967614533965246,32.73746050552923,33.73114139020537,1.0303120063191151,7.216601500789888,,,,,1.0,2.5,31.3,,7.3,,,,,1.0,2.5,31.3,,7.3,38.0,0.85,0.65,42.0,18.0,1.8,18.0,22.0,6.0,29.5,,,,,,,,,,,,,,,,,,,,,,NO ODDS,,,,,,,,,7.4,,EARLY MODERATE,No OVER/UNDER recommendation.
2026,3,,2026-09-27,13:00,00-0031787,Jake Kumerow,jake kumerow,BUF,LAC,WR,LOW TARGET,True,,,4.5,49.5,22.5,,,0,0,5,0.2,0.7,0.1,5,10,1.33,2.37,0.0,3.4,-1.0,22.49,35.92,29.5,63.12,1.023,0.588,0.97,0.946,1.064,Neutral,0.936,0.928,0.88,1.0,0.936,0.982,0.951,0.936,-7.2,-12.0,0.0,-6.4,-1.8,-4.9,-6.4,0.0366311216429699,0.000888625592417,0.0,0.9936808846761452,2.5967614533965246,32.73746050552923,33.73114139020537,1.0303120063191151,7.216601500789888,,,,,0.9,2.7,33.8,,7.2,,,,,0.8,2.7,32.1,,6.7,38.0,0.85,0.65,42.0,18.0,1.8,18.0,22.0,6.0,29.5,,,,,,,,,,,,,,,,,,,,,,NO ODDS,,,,,,,,,7.4,,EARLY MODERATE,No OVER/UNDER recommendation.
2026,3,,2026-09-27,13:00,00-0033296,Alex Armah,alex armah,WAS,SEA,RB,DEPTH RB,True,,,-2.5,41.5,22.0,,,0,0,4,0.2,0.7,0.1,4,18,1.23,0.74,0.75,1.48,1.0,31.23,36.99,29.4,45.62,1.002,0.602,1.03,1.03,0.97,Neutral,0.94,0.88,0.88,1.0,0.88,1.12,1.12,0.882,-12.0,-12.0,0.0,-12.0,12.0,12.0,-11.8,0.019669551534225,0.001573564122738,0.0,32.999842643587726,1.5476003147128248,11.356726986624706,44.356569630212434,33.01951219512195,7.693878835562549,,,,,35.0,1.5,11.4,45.7,7.9,,,,,30.8,1.7,12.8,40.3,7.4,38.0,0.85,0.65,42.0,18.0,1.8,18.0,22.0,6.0,29.4,,,,,,,,,,,,,,,,,,,,,,NO ODDS,,,,,,,,,7.4,,EARLY MODERATE,No OVER/UNDER recommendation.
2026,3,,2026-09-27,13:00,00-0033367,C.J. Board,cj board,TEN,NYG,WR,LOW TARGET,False,,,-5.5,43.5,24.5,,,0,0,4,0.2,0.7,0.1,4,13,0.57,0.77,0.0,0.4,0.8,28.3,34.78,29.3,55.38,1.031,0.588,1.03,1.066,0.946,Neutral,1.044,1.021,1.12,1.0,1.044,1.026,1.045,1.044,2.1,12.0,0.0,4.4,2.6,4.5,4.4,0.0366311216429699,0.000888625592417,0.0,0.9936808846761452,2.5967614533965246,32.73746050552923,33.73114139020537,1.0303120063191151,7.216601500789888,,,,,1.1,2.5,31.9,,7.7,,,,,1.1,2.6,33.3,,8.0,38.0,0.85,0.65,42.0,18.0,1.8,18.0,22.0,6.0,29.3,,,,,,,,,,,,,,,,,,,,,,NO ODDS,,,,,,,,,7.3,,EARLY MODERATE,No OVER/UNDER recommendation.
2026,3,,2026-09-27,13:00,00-0031384,Richard Rodgers,richard rodgers,LAC,BUF,TE,LOW TARGET,False,,,-4.5,49.5,27.0,,,0,0,3,0.2,0.7,0.1,3,10,0.67,0.7,0.0,0.7,1.0,22.07,32.05,29.2,72.12,1.068,0.55,1.03,1.054,0.974,Neutral,0.94,0.885,0.982,1.0,0.94,0.88,0.88,0.94,-11.5,-1.8,0.0,-6.0,-12.0,-12.0,-6.0,0.0792020541181117,0.000790045427612,0.0,0.3361643294489433,2.198498913687537,22.45230100730792,22.788465336756865,0.4153663835670551,5.4708354730397,,,,,0.4,2.2,22.5,,6.0,,,,,0.4,1.9,19.8,,5.6,38.0,0.85,0.65,42.0,18.0,1.8,18.0,22.0,6.0,29.2,,,,,,,,,,,,,,,,,,,,,,NO ODDS,,,,,,,,,7.3,,EARLY MODERATE,No OVER/UNDER recommendation.
2026,3,,2026-09-27,13:00,00-0035593,Juwann Winfree,juwann winfree,IND,HOU,WR,LOW TARGET,True,,,-2.5,45.5,24.0,,,0,0,4,0.2,0.7,0.1,4,8,0.39,0.94,0.0,0.68,-1.0,25.71,34.98,29.1,57.62,1.03,0.588,0.97,1.03,0.982,Neutral,0.956,0.963,0.88,1.0,0.956,0.908,0.95,0.956,-3.7,-12.0,0.0,-4.4,-9.2,-5.0,-4.4,0.0366311216429699,0.000888625592417,0.0,0.9936808846761452,2.5967614533965246,32.73746050552923,33.73114139020537,1.0303120063191151,7.216601500789888,,,,,1.0,2.5,31.2,,7.2,,,,,1.0,2.3,29.6,,6.9,38.0,0.85,0.65,42.0,18.0,1.8,18.0,22.0,6.0,29.1,,,,,,,,,,,,,,,,,,,,,,NO ODDS,,,,,,,,,7.3,,EARLY MODERATE,No OVER/UNDER recommendation.
2026,3,,2026-09-27,20:20,00-0036247,Freddie Swain,freddie swain,DEN,LAR,WR,LOW TARGET,True,,,-2.5,46.5,24.5,,,0,0,3,0.2,0.7,0.1,3,18,4.59,2.68,2.0,4.75,1.0,23.65,34.77,28.9,60.62,1.037,0.588,1.03,1.03,0.985,Neutral,1.0,1.0,1.0,1.0,1.0,1.0,1.0,1.0,0.0,0.0,0.0,0.0,0.0,0.0,0.0,0.0366311216429699,0.000888625592417,0.0,0.9936808846761452,2.5967614533965246,32.73746050552923,33.73114139020537,1.0303120063191151,7.216601500789888,,,,,1.1,2.6,33.2,,7.7,,,,,1.1,2.6,33.2,,7.7,38.0,0.85,0.65,42.0,18.0,1.8,18.0,22.0,6.0,28.9,,,,,,,,,,,,,,,,,,,,,,NO ODDS,,,,,,,,,7.2,,EARLY MODERATE,No OVER/UNDER recommendation.
2026,3,,2026-09-27,13:00,00-0034109,Phillip Lindsay,phillip lindsay,IND,HOU,RB,DEPTH RB,True,,,-2.5,45.5,24.0,,,0,0,3,0.2,0.7,0.1,3,9,3.76,3.48,3.2,7.3,-0.976,19.48,38.15,28.8,57.62,1.03,0.602,0.97,1.03,0.982,Neutral,0.956,0.963,0.88,1.0,0.88,0.936,0.935,0.88,-3.7,-12.0,0.0,-12.0,-6.4,-6.5,-12.0,0.019669551534225,0.001573564122738,0.0,32.999842643587726,1.5476003147128248,11.356726986624706,44.356569630212434,33.01951219512195,7.693878835562549,,,,,33.0,1.5,10.8,43.3,7.7,,,,,29.0,1.4,10.1,38.1,7.4,38.0,0.85,0.65,42.0,18.0,1.8,18.0,22.0,6.0,28.8,,,,,,,,,,,,,,,,,,,,,,NO ODDS,,,,,,,,,7.2,,EARLY MODERATE,No OVER/UNDER recommendation.
2026,3,,2026-09-27,13:00,00-0035022,Penny Hart,penny hart,SEA,WAS,WR,LOW TARGET,False,,,2.5,41.5,19.5,,,0,0,4,0.2,0.7,0.1,4,16,1.16,0.74,0.9,1.6,0.0,30.46,37.23,28.6,40.62,0.977,0.588,1.0,0.97,1.02,Favorable,1.106,1.099,1.12,1.0,1.106,1.104,1.096,1.106,9.9,12.0,0.0,10.6,10.4,9.6,10.6,0.0366311216429699,0.000888625592417,0.0,0.9936808846761452,2.5967614533965246,32.73746050552923,33.73114139020537,1.0303120063191151,7.216601500789888,,,,,1.0,2.6,33.4,,7.1,,,,,1.1,2.9,36.6,,7.9,38.0,0.85,0.65,42.0,18.0,1.8,18.0,22.0,6.0,28.6,,,,,,,,,,,,,,,,,,,,,,NO ODDS,,,,,,,,,7.2,,EARLY MODERATE,No OVER/UNDER recommendation.
2026,3,,2026-09-27,13:00,00-0033114,Mike Thomas,mike thomas,CIN,PIT,WR,LOW TARGET,False,,,2.5,45.5,21.5,,,0,0,5,0.2,0.7,0.1,5,11,1.08,1.77,0.0,3.5,-1.0,23.59,37.11,28.6,52.62,1.005,0.588,0.97,0.97,1.032,Neutral,1.062,1.054,0.952,1.0,1.062,0.995,0.997,1.062,5.4,-4.8,0.0,6.2,-0.5,-0.3,6.2,0.0366311216429699,0.000888625592417,0.0,0.9936808846761452,2.5967614533965246,32.73746050552923,33.73114139020537,1.0303120063191151,7.216601500789888,,,,,0.9,2.6,32.8,,7.0,,,,,1.0,2.6,32.7,,7.4,38.0,0.85,0.65,42.0,18.0,1.8,18.0,22.0,6.0,28.6,,,,,,,,,,,,,,,,,,,,,,NO ODDS,,,,,,,,,7.2,,EARLY MODERATE,No OVER/UNDER recommendation.
2026,3,,2026-09-27,13:00,00-0036652,Racey McMath,racey mcmath,TEN,NYG,WR,LOW TARGET,False,,,-5.5,43.5,24.5,,,0,0,4,0.2,0.7,0.1,4,18,1.78,2.0,0.3,2.05,1.0,23.51,35.13,28.2,55.38,1.031,0.588,1.03,1.066,0.946,Neutral,1.044,1.021,1.12,1.0,1.044,1.026,1.045,1.044,2.1,12.0,0.0,4.4,2.6,4.5,4.4,0.0366311216429699,0.000888625592417,0.0,0.9936808846761452,2.5967614533965246,32.73746050552923,33.73114139020537,1.0303120063191151,7.216601500789888,,,,,1.1,2.5,31.9,,7.7,,,,,1.1,2.6,33.3,,8.0,38.0,0.85,0.65,42.0,18.0,1.8,18.0,22.0,6.0,28.2,,,,,,,,,,,,,,,,,,,,,,NO ODDS,,,,,,,,,7.0,,EARLY MODERATE,No OVER/UNDER recommendation.
2026,3,,2026-09-27,16:05,00-0030456,Giovani Bernard,giovani bernard,TB,MIN,RB,DEPTH RB,True,,,1.5,45.5,22.0,,,0,0,4,0.2,0.7,0.1,4,18,1.68,2.25,0.0,1.18,1.0,21.35,36.68,28.0,53.38,1.01,0.602,1.03,0.982,1.022,Neutral,0.956,0.898,0.88,1.0,1.063,0.88,0.88,0.991,-10.2,-12.0,0.0,6.3,-12.0,-12.0,-0.9,0.019669551534225,0.001573564122738,0.0,32.999842643587726,1.5476003147128248,11.356726986624706,44.356569630212434,33.01951219512195,7.693878835562549,,,,,33.4,1.6,12.0,45.8,8.0,,,,,35.5,1.4,10.6,45.4,7.6,38.0,0.85,0.65,42.0,18.0,1.8,18.0,22.0,6.0,28.0,,,,,,,,,,,,,,,,,,,,,,NO ODDS,,,,,,,,,7.0,,EARLY MODERATE,No OVER/UNDER recommendation.
2026,3,,2026-09-27,13:00,00-0039824,Jared Wiley,jared wiley,KC,MIA,TE,LOW TARGET,False,,,8.5,44.5,18.0,,,0,3,3,0.2,0.7,0.1,3,18,0.79,0.76,0.7,1.55,-1.0,21.3,30.11,27.9,45.12,0.968,0.55,0.97,0.898,1.09,Neutral,1.031,1.002,1.12,1.0,1.031,1.12,1.12,1.031,0.2,12.0,0.0,3.1,12.0,12.0,3.1,0.0099002567647639,9.8755678451511e-05,0.0,0.0420205411811179,0.7331456975442755,5.139870959246824,5.181891500427941,0.0519207979458819,1.375521100796629,,,,,0.0,0.8,5.4,,1.3,,,,,0.0,0.9,6.0,,1.3,38.0,0.85,0.65,42.0,18.0,1.8,18.0,22.0,6.0,27.9,,,,,,,,,,,,,,,,,,,,,,NO ODDS,,,,,,,,,7.0,,EARLY MODERATE,No OVER/UNDER recommendation.
2026,3,,2026-09-27,13:00,00-0036336,Anthony McFarland,anthony mcfarland,PIT,CIN,RB,DEPTH RB,True,,,-2.5,45.5,24.0,,,0,0,4,0.2,0.7,0.1,4,12,1.54,2.24,0.0,3.85,-1.0,20.34,32.92,26.9,57.62,1.03,0.602,0.97,1.03,0.982,Neutral,1.046,1.1,0.888,1.0,1.084,1.12,1.12,1.12,10.0,-11.2,0.0,8.4,12.0,12.0,12.0,0.019669551534225,0.001573564122738,0.0,32.999842643587726,1.5476003147128248,11.356726986624706,44.356569630212434,33.01951219512195,7.693878835562549,,,,,33.0,1.5,10.8,43.3,7.7,,,,,35.8,1.7,12.1,48.5,8.1,38.0,0.85,0.65,42.0,18.0,1.8,18.0,22.0,6.0,26.9,,,,,,,,,,,,,,,,,,,,,,NO ODDS,,,,,,,,,6.7,,EARLY MODERATE,No OVER/UNDER recommendation.
2026,3,,2026-09-27,16:05,00-0031558,Maxx Williams,maxx williams,ARI,SF,TE,LOW TARGET,False,,,-8.5,47.5,28.0,,,0,0,3,0.2,0.7,0.1,3,16,1.36,1.38,0.85,2.4,-1.0,18.57,28.88,26.9,71.12,1.074,0.55,0.97,1.102,0.928,Neutral,0.998,1.001,0.926,1.0,0.998,1.062,1.009,0.998,0.1,-7.4,0.0,-0.2,6.2,0.9,-0.2,0.0792020541181117,0.000790045427612,0.0,0.3361643294489433,2.198498913687537,22.45230100730792,22.788465336756865,0.4153663835670551,5.4708354730397,,,,,0.4,2.0,20.2,,5.7,,,,,0.4,2.1,20.4,,5.7,38.0,0.85,0.65,42.0,18.0,1.8,18.0,22.0,6.0,26.9,,,,,,,,,,,,,,,,,,,,,,NO ODDS,,,,,,,,,6.7,,EARLY MODERATE,No OVER/UNDER recommendation.
2026,3,,2026-09-27,16:05,00-0035164,Cody Thompson,cody thompson,TB,MIN,WR,LOW TARGET,True,,,1.5,45.5,22.0,,,0,1,3,0.2,0.7,0.1,3,7,0.38,0.79,0.0,1.0,-1.0,21.0,29.34,26.2,53.38,1.01,0.55,0.97,0.982,1.022,Neutral,0.956,0.898,0.88,1.0,0.956,0.893,0.909,0.956,-10.2,-12.0,0.0,-4.4,-10.7,-9.1,-4.4,0.0045788902053712,0.0001110781990521,0.0,0.1242101105845181,0.3245951816745656,4.0921825631911535,4.2163926737756725,0.1287890007898894,0.9020751875987362,,,,,0.1,0.3,4.1,,0.9,,,,,0.1,0.3,3.7,,0.9,38.0,0.85,0.65,42.0,18.0,1.8,18.0,22.0,6.0,26.2,,,,,,,,,,,,,,,,,,,,,,NO ODDS,,,,,,,,,6.6,,EARLY MODERATE,No OVER/UNDER recommendation.
2026,3,,2026-09-27,20:20,00-0036918,Jacob Harris,jacob harris,LAR,DEN,WR,LOW TARGET,False,,,2.5,46.5,22.0,,,0,0,3,0.2,0.7,0.1,3,12,0.76,0.8,0.0,0.8,1.0,20.84,29.73,25.4,55.62,1.012,0.588,1.03,0.97,1.035,Neutral,0.966,0.913,0.88,1.0,0.966,0.979,0.88,0.966,-8.7,-12.0,0.0,-3.4,-2.1,-12.0,-3.4,0.0366311216429699,0.000888625592417,0.0,0.9936808846761452,2.5967614533965246,32.73746050552923,33.73114139020537,1.0303120063191151,7.216601500789888,,,,,1.0,2.8,34.9,,7.5,,,,,1.0,2.7,30.7,,7.2,38.0,0.85,0.65,42.0,18.0,1.8,18.0,22.0,6.0,25.4,,,,,,,,,,,,,,,,,,,,,,NO ODDS,,,,,,,,,6.4,,EARLY MODERATE,No OVER/UNDER recommendation.
2026,3,,2026-09-27,13:00,00-0038667,Elijah Cooks,elijah cooks,JAC,NE,WR,LOW TARGET,True,,,2.5,45.5,21.5,,,0,0,4,0.2,0.7,0.1,4,18,1.94,3.07,0.0,1.7,1.0,19.37,31.56,25.4,52.62,1.005,0.588,1.03,0.97,1.032,Tough,0.919,0.902,0.88,1.0,0.919,0.945,0.88,0.919,-9.8,-12.0,0.0,-8.1,-5.5,-12.0,-8.1,0.0366311216429699,0.000888625592417,0.0,0.9936808846761452,2.5967614533965246,32.73746050552923,33.73114139020537,1.0303120063191151,7.216601500789888,,,,,1.0,2.8,34.8,,7.5,,,,,0.9,2.6,30.6,,6.9,38.0,0.85,0.65,42.0,18.0,1.8,18.0,22.0,6.0,25.4,,,,,,,,,,,,,,,,,,,,,,NO ODDS,,,,,,,,,6.4,,EARLY MODERATE,No OVER/UNDER recommendation.
2026,3,,2026-09-27,16:05,00-0038598,Jaren Hall,jaren hall,MIN,TB,QB,QB,False,,,-1.5,45.5,23.5,,,0,0,3,0.2,0.7,0.1,3,17,0.74,2.46,-1.05,1.65,0.22,10.84,35.39,25.3,56.38,1.025,0.851,1.026,1.018,0.992,Neutral,1.013,1.096,1.079,1.0,1.013,1.0,1.0,1.013,9.6,7.9,0.0,1.3,0.0,0.0,1.3,192.07142857142856,1.1861584011843078,0.0,15.384900074019248,0.0099925980754996,0.0177646188008882,15.402664692820132,207.45632864544783,13.518830495928944,202.1,1.25,0.0,218.3,,,,,14.2,221.5,1.35,0.0,239.3,,,,,14.4,48.73,0.85,0.65,52.65,18.0,1.8,18.0,22.0,6.0,25.3,,,,,,,,,,,,,,,,,,,,,,NO ODDS,,,,,,,,,6.3,,EARLY MODERATE,No OVER/UNDER recommendation.
2026,3,,2026-09-27,13:00,00-0036277,Quintez Cephus,quintez cephus,DET,NYJ,WR,LOW TARGET,True,,,7.0,48.5,20.75,,,0,0,3,0.2,0.7,0.1,3,4,1.67,1.75,0.0,1.75,1.0,18.3,29.7,25.2,58.25,1.004,0.588,1.03,0.916,1.086,Neutral,0.957,0.912,1.12,1.0,0.957,0.959,0.88,0.957,-8.8,12.0,0.0,-4.3,-4.1,-12.0,-4.3,0.0366311216429699,0.000888625592417,0.0,0.9936808846761452,2.5967614533965246,32.73746050552923,33.73114139020537,1.0303120063191151,7.216601500789888,,,,,0.9,2.9,36.6,,7.5,,,,,0.9,2.8,32.2,,7.2,38.0,0.85,0.65,42.0,18.0,1.8,18.0,22.0,6.0,25.2,,,,,,,,,,,,,,,,,,,,,,NO ODDS,,,,,,,,,6.3,,EARLY MODERATE,No OVER/UNDER recommendation.
2026,3,,2026-09-27,13:00,00-0040673,Jalen Milroe,jalen milroe,SEA,WAS,QB,QB,False,,,2.5,41.5,19.5,,,0,3,3,0.2,0.7,0.1,3,5,-0.83,1.11,-0.95,0.2,-1.0,17.73,26.82,25.0,40.62,0.977,0.7,0.97,0.97,1.02,Favorable,1.106,1.099,1.12,1.0,1.106,1.0,1.0,1.106,9.9,12.0,0.0,10.6,0.0,0.0,10.6,24.008928571428577,0.1482698001480385,0.0,2.9647791759190727,0.0012490747594374,0.002220577350111,2.9669997532691834,26.97370774734765,0.9606871453244512,22.8,0.14,0.0,25.6,,,,,0.9,25.1,0.16,0.0,28.1,,,,,1.0,38.0,0.85,0.65,42.0,18.0,1.8,18.0,22.0,6.0,25.0,,,,,,,,,,,,,,,,,,,,,,NO ODDS,,,,,,,,,6.2,,EARLY MODERATE,No OVER/UNDER recommendation.
2026,3,,2026-09-27,13:00,00-0035715,Derrick Gore,derrick gore,WAS,SEA,RB,DEPTH RB,True,,,-2.5,41.5,22.0,,,0,0,3,0.2,0.7,0.1,3,18,0.91,0.99,0.15,1.3,0.3,18.85,29.57,23.4,45.62,1.002,0.602,1.03,1.03,0.97,Neutral,0.94,0.88,0.88,1.0,0.88,1.12,1.12,0.882,-12.0,-12.0,0.0,-12.0,12.0,12.0,-11.8,0.019669551534225,0.001573564122738,0.0,32.999842643587726,1.5476003147128248,11.356726986624706,44.356569630212434,33.01951219512195,7.693878835562549,,,,,35.0,1.5,11.4,45.7,7.9,,,,,30.8,1.7,12.8,40.3,7.4,38.0,0.85,0.65,42.0,18.0,1.8,18.0,22.0,6.0,23.4,,,,,,,,,,,,,,,,,,,,,,NO ODDS,,,,,,,,,5.8,,EARLY MODERATE,No OVER/UNDER recommendation.
2026,3,,2026-09-27,13:00,00-0037410,Jashaun Corbin,jashaun corbin,NYG,TEN,RB,DEPTH RB,True,,,5.5,43.5,19.0,,,0,0,3,0.2,0.7,0.1,3,18,1.43,2.03,0.0,2.15,0.0,15.53,27.69,21.6,44.38,0.976,0.602,1.0,0.934,1.056,Neutral,1.04,1.071,1.016,1.0,1.013,0.88,0.88,0.97,7.1,1.6,0.0,1.3,-12.0,-12.0,-3.0,0.019669551534225,0.001573564122738,0.0,32.999842643587726,1.5476003147128248,11.356726986624706,44.356569630212434,33.01951219512195,7.693878835562549,,,,,30.8,1.6,12.0,44.1,7.5,,,,,31.2,1.4,10.6,42.8,7.8,38.0,0.85,0.65,42.0,18.0,1.8,18.0,22.0,6.0,21.6,,,,,,,,,,,,,,,,,,,,,,NO ODDS,,,,,,,,,5.4,,EARLY MODERATE,No OVER/UNDER recommendation.
2026,3,,2026-09-27,13:00,00-0030565,Geno Smith,geno smith,NYJ,DET,QB,STARTING QB,False,,,-7.0,48.5,27.75,,,2,32,8,0.2,0.7,0.1,8,18,11.66,2.99,9.23,14.08,-0.087,79.61,94.9,88.7,72.25,1.074,0.993,0.99,1.084,0.946,Favorable,1.088,1.108,1.12,1.0,1.088,1.0,1.0,1.088,10.8,12.0,0.0,8.8,0.0,0.0,8.8,221.1519585253457,1.1552229829755736,0.0,11.576134016618516,0.0009992598075499,0.0017764618800888,11.577910478498604,232.72809254196412,13.350433164800268,234.9,1.23,0.0,247.2,,,,,14.2,260.3,1.38,0.0,273.9,,,,,15.4,57.27,0.85,0.65,60.26,18.0,1.8,18.0,22.0,6.0,88.7,4aeee070bb6ec60bdfae4dede61b9014,2026-09-20T17:00:00Z,New York Jets,Green Bay Packers,draftkings,DraftKings,player_pass_yds,Pass Yards,208.5,-111.0,,260.3,57.27,Pass Yards,0.8171315242585515,0.1828684757414485,,0.5260663507109005,,-0.343197874969452,51.8,PASS,,,,-34.3,81.7,18.3,,52.6,61.0,,EARLY MODERATE,No OVER/UNDER recommendation.
2026,3,,2026-09-27,16:25,00-0034796,Lamar Jackson,lamar jackson,BAL,DAL,QB,QB,False,,,3.0,52.5,24.75,,,2,30,8,0.2,0.7,0.1,8,18,15.31,6.98,7.05,20.58,0.49,68.69,92.17,85.0,73.25,1.052,0.818,1.03,0.964,1.058,Favorable,1.074,1.106,1.12,1.0,1.074,1.0,1.0,1.074,10.6,12.0,0.0,7.4,0.0,0.0,7.4,223.02481116584568,1.7073514723023389,0.0,35.454680483592405,0.0009992598075499,0.0017764618800888,35.456456945472496,258.4794916494381,19.157226891957432,241.5,1.85,0.0,279.9,,,,,20.7,267.1,2.07,0.0,309.6,,,,,22.2,58.76,1.14,0.65,68.11,18.0,1.8,18.0,22.0,6.66,85.0,2143ade9684fd876b68a4e8cbf451f05,2026-09-20T17:00:00Z,Baltimore Ravens,New Orleans Saints,draftkings,DraftKings,player_pass_yds,Pass Yards,225.5,-111.0,,267.1,58.76,Pass Yards,0.760516379962668,0.23948362003733203,,0.5260663507109005,,-0.28658273067356843,41.6,PASS,,,,-28.7,76.1,23.9,,52.6,52.4,,EARLY MODERATE,No OVER/UNDER recommendation.
2026,3,,2026-09-27,13:00,00-0039163,C.J. Stroud,cj stroud,HOU,IND,QB,STARTING QB,False,,,2.5,45.5,21.5,,,2,31,8,0.2,0.7,0.1,8,18,15.58,3.66,12.33,17.08,0.043,80.99,95.25,86.2,52.62,1.005,1.064,1.005,0.97,1.032,Favorable,1.108,1.12,0.986,1.0,1.108,1.0,1.0,1.108,12.0,-1.4,0.0,10.8,0.0,0.0,10.8,236.12576036866355,1.1232241350493064,0.0,16.225586781595474,0.0009992598075499,0.0017764618800888,16.227363243475562,252.35134715025904,14.447199178625151,238.5,1.13,0.0,254.9,,,,,14.6,267.1,1.11,0.0,285.5,,,,,16.2,58.76,0.85,0.65,62.81,18.0,1.8,18.0,22.0,6.0,86.2,36ad2fa722f4915ef23d2c81351261de,2026-09-20T17:00:00Z,Houston Texans,Cincinnati Bengals,draftkings,DraftKings,player_pass_yds,Pass Yards,238.5,-113.0,,267.1,58.76,Pass Yards,0.6867736221122083,0.31322637788779173,,0.5305164319248826,,-0.2172900540370909,28.6,PASS,,,,-21.7,68.7,31.3,,53.1,43.0,,EARLY MODERATE,No OVER/UNDER recommendation.
2026,3,,2026-09-27,13:00,00-0034383,Dalton Schultz,dalton schultz,HOU,IND,TE,REGULAR TARGET,False,,,2.5,45.5,21.5,,,2,34,8,0.2,0.7,0.1,8,18,13.44,7.56,6.92,16.27,0.093,64.0,68.87,71.4,52.62,1.005,0.972,1.011,0.97,1.032,Favorable,1.108,1.12,0.986,1.0,1.108,1.12,1.12,1.108,12.0,-1.4,0.0,10.8,12.0,12.0,10.8,0.0079202054118111,7.90045427612088e-05,0.0,0.0336164329448943,5.0873059647071806,52.56073812212117,52.59435455506607,0.0415366383567055,11.158389888022077,,,,,0.0,5.3,54.9,,11.3,,,,,0.0,5.9,61.5,,12.5,38.0,0.85,0.65,42.0,18.0,2.24,23.37,22.0,6.0,71.4,36ad2fa722f4915ef23d2c81351261de,2026-09-20T17:00:00Z,Houston Texans,Cincinnati Bengals,draftkings,DraftKings,player_reception_yds,Receiving Yards,37.5,-115.0,,61.5,23.37,Receiving Yards,0.8477797940705687,0.1522202059294313,,0.5348837209302325,,-0.3826635150008012,24.0,PASS,,,,-38.3,84.8,15.2,,53.5,35.8,,EARLY MODERATE,No OVER/UNDER recommendation.
2026,3,,2026-09-27,13:00,00-0039901,Keon Coleman,keon coleman,BUF,LAC,WR,LOW TARGET,True,,,4.5,49.5,22.5,,,2,25,8,0.2,0.7,0.1,8,18,7.35,4.3,3.68,9.75,-0.146,63.07,62.51,70.2,63.12,1.023,0.661,0.982,0.946,1.064,Neutral,0.936,0.928,0.88,1.0,0.936,0.982,0.951,0.936,-7.2,-12.0,0.0,-6.4,-1.8,-4.9,-6.4,0.0036631121642969,8.886255924170617e-05,0.0,0.3513680884676146,3.077961859625367,38.087888907695785,38.4392569961634,0.3550312006319115,8.45856015007899,,,,,0.3,3.2,39.8,,8.5,,,,,0.3,3.1,37.8,,8.0,38.0,0.85,0.65,42.0,18.0,1.8,18.0,22.0,6.0,70.2,56e8897681915f7ec92baeee952bb1ae,2026-09-18T00:15:00Z,Buffalo Bills,Detroit Lions,draftkings,DraftKings,player_reception_yds,Receiving Yards,13.5,-109.0,,37.8,18.0,Receiving Yards,0.9114920085625979,0.08850799143740207,,0.5215311004784688,,-0.4330231090410668,24.3,PASS,,,,-43.3,91.1,8.9,,52.2,35.8,,EARLY MODERATE,No OVER/UNDER recommendation.
2026,3,,2026-09-27,13:00,00-0034829,Mike Gesicki,mike gesicki,CIN,PIT,TE,LOW TARGET,False,,,2.5,45.5,21.5,,,1,28,8,0.2,0.7,0.1,8,18,9.77,6.78,3.75,14.07,-0.182,59.02,61.8,67.4,52.62,1.005,0.679,0.978,0.97,1.032,Neutral,1.062,1.054,0.952,1.0,1.062,1.06,1.12,1.062,5.4,-4.8,0.0,6.2,6.0,12.0,6.2,0.0079202054118111,7.90045427612088e-05,0.0,0.0336164329448943,3.4690562405751035,41.45078565628636,41.484402089231246,0.0415366383567055,9.516845452065876,,,,,0.0,3.5,41.9,,9.4,,,,,0.0,3.7,46.9,,10.0,38.0,0.85,0.65,42.0,18.0,1.8,18.0,22.0,6.0,67.4,36ad2fa722f4915ef23d2c81351261de,2026-09-20T17:00:00Z,Houston Texans,Cincinnati Bengals,draftkings,DraftKings,player_reception_yds,Receiving Yards,23.5,-109.0,,46.9,18.0,Receiving Yards,0.9031995154143897,0.0968004845856103,,0.5215311004784688,,-0.42473061589285854,23.4,PASS,,,,-42.5,90.3,9.7,,52.2,34.4,,EARLY MODERATE,No OVER/UNDER recommendation.
2026,3,,2026-09-27,13:00,00-0036442,Joe Burrow,joe burrow,CIN,PIT,QB,STARTING QB,False,,,2.5,45.5,21.5,,,2,25,8,0.2,0.7,0.1,8,18,18.4,6.14,15.68,21.7,-0.062,74.97,93.74,84.1,52.62,1.005,1.083,0.993,0.97,1.032,Neutral,1.062,1.054,0.952,1.0,1.062,1.0,1.0,1.062,5.4,-4.8,0.0,6.2,0.0,0.0,6.2,250.8988571428572,2.150472982975574,0.0,8.839490007401926,0.0009992598075499,0.0017764618800888,8.841266469282015,259.7383471502592,18.58079447816433,250.3,2.15,0.0,259.1,,,,,18.5,263.8,2.05,0.0,273.1,,,,,19.6,58.04,1.13,0.65,60.08,18.0,1.8,18.0,22.0,6.0,84.1,36ad2fa722f4915ef23d2c81351261de,2026-09-20T17:00:00Z,Houston Texans,Cincinnati Bengals,draftkings,DraftKings,player_pass_yds,Pass Yards,249.5,-113.0,,263.8,58.04,Pass Yards,0.5973066554016573,0.4026933445983427,,0.5305164319248826,,-0.1278230873265399,14.3,PASS,,,,-12.8,59.7,40.3,,53.1,31.8,,EARLY MODERATE,No OVER/UNDER recommendation.
2026,3,,2026-09-27,13:00,00-0036410,Tee Higgins,tee higgins,CIN,PIT,WR,REGULAR TARGET,False,,,2.5,45.5,21.5,,,2,27,8,0.2,0.7,0.1,8,18,14.37,5.53,9.65,16.15,-0.181,72.21,70.87,74.3,52.62,1.005,1.054,0.978,0.97,1.032,Neutral,1.062,1.054,0.952,1.0,1.062,0.995,0.997,1.062,5.4,-4.8,0.0,6.2,-0.5,-0.3,6.2,0.0036631121642969,8.886255924170617e-05,0.0,0.0993680884676145,4.459065644729153,65.07785675466364,65.17722484313126,0.1030312006319115,14.467272685691528,,,,,0.1,4.5,65.7,,14.2,,,,,0.1,4.5,65.5,,15.1,38.0,0.85,0.65,42.0,18.0,1.8,24.89,22.0,6.0,74.3,36ad2fa722f4915ef23d2c81351261de,2026-09-20T17:00:00Z,Houston Texans,Cincinnati Bengals,draftkings,DraftKings,player_reception_yds,Receiving Yards,51.5,-113.0,,65.5,24.89,Receiving Yards,0.7131037463053831,0.2868962536946169,,0.5305164319248826,,-0.24362017823026572,14.0,PASS,,,,-24.4,71.3,28.7,,53.1,29.1,,EARLY MODERATE,No OVER/UNDER recommendation.
2026,3,,2026-09-27,13:00,00-0039139,Jahmyr Gibbs,jahmyr gibbs,DET,NYJ,RB,FEATURE RB,True,,,7.0,48.5,20.75,,,2,34,8,0.2,0.7,0.1,8,18,21.21,9.84,11.15,25.88,0.979,68.31,92.08,82.6,58.25,1.004,1.2,1.03,0.916,1.086,Neutral,0.957,0.912,1.12,1.0,1.048,0.88,1.01,1.039,-8.8,12.0,0.0,4.8,-12.0,1.0,3.9,0.0019669551534225,0.0001573564122738,0.0,73.20166493662768,4.102964767911314,36.04980562456011,109.2514705611878,73.2036318917811,21.273734713197207,,,,,69.1,4.6,40.3,112.7,22.0,,,,,72.4,4.0,40.7,117.1,21.1,38.0,0.85,0.65,42.0,25.34,1.8,18.0,39.81,6.33,82.6,56e8897681915f7ec92baeee952bb1ae,2026-09-18T00:15:00Z,Buffalo Bills,Detroit Lions,draftkings,DraftKings,player_reception_yds,Receiving Yards,29.5,-112.0,,40.7,18.0,Receiving Yards,0.7331021221378068,0.2668978778621932,,0.5283018867924528,,-0.2614040089302596,11.2,PASS,,,,-26.1,73.3,26.7,,52.8,29.0,,EARLY MODERATE,No OVER/UNDER recommendation.
2026,3,,2026-09-27,16:25,00-0040743,Tyler Shough,tyler shough,NO,LV,QB,STARTING QB,True,,,3.0,45.5,21.25,,,2,11,8,0.2,0.7,0.1,8,18,20.85,2.21,17.9,22.04,0.179,90.41,97.6,88.2,52.25,1.002,1.024,1.021,0.964,1.038,Neutral,0.951,0.937,0.88,1.0,0.951,1.0,1.0,0.951,-6.3,-12.0,0.0,-4.9,0.0,0.0,-4.9,243.39207792207796,1.1292651907677815,0.0,18.574074422986342,0.0009992598075499,0.0017764618800888,18.575850884866437,261.9661523450643,17.096085646995494,249.2,1.16,0.0,268.3,,,,,17.5,233.5,1.02,0.0,251.4,,,,,16.6,51.37,0.85,0.65,55.31,18.0,1.8,18.0,22.0,6.0,88.2,2143ade9684fd876b68a4e8cbf451f05,2026-09-20T17:00:00Z,Baltimore Ravens,New Orleans Saints,draftkings,DraftKings,player_pass_yds,Pass Yards,241.5,-113.0,,233.5,51.37,Pass Yards,0.43812177443841427,0.5618782255615857,,0.5305164319248826,,0.031361793636703106,-8.0,PASS,,,,3.1,43.8,56.2,,53.1,28.0,,EARLY MODERATE,No OVER/UNDER recommendation.
2026,3,,2026-09-27,13:00,00-0036554,Nico Collins,nico collins,HOU,IND,WR,REGULAR TARGET,False,,,2.5,45.5,21.5,,,1,27,8,0.2,0.7,0.1,8,18,16.34,6.26,9.6,22.0,-0.349,72.31,71.23,74.5,52.62,1.005,1.144,0.97,0.97,1.032,Favorable,1.108,1.12,0.986,1.0,1.108,1.12,1.12,1.108,12.0,-1.4,0.0,10.8,12.0,12.0,10.8,0.0036631121642969,8.886255924170617e-05,0.0,1.962615951715478,5.153978139641647,72.10508508189194,74.06770103360745,1.9662790638797751,16.03071997913882,,,,,1.8,5.2,72.2,,15.6,,,,,2.0,5.8,80.9,,17.3,38.0,0.85,0.65,42.0,18.0,2.2,30.74,22.0,6.0,74.5,36ad2fa722f4915ef23d2c81351261de,2026-09-20T17:00:00Z,Houston Texans,Cincinnati Bengals,draftkings,DraftKings,player_reception_yds,Receiving Yards,70.5,-111.0,,80.9,30.74,Receiving Yards,0.6324395026642443,0.3675604973357557,,0.5260663507109005,,-0.15850585337514478,10.4,PASS,,,,-15.9,63.2,36.8,,52.6,26.4,,EARLY MODERATE,No OVER/UNDER recommendation.
2026,3,,2026-09-27,16:25,00-0032764,Derrick Henry,derrick henry,BAL,DAL,RB,FEATURE RB,False,,,3.0,52.5,24.75,,,2,34,8,0.2,0.7,0.1,8,18,22.75,12.04,12.25,25.93,-0.163,65.39,91.35,83.9,73.25,1.052,1.193,0.98,0.964,1.058,Favorable,1.074,1.106,1.12,1.0,1.056,1.12,1.12,1.12,10.6,12.0,0.0,5.6,12.0,12.0,12.0,0.0019669551534225,0.0001573564122738,0.0,93.29738686176135,1.324966295795194,11.93674221737905,105.23412907914044,93.2993538169148,17.85488826552723,,,,,88.2,1.4,12.4,104.3,18.4,,,,,93.1,1.6,13.9,116.8,19.8,38.0,0.85,0.65,42.0,32.58,1.8,18.0,39.71,6.0,83.9,2143ade9684fd876b68a4e8cbf451f05,2026-09-20T17:00:00Z,Baltimore Ravens,New Orleans Saints,draftkings,DraftKings,player_rush_yds,Rush Yards,87.5,-110.0,,93.1,32.58,Rush Yards,0.5682358698593484,0.4317641301406516,,0.5238095238095238,,-0.09204539366887221,5.6,PASS,,,,-9.2,56.8,43.2,,52.4,25.2,,EARLY MODERATE,No OVER/UNDER recommendation.
2026,3,,2026-09-27,13:00,00-0038597,Chase Brown,chase brown,CIN,PIT,RB,FEATURE RB,False,,,2.5,45.5,21.5,,,2,33,8,0.2,0.7,0.1,8,18,20.15,6.84,17.73,21.52,-0.372,74.66,93.67,84.0,52.62,1.005,1.197,0.97,0.97,1.032,Neutral,1.062,1.054,0.952,1.0,1.078,1.053,1.12,1.095,5.4,-4.8,0.0,7.8,5.3,12.0,9.5,0.0019669551534225,0.0001573564122738,0.0,61.68972993535444,3.5963184730297244,20.568113174852957,82.2578431102074,61.69169689050787,15.307991779660156,,,,,58.0,3.6,20.6,79.9,14.9,,,,,62.5,3.8,23.1,87.5,15.8,38.0,0.85,0.65,42.0,21.88,1.8,18.0,29.75,6.0,84.0,36ad2fa722f4915ef23d2c81351261de,2026-09-20T17:00:00Z,Houston Texans,Cincinnati Bengals,draftkings,DraftKings,player_rush_yds,Rush Yards,57.5,-109.0,,62.5,21.88,Rush Yards,0.5903786825321582,0.4096213174678418,,0.5215311004784688,,-0.11190978301062704,5.0,PASS,,,,-11.2,59.0,41.0,,52.2,24.8,,EARLY MODERATE,No OVER/UNDER recommendation.
2026,3,,2026-09-27,13:00,00-0035689,Dawson Knox,dawson knox,BUF,LAC,TE,LOW TARGET,True,,,4.5,49.5,22.5,,,2,30,8,0.2,0.7,0.1,8,18,8.45,5.56,4.85,12.12,-0.282,60.32,60.36,68.7,63.12,1.023,0.55,0.97,0.946,1.064,Neutral,0.936,0.928,0.88,1.0,0.936,0.943,0.956,0.936,-7.2,-12.0,0.0,-6.4,-5.7,-4.4,-6.4,0.0079202054118111,7.90045427612088e-05,0.0,0.0336164329448943,2.016730022731644,21.177216964441797,21.210833397386686,0.0415366383567055,5.977523612985416,,,,,0.0,2.1,21.9,,5.9,,,,,0.0,2.0,20.9,,5.5,38.0,0.85,0.65,42.0,18.0,1.8,18.0,22.0,6.0,68.7,56e8897681915f7ec92baeee952bb1ae,2026-09-18T00:15:00Z,Buffalo Bills,Detroit Lions,draftkings,DraftKings,player_reception_yds,Receiving Yards,12.5,-112.0,,20.9,18.0,Receiving Yards,0.6796308090987295,0.3203691909012705,,0.5283018867924528,,-0.20793269589118235,8.4,PASS,,,,-20.8,68.0,32.0,,52.8,23.5,,EARLY MODERATE,No OVER/UNDER recommendation.
2026,3,,2026-09-27,16:25,00-0037239,Chris Olave,chris olave,NO,LV,WR,HIGH TARGET,True,,,3.0,45.5,21.25,,,2,24,8,0.2,0.7,0.1,8,18,22.79,8.4,15.68,26.47,0.212,73.06,77.1,76.9,52.25,1.002,1.18,1.025,0.964,1.038,Neutral,0.951,0.937,0.88,1.0,0.951,1.011,0.985,0.951,-6.3,-12.0,0.0,-4.9,1.1,-1.5,-4.9,0.0036631121642969,8.886255924170617e-05,0.0,0.1247304073081942,5.98265751179928,74.32467772757157,74.44940813487977,0.1283935194724912,16.384051454426817,,,,,0.1,6.4,79.1,,16.8,,,,,0.1,6.5,77.9,,16.0,38.0,0.85,0.65,42.0,18.0,2.47,29.6,22.0,6.0,76.9,2143ade9684fd876b68a4e8cbf451f05,2026-09-20T17:00:00Z,Baltimore Ravens,New Orleans Saints,draftkings,DraftKings,player_reception_yds,Receiving Yards,72.5,-111.0,,77.9,29.6,Receiving Yards,0.5723783122752867,0.4276216877247133,,0.5260663507109005,,-0.09844466298618715,5.4,PASS,,,,-9.8,57.2,42.8,,52.6,23.3,,EARLY MODERATE,No OVER/UNDER recommendation.
2026,3,,2026-09-27,13:00,00-0036900,Ja'Marr Chase,jamarr chase,CIN,PIT,WR,HIGH TARGET,False,,,2.5,45.5,21.5,,,2,33,8,0.2,0.7,0.1,8,18,18.94,8.21,16.05,23.95,-0.217,69.76,74.31,75.1,52.62,1.005,1.18,0.974,0.97,1.032,Neutral,1.062,1.054,0.952,1.0,1.062,0.995,0.997,1.062,5.4,-4.8,0.0,6.2,-0.5,-0.3,6.2,0.0036631121642969,8.886255924170617e-05,0.0,1.032512027861554,6.821120950534458,80.5748824141893,81.60739444205086,1.0361751400258512,19.748849002892843,,,,,1.0,6.9,81.0,,19.3,,,,,1.1,6.9,80.8,,20.5,38.0,0.85,0.65,42.0,18.0,2.62,30.7,22.0,6.15,75.1,36ad2fa722f4915ef23d2c81351261de,2026-09-20T17:00:00Z,Houston Texans,Cincinnati Bengals,draftkings,DraftKings,player_reception_yds,Receiving Yards,75.5,-114.0,,80.8,30.7,Receiving Yards,0.5685321812267717,0.43146781877322826,,0.5327102803738317,,-0.10124246160060346,5.3,PASS,,,,-10.1,56.9,43.1,,53.3,22.8,,EARLY MODERATE,No OVER/UNDER recommendation.
2026,3,,2026-09-27,16:25,00-0040743,Tyler Shough,tyler shough,NO,LV,QB,STARTING QB,True,,,3.0,45.5,21.25,,,2,11,8,0.2,0.7,0.1,8,18,20.85,2.21,17.9,22.04,0.179,90.41,97.6,88.2,52.25,1.002,1.024,1.021,0.964,1.038,Neutral,0.951,0.937,0.88,1.0,0.951,1.0,1.0,0.951,-6.3,-12.0,0.0,-4.9,0.0,0.0,-4.9,243.39207792207796,1.1292651907677815,0.0,18.574074422986342,0.0009992598075499,0.0017764618800888,18.575850884866437,261.9661523450643,17.096085646995494,249.2,1.16,0.0,268.3,,,,,17.5,233.5,1.02,0.0,251.4,,,,,16.6,51.37,0.85,0.65,55.31,18.0,1.8,18.0,22.0,6.0,88.2,2143ade9684fd876b68a4e8cbf451f05,2026-09-20T17:00:00Z,Baltimore Ravens,New Orleans Saints,draftkings,DraftKings,player_pass_tds,Pass TDs,1.5,-195.0,,1.02,0.85,Pass TDs,0.2861369162661309,0.7138630837338691,,0.6610169491525424,,0.0528461345813267,-0.48,PASS,,,,5.3,28.6,71.4,,66.1,22.4,,EARLY MODERATE,No OVER/UNDER recommendation.
2026,3,,2026-09-27,13:00,00-0030565,Geno Smith,geno smith,NYJ,DET,QB,STARTING QB,False,,,-7.0,48.5,27.75,,,2,32,8,0.2,0.7,0.1,8,18,11.66,2.99,9.23,14.08,-0.087,79.61,94.9,88.7,72.25,1.074,0.993,0.99,1.084,0.946,Favorable,1.088,1.108,1.12,1.0,1.088,1.0,1.0,1.088,10.8,12.0,0.0,8.8,0.0,0.0,8.8,221.1519585253457,1.1552229829755736,0.0,11.576134016618516,0.0009992598075499,0.0017764618800888,11.577910478498604,232.72809254196412,13.350433164800268,234.9,1.23,0.0,247.2,,,,,14.2,260.3,1.38,0.0,273.9,,,,,15.4,57.27,0.85,0.65,60.26,18.0,1.8,18.0,22.0,6.0,88.7,4aeee070bb6ec60bdfae4dede61b9014,2026-09-20T17:00:00Z,New York Jets,Green Bay Packers,draftkings,DraftKings,player_pass_tds,Pass TDs,1.5,-219.0,,1.38,0.85,Pass TDs,0.4438652668201777,0.5561347331798223,,0.6865203761755486,,-0.1303856429957263,-0.12,PASS,,,,-13.0,44.4,55.6,,68.7,22.3,,EARLY MODERATE,No OVER/UNDER recommendation.
2026,3,,2026-09-27,16:25,00-0034796,Lamar Jackson,lamar jackson,BAL,DAL,QB,QB,False,,,3.0,52.5,24.75,,,2,30,8,0.2,0.7,0.1,8,18,15.31,6.98,7.05,20.58,0.49,68.69,92.17,85.0,73.25,1.052,0.818,1.03,0.964,1.058,Favorable,1.074,1.106,1.12,1.0,1.074,1.0,1.0,1.074,10.6,12.0,0.0,7.4,0.0,0.0,7.4,223.02481116584568,1.7073514723023389,0.0,35.454680483592405,0.0009992598075499,0.0017764618800888,35.456456945472496,258.4794916494381,19.157226891957432,241.5,1.85,0.0,279.9,,,,,20.7,267.1,2.07,0.0,309.6,,,,,22.2,58.76,1.14,0.65,68.11,18.0,1.8,18.0,22.0,6.66,85.0,2143ade9684fd876b68a4e8cbf451f05,2026-09-20T17:00:00Z,Baltimore Ravens,New Orleans Saints,draftkings,DraftKings,player_pass_tds,Pass TDs,1.5,-104.0,,2.07,1.14,Pass TDs,0.691462461274013,0.308537538725987,,0.5098039215686274,,-0.20126638284264042,0.57,PASS,,,,-20.1,69.1,30.9,,51.0,21.7,,EARLY MODERATE,No OVER/UNDER recommendation.
2026,3,,2026-09-27,13:00,00-0033106,Jared Goff,jared goff,DET,NYJ,QB,STARTING QB,True,,,7.0,48.5,20.75,,,2,34,8,0.2,0.7,0.1,8,18,19.12,8.58,15.93,25.75,0.137,69.02,92.25,82.9,58.25,1.004,1.059,1.016,0.916,1.086,Neutral,0.957,0.912,1.12,1.0,0.957,1.0,1.0,0.957,-8.8,12.0,0.0,-4.3,0.0,0.0,-4.3,269.0003437738732,2.2636884146027705,0.0,4.649567165537907,0.0143682437647692,0.0953593495806235,4.7449265151185305,273.6499109394112,19.320837977018414,274.4,2.31,0.0,279.1,,,,,19.7,250.3,2.59,0.0,254.5,,,,,18.9,55.07,1.42,0.65,55.99,18.0,1.8,18.0,22.0,6.0,82.9,56e8897681915f7ec92baeee952bb1ae,2026-09-18T00:15:00Z,Buffalo Bills,Detroit Lions,draftkings,DraftKings,player_pass_tds,Pass TDs,1.5,113.0,,2.59,1.42,Pass TDs,0.7786392428344977,0.2213607571655023,,0.4694835680751174,,-0.24812281090961508,1.09,PASS,,,,-24.8,77.9,22.1,,46.9,21.5,,EARLY MODERATE,No OVER/UNDER recommendation.
2026,3,,2026-09-27,13:00,00-0039065,Sam LaPorta,sam laporta,DET,NYJ,TE,REGULAR TARGET,True,,,7.0,48.5,20.75,,,2,25,8,0.2,0.7,0.1,8,18,13.53,5.7,9.08,17.95,-0.126,70.34,68.31,73.6,58.25,1.004,0.801,0.985,0.916,1.086,Neutral,0.957,0.912,1.12,1.0,0.957,1.029,0.99,0.957,-8.8,12.0,0.0,-4.3,2.9,-1.0,-4.3,0.0079202054118111,7.90045427612088e-05,0.0,0.0336164329448943,4.305707034225898,47.87165867215937,47.90527510510426,0.0415366383567055,11.78672640444683,,,,,0.0,4.6,51.2,,11.6,,,,,0.0,4.7,50.7,,11.1,38.0,0.85,0.65,42.0,18.0,1.8,19.27,22.0,6.0,73.6,56e8897681915f7ec92baeee952bb1ae,2026-09-18T00:15:00Z,Buffalo Bills,Detroit Lions,draftkings,DraftKings,player_reception_yds,Receiving Yards,46.5,-114.0,,50.7,19.27,Receiving Yards,0.5862680579054547,0.41373194209454534,,0.5327102803738317,,-0.11897833827928639,4.2,PASS,,,,-11.9,58.6,41.4,,53.3,21.5,,EARLY MODERATE,No OVER/UNDER recommendation.
2026,3,,2026-09-27,13:00,00-0036442,Joe Burrow,joe burrow,CIN,PIT,QB,STARTING QB,False,,,2.5,45.5,21.5,,,2,25,8,0.2,0.7,0.1,8,18,18.4,6.14,15.68,21.7,-0.062,74.97,93.74,84.1,52.62,1.005,1.083,0.993,0.97,1.032,Neutral,1.062,1.054,0.952,1.0,1.062,1.0,1.0,1.062,5.4,-4.8,0.0,6.2,0.0,0.0,6.2,250.8988571428572,2.150472982975574,0.0,8.839490007401926,0.0009992598075499,0.0017764618800888,8.841266469282015,259.7383471502592,18.58079447816433,250.3,2.15,0.0,259.1,,,,,18.5,263.8,2.05,0.0,273.1,,,,,19.6,58.04,1.13,0.65,60.08,18.0,1.8,18.0,22.0,6.0,84.1,36ad2fa722f4915ef23d2c81351261de,2026-09-20T17:00:00Z,Houston Texans,Cincinnati Bengals,draftkings,DraftKings,player_pass_tds,Pass TDs,1.5,-102.0,,2.05,1.13,Pass TDs,0.686773622112208,0.31322637788779195,,0.504950495049505,,-0.191724117161713,0.55,PASS,,,,-19.2,68.7,31.3,,50.5,21.4,,EARLY MODERATE,No OVER/UNDER recommendation.
2026,3,,2026-09-27,16:25,00-0034796,Lamar Jackson,lamar jackson,BAL,DAL,QB,QB,False,,,3.0,52.5,24.75,,,2,30,8,0.2,0.7,0.1,8,18,15.31,6.98,7.05,20.58,0.49,68.69,92.17,85.0,73.25,1.052,0.818,1.03,0.964,1.058,Favorable,1.074,1.106,1.12,1.0,1.074,1.0,1.0,1.074,10.6,12.0,0.0,7.4,0.0,0.0,7.4,223.02481116584568,1.7073514723023389,0.0,35.454680483592405,0.0009992598075499,0.0017764618800888,35.456456945472496,258.4794916494381,19.157226891957432,241.5,1.85,0.0,279.9,,,,,20.7,267.1,2.07,0.0,309.6,,,,,22.2,58.76,1.14,0.65,68.11,18.0,1.8,18.0,22.0,6.66,85.0,2143ade9684fd876b68a4e8cbf451f05,2026-09-20T17:00:00Z,Baltimore Ravens,New Orleans Saints,draftkings,DraftKings,player_rush_yds,Rush Yards,39.5,-111.0,,,18.0,Rush Yards,,,,0.5260663507109005,,,,PASS,,,,,,,,52.6,21.2,,EARLY MODERATE,No OVER/UNDER recommendation.
2026,3,,2026-09-27,13:00,00-0034857,Josh Allen,josh allen,BUF,LAC,QB,STARTING QB,True,,,4.5,49.5,22.5,,,2,32,8,0.2,0.7,0.1,8,18,26.23,12.2,14.57,36.2,0.439,68.25,92.06,83.4,63.12,1.023,0.918,1.03,0.946,1.064,Neutral,0.936,0.928,0.88,1.0,0.936,1.0,1.0,0.936,-7.2,-12.0,0.0,-6.4,0.0,0.0,-6.4,235.288767281106,1.7975616926529931,0.0,37.454475030443405,0.0009992598075499,0.1358490425252501,37.59032407296866,272.7432423115494,25.5179533260906,247.9,1.89,0.0,287.4,,,,,26.9,230.1,1.66,0.0,266.7,,,,,25.2,50.62,0.91,0.65,58.67,18.0,1.8,18.0,22.0,7.56,83.4,56e8897681915f7ec92baeee952bb1ae,2026-09-18T00:15:00Z,Buffalo Bills,Detroit Lions,draftkings,DraftKings,player_pass_tds,Pass TDs,1.5,137.0,,1.66,0.91,Pass TDs,0.5697839620266102,0.4302160379733898,,0.4219409282700422,,0.008275109703347605,0.16,PASS,,,,0.8,57.0,43.0,,42.2,21.0,,EARLY MODERATE,No OVER/UNDER recommendation.
2026,3,,2026-09-27,13:00,00-0039139,Jahmyr Gibbs,jahmyr gibbs,DET,NYJ,RB,FEATURE RB,True,,,7.0,48.5,20.75,,,2,34,8,0.2,0.7,0.1,8,18,21.21,9.84,11.15,25.88,0.979,68.31,92.08,82.6,58.25,1.004,1.2,1.03,0.916,1.086,Neutral,0.957,0.912,1.12,1.0,1.048,0.88,1.01,1.039,-8.8,12.0,0.0,4.8,-12.0,1.0,3.9,0.0019669551534225,0.0001573564122738,0.0,73.20166493662768,4.102964767911314,36.04980562456011,109.2514705611878,73.2036318917811,21.273734713197207,,,,,69.1,4.6,40.3,112.7,22.0,,,,,72.4,4.0,40.7,117.1,21.1,38.0,0.85,0.65,42.0,25.34,1.8,18.0,39.81,6.33,82.6,56e8897681915f7ec92baeee952bb1ae,2026-09-18T00:15:00Z,Buffalo Bills,Detroit Lions,draftkings,DraftKings,player_receptions,Receptions,4.5,-155.0,,4.0,1.8,Receptions,0.390591475433575,0.609408524566425,,0.6078431372549019,,0.0015653873115231143,-0.5,PASS,,,,0.2,39.1,60.9,,60.8,21.0,,EARLY MODERATE,No OVER/UNDER recommendation.
2026,3,,2026-09-27,13:00,00-0038933,Dalton Kincaid,dalton kincaid,BUF,LAC,TE,LOW TARGET,True,,,4.5,49.5,22.5,,,2,25,8,0.2,0.7,0.1,8,18,12.37,7.87,6.23,19.02,1.0,61.11,63.42,70.1,63.12,1.023,0.733,1.03,0.946,1.064,Neutral,0.936,0.928,0.88,1.0,0.936,0.943,0.956,0.936,-7.2,-12.0,0.0,-6.4,-5.7,-4.4,-6.4,0.0079202054118111,7.90045427612088e-05,0.0,0.0336164329448943,3.79556417708304,52.4302301007308,52.4638465336757,0.0415366383567055,11.228440690161111,,,,,0.0,4.2,57.5,,11.8,,,,,0.0,4.0,55.0,,11.0,38.0,0.85,0.65,42.0,18.0,1.8,20.9,22.0,6.0,70.1,56e8897681915f7ec92baeee952bb1ae,2026-09-18T00:15:00Z,Buffalo Bills,Detroit Lions,draftkings,DraftKings,player_reception_yds,Receiving Yards,50.5,-113.0,,55.0,20.9,Receiving Yards,0.5852375748720309,0.4147624251279691,,0.5305164319248826,,-0.1157540067969135,4.5,PASS,,,,-11.6,58.5,41.5,,53.1,20.9,,EARLY MODERATE,No OVER/UNDER recommendation.
2026,3,,2026-09-27,13:00,00-0034857,Josh Allen,josh allen,BUF,LAC,QB,STARTING QB,True,,,4.5,49.5,22.5,,,2,32,8,0.2,0.7,0.1,8,18,26.23,12.2,14.57,36.2,0.439,68.25,92.06,83.4,63.12,1.023,0.918,1.03,0.946,1.064,Neutral,0.936,0.928,0.88,1.0,0.936,1.0,1.0,0.936,-7.2,-12.0,0.0,-6.4,0.0,0.0,-6.4,235.288767281106,1.7975616926529931,0.0,37.454475030443405,0.0009992598075499,0.1358490425252501,37.59032407296866,272.7432423115494,25.5179533260906,247.9,1.89,0.0,287.4,,,,,26.9,230.1,1.66,0.0,266.7,,,,,25.2,50.62,0.91,0.65,58.67,18.0,1.8,18.0,22.0,7.56,83.4,56e8897681915f7ec92baeee952bb1ae,2026-09-18T00:15:00Z,Buffalo Bills,Detroit Lions,draftkings,DraftKings,player_rush_yds,Rush Yards,31.5,-111.0,,,18.0,Rush Yards,,,,0.5260663507109005,,,,PASS,,,,,,,,52.6,20.8,,EARLY MODERATE,No OVER/UNDER recommendation.
2026,3,,2026-09-27,16:05,00-0032950,Carson Wentz,carson wentz,MIN,TB,QB,QB,False,,,-1.5,45.5,23.5,,,2,7,8,0.2,0.7,0.1,8,18,12.42,5.65,7.4,16.3,-0.295,68.72,92.18,76.3,56.38,1.025,0.858,0.97,1.018,0.992,Neutral,1.013,1.096,1.079,1.0,1.013,1.0,1.0,1.013,9.6,7.9,0.0,1.3,0.0,0.0,1.3,192.9928571428572,0.9186158401184308,0.0,8.967061435973354,0.0009992598075499,0.0017764618800888,8.968837897853444,201.9599185788305,11.360454478164325,191.9,0.91,0.0,200.8,,,,,11.3,210.3,0.98,0.0,220.1,,,,,11.4,46.27,0.85,0.65,48.42,18.0,1.8,18.0,22.0,6.0,76.3,0283a29e1b38ef78b29b904fd56a16dd,2026-09-20T17:00:00Z,Chicago Bears,Minnesota Vikings,draftkings,DraftKings,player_pass_yds,Pass Yards,212.5,-112.0,,210.3,46.27,Pass Yards,0.4810386333732687,0.5189613666267313,,0.5283018867924528,,-0.009340520165721511,-2.2,PASS,,,,-0.9,48.1,51.9,,52.8,20.7,,EARLY MODERATE,No OVER/UNDER recommendation.
2026,3,,2026-09-27,13:00,00-0036963,Amon-Ra St. Brown,amon ra st brown,DET,NYJ,WR,HIGH TARGET,True,,,7.0,48.5,20.75,,,2,34,8,0.2,0.7,0.1,8,18,23.26,11.86,13.45,30.32,0.354,66.24,78.08,76.5,58.25,1.004,1.18,1.03,0.916,1.086,Neutral,0.957,0.912,1.12,1.0,0.957,0.959,0.88,0.957,-8.8,12.0,0.0,-4.3,-4.1,-12.0,-4.3,0.0972459998648317,0.0134578465164609,0.0,0.4116675537082563,6.939278895530639,83.71263069531993,84.1242982490282,0.5089135535730881,20.620231578650426,,,,,0.4,7.8,93.7,,21.3,,,,,0.4,7.5,82.5,,20.4,38.0,0.85,0.65,42.0,18.0,2.85,31.35,22.0,6.12,76.5,56e8897681915f7ec92baeee952bb1ae,2026-09-18T00:15:00Z,Buffalo Bills,Detroit Lions,draftkings,DraftKings,player_reception_yds,Receiving Yards,80.5,-111.0,,82.5,31.35,Receiving Yards,0.5254336099268233,0.4745663900731767,,0.5260663507109005,,-0.051499960637723774,2.0,PASS,,,,-5.1,52.5,47.5,,52.6,20.6,,EARLY MODERATE,No OVER/UNDER recommendation.
2026,3,,2026-09-27,13:00,00-0039150,Bryce Young,bryce young,CAR,CLE,QB,STARTING QB,False,,,2.5,40.5,19.0,,,2,30,8,0.2,0.7,0.1,8,18,19.24,7.43,13.78,22.92,0.719,72.15,93.04,80.9,37.62,0.97,0.948,1.03,0.97,1.017,Neutral,0.948,0.88,1.049,1.0,0.948,1.0,1.0,0.948,-12.0,4.9,0.0,-5.2,0.0,0.0,-5.2,210.21824302134647,1.6618342309230285,0.0,13.95326833252508,0.0009992598075499,0.0017764618800888,13.955044794405168,224.1715113538716,16.553410800003405,210.0,1.66,0.0,224.0,,,,,16.5,184.8,1.74,0.0,197.1,,,,,15.6,40.66,0.96,0.65,43.36,18.0,1.8,18.0,22.0,6.0,80.9,aee7eae1849ebb103b9bf233e9741392,2026-09-20T17:00:00Z,Atlanta Falcons,Carolina Panthers,draftkings,DraftKings,player_pass_tds,Pass TDs,1.5,-143.0,,1.74,0.96,Pass TDs,0.5987063256829237,0.4012936743170763,,0.588477366255144,,-0.18718369193806772,0.24,PASS,,,,-18.7,59.9,40.1,,58.8,20.4,,EARLY MODERATE,No OVER/UNDER recommendation.
2026,3,,2026-09-27,13:00,00-0037740,Garrett Wilson,garrett wilson,NYJ,DET,WR,REGULAR TARGET,False,,,-7.0,48.5,27.75,,,2,24,8,0.2,0.7,0.1,8,18,12.88,7.73,7.83,19.38,-0.298,62.51,68.91,74.0,72.25,1.074,1.12,0.97,1.084,0.946,Favorable,1.088,1.108,1.12,1.0,1.088,1.083,1.12,1.088,10.8,12.0,0.0,8.8,8.3,12.0,8.8,0.0036631121642969,8.886255924170617e-05,0.0,0.1881362044096435,5.194717553207148,58.57509180624651,58.76322801065615,0.1917993165739405,13.954305077615222,,,,,0.2,4.8,53.8,,14.5,,,,,0.2,5.2,60.3,,15.8,38.0,0.85,0.65,42.0,18.0,1.98,22.91,22.0,6.0,74.0,4aeee070bb6ec60bdfae4dede61b9014,2026-09-20T17:00:00Z,New York Jets,Green Bay Packers,draftkings,DraftKings,player_reception_yds,Receiving Yards,62.5,-111.0,,60.3,22.91,Receiving Yards,0.46174919292101535,0.5382508070789846,,0.5260663507109005,,0.012184456368084184,-2.2,PASS,,,,1.2,46.2,53.8,,52.6,20.2,,EARLY MODERATE,No OVER/UNDER recommendation.
2026,3,,2026-09-27,13:00,00-0037261,Khalil Shakir,khalil shakir,BUF,LAC,WR,REGULAR TARGET,True,,,4.5,49.5,22.5,,,2,31,8,0.2,0.7,0.1,8,18,8.74,3.38,7.25,10.07,-0.112,72.15,68.02,74.7,63.12,1.023,0.857,0.987,0.946,1.064,Neutral,0.936,0.928,0.88,1.0,0.936,0.982,0.951,0.936,-7.2,-12.0,0.0,-6.4,-1.8,-4.9,-6.4,0.0036631121642969,8.886255924170617e-05,0.0,0.2858197013708403,4.208431905708316,45.19752485239624,45.48334455376708,0.2894828135351373,9.860793790631984,,,,,0.3,4.4,47.5,,10.0,,,,,0.3,4.3,45.2,,9.4,38.0,0.85,0.65,42.0,18.0,1.8,18.0,22.0,6.0,74.7,56e8897681915f7ec92baeee952bb1ae,2026-09-18T00:15:00Z,Buffalo Bills,Detroit Lions,draftkings,DraftKings,player_reception_yds,Receiving Yards,43.5,-112.0,,45.2,18.0,Receiving Yards,0.5376219440008222,0.4623780559991778,,0.5283018867924528,,-0.06592383079327502,1.7,PASS,,,,-6.6,53.8,46.2,,52.8,20.0,,EARLY MODERATE,No OVER/UNDER recommendation.
2026,3,,2026-09-27,13:00,00-0034383,Dalton Schultz,dalton schultz,HOU,IND,TE,REGULAR TARGET,False,,,2.5,45.5,21.5,,,2,34,8,0.2,0.7,0.1,8,18,13.44,7.56,6.92,16.27,0.093,64.0,68.87,71.4,52.62,1.005,0.972,1.011,0.97,1.032,Favorable,1.108,1.12,0.986,1.0,1.108,1.12,1.12,1.108,12.0,-1.4,0.0,10.8,12.0,12.0,10.8,0.0079202054118111,7.90045427612088e-05,0.0,0.0336164329448943,5.0873059647071806,52.56073812212117,52.59435455506607,0.0415366383567055,11.158389888022077,,,,,0.0,5.3,54.9,,11.3,,,,,0.0,5.9,61.5,,12.5,38.0,0.85,0.65,42.0,18.0,2.24,23.37,22.0,6.0,71.4,36ad2fa722f4915ef23d2c81351261de,2026-09-20T17:00:00Z,Houston Texans,Cincinnati Bengals,draftkings,DraftKings,player_receptions,Receptions,3.5,100.0,,5.9,2.24,Receptions,0.8580116141245442,0.1419883858754558,,0.5,,-0.3580116141245442,2.4,PASS,,,,-35.8,85.8,14.2,,50.0,19.7,,EARLY MODERATE,No OVER/UNDER recommendation.
2026,3,,2026-09-27,13:00,00-0036410,Tee Higgins,tee higgins,CIN,PIT,WR,REGULAR TARGET,False,,,2.5,45.5,21.5,,,2,27,8,0.2,0.7,0.1,8,18,14.37,5.53,9.65,16.15,-0.181,72.21,70.87,74.3,52.62,1.005,1.054,0.978,0.97,1.032,Neutral,1.062,1.054,0.952,1.0,1.062,0.995,0.997,1.062,5.4,-4.8,0.0,6.2,-0.5,-0.3,6.2,0.0036631121642969,8.886255924170617e-05,0.0,0.0993680884676145,4.459065644729153,65.07785675466364,65.17722484313126,0.1030312006319115,14.467272685691528,,,,,0.1,4.5,65.7,,14.2,,,,,0.1,4.5,65.5,,15.1,38.0,0.85,0.65,42.0,18.0,1.8,24.89,22.0,6.0,74.3,36ad2fa722f4915ef23d2c81351261de,2026-09-20T17:00:00Z,Houston Texans,Cincinnati Bengals,draftkings,DraftKings,player_receptions,Receptions,3.5,113.0,,4.5,1.8,Receptions,0.710742639246028,0.289257360753972,,0.4694835680751174,,-0.18022620732114536,1.0,PASS,,,,-18.0,71.1,28.9,,46.9,19.3,,EARLY MODERATE,No OVER/UNDER recommendation.
2026,3,,2026-09-27,16:25,00-0037239,Chris Olave,chris olave,NO,LV,WR,HIGH TARGET,True,,,3.0,45.5,21.25,,,2,24,8,0.2,0.7,0.1,8,18,22.79,8.4,15.68,26.47,0.212,73.06,77.1,76.9,52.25,1.002,1.18,1.025,0.964,1.038,Neutral,0.951,0.937,0.88,1.0,0.951,1.011,0.985,0.951,-6.3,-12.0,0.0,-4.9,1.1,-1.5,-4.9,0.0036631121642969,8.886255924170617e-05,0.0,0.1247304073081942,5.98265751179928,74.32467772757157,74.44940813487977,0.1283935194724912,16.384051454426817,,,,,0.1,6.4,79.1,,16.8,,,,,0.1,6.5,77.9,,16.0,38.0,0.85,0.65,42.0,18.0,2.47,29.6,22.0,6.0,76.9,2143ade9684fd876b68a4e8cbf451f05,2026-09-20T17:00:00Z,Baltimore Ravens,New Orleans Saints,draftkings,DraftKings,player_receptions,Receptions,6.5,-147.0,,6.5,2.47,Receptions,0.5,0.5,,0.5951417004048583,,-0.09514170040485825,0.0,PASS,,,,-9.5,50.0,50.0,,59.5,19.2,,EARLY MODERATE,No OVER/UNDER recommendation.
2026,3,,2026-09-27,13:00,00-0036963,Amon-Ra St. Brown,amon ra st brown,DET,NYJ,WR,HIGH TARGET,True,,,7.0,48.5,20.75,,,2,34,8,0.2,0.7,0.1,8,18,23.26,11.86,13.45,30.32,0.354,66.24,78.08,76.5,58.25,1.004,1.18,1.03,0.916,1.086,Neutral,0.957,0.912,1.12,1.0,0.957,0.959,0.88,0.957,-8.8,12.0,0.0,-4.3,-4.1,-12.0,-4.3,0.0972459998648317,0.0134578465164609,0.0,0.4116675537082563,6.939278895530639,83.71263069531993,84.1242982490282,0.5089135535730881,20.620231578650426,,,,,0.4,7.8,93.7,,21.3,,,,,0.4,7.5,82.5,,20.4,38.0,0.85,0.65,42.0,18.0,2.85,31.35,22.0,6.12,76.5,56e8897681915f7ec92baeee952bb1ae,2026-09-18T00:15:00Z,Buffalo Bills,Detroit Lions,draftkings,DraftKings,player_receptions,Receptions,7.5,-128.0,,7.5,2.85,Receptions,0.5,0.5,,0.5614035087719298,,-0.06140350877192979,0.0,PASS,,,,-6.1,50.0,50.0,,56.1,19.1,,EARLY MODERATE,No OVER/UNDER recommendation.
2026,3,,2026-09-27,13:00,00-0036900,Ja'Marr Chase,jamarr chase,CIN,PIT,WR,HIGH TARGET,False,,,2.5,45.5,21.5,,,2,33,8,0.2,0.7,0.1,8,18,18.94,8.21,16.05,23.95,-0.217,69.76,74.31,75.1,52.62,1.005,1.18,0.974,0.97,1.032,Neutral,1.062,1.054,0.952,1.0,1.062,0.995,0.997,1.062,5.4,-4.8,0.0,6.2,-0.5,-0.3,6.2,0.0036631121642969,8.886255924170617e-05,0.0,1.032512027861554,6.821120950534458,80.5748824141893,81.60739444205086,1.0361751400258512,19.748849002892843,,,,,1.0,6.9,81.0,,19.3,,,,,1.1,6.9,80.8,,20.5,38.0,0.85,0.65,42.0,18.0,2.62,30.7,22.0,6.15,75.1,36ad2fa722f4915ef23d2c81351261de,2026-09-20T17:00:00Z,Houston Texans,Cincinnati Bengals,draftkings,DraftKings,player_receptions,Receptions,6.5,-115.0,,6.9,2.62,Receptions,0.5606714323629982,0.4393285676370018,,0.5348837209302325,,-0.09555515329323072,0.4,PASS,,,,-9.6,56.1,43.9,,53.5,19.1,,EARLY MODERATE,No OVER/UNDER recommendation.
2026,3,,2026-09-27,13:00,00-0039491,Jalen Coker,jalen coker,CAR,CLE,WR,REGULAR TARGET,False,,,2.5,40.5,19.0,,,2,22,8,0.2,0.7,0.1,8,18,15.36,9.36,7.33,16.88,1.0,62.13,66.34,67.7,37.62,0.97,0.731,1.03,0.97,1.017,Neutral,0.948,0.88,1.049,1.0,0.948,0.88,0.88,0.948,-12.0,4.9,0.0,-5.2,-12.0,-12.0,-5.2,0.5958709043720893,8.886255924170617e-05,0.0,0.0993680884676145,4.01681900248251,48.56984994665682,48.66921803512443,0.6952389928397038,10.777556253975094,,,,,0.1,4.2,50.9,,10.8,,,,,0.1,3.7,44.8,,10.2,38.0,0.85,0.65,42.0,18.0,1.8,18.0,22.0,6.0,67.7,aee7eae1849ebb103b9bf233e9741392,2026-09-20T17:00:00Z,Atlanta Falcons,Carolina Panthers,draftkings,DraftKings,player_reception_yds,Receiving Yards,47.5,-112.0,,44.8,18.0,Receiving Yards,0.4403823076297574,0.5596176923702426,,0.5283018867924528,,0.03131580557778979,-2.7,PASS,,,,3.1,44.0,56.0,,52.8,19.0,,EARLY MODERATE,No OVER/UNDER recommendation.
2026,3,,2026-09-27,13:00,00-0037261,Khalil Shakir,khalil shakir,BUF,LAC,WR,REGULAR TARGET,True,,,4.5,49.5,22.5,,,2,31,8,0.2,0.7,0.1,8,18,8.74,3.38,7.25,10.07,-0.112,72.15,68.02,74.7,63.12,1.023,0.857,0.987,0.946,1.064,Neutral,0.936,0.928,0.88,1.0,0.936,0.982,0.951,0.936,-7.2,-12.0,0.0,-6.4,-1.8,-4.9,-6.4,0.0036631121642969,8.886255924170617e-05,0.0,0.2858197013708403,4.208431905708316,45.19752485239624,45.48334455376708,0.2894828135351373,9.860793790631984,,,,,0.3,4.4,47.5,,10.0,,,,,0.3,4.3,45.2,,9.4,38.0,0.85,0.65,42.0,18.0,1.8,18.0,22.0,6.0,74.7,56e8897681915f7ec92baeee952bb1ae,2026-09-18T00:15:00Z,Buffalo Bills,Detroit Lions,draftkings,DraftKings,player_receptions,Receptions,4.5,-142.0,,4.3,1.8,Receptions,0.4557641189546886,0.5442358810453114,,0.5867768595041323,,-0.04254097845882088,-0.2,PASS,,,,-4.3,45.6,54.4,,58.7,18.8,,EARLY MODERATE,No OVER/UNDER recommendation.
2026,3,,2026-09-27,13:00,00-0036554,Nico Collins,nico collins,HOU,IND,WR,REGULAR TARGET,False,,,2.5,45.5,21.5,,,1,27,8,0.2,0.7,0.1,8,18,16.34,6.26,9.6,22.0,-0.349,72.31,71.23,74.5,52.62,1.005,1.144,0.97,0.97,1.032,Favorable,1.108,1.12,0.986,1.0,1.108,1.12,1.12,1.108,12.0,-1.4,0.0,10.8,12.0,12.0,10.8,0.0036631121642969,8.886255924170617e-05,0.0,1.962615951715478,5.153978139641647,72.10508508189194,74.06770103360745,1.9662790638797751,16.03071997913882,,,,,1.8,5.2,72.2,,15.6,,,,,2.0,5.8,80.9,,17.3,38.0,0.85,0.65,42.0,18.0,2.2,30.74,22.0,6.0,74.5,36ad2fa722f4915ef23d2c81351261de,2026-09-20T17:00:00Z,Houston Texans,Cincinnati Bengals,draftkings,DraftKings,player_receptions,Receptions,5.5,-146.0,,5.8,2.2,Receptions,0.5542330904584227,0.44576690954157727,,0.5934959349593496,,-0.14772902541777233,0.3,PASS,,,,-14.8,55.4,44.6,,59.3,18.8,,EARLY MODERATE,No OVER/UNDER recommendation.
2026,3,,2026-09-27,13:00,00-0039901,Keon Coleman,keon coleman,BUF,LAC,WR,LOW TARGET,True,,,4.5,49.5,22.5,,,2,25,8,0.2,0.7,0.1,8,18,7.35,4.3,3.68,9.75,-0.146,63.07,62.51,70.2,63.12,1.023,0.661,0.982,0.946,1.064,Neutral,0.936,0.928,0.88,1.0,0.936,0.982,0.951,0.936,-7.2,-12.0,0.0,-6.4,-1.8,-4.9,-6.4,0.0036631121642969,8.886255924170617e-05,0.0,0.3513680884676146,3.077961859625367,38.087888907695785,38.4392569961634,0.3550312006319115,8.45856015007899,,,,,0.3,3.2,39.8,,8.5,,,,,0.3,3.1,37.8,,8.0,38.0,0.85,0.65,42.0,18.0,1.8,18.0,22.0,6.0,70.2,56e8897681915f7ec92baeee952bb1ae,2026-09-18T00:15:00Z,Buffalo Bills,Detroit Lions,draftkings,DraftKings,player_receptions,Receptions,1.5,-174.0,,3.1,1.8,Receptions,0.8129686012545587,0.18703139874544128,,0.635036496350365,,-0.4480050976049237,1.6,PASS,,,,-44.8,81.3,18.7,,63.5,18.8,,EARLY MODERATE,No OVER/UNDER recommendation.
2026,3,,2026-09-27,13:00,00-0040669,Isaac TeSlaa,isaac teslaa,DET,NYJ,WR,LOW TARGET,True,,,7.0,48.5,20.75,,,2,14,8,0.2,0.7,0.1,8,18,6.55,5.73,2.1,12.1,-0.746,53.33,58.69,65.5,58.25,1.004,0.55,0.97,0.916,1.086,Neutral,0.957,0.912,1.12,1.0,0.957,0.959,0.88,0.957,-8.8,12.0,0.0,-4.3,-4.1,-12.0,-4.3,0.0036631121642969,8.886255924170617e-05,0.0,0.0993680884676145,1.450884936548444,20.324295501102373,20.423663589569987,0.1030312006319115,5.497044765463605,,,,,0.1,1.5,21.4,,5.4,,,,,0.1,1.4,18.8,,5.2,38.0,0.85,0.65,42.0,18.0,1.8,18.0,22.0,6.0,65.5,56e8897681915f7ec92baeee952bb1ae,2026-09-18T00:15:00Z,Buffalo Bills,Detroit Lions,draftkings,DraftKings,player_reception_yds,Receiving Yards,15.5,-113.0,,18.8,18.0,Receiving Yards,0.5727317593030405,0.42726824069695946,,0.5305164319248826,,-0.10324819122792317,3.3,PASS,,,,-10.3,57.3,42.7,,53.1,18.8,,EARLY MODERATE,No OVER/UNDER recommendation.
2026,3,,2026-09-27,13:00,00-0038618,Xavier Hutchinson,xavier hutchinson,HOU,IND,WR,REGULAR TARGET,False,,,2.5,45.5,21.5,,,2,30,8,0.2,0.7,0.1,8,18,5.69,3.88,2.3,6.33,1.0,59.47,64.35,68.5,52.62,1.005,0.592,1.03,0.97,1.032,Favorable,1.108,1.12,0.986,1.0,1.108,1.12,1.12,1.108,12.0,-1.4,0.0,10.8,12.0,12.0,10.8,0.0036631121642969,8.886255924170617e-05,0.0,0.7382186631802582,2.062204880971837,24.71262946598807,25.450848129168325,0.7418817753445551,5.203686422656987,,,,,0.7,2.2,26.3,,5.4,,,,,0.8,2.5,29.5,,6.0,38.0,0.85,0.65,42.0,18.0,1.8,18.0,22.0,6.0,68.5,36ad2fa722f4915ef23d2c81351261de,2026-09-20T17:00:00Z,Houston Texans,Cincinnati Bengals,draftkings,DraftKings,player_reception_yds,Receiving Yards,27.5,-110.0,,29.5,18.0,Receiving Yards,0.5442358810453114,0.4557641189546886,,0.5238095238095238,,-0.06804540485483523,2.0,PASS,,,,-6.8,54.4,45.6,,52.4,18.6,,EARLY MODERATE,No OVER/UNDER recommendation.
2026,3,,2026-09-27,13:00,00-0039065,Sam LaPorta,sam laporta,DET,NYJ,TE,REGULAR TARGET,True,,,7.0,48.5,20.75,,,2,25,8,0.2,0.7,0.1,8,18,13.53,5.7,9.08,17.95,-0.126,70.34,68.31,73.6,58.25,1.004,0.801,0.985,0.916,1.086,Neutral,0.957,0.912,1.12,1.0,0.957,1.029,0.99,0.957,-8.8,12.0,0.0,-4.3,2.9,-1.0,-4.3,0.0079202054118111,7.90045427612088e-05,0.0,0.0336164329448943,4.305707034225898,47.87165867215937,47.90527510510426,0.0415366383567055,11.78672640444683,,,,,0.0,4.6,51.2,,11.6,,,,,0.0,4.7,50.7,,11.1,38.0,0.85,0.65,42.0,18.0,1.8,19.27,22.0,6.0,73.6,56e8897681915f7ec92baeee952bb1ae,2026-09-18T00:15:00Z,Buffalo Bills,Detroit Lions,draftkings,DraftKings,player_receptions,Receptions,4.5,-134.0,,4.7,1.8,Receptions,0.5442358810453114,0.4557641189546886,,0.5726495726495726,,-0.11688545369488401,0.2,PASS,,,,-11.7,54.4,45.6,,57.3,18.5,,EARLY MODERATE,No OVER/UNDER recommendation.
2026,3,,2026-09-27,16:25,00-0039424,Devaughn Vele,devaughn vele,NO,LV,WR,REGULAR TARGET,True,,,3.0,45.5,21.25,,,2,22,8,0.2,0.7,0.1,8,18,11.75,6.81,5.65,13.9,0.168,63.32,67.28,70.6,52.25,1.002,0.703,1.02,0.964,1.038,Neutral,0.951,0.937,0.88,1.0,0.951,1.011,0.985,0.951,-6.3,-12.0,0.0,-4.9,1.1,-1.5,-4.9,0.0036631121642969,8.886255924170617e-05,0.0,0.0993680884676145,3.441494327157834,40.88803176483864,40.98739985330626,0.1030312006319115,9.020751059169898,,,,,0.1,3.6,43.3,,9.2,,,,,0.1,3.6,42.7,,8.7,38.0,0.85,0.65,42.0,18.0,1.8,18.0,22.0,6.0,70.6,2143ade9684fd876b68a4e8cbf451f05,2026-09-20T17:00:00Z,Baltimore Ravens,New Orleans Saints,draftkings,DraftKings,player_reception_yds,Receiving Yards,41.5,-110.0,,42.7,18.0,Receiving Yards,0.5265764643003652,0.4734235356996348,,0.5238095238095238,,-0.050385988109889035,1.2,PASS,,,,-5.0,52.7,47.3,,52.4,18.5,,EARLY MODERATE,No OVER/UNDER recommendation.
2026,3,,2026-09-27,13:00,00-0040124,Tetairoa McMillan,tetairoa mcmillan,CAR,CLE,WR,REGULAR TARGET,False,,,2.5,40.5,19.0,,,2,17,8,0.2,0.7,0.1,8,18,10.98,5.27,9.0,13.15,0.506,67.58,68.73,70.0,37.62,0.97,1.021,1.03,0.97,1.017,Neutral,0.948,0.88,1.049,1.0,0.948,0.88,0.88,0.948,-12.0,4.9,0.0,-5.2,-12.0,-12.0,-5.2,0.0036631121642969,8.886255924170617e-05,0.0,0.0993680884676145,4.031734968869065,62.61376705895629,62.71313514742391,0.1030312006319115,12.188435360163025,,,,,0.1,4.2,65.6,,12.2,,,,,0.1,3.7,57.7,,11.6,38.0,0.85,0.65,42.0,18.0,1.8,21.93,22.0,6.0,70.0,aee7eae1849ebb103b9bf233e9741392,2026-09-20T17:00:00Z,Atlanta Falcons,Carolina Panthers,draftkings,DraftKings,player_reception_yds,Receiving Yards,58.5,-111.0,,57.7,21.93,Receiving Yards,0.4854499292396709,0.5145500707603291,,0.5260663507109005,,-0.011516279950571362,-0.8,PASS,,,,-1.2,48.5,51.5,,52.6,18.1,,EARLY MODERATE,No OVER/UNDER recommendation.
2026,3,,2026-09-27,13:00,00-0037240,Jameson Williams,jameson williams,DET,NYJ,WR,REGULAR TARGET,True,,,7.0,48.5,20.75,,,2,32,8,0.2,0.7,0.1,8,18,12.6,7.39,7.8,19.57,-0.383,63.01,68.87,72.0,58.25,1.004,0.828,0.97,0.916,1.086,Neutral,0.957,0.912,1.12,1.0,0.957,0.959,0.88,0.957,-8.8,12.0,0.0,-4.3,-4.1,-12.0,-4.3,0.0036631121642969,8.886255924170617e-05,0.0,1.3723519594353566,3.541703795109238,57.48345227175109,58.85580423118643,1.3760150715996535,11.482601970355487,,,,,1.2,3.7,60.6,,11.2,,,,,1.1,3.5,53.3,,10.7,38.0,0.85,0.65,42.0,18.0,1.8,20.25,22.0,6.0,72.0,56e8897681915f7ec92baeee952bb1ae,2026-09-18T00:15:00Z,Buffalo Bills,Detroit Lions,draftkings,DraftKings,player_receptions,Receptions,3.5,126.0,,3.5,1.8,Receptions,0.5,0.5,,0.4424778761061947,,0.05752212389380529,0.0,PASS,,,,5.8,50.0,50.0,,44.2,18.0,,EARLY MODERATE,No OVER/UNDER recommendation.
2026,3,,2026-09-27,13:00,00-0038933,Dalton Kincaid,dalton kincaid,BUF,LAC,TE,LOW TARGET,True,,,4.5,49.5,22.5,,,2,25,8,0.2,0.7,0.1,8,18,12.37,7.87,6.23,19.02,1.0,61.11,63.42,70.1,63.12,1.023,0.733,1.03,0.946,1.064,Neutral,0.936,0.928,0.88,1.0,0.936,0.943,0.956,0.936,-7.2,-12.0,0.0,-6.4,-5.7,-4.4,-6.4,0.0079202054118111,7.90045427612088e-05,0.0,0.0336164329448943,3.79556417708304,52.4302301007308,52.4638465336757,0.0415366383567055,11.228440690161111,,,,,0.0,4.2,57.5,,11.8,,,,,0.0,4.0,55.0,,11.0,38.0,0.85,0.65,42.0,18.0,1.8,20.9,22.0,6.0,70.1,56e8897681915f7ec92baeee952bb1ae,2026-09-18T00:15:00Z,Buffalo Bills,Detroit Lions,draftkings,DraftKings,player_receptions,Receptions,3.5,126.0,,4.0,1.8,Receptions,0.609408524566425,0.390591475433575,,0.4424778761061947,,-0.05188640067261974,0.5,PASS,,,,-5.2,60.9,39.1,,44.2,17.9,,EARLY MODERATE,No OVER/UNDER recommendation.
2026,3,,2026-09-27,16:05,00-0038994,Jordan Addison,jordan addison,MIN,TB,WR,LOW TARGET,False,,,-1.5,45.5,23.5,,,2,29,8,0.2,0.7,0.1,8,18,5.57,4.18,3.52,9.0,-0.77,57.13,60.94,67.1,56.38,1.025,0.779,0.97,1.018,0.992,Neutral,1.013,1.096,1.079,1.0,1.013,1.015,0.955,1.013,9.6,7.9,0.0,1.3,1.5,-4.5,1.3,0.0036631121642969,8.886255924170617e-05,0.0,3.0700577436400285,2.96977466750714,40.23950959735096,43.30956734099099,3.0737208558043254,9.28895079047308,,,,,3.0,2.9,38.7,42.2,9.2,,,,,3.0,2.9,37.0,42.7,9.3,38.0,0.85,0.65,42.0,18.0,1.8,18.0,22.0,6.0,67.1,0283a29e1b38ef78b29b904fd56a16dd,2026-09-20T17:00:00Z,Chicago Bears,Minnesota Vikings,draftkings,DraftKings,player_reception_yds,Receiving Yards,35.5,-112.0,,37.0,18.0,Receiving Yards,0.5332067518526222,0.46679324814737777,,0.5283018867924528,,-0.06150863864507505,1.5,PASS,,,,-6.2,53.3,46.7,,52.8,17.9,,EARLY MODERATE,No OVER/UNDER recommendation.
2026,3,,2026-09-27,13:00,00-0034829,Mike Gesicki,mike gesicki,CIN,PIT,TE,LOW TARGET,False,,,2.5,45.5,21.5,,,1,28,8,0.2,0.7,0.1,8,18,9.77,6.78,3.75,14.07,-0.182,59.02,61.8,67.4,52.62,1.005,0.679,0.978,0.97,1.032,Neutral,1.062,1.054,0.952,1.0,1.062,1.06,1.12,1.062,5.4,-4.8,0.0,6.2,6.0,12.0,6.2,0.0079202054118111,7.90045427612088e-05,0.0,0.0336164329448943,3.4690562405751035,41.45078565628636,41.484402089231246,0.0415366383567055,9.516845452065876,,,,,0.0,3.5,41.9,,9.4,,,,,0.0,3.7,46.9,,10.0,38.0,0.85,0.65,42.0,18.0,1.8,18.0,22.0,6.0,67.4,36ad2fa722f4915ef23d2c81351261de,2026-09-20T17:00:00Z,Houston Texans,Cincinnati Bengals,draftkings,DraftKings,player_receptions,Receptions,2.5,-133.0,,3.7,1.8,Receptions,0.7475074624530771,0.2524925375469229,,0.5708154506437768,,-0.3183229130968539,1.2,PASS,,,,-31.8,74.8,25.2,,57.1,17.8,,EARLY MODERATE,No OVER/UNDER recommendation.
2026,3,,2026-09-27,16:25,00-0039424,Devaughn Vele,devaughn vele,NO,LV,WR,REGULAR TARGET,True,,,3.0,45.5,21.25,,,2,22,8,0.2,0.7,0.1,8,18,11.75,6.81,5.65,13.9,0.168,63.32,67.28,70.6,52.25,1.002,0.703,1.02,0.964,1.038,Neutral,0.951,0.937,0.88,1.0,0.951,1.011,0.985,0.951,-6.3,-12.0,0.0,-4.9,1.1,-1.5,-4.9,0.0036631121642969,8.886255924170617e-05,0.0,0.0993680884676145,3.441494327157834,40.88803176483864,40.98739985330626,0.1030312006319115,9.020751059169898,,,,,0.1,3.6,43.3,,9.2,,,,,0.1,3.6,42.7,,8.7,38.0,0.85,0.65,42.0,18.0,1.8,18.0,22.0,6.0,70.6,2143ade9684fd876b68a4e8cbf451f05,2026-09-20T17:00:00Z,Baltimore Ravens,New Orleans Saints,draftkings,DraftKings,player_receptions,Receptions,3.5,-108.0,,3.6,1.8,Receptions,0.5221520643417822,0.4778479356582178,,0.5192307692307693,,-0.04138283357255146,0.1,PASS,,,,-4.1,52.2,47.8,,51.9,17.7,,EARLY MODERATE,No OVER/UNDER recommendation.
2026,3,,2026-09-27,13:00,00-0035689,Dawson Knox,dawson knox,BUF,LAC,TE,LOW TARGET,True,,,4.5,49.5,22.5,,,2,30,8,0.2,0.7,0.1,8,18,8.45,5.56,4.85,12.12,-0.282,60.32,60.36,68.7,63.12,1.023,0.55,0.97,0.946,1.064,Neutral,0.936,0.928,0.88,1.0,0.936,0.943,0.956,0.936,-7.2,-12.0,0.0,-6.4,-5.7,-4.4,-6.4,0.0079202054118111,7.90045427612088e-05,0.0,0.0336164329448943,2.016730022731644,21.177216964441797,21.210833397386686,0.0415366383567055,5.977523612985416,,,,,0.0,2.1,21.9,,5.9,,,,,0.0,2.0,20.9,,5.5,38.0,0.85,0.65,42.0,18.0,1.8,18.0,22.0,6.0,68.7,56e8897681915f7ec92baeee952bb1ae,2026-09-18T00:15:00Z,Buffalo Bills,Detroit Lions,draftkings,DraftKings,player_receptions,Receptions,1.5,-156.0,,2.0,1.8,Receptions,0.609408524566425,0.390591475433575,,0.609375,,-0.21878352456642502,0.5,PASS,,,,-21.9,60.9,39.1,,60.9,17.6,,EARLY MODERATE,No OVER/UNDER recommendation.
2026,3,,2026-09-27,13:00,00-0038618,Xavier Hutchinson,xavier hutchinson,HOU,IND,WR,REGULAR TARGET,False,,,2.5,45.5,21.5,,,2,30,8,0.2,0.7,0.1,8,18,5.69,3.88,2.3,6.33,1.0,59.47,64.35,68.5,52.62,1.005,0.592,1.03,0.97,1.032,Favorable,1.108,1.12,0.986,1.0,1.108,1.12,1.12,1.108,12.0,-1.4,0.0,10.8,12.0,12.0,10.8,0.0036631121642969,8.886255924170617e-05,0.0,0.7382186631802582,2.062204880971837,24.71262946598807,25.450848129168325,0.7418817753445551,5.203686422656987,,,,,0.7,2.2,26.3,,5.4,,,,,0.8,2.5,29.5,,6.0,38.0,0.85,0.65,42.0,18.0,1.8,18.0,22.0,6.0,68.5,36ad2fa722f4915ef23d2c81351261de,2026-09-20T17:00:00Z,Houston Texans,Cincinnati Bengals,draftkings,DraftKings,player_receptions,Receptions,2.5,104.0,,2.5,1.8,Receptions,0.5,0.5,,0.49019607843137253,,0.009803921568627472,0.0,PASS,,,,1.0,50.0,50.0,,49.0,17.1,,EARLY MODERATE,No OVER/UNDER recommendation.
2026,3,,2026-09-27,16:05,00-0038994,Jordan Addison,jordan addison,MIN,TB,WR,LOW TARGET,False,,,-1.5,45.5,23.5,,,2,29,8,0.2,0.7,0.1,8,18,5.57,4.18,3.52,9.0,-0.77,57.13,60.94,67.1,56.38,1.025,0.779,0.97,1.018,0.992,Neutral,1.013,1.096,1.079,1.0,1.013,1.015,0.955,1.013,9.6,7.9,0.0,1.3,1.5,-4.5,1.3,0.0036631121642969,8.886255924170617e-05,0.0,3.0700577436400285,2.96977466750714,40.23950959735096,43.30956734099099,3.0737208558043254,9.28895079047308,,,,,3.0,2.9,38.7,42.2,9.2,,,,,3.0,2.9,37.0,42.7,9.3,38.0,0.85,0.65,42.0,18.0,1.8,18.0,22.0,6.0,67.1,0283a29e1b38ef78b29b904fd56a16dd,2026-09-20T17:00:00Z,Chicago Bears,Minnesota Vikings,draftkings,DraftKings,player_receptions,Receptions,2.5,128.0,,2.9,1.8,Receptions,0.5879295521290574,0.4120704478709426,,0.43859649122807015,,-0.02652604335712755,0.4,PASS,,,,-2.7,58.8,41.2,,43.9,17.1,,EARLY MODERATE,No OVER/UNDER recommendation.
2026,3,,2026-09-27,13:00,00-0040669,Isaac TeSlaa,isaac teslaa,DET,NYJ,WR,LOW TARGET,True,,,7.0,48.5,20.75,,,2,14,8,0.2,0.7,0.1,8,18,6.55,5.73,2.1,12.1,-0.746,53.33,58.69,65.5,58.25,1.004,0.55,0.97,0.916,1.086,Neutral,0.957,0.912,1.12,1.0,0.957,0.959,0.88,0.957,-8.8,12.0,0.0,-4.3,-4.1,-12.0,-4.3,0.0036631121642969,8.886255924170617e-05,0.0,0.0993680884676145,1.450884936548444,20.324295501102373,20.423663589569987,0.1030312006319115,5.497044765463605,,,,,0.1,1.5,21.4,,5.4,,,,,0.1,1.4,18.8,,5.2,38.0,0.85,0.65,42.0,18.0,1.8,18.0,22.0,6.0,65.5,56e8897681915f7ec92baeee952bb1ae,2026-09-18T00:15:00Z,Buffalo Bills,Detroit Lions,draftkings,DraftKings,player_receptions,Receptions,1.5,-149.0,,1.4,1.8,Receptions,0.4778479356582178,0.5221520643417822,,0.5983935742971888,,-0.07624150995540657,-0.1,PASS,,,,-7.6,47.8,52.2,,59.8,16.4,,EARLY MODERATE,No OVER/UNDER recommendation.
2026,3,,2026-09-27,13:00,00-0039150,Bryce Young,bryce young,CAR,CLE,QB,STARTING QB,False,,,2.5,40.5,19.0,,,2,30,8,0.2,0.7,0.1,8,18,19.24,7.43,13.78,22.92,0.719,72.15,93.04,80.9,37.62,0.97,0.948,1.03,0.97,1.017,Neutral,0.948,0.88,1.049,1.0,0.948,1.0,1.0,0.948,-12.0,4.9,0.0,-5.2,0.0,0.0,-5.2,210.21824302134647,1.6618342309230285,0.0,13.95326833252508,0.0009992598075499,0.0017764618800888,13.955044794405168,224.1715113538716,16.553410800003405,210.0,1.66,0.0,224.0,,,,,16.5,184.8,1.74,0.0,197.1,,,,,15.6,40.66,0.96,0.65,43.36,18.0,1.8,18.0,22.0,6.0,80.9,aee7eae1849ebb103b9bf233e9741392,2026-09-20T17:00:00Z,Atlanta Falcons,Carolina Panthers,draftkings,DraftKings,player_pass_yds,Pass Yards,219.5,-113.0,,184.8,40.66,Pass Yards,0.19671360710645858,0.8032863928935414,,0.5305164319248826,,0.2727699609686588,-34.7,UNDER,0.2727699609686588,27.3,,27.3,19.7,80.3,,53.1,62.6,A,EARLY MODERATE,"A: EARLY MODERATE. Edge 27.3% >= 13.0%, confidence 80.9 >= 76.0, diff 34.7 >= 8.0."
2026,3,,2026-09-27,13:00,00-0035685,David Montgomery,david montgomery,HOU,IND,RB,ROTATION RB,False,,,2.5,45.5,21.5,,,2,31,8,0.2,0.7,0.1,8,18,10.52,8.86,5.6,13.18,1.0,54.28,72.32,70.4,52.62,1.005,0.76,1.03,0.97,1.032,Favorable,1.108,1.12,0.986,1.0,1.071,0.958,1.032,1.062,12.0,-1.4,0.0,7.1,-4.2,3.2,6.2,0.1258379228953579,0.0414476789929189,0.0,39.91777228279195,1.8860964370012363,15.390419242441274,55.30819152523323,40.04361020568732,11.202149173878835,,,,,39.9,2.0,16.4,57.0,11.6,,,,,42.7,1.9,16.9,60.5,12.9,38.0,0.85,0.65,42.0,18.0,1.8,18.0,22.0,6.0,70.4,36ad2fa722f4915ef23d2c81351261de,2026-09-20T17:00:00Z,Houston Texans,Cincinnati Bengals,draftkings,DraftKings,player_rush_yds,Rush Yards,67.5,-113.0,,42.7,18.0,Rush Yards,0.08413595453787881,0.9158640454621212,,0.5305164319248826,,0.38534761353723856,-24.8,UNDER,0.38534761353723856,38.5,,38.5,8.4,91.6,,53.1,59.3,B,EARLY MODERATE,"B: EARLY MODERATE. Edge 38.5% >= 10.0%, confidence 70.4 >= 68.0."
2026,3,,2026-09-27,13:00,00-0034827,DJ Moore,dj moore,BUF,LAC,WR,LOW TARGET,True,,,4.5,49.5,22.5,,,2,34,8,0.2,0.7,0.1,8,18,9.24,9.95,1.42,21.23,-0.505,48.15,60.08,65.5,63.12,1.023,0.752,0.97,0.946,1.064,Neutral,0.936,0.928,0.88,1.0,0.936,0.982,0.951,0.936,-7.2,-12.0,0.0,-6.4,-1.8,-4.9,-6.4,0.0528609731268638,0.0246877930405251,0.0,3.186992229032932,3.390310217150195,41.73829914451778,44.92529137355072,3.239853202159796,10.119181922424293,,,,,2.9,3.5,43.1,43.8,10.0,,,,,2.7,3.4,41.0,41.0,9.4,38.0,0.85,0.65,42.0,18.0,1.8,18.0,22.0,6.0,65.5,56e8897681915f7ec92baeee952bb1ae,2026-09-18T00:15:00Z,Buffalo Bills,Detroit Lions,draftkings,DraftKings,player_reception_yds,Receiving Yards,62.5,-111.0,,41.0,18.0,Receiving Yards,0.1161520801036321,0.8838479198963679,,0.5260663507109005,,0.35778156918546744,-21.5,UNDER,0.35778156918546744,35.8,,35.8,11.6,88.4,,52.6,54.0,C,EARLY MODERATE,"C: EARLY MODERATE. Edge 35.8% >= 7.0%, confidence 65.5 >= 58.0."
2026,3,,2026-09-27,13:00,00-0039139,Jahmyr Gibbs,jahmyr gibbs,DET,NYJ,RB,FEATURE RB,True,,,7.0,48.5,20.75,,,2,34,8,0.2,0.7,0.1,8,18,21.21,9.84,11.15,25.88,0.979,68.31,92.08,82.6,58.25,1.004,1.2,1.03,0.916,1.086,Neutral,0.957,0.912,1.12,1.0,1.048,0.88,1.01,1.039,-8.8,12.0,0.0,4.8,-12.0,1.0,3.9,0.0019669551534225,0.0001573564122738,0.0,73.20166493662768,4.102964767911314,36.04980562456011,109.2514705611878,73.2036318917811,21.273734713197207,,,,,69.1,4.6,40.3,112.7,22.0,,,,,72.4,4.0,40.7,117.1,21.1,38.0,0.85,0.65,42.0,25.34,1.8,18.0,39.81,6.33,82.6,56e8897681915f7ec92baeee952bb1ae,2026-09-18T00:15:00Z,Buffalo Bills,Detroit Lions,draftkings,DraftKings,player_rush_yds,Rush Yards,89.5,-111.0,,72.4,25.34,Rush Yards,0.24989429873082147,0.7501057012691785,,0.5260663507109005,,0.22403935055827806,-17.1,UNDER,0.22403935055827806,22.4,,22.4,25.0,75.0,,52.6,46.9,A,EARLY MODERATE,"A: EARLY MODERATE. Edge 22.4% >= 13.0%, confidence 82.6 >= 76.0, diff 17.1 >= 8.0."
2026,3,,2026-09-27,13:00,00-0034857,Josh Allen,josh allen,BUF,LAC,QB,STARTING QB,True,,,4.5,49.5,22.5,,,2,32,8,0.2,0.7,0.1,8,18,26.23,12.2,14.57,36.2,0.439,68.25,92.06,83.4,63.12,1.023,0.918,1.03,0.946,1.064,Neutral,0.936,0.928,0.88,1.0,0.936,1.0,1.0,0.936,-7.2,-12.0,0.0,-6.4,0.0,0.0,-6.4,235.288767281106,1.7975616926529931,0.0,37.454475030443405,0.0009992598075499,0.1358490425252501,37.59032407296866,272.7432423115494,25.5179533260906,247.9,1.89,0.0,287.4,,,,,26.9,230.1,1.66,0.0,266.7,,,,,25.2,50.62,0.91,0.65,58.67,18.0,1.8,18.0,22.0,7.56,83.4,56e8897681915f7ec92baeee952bb1ae,2026-09-18T00:15:00Z,Buffalo Bills,Detroit Lions,draftkings,DraftKings,player_pass_yds,Pass Yards,250.5,-113.0,,230.1,50.62,Pass Yards,0.3434730949456475,0.6565269050543525,,0.5305164319248826,,0.1260104731294699,-20.4,UNDER,0.1260104731294699,12.6,,12.6,34.3,65.7,,53.1,43.7,B,EARLY MODERATE,"B: EARLY MODERATE. Edge 12.6% >= 10.0%, confidence 83.4 >= 68.0."
2026,3,,2026-09-27,13:00,00-0033106,Jared Goff,jared goff,DET,NYJ,QB,STARTING QB,True,,,7.0,48.5,20.75,,,2,34,8,0.2,0.7,0.1,8,18,19.12,8.58,15.93,25.75,0.137,69.02,92.25,82.9,58.25,1.004,1.059,1.016,0.916,1.086,Neutral,0.957,0.912,1.12,1.0,0.957,1.0,1.0,0.957,-8.8,12.0,0.0,-4.3,0.0,0.0,-4.3,269.0003437738732,2.2636884146027705,0.0,4.649567165537907,0.0143682437647692,0.0953593495806235,4.7449265151185305,273.6499109394112,19.320837977018414,274.4,2.31,0.0,279.1,,,,,19.7,250.3,2.59,0.0,254.5,,,,,18.9,55.07,1.42,0.65,55.99,18.0,1.8,18.0,22.0,6.0,82.9,56e8897681915f7ec92baeee952bb1ae,2026-09-18T00:15:00Z,Buffalo Bills,Detroit Lions,draftkings,DraftKings,player_pass_yds,Pass Yards,268.5,-111.0,,250.3,55.07,Pass Yards,0.3705154519375009,0.6294845480624991,,0.5260663507109005,,0.10341819735159863,-18.2,UNDER,0.10341819735159863,10.3,,10.3,37.1,62.9,,52.6,40.6,B,EARLY MODERATE,"B: EARLY MODERATE. Edge 10.3% >= 10.0%, confidence 82.9 >= 68.0."
2026,3,,2026-09-27,13:00,00-0033106,Jared Goff,jared goff,DET,NYJ,QB,STARTING QB,True,,,7.0,48.5,20.75,,,2,34,8,0.2,0.7,0.1,8,18,19.12,8.58,15.93,25.75,0.137,69.02,92.25,82.9,58.25,1.004,1.059,1.016,0.916,1.086,Neutral,0.957,0.912,1.12,1.0,0.957,1.0,1.0,0.957,-8.8,12.0,0.0,-4.3,0.0,0.0,-4.3,269.0003437738732,2.2636884146027705,0.0,4.649567165537907,0.0143682437647692,0.0953593495806235,4.7449265151185305,273.6499109394112,19.320837977018414,274.4,2.31,0.0,279.1,,,,,19.7,250.3,2.59,0.0,254.5,,,,,18.9,55.07,1.42,0.65,55.99,18.0,1.8,18.0,22.0,6.0,82.9,56e8897681915f7ec92baeee952bb1ae,2026-09-18T00:15:00Z,Buffalo Bills,Detroit Lions,draftkings,DraftKings,player_pass_interceptions,Interceptions,0.5,-113.0,,0.0,0.65,Interceptions,0.22087816371245972,0.7791218362875403,,0.5305164319248826,,0.24860540436265766,-0.5,UNDER,0.24860540436265766,24.9,,24.9,22.1,77.9,,53.1,36.0,B,EARLY MODERATE,"B: EARLY MODERATE. Edge 24.9% >= 10.0%, confidence 82.9 >= 68.0."
2026,3,,2026-09-27,13:00,00-0039150,Bryce Young,bryce young,CAR,CLE,QB,STARTING QB,False,,,2.5,40.5,19.0,,,2,30,8,0.2,0.7,0.1,8,18,19.24,7.43,13.78,22.92,0.719,72.15,93.04,80.9,37.62,0.97,0.948,1.03,0.97,1.017,Neutral,0.948,0.88,1.049,1.0,0.948,1.0,1.0,0.948,-12.0,4.9,0.0,-5.2,0.0,0.0,-5.2,210.21824302134647,1.6618342309230285,0.0,13.95326833252508,0.0009992598075499,0.0017764618800888,13.955044794405168,224.1715113538716,16.553410800003405,210.0,1.66,0.0,224.0,,,,,16.5,184.8,1.74,0.0,197.1,,,,,15.6,40.66,0.96,0.65,43.36,18.0,1.8,18.0,22.0,6.0,80.9,aee7eae1849ebb103b9bf233e9741392,2026-09-20T17:00:00Z,Atlanta Falcons,Carolina Panthers,draftkings,DraftKings,player_pass_interceptions,Interceptions,0.5,-127.0,,0.0,0.65,Interceptions,0.22087816371245972,0.7791218362875403,,0.5594713656387665,,0.21965047064877374,-0.5,UNDER,0.21965047064877374,22.0,,22.0,22.1,77.9,,55.9,33.8,B,EARLY MODERATE,"B: EARLY MODERATE. Edge 22.0% >= 10.0%, confidence 80.9 >= 68.0."
2026,3,,2026-09-27,13:00,00-0037248,James Cook,james cook,BUF,LAC,RB,FEATURE RB,True,,,4.5,49.5,22.5,,,2,33,8,0.2,0.7,0.1,8,18,15.29,9.31,9.6,22.27,-0.512,62.17,89.56,80.8,63.12,1.023,1.141,0.97,0.946,1.064,Neutral,0.936,0.928,0.88,1.0,0.909,0.88,0.88,0.88,-7.2,-12.0,0.0,-9.1,-12.0,-12.0,-12.0,0.0019669551534225,0.0001573564122738,0.0,83.78185655873108,1.8074927154539664,13.772929192168965,97.55478575090004,83.7838235138845,16.358221758015134,,,,,76.9,1.9,14.2,95.1,16.2,,,,,69.9,1.7,12.5,83.7,15.2,38.0,0.85,0.65,42.0,24.46,1.8,18.0,28.46,6.0,80.8,56e8897681915f7ec92baeee952bb1ae,2026-09-18T00:15:00Z,Buffalo Bills,Detroit Lions,draftkings,DraftKings,player_rush_yds,Rush Yards,78.5,-113.0,,69.9,24.46,Rush Yards,0.36257121780614454,0.6374287821938555,,0.5305164319248826,,0.10691235026897283,-8.6,UNDER,0.10691235026897283,10.7,,10.7,36.3,63.7,,53.1,33.1,B,EARLY MODERATE,"B: EARLY MODERATE. Edge 10.7% >= 10.0%, confidence 80.8 >= 68.0."
2026,3,,2026-09-27,13:00,00-0039163,C.J. Stroud,cj stroud,HOU,IND,QB,STARTING QB,False,,,2.5,45.5,21.5,,,2,31,8,0.2,0.7,0.1,8,18,15.58,3.66,12.33,17.08,0.043,80.99,95.25,86.2,52.62,1.005,1.064,1.005,0.97,1.032,Favorable,1.108,1.12,0.986,1.0,1.108,1.0,1.0,1.108,12.0,-1.4,0.0,10.8,0.0,0.0,10.8,236.12576036866355,1.1232241350493064,0.0,16.225586781595474,0.0009992598075499,0.0017764618800888,16.227363243475562,252.35134715025904,14.447199178625151,238.5,1.13,0.0,254.9,,,,,14.6,267.1,1.11,0.0,285.5,,,,,16.2,58.76,0.85,0.65,62.81,18.0,1.8,18.0,22.0,6.0,86.2,36ad2fa722f4915ef23d2c81351261de,2026-09-20T17:00:00Z,Houston Texans,Cincinnati Bengals,draftkings,DraftKings,player_pass_tds,Pass TDs,1.5,-105.0,,1.11,0.85,Pass TDs,0.3231804482941383,0.6768195517058617,,0.5121951219512195,,0.1646244297546422,-0.39,UNDER,0.1646244297546422,16.5,,16.5,32.3,67.7,,51.2,31.7,B,EARLY MODERATE,"B: EARLY MODERATE. Edge 16.5% >= 10.0%, confidence 86.2 >= 68.0."
2026,3,,2026-09-27,13:00,00-0034857,Josh Allen,josh allen,BUF,LAC,QB,STARTING QB,True,,,4.5,49.5,22.5,,,2,32,8,0.2,0.7,0.1,8,18,26.23,12.2,14.57,36.2,0.439,68.25,92.06,83.4,63.12,1.023,0.918,1.03,0.946,1.064,Neutral,0.936,0.928,0.88,1.0,0.936,1.0,1.0,0.936,-7.2,-12.0,0.0,-6.4,0.0,0.0,-6.4,235.288767281106,1.7975616926529931,0.0,37.454475030443405,0.0009992598075499,0.1358490425252501,37.59032407296866,272.7432423115494,25.5179533260906,247.9,1.89,0.0,287.4,,,,,26.9,230.1,1.66,0.0,266.7,,,,,25.2,50.62,0.91,0.65,58.67,18.0,1.8,18.0,22.0,7.56,83.4,56e8897681915f7ec92baeee952bb1ae,2026-09-18T00:15:00Z,Buffalo Bills,Detroit Lions,draftkings,DraftKings,player_pass_interceptions,Interceptions,0.5,-167.0,,0.0,0.65,Interceptions,0.22087816371245972,0.7791218362875403,,0.6254681647940075,,0.15365367149353282,-0.5,UNDER,0.15365367149353282,15.4,,15.4,22.1,77.9,,62.5,30.4,B,EARLY MODERATE,"B: EARLY MODERATE. Edge 15.4% >= 10.0%, confidence 83.4 >= 68.0."
2026,3,,2026-09-27,13:00,00-0038120,Breece Hall,breece hall,NYJ,DET,RB,FEATURE RB,False,,,-7.0,48.5,27.75,,,2,32,8,0.2,0.7,0.1,8,18,13.42,5.87,7.65,16.65,1.0,69.57,90.87,84.6,72.25,1.074,1.116,1.03,1.084,0.946,Favorable,1.088,1.108,1.12,1.0,1.004,0.88,0.88,0.95,10.8,12.0,0.0,0.4,-12.0,-12.0,-5.0,0.107612116443745,0.0265686467348544,0.0,56.59721928740024,2.8631701697201306,28.09511970327077,84.69233899067103,56.704831403844,13.51143627065303,,,,,63.2,2.8,27.4,88.6,14.9,,,,,63.5,2.5,24.1,84.2,16.2,38.0,0.85,0.65,42.0,22.22,1.8,18.0,28.63,6.0,84.6,4aeee070bb6ec60bdfae4dede61b9014,2026-09-20T17:00:00Z,New York Jets,Green Bay Packers,draftkings,DraftKings,player_rush_yds,Rush Yards,69.5,-113.0,,63.5,22.22,Rush Yards,0.3935697399092777,0.6064302600907223,,0.5305164319248826,,0.07591382816583969,-6.0,UNDER,0.07591382816583969,7.6,,7.6,39.4,60.6,,53.1,30.2,C,EARLY MODERATE,"C: EARLY MODERATE. Edge 7.6% >= 7.0%, confidence 84.6 >= 58.0."
2026,3,,2026-09-27,13:00,00-0037248,James Cook,james cook,BUF,LAC,RB,FEATURE RB,True,,,4.5,49.5,22.5,,,2,33,8,0.2,0.7,0.1,8,18,15.29,9.31,9.6,22.27,-0.512,62.17,89.56,80.8,63.12,1.023,1.141,0.97,0.946,1.064,Neutral,0.936,0.928,0.88,1.0,0.909,0.88,0.88,0.88,-7.2,-12.0,0.0,-9.1,-12.0,-12.0,-12.0,0.0019669551534225,0.0001573564122738,0.0,83.78185655873108,1.8074927154539664,13.772929192168965,97.55478575090004,83.7838235138845,16.358221758015134,,,,,76.9,1.9,14.2,95.1,16.2,,,,,69.9,1.7,12.5,83.7,15.2,38.0,0.85,0.65,42.0,24.46,1.8,18.0,28.46,6.0,80.8,56e8897681915f7ec92baeee952bb1ae,2026-09-18T00:15:00Z,Buffalo Bills,Detroit Lions,draftkings,DraftKings,player_reception_yds,Receiving Yards,17.5,-114.0,,12.5,18.0,Receiving Yards,0.390591475433575,0.609408524566425,,0.5327102803738317,,0.0766982441925933,-5.0,UNDER,0.0766982441925933,7.7,,7.7,39.1,60.9,,53.3,28.6,C,EARLY MODERATE,"C: EARLY MODERATE. Edge 7.7% >= 7.0%, confidence 80.8 >= 58.0."
2026,3,,2026-09-27,16:05,00-0036322,Justin Jefferson,justin jefferson,MIN,TB,WR,REGULAR TARGET,False,,,-1.5,45.5,23.5,,,2,34,8,0.2,0.7,0.1,8,18,12.83,9.56,3.93,15.47,1.0,57.3,67.47,69.8,56.38,1.025,1.117,1.03,1.018,0.992,Neutral,1.013,1.096,1.079,1.0,1.013,1.015,0.955,1.013,9.6,7.9,0.0,1.3,1.5,-4.5,1.3,0.3448395827525323,8.886255924170617e-05,0.0,0.3143413504997001,4.913839628914901,66.73402106965148,67.0483624201512,0.6591809332522325,13.779455413638958,,,,,0.3,5.0,68.2,,14.5,,,,,0.3,5.1,65.1,,14.7,38.0,0.85,0.65,42.0,18.0,1.94,24.74,22.0,6.0,69.8,0283a29e1b38ef78b29b904fd56a16dd,2026-09-20T17:00:00Z,Chicago Bears,Minnesota Vikings,draftkings,DraftKings,player_reception_yds,Receiving Yards,72.5,-110.0,,65.1,24.74,Receiving Yards,0.3824277714296168,0.6175722285703832,,0.5238095238095238,,0.09376270476085935,-7.4,UNDER,0.09376270476085935,9.4,,9.4,38.2,61.8,,52.4,28.6,C,EARLY MODERATE,"C: EARLY MODERATE. Edge 9.4% >= 7.0%, confidence 69.8 >= 58.0."
2026,3,,2026-09-27,13:00,00-0034827,DJ Moore,dj moore,BUF,LAC,WR,LOW TARGET,True,,,4.5,49.5,22.5,,,2,34,8,0.2,0.7,0.1,8,18,9.24,9.95,1.42,21.23,-0.505,48.15,60.08,65.5,63.12,1.023,0.752,0.97,0.946,1.064,Neutral,0.936,0.928,0.88,1.0,0.936,0.982,0.951,0.936,-7.2,-12.0,0.0,-6.4,-1.8,-4.9,-6.4,0.0528609731268638,0.0246877930405251,0.0,3.186992229032932,3.390310217150195,41.73829914451778,44.92529137355072,3.239853202159796,10.119181922424293,,,,,2.9,3.5,43.1,43.8,10.0,,,,,2.7,3.4,41.0,41.0,9.4,38.0,0.85,0.65,42.0,18.0,1.8,18.0,22.0,6.0,65.5,56e8897681915f7ec92baeee952bb1ae,2026-09-18T00:15:00Z,Buffalo Bills,Detroit Lions,draftkings,DraftKings,player_receptions,Receptions,4.5,-119.0,,3.4,1.8,Receptions,0.2705630122358341,0.7294369877641659,,0.54337899543379,,0.1860579923303759,-1.1,UNDER,0.1860579923303759,18.6,,18.6,27.1,72.9,,54.3,28.4,C,EARLY MODERATE,"C: EARLY MODERATE. Edge 18.6% >= 7.0%, confidence 65.5 >= 58.0."
2026,3,,2026-09-27,13:00,00-0037248,James Cook,james cook,BUF,LAC,RB,FEATURE RB,True,,,4.5,49.5,22.5,,,2,33,8,0.2,0.7,0.1,8,18,15.29,9.31,9.6,22.27,-0.512,62.17,89.56,80.8,63.12,1.023,1.141,0.97,0.946,1.064,Neutral,0.936,0.928,0.88,1.0,0.909,0.88,0.88,0.88,-7.2,-12.0,0.0,-9.1,-12.0,-12.0,-12.0,0.0019669551534225,0.0001573564122738,0.0,83.78185655873108,1.8074927154539664,13.772929192168965,97.55478575090004,83.7838235138845,16.358221758015134,,,,,76.9,1.9,14.2,95.1,16.2,,,,,69.9,1.7,12.5,83.7,15.2,38.0,0.85,0.65,42.0,24.46,1.8,18.0,28.46,6.0,80.8,56e8897681915f7ec92baeee952bb1ae,2026-09-18T00:15:00Z,Buffalo Bills,Detroit Lions,draftkings,DraftKings,player_receptions,Receptions,2.5,-134.0,,1.7,1.8,Receptions,0.3283606432818852,0.6716393567181148,,0.5726495726495726,,0.0989897840685422,-0.8,UNDER,0.0989897840685422,9.9,,9.9,32.8,67.2,,57.3,26.7,C,EARLY MODERATE,"C: EARLY MODERATE. Edge 9.9% >= 7.0%, confidence 80.8 >= 58.0."
2026,3,,2026-09-27,13:00,00-0037240,Jameson Williams,jameson williams,DET,NYJ,WR,REGULAR TARGET,True,,,7.0,48.5,20.75,,,2,32,8,0.2,0.7,0.1,8,18,12.6,7.39,7.8,19.57,-0.383,63.01,68.87,72.0,58.25,1.004,0.828,0.97,0.916,1.086,Neutral,0.957,0.912,1.12,1.0,0.957,0.959,0.88,0.957,-8.8,12.0,0.0,-4.3,-4.1,-12.0,-4.3,0.0036631121642969,8.886255924170617e-05,0.0,1.3723519594353566,3.541703795109238,57.48345227175109,58.85580423118643,1.3760150715996535,11.482601970355487,,,,,1.2,3.7,60.6,,11.2,,,,,1.1,3.5,53.3,,10.7,38.0,0.85,0.65,42.0,18.0,1.8,20.25,22.0,6.0,72.0,56e8897681915f7ec92baeee952bb1ae,2026-09-18T00:15:00Z,Buffalo Bills,Detroit Lions,draftkings,DraftKings,player_reception_yds,Receiving Yards,58.5,-112.0,,53.3,20.25,Receiving Yards,0.3986703974104808,0.6013296025895192,,0.5283018867924528,,0.07302771579706635,-5.2,UNDER,0.07302771579706635,7.3,,7.3,39.9,60.1,,52.8,26.3,C,EARLY MODERATE,"C: EARLY MODERATE. Edge 7.3% >= 7.0%, confidence 72.0 >= 58.0."
2026,3,,2026-09-27,13:00,00-0040124,Tetairoa McMillan,tetairoa mcmillan,CAR,CLE,WR,REGULAR TARGET,False,,,2.5,40.5,19.0,,,2,17,8,0.2,0.7,0.1,8,18,10.98,5.27,9.0,13.15,0.506,67.58,68.73,70.0,37.62,0.97,1.021,1.03,0.97,1.017,Neutral,0.948,0.88,1.049,1.0,0.948,0.88,0.88,0.948,-12.0,4.9,0.0,-5.2,-12.0,-12.0,-5.2,0.0036631121642969,8.886255924170617e-05,0.0,0.0993680884676145,4.031734968869065,62.61376705895629,62.71313514742391,0.1030312006319115,12.188435360163025,,,,,0.1,4.2,65.6,,12.2,,,,,0.1,3.7,57.7,,11.6,38.0,0.85,0.65,42.0,18.0,1.8,21.93,22.0,6.0,70.0,aee7eae1849ebb103b9bf233e9741392,2026-09-20T17:00:00Z,Atlanta Falcons,Carolina Panthers,draftkings,DraftKings,player_receptions,Receptions,4.5,-120.0,,3.7,1.8,Receptions,0.3283606432818853,0.6716393567181147,,0.5454545454545454,,0.12618481126356929,-0.8,UNDER,0.12618481126356929,12.6,,12.6,32.8,67.2,,54.5,25.7,B,EARLY MODERATE,"B: EARLY MODERATE. Edge 12.6% >= 10.0%, confidence 70.0 >= 68.0."
2026,3,,2026-09-27,16:05,00-0032950,Carson Wentz,carson wentz,MIN,TB,QB,QB,False,,,-1.5,45.5,23.5,,,2,7,8,0.2,0.7,0.1,8,18,12.42,5.65,7.4,16.3,-0.295,68.72,92.18,76.3,56.38,1.025,0.858,0.97,1.018,0.992,Neutral,1.013,1.096,1.079,1.0,1.013,1.0,1.0,1.013,9.6,7.9,0.0,1.3,0.0,0.0,1.3,192.9928571428572,0.9186158401184308,0.0,8.967061435973354,0.0009992598075499,0.0017764618800888,8.968837897853444,201.9599185788305,11.360454478164325,191.9,0.91,0.0,200.8,,,,,11.3,210.3,0.98,0.0,220.1,,,,,11.4,46.27,0.85,0.65,48.42,18.0,1.8,18.0,22.0,6.0,76.3,0283a29e1b38ef78b29b904fd56a16dd,2026-09-20T17:00:00Z,Chicago Bears,Minnesota Vikings,draftkings,DraftKings,player_pass_tds,Pass TDs,1.5,-176.0,,0.98,0.85,Pass TDs,0.27034672207546595,0.729653277924534,,0.6376811594202898,,0.09197211850424425,-0.52,UNDER,0.09197211850424425,9.2,,9.2,27.0,73.0,,63.8,25.0,C,EARLY MODERATE,"C: EARLY MODERATE. Edge 9.2% >= 7.0%, confidence 76.3 >= 58.0."
2026,3,,2026-09-27,13:00,00-0039491,Jalen Coker,jalen coker,CAR,CLE,WR,REGULAR TARGET,False,,,2.5,40.5,19.0,,,2,22,8,0.2,0.7,0.1,8,18,15.36,9.36,7.33,16.88,1.0,62.13,66.34,67.7,37.62,0.97,0.731,1.03,0.97,1.017,Neutral,0.948,0.88,1.049,1.0,0.948,0.88,0.88,0.948,-12.0,4.9,0.0,-5.2,-12.0,-12.0,-5.2,0.5958709043720893,8.886255924170617e-05,0.0,0.0993680884676145,4.01681900248251,48.56984994665682,48.66921803512443,0.6952389928397038,10.777556253975094,,,,,0.1,4.2,50.9,,10.8,,,,,0.1,3.7,44.8,,10.2,38.0,0.85,0.65,42.0,18.0,1.8,18.0,22.0,6.0,67.7,aee7eae1849ebb103b9bf233e9741392,2026-09-20T17:00:00Z,Atlanta Falcons,Carolina Panthers,draftkings,DraftKings,player_receptions,Receptions,4.5,-123.0,,3.7,1.8,Receptions,0.3283606432818853,0.6716393567181147,,0.5515695067264574,,0.12006984999165726,-0.8,UNDER,0.12006984999165726,12.0,,12.0,32.8,67.2,,55.2,24.7,C,EARLY MODERATE,"C: EARLY MODERATE. Edge 12.0% >= 7.0%, confidence 67.7 >= 58.0."
2026,3,,2026-09-27,16:05,00-0036322,Justin Jefferson,justin jefferson,MIN,TB,WR,REGULAR TARGET,False,,,-1.5,45.5,23.5,,,2,34,8,0.2,0.7,0.1,8,18,12.83,9.56,3.93,15.47,1.0,57.3,67.47,69.8,56.38,1.025,1.117,1.03,1.018,0.992,Neutral,1.013,1.096,1.079,1.0,1.013,1.015,0.955,1.013,9.6,7.9,0.0,1.3,1.5,-4.5,1.3,0.3448395827525323,8.886255924170617e-05,0.0,0.3143413504997001,4.913839628914901,66.73402106965148,67.0483624201512,0.6591809332522325,13.779455413638958,,,,,0.3,5.0,68.2,,14.5,,,,,0.3,5.1,65.1,,14.7,38.0,0.85,0.65,42.0,18.0,1.94,24.74,22.0,6.0,69.8,0283a29e1b38ef78b29b904fd56a16dd,2026-09-20T17:00:00Z,Chicago Bears,Minnesota Vikings,draftkings,DraftKings,player_receptions,Receptions,5.5,109.0,,5.1,1.94,Receptions,0.41832298074455754,0.5816770192554425,,0.4784688995215311,,0.10320811973391136,-0.4,UNDER,0.10320811973391136,10.3,,10.3,41.8,58.2,,47.8,23.9,B,EARLY MODERATE,"B: EARLY MODERATE. Edge 10.3% >= 10.0%, confidence 69.8 >= 68.0."
2026,3,,2026-09-27,13:00,00-0037740,Garrett Wilson,garrett wilson,NYJ,DET,WR,REGULAR TARGET,False,,,-7.0,48.5,27.75,,,2,24,8,0.2,0.7,0.1,8,18,12.88,7.73,7.83,19.38,-0.298,62.51,68.91,74.0,72.25,1.074,1.12,0.97,1.084,0.946,Favorable,1.088,1.108,1.12,1.0,1.088,1.083,1.12,1.088,10.8,12.0,0.0,8.8,8.3,12.0,8.8,0.0036631121642969,8.886255924170617e-05,0.0,0.1881362044096435,5.194717553207148,58.57509180624651,58.76322801065615,0.1917993165739405,13.954305077615222,,,,,0.2,4.8,53.8,,14.5,,,,,0.2,5.2,60.3,,15.8,38.0,0.85,0.65,42.0,18.0,1.98,22.91,22.0,6.0,74.0,4aeee070bb6ec60bdfae4dede61b9014,2026-09-20T17:00:00Z,New York Jets,Green Bay Packers,draftkings,DraftKings,player_receptions,Receptions,5.5,109.0,,5.2,1.98,Receptions,0.43978467981733416,0.5602153201826658,,0.4784688995215311,,0.08174642066113474,-0.3,UNDER,0.08174642066113474,8.2,,8.2,44.0,56.0,,47.8,23.6,C,EARLY MODERATE,"C: EARLY MODERATE. Edge 8.2% >= 7.0%, confidence 74.0 >= 58.0."
2026,3,,2026-09-28,20:15,00-0036389,Jalen Hurts,jalen hurts,PHI,CHI,QB,STARTING QB,False,,,-1.5,47.5,24.5,,,2,31,8,0.2,0.7,0.1,8,18,17.36,7.73,14.35,23.35,0.114,69.19,92.3,83.6,62.38,1.039,0.876,1.014,1.018,0.998,Neutral,1.068,1.054,1.12,1.0,1.068,1.0,1.0,1.068,5.4,12.0,0.0,6.8,0.0,0.0,6.8,205.8923963133641,1.577049019841933,0.0,28.83600152813925,0.0009992598075499,0.0017764618800888,28.837777990019337,234.7283978415033,18.687477519638986,216.8,1.66,0.0,247.2,,,,,19.7,228.5,1.86,0.0,260.5,,,,,21.0,50.27,1.02,0.65,57.31,18.0,1.8,18.0,22.0,6.3,83.6,,,,,,,,,,,,,,,,,,,,,,NO ODDS,,,,,,,,,20.9,,EARLY MODERATE,No OVER/UNDER recommendation.
2026,3,,2026-09-28,20:15,00-0034844,Saquon Barkley,saquon barkley,PHI,CHI,RB,ROTATION RB,False,,,-1.5,47.5,24.5,,,2,32,8,0.2,0.7,0.1,8,18,11.07,6.4,6.5,17.45,-0.668,63.37,86.42,79.8,62.38,1.039,1.145,0.97,1.018,0.998,Neutral,1.068,1.054,1.12,1.0,1.106,0.88,1.056,1.094,5.4,12.0,0.0,10.6,-12.0,5.6,9.4,0.0019669551534225,0.0001573564122738,0.0,75.04770891873666,1.8382277734067665,14.151801730920536,89.1995106496572,75.04967587389008,13.900611961897267,,,,,74.1,1.8,13.7,87.2,14.0,,,,,82.0,1.6,14.5,95.4,15.0,38.0,0.85,0.65,42.0,28.7,1.8,18.0,32.44,6.0,79.8,,,,,,,,,,,,,,,,,,,,,,NO ODDS,,,,,,,,,20.0,,EARLY MODERATE,No OVER/UNDER recommendation.
2026,3,,2026-09-28,20:15,00-0036912,DeVonta Smith,devonta smith,PHI,CHI,WR,REGULAR TARGET,False,,,-1.5,47.5,24.5,,,2,30,8,0.2,0.7,0.1,8,18,12.09,7.9,7.53,11.4,0.596,60.49,67.31,71.4,62.38,1.039,1.044,1.03,1.018,0.998,Neutral,1.068,1.054,1.12,1.0,1.068,0.956,1.051,1.068,5.4,12.0,0.0,6.8,-4.4,5.1,6.8,0.0036631121642969,8.886255924170617e-05,0.0,0.1195979735250858,5.161974995914366,65.35706296352502,65.47666093705011,0.1232610856893828,14.2307668824271,,,,,0.1,5.3,67.2,,15.2,,,,,0.1,5.1,70.6,,16.2,38.0,0.85,0.65,42.0,18.0,1.94,26.83,22.0,6.0,71.4,,,,,,,,,,,,,,,,,,,,,,NO ODDS,,,,,,,,,17.8,,EARLY MODERATE,No OVER/UNDER recommendation.
2026,3,,2026-09-28,20:15,00-0039919,Rome Odunze,rome odunze,CHI,PHI,WR,REGULAR TARGET,True,,,1.5,47.5,23.0,,,2,29,8,0.2,0.7,0.1,8,18,8.13,5.84,5.27,10.82,-0.506,58.19,65.02,69.5,59.38,1.024,0.837,0.97,0.982,1.028,Neutral,0.938,0.88,0.88,1.0,0.938,0.932,0.935,0.938,-12.0,-12.0,0.0,-6.2,-6.8,-6.5,-6.2,0.0036631121642969,8.886255924170617e-05,0.0,0.3668557731966786,3.172484027113052,46.40404161705539,46.77089739025206,0.3705188853609756,9.304788228896726,,,,,0.3,3.2,46.3,,9.2,,,,,0.3,3.0,43.3,,8.6,38.0,0.85,0.65,42.0,18.0,1.8,18.0,22.0,6.0,69.5,,,,,,,,,,,,,,,,,,,,,,NO ODDS,,,,,,,,,17.4,,EARLY MODERATE,No OVER/UNDER recommendation.
2026,3,,2026-09-28,20:15,00-0038555,Tank Bigsby,tank bigsby,PHI,CHI,RB,DEPTH RB,False,,,-1.5,47.5,24.5,,,2,31,8,0.2,0.7,0.1,8,18,6.82,6.25,0.7,10.22,0.717,52.2,67.43,69.4,62.38,1.039,0.6,1.03,1.018,0.998,Neutral,1.068,1.054,1.12,1.0,1.106,0.88,1.056,1.094,5.4,12.0,0.0,10.6,-12.0,5.6,9.4,0.0019669551534225,0.0001573564122738,0.0,31.94311790491177,0.6643452849275038,3.8241519613352817,35.767269866247055,31.94508486006519,6.376374058671463,,,,,33.5,0.7,3.9,37.1,6.8,,,,,37.1,0.6,4.1,40.6,7.3,38.0,0.85,0.65,42.0,18.0,1.8,18.0,22.0,6.0,69.4,,,,,,,,,,,,,,,,,,,,,,NO ODDS,,,,,,,,,17.4,,EARLY MODERATE,No OVER/UNDER recommendation.
2026,3,,2026-09-28,20:15,00-0034351,Dallas Goedert,dallas goedert,PHI,CHI,TE,LOW TARGET,False,,,-1.5,47.5,24.5,,,2,25,8,0.2,0.7,0.1,8,18,12.43,8.57,4.53,17.77,-0.342,59.18,63.18,69.4,62.38,1.039,0.662,0.97,1.018,0.998,Neutral,1.068,1.054,1.12,1.0,1.068,1.114,1.06,1.068,5.4,12.0,0.0,6.8,11.4,6.0,6.8,0.0079202054118111,7.90045427612088e-05,0.0,0.0336164329448943,3.4052784627973254,36.51265867215937,36.54627510510426,0.0415366383567055,10.280969261589684,,,,,0.0,3.3,35.4,,10.4,,,,,0.0,3.7,37.5,,11.1,38.0,0.85,0.65,42.0,18.0,1.8,18.0,22.0,6.0,69.4,,,,,,,,,,,,,,,,,,,,,,NO ODDS,,,,,,,,,17.4,,EARLY MODERATE,No OVER/UNDER recommendation.
2026,3,,2026-09-28,20:15,00-0032464,Kalif Raymond,kalif raymond,CHI,PHI,WR,LOW TARGET,True,,,1.5,47.5,23.0,,,2,27,8,0.2,0.7,0.1,8,18,8.4,5.71,2.62,10.8,0.623,59.52,61.76,68.5,59.38,1.024,0.55,1.03,0.982,1.028,Neutral,0.938,0.88,0.88,1.0,0.938,0.932,0.935,0.938,-12.0,-12.0,0.0,-6.2,-6.8,-6.5,-6.2,0.0036631121642969,8.886255924170617e-05,0.0,0.5799948690943953,2.522272807936316,27.451279628086507,28.0312744971809,0.5836579812586923,6.18169678011562,,,,,0.6,2.7,29.1,,6.5,,,,,0.6,2.5,27.2,,6.1,38.0,0.85,0.65,42.0,18.0,1.8,18.0,22.0,6.0,68.5,,,,,,,,,,,,,,,,,,,,,,NO ODDS,,,,,,,,,17.1,,EARLY MODERATE,No OVER/UNDER recommendation.
2026,3,,2026-09-28,20:15,00-0035662,Marquise Brown,marquise brown,PHI,CHI,WR,LOW TARGET,False,,,-1.5,47.5,24.5,,,1,18,8,0.2,0.7,0.1,8,18,4.98,3.37,1.93,8.35,-0.376,59.66,60.15,68.3,62.38,1.039,0.55,0.97,1.018,0.998,Neutral,1.068,1.054,1.12,1.0,1.068,0.956,1.051,1.068,5.4,12.0,0.0,6.8,-4.4,5.1,6.8,0.0036631121642969,8.886255924170617e-05,0.0,2.4993680884676155,2.266212093052071,28.09923624663136,30.59860433509897,2.5030312006319124,6.588000019360037,,,,,2.5,2.2,27.2,,6.6,,,,,2.7,2.1,28.6,,7.0,38.0,0.85,0.65,42.0,18.0,1.8,18.0,22.0,6.0,68.3,,,,,,,,,,,,,,,,,,,,,,NO ODDS,,,,,,,,,17.1,,EARLY MODERATE,No OVER/UNDER recommendation.
2026,3,,2026-09-28,20:15,00-0033246,Johnny Mundt,johnny mundt,PHI,CHI,TE,LOW TARGET,False,,,-1.5,47.5,24.5,,,1,26,8,0.2,0.7,0.1,8,18,2.2,1.39,1.42,2.88,-0.449,61.22,58.72,68.2,62.38,1.039,0.55,0.97,1.018,0.998,Neutral,1.068,1.054,1.12,1.0,1.068,1.114,1.06,1.068,5.4,12.0,0.0,6.8,11.4,6.0,6.8,0.0079202054118111,7.90045427612088e-05,0.0,0.0336164329448943,1.3053883529072154,10.577845485346176,10.611461918291072,0.0415366383567055,2.716960470380893,,,,,0.0,1.3,10.2,,2.7,,,,,0.0,1.4,10.8,,2.9,38.0,0.85,0.65,42.0,18.0,1.8,18.0,22.0,6.0,68.2,,,,,,,,,,,,,,,,,,,,,,NO ODDS,,,,,,,,,17.0,,EARLY MODERATE,No OVER/UNDER recommendation.
2026,3,,2026-09-28,20:15,00-0038496,Xavier Gipson,xavier gipson,PHI,CHI,WR,LOW TARGET,False,,,-1.5,47.5,24.5,,,0,23,8,0.2,0.7,0.1,8,18,0.45,0.59,0.0,0.7,0.0,62.93,56.43,67.7,62.38,1.039,0.55,1.0,1.018,0.998,Neutral,1.068,1.054,1.12,1.0,1.068,0.956,1.051,1.068,5.4,12.0,0.0,6.8,-4.4,5.1,6.8,0.0045788902053712,0.0001110781990521,0.0,0.3514828378572455,0.6111564464967,5.572913788487598,5.924396626344842,0.3560617280626167,1.5521245947133606,,,,,0.4,0.6,5.6,,1.6,,,,,0.4,0.6,5.9,,1.7,38.0,0.85,0.65,42.0,18.0,1.8,18.0,22.0,6.0,67.7,,,,,,,,,,,,,,,,,,,,,,NO ODDS,,,,,,,,,16.9,,EARLY MODERATE,No OVER/UNDER recommendation.
2026,3,,2026-09-28,20:15,00-0039746,Will Shipley,will shipley,PHI,CHI,RB,DEPTH RB,False,,,-1.5,47.5,24.5,,,2,27,8,0.2,0.7,0.1,8,18,2.16,1.63,1.02,2.48,1.0,56.98,59.9,67.6,62.38,1.039,0.6,1.03,1.018,0.998,Neutral,1.068,1.054,1.12,1.0,1.106,0.88,1.056,1.094,5.4,12.0,0.0,10.6,-12.0,5.6,9.4,0.0019669551534225,0.0001573564122738,0.0,10.2243635887381,0.8927738694851205,5.003112666102439,15.227476254840536,10.22633054389152,2.5865836507520226,,,,,10.7,0.9,5.1,15.8,2.8,,,,,11.8,0.8,5.4,17.3,3.0,38.0,0.85,0.65,42.0,18.0,1.8,18.0,22.0,6.0,67.6,,,,,,,,,,,,,,,,,,,,,,NO ODDS,,,,,,,,,16.9,,EARLY MODERATE,No OVER/UNDER recommendation.
2026,3,,2026-09-28,20:15,00-0036290,Cole Kmet,cole kmet,CHI,PHI,TE,LOW TARGET,True,,,1.5,47.5,23.0,,,2,32,8,0.2,0.7,0.1,8,18,5.51,4.0,3.55,7.53,0.449,57.96,59.29,67.1,59.38,1.024,0.55,1.03,0.982,1.028,Neutral,0.938,0.88,0.88,1.0,0.938,0.88,0.88,0.938,-12.0,-12.0,0.0,-6.2,-12.0,-12.0,-6.2,0.0079202054118111,7.90045427612088e-05,0.0,0.0336164329448943,1.90086947662221,20.969222036214664,21.00283846915956,0.0415366383567055,5.238520759285538,,,,,0.0,2.0,22.2,,5.5,,,,,0.0,1.8,19.5,,5.2,38.0,0.85,0.65,42.0,18.0,1.8,18.0,22.0,6.0,67.1,,,,,,,,,,,,,,,,,,,,,,NO ODDS,,,,,,,,,16.8,,EARLY MODERATE,No OVER/UNDER recommendation.
2026,3,,2026-09-28,20:15,00-0038393,Dontayvion Wicks,dontayvion wicks,PHI,CHI,WR,LOW TARGET,False,,,-1.5,47.5,24.5,,,2,30,8,0.2,0.7,0.1,8,18,9.02,8.31,1.85,13.12,-0.104,52.06,59.45,66.2,62.38,1.039,0.608,0.988,1.018,0.998,Neutral,1.068,1.054,1.12,1.0,1.068,0.956,1.051,1.068,5.4,12.0,0.0,6.8,-4.4,5.1,6.8,0.0036631121642969,8.886255924170617e-05,0.0,0.2869542953641663,2.735833780807633,35.73660319341008,36.023557488774244,0.2906174075284633,7.692615815103622,,,,,0.3,2.7,35.2,,7.9,,,,,0.3,2.6,37.0,,8.4,38.0,0.85,0.65,42.0,18.0,1.8,18.0,22.0,6.0,66.2,,,,,,,,,,,,,,,,,,,,,,NO ODDS,,,,,,,,,16.6,,EARLY MODERATE,No OVER/UNDER recommendation.
2026,3,,2026-09-28,20:15,00-0037086,Grant Calcaterra,grant calcaterra,PHI,CHI,TE,LOW TARGET,False,,,-1.5,47.5,24.5,,,0,24,8,0.2,0.7,0.1,8,18,3.07,3.44,0.98,2.9,1.0,47.22,54.38,62.9,62.38,1.039,0.55,1.03,1.018,0.998,Neutral,1.068,1.054,1.12,1.0,1.068,1.114,1.06,1.068,5.4,12.0,0.0,6.8,11.4,6.0,6.8,0.0099002567647639,9.8755678451511e-05,0.0,0.0420205411811179,1.4269862772544202,15.284345596927984,15.3263661381091,0.0519207979458819,3.610983057318368,,,,,0.0,1.5,15.7,,3.9,,,,,0.0,1.7,16.6,,4.2,38.0,0.85,0.65,42.0,18.0,1.8,18.0,22.0,6.0,62.9,,,,,,,,,,,,,,,,,,,,,,NO ODDS,,,,,,,,,15.7,,EARLY MODERATE,No OVER/UNDER recommendation.
2026,3,,2026-09-28,20:15,00-0037132,Britain Covey,britain covey,PHI,CHI,WR,LOW TARGET,False,,,-1.5,47.5,24.5,,,2,11,8,0.2,0.7,0.1,8,18,0.59,1.42,0.0,0.0,1.0,41.32,51.37,59.0,62.38,1.039,0.55,1.03,1.018,0.998,Neutral,1.068,1.054,1.12,1.0,1.068,0.956,1.051,1.068,5.4,12.0,0.0,6.8,-4.4,5.1,6.8,0.0036631121642969,8.886255924170617e-05,0.0,0.0993680884676145,0.7396761453396526,6.573746050552924,6.673114139020538,0.1030312006319115,1.531660150078989,,,,,0.1,0.8,6.8,,1.6,,,,,0.1,0.8,7.1,,1.7,38.0,0.85,0.65,42.0,18.0,1.8,18.0,22.0,6.0,59.0,,,,,,,,,,,,,,,,,,,,,,NO ODDS,,,,,,,,,14.8,,EARLY MODERATE,No OVER/UNDER recommendation.
2026,3,,2026-09-28,20:15,00-0036876,Kylen Granson,kylen granson,PHI,CHI,TE,LOW TARGET,False,,,-1.5,47.5,24.5,,,0,28,8,0.2,0.7,0.1,8,18,1.39,2.65,0.0,0.35,1.0,34.47,50.54,58.2,62.38,1.039,0.55,1.03,1.018,0.998,Neutral,1.068,1.054,1.12,1.0,1.068,1.114,1.06,1.068,5.4,12.0,0.0,6.8,11.4,6.0,6.8,0.0099002567647639,9.8755678451511e-05,0.0,0.0420205411811179,0.9523917292903074,9.40872016559603,9.450740706777149,0.0519207979458819,2.021652053177581,,,,,0.0,1.0,9.7,,2.2,,,,,0.0,1.1,10.3,,2.3,38.0,0.85,0.65,42.0,18.0,1.8,18.0,22.0,6.0,58.2,,,,,,,,,,,,,,,,,,,,,,NO ODDS,,,,,,,,,14.6,,EARLY MODERATE,No OVER/UNDER recommendation.
2026,3,,2026-09-28,20:15,00-0039021,Roschon Johnson,roschon johnson,CHI,PHI,RB,DEPTH RB,True,,,1.5,47.5,23.0,,,1,19,8,0.2,0.7,0.1,8,18,0.74,1.76,0.0,0.72,0.167,36.27,50.43,58.1,59.38,1.024,0.6,1.02,0.982,1.028,Neutral,0.938,0.88,0.88,1.0,1.058,0.88,1.061,1.059,-12.0,-12.0,0.0,5.8,-12.0,6.1,5.9,0.0019669551534225,0.0001573564122738,0.0,8.247352685411407,0.6617775753309316,4.154970944276506,12.402323629687912,8.24931964056483,3.0835984098720446,,,,,8.3,0.7,4.4,12.7,3.2,,,,,8.8,0.6,4.7,13.4,3.0,38.0,0.85,0.65,42.0,18.0,1.8,18.0,22.0,6.0,58.1,,,,,,,,,,,,,,,,,,,,,,NO ODDS,,,,,,,,,14.5,,EARLY MODERATE,No OVER/UNDER recommendation.
2026,3,,2026-09-28,20:15,00-0040024,Darius Cooper,darius cooper,PHI,CHI,WR,LOW TARGET,False,,,-1.5,47.5,24.5,,,2,6,8,0.2,0.7,0.1,8,18,4.12,3.68,1.05,5.25,0.837,52.77,56.55,57.7,62.38,1.039,0.55,1.03,1.018,0.998,Neutral,1.068,1.054,1.12,1.0,1.068,0.956,1.051,1.068,5.4,12.0,0.0,6.8,-4.4,5.1,6.8,0.0036631121642969,8.886255924170617e-05,0.0,0.0993680884676145,1.7253904310539383,19.381365098171973,19.480733186639583,0.1030312006319115,4.655279197698038,,,,,0.1,1.8,19.9,,5.0,,,,,0.1,1.7,20.9,,5.3,38.0,0.85,0.65,42.0,18.0,1.8,18.0,22.0,6.0,57.7,,,,,,,,,,,,,,,,,,,,,,NO ODDS,,,,,,,,,14.4,,EARLY MODERATE,No OVER/UNDER recommendation.
2026,3,,2026-09-28,20:15,00-0033895,Gerald Everett,gerald everett,CHI,PHI,TE,LOW TARGET,True,,,1.5,47.5,23.0,,,0,10,8,0.2,0.7,0.1,8,18,0.95,1.22,0.0,1.52,-0.4,44.96,53.04,53.9,59.38,1.024,0.55,0.97,0.982,1.028,Neutral,0.938,0.88,0.88,1.0,0.938,0.88,0.88,0.938,-12.0,-12.0,0.0,-6.2,-12.0,-12.0,-6.2,0.0099002567647639,9.8755678451511e-05,0.0,0.0420205411811179,0.8914790308776087,5.889870959246824,5.931891500427942,0.0519207979458819,1.6088544341299629,,,,,0.0,0.9,5.9,,1.6,,,,,0.0,0.8,5.2,,1.5,38.0,0.85,0.65,42.0,18.0,1.8,18.0,22.0,6.0,53.9,,,,,,,,,,,,,,,,,,,,,,NO ODDS,,,,,,,,,13.5,,EARLY MODERATE,No OVER/UNDER recommendation.
2026,3,,2026-09-28,20:15,00-0038400,Tanner McKee,tanner mckee,PHI,CHI,QB,QB,False,,,-1.5,47.5,24.5,,,0,6,6,0.2,0.7,0.1,6,18,6.46,6.83,0.41,11.45,-0.512,36.44,69.31,53.7,62.38,1.039,0.7,0.97,1.018,0.998,Neutral,1.068,1.054,1.12,1.0,1.068,1.0,1.0,1.068,5.4,12.0,0.0,6.8,0.0,0.0,6.8,113.0839285714286,0.7399364668147053,0.0,3.281445842585739,0.0012490747594374,0.002220577350111,3.2836664199358503,116.36537441401433,7.338687145324451,114.0,0.75,0.0,117.3,,,,,7.4,120.2,0.84,0.0,123.6,,,,,7.9,38.0,0.85,0.65,42.0,18.0,1.8,18.0,22.0,6.0,53.7,,,,,,,,,,,,,,,,,,,,,,NO ODDS,,,,,,,,,13.4,,EARLY MODERATE,No OVER/UNDER recommendation.
2026,3,,2026-09-28,20:15,00-0039236,Johnny Wilson,johnny wilson,PHI,CHI,WR,LOW TARGET,False,,,-1.5,47.5,24.5,,,0,10,8,0.2,0.7,0.1,8,18,1.98,2.85,0.0,2.77,-0.28,40.96,53.34,53.4,62.38,1.039,0.55,0.97,1.018,0.998,Neutral,1.068,1.054,1.12,1.0,1.068,0.956,1.051,1.068,5.4,12.0,0.0,6.8,-4.4,5.1,6.8,0.0045788902053712,0.0001110781990521,0.0,0.1242101105845181,0.8579285150078989,8.150515896524487,8.274726007109006,0.1287890007898894,2.3912418542654024,,,,,0.1,0.8,7.9,,2.4,,,,,0.1,0.8,8.3,,2.6,38.0,0.85,0.65,42.0,18.0,1.8,18.0,22.0,6.0,53.4,,,,,,,,,,,,,,,,,,,,,,NO ODDS,,,,,,,,,13.4,,EARLY MODERATE,No OVER/UNDER recommendation.
2026,3,,2026-09-28,20:15,00-0038416,Tyson Bagent,tyson bagent,CHI,PHI,QB,QB,True,,,1.5,47.5,23.0,,,1,6,8,0.2,0.7,0.1,8,15,1.32,1.98,0.08,1.88,1.0,39.96,58.43,52.3,59.38,1.024,0.7,1.03,0.982,1.028,Neutral,0.938,0.88,0.88,1.0,0.938,1.0,1.0,0.938,-12.0,-12.0,0.0,-6.2,0.0,0.0,-6.2,38.57380952380954,0.1186158401184308,0.0,2.038490007401925,0.0009992598075499,0.0017764618800888,2.040266469282014,40.612299531211455,2.176549716259561,40.7,0.13,0.0,42.8,,,,,2.3,35.8,0.11,0.0,37.7,,,,,2.2,38.0,0.85,0.65,42.0,18.0,1.8,18.0,22.0,6.0,52.3,,,,,,,,,,,,,,,,,,,,,,NO ODDS,,,,,,,,,13.1,,EARLY MODERATE,No OVER/UNDER recommendation.
2026,3,,2026-09-28,20:15,00-0040277,Jahdae Walker,jahdae walker,CHI,PHI,WR,LOW TARGET,True,,,1.5,47.5,23.0,,,1,6,7,0.2,0.7,0.1,7,18,5.84,4.42,0.0,8.6,1.0,49.78,52.44,52.3,59.38,1.024,0.55,1.03,0.982,1.028,Neutral,0.938,0.88,0.88,1.0,0.938,0.932,0.935,0.938,-12.0,-12.0,0.0,-6.2,-6.8,-6.5,-6.2,0.0036631121642969,8.886255924170617e-05,0.0,0.0993680884676145,1.3396761453396526,16.533746050552924,16.63311413902054,0.1030312006319115,6.08766015007899,,,,,0.1,1.4,17.5,,6.4,,,,,0.1,1.3,16.4,,6.0,38.0,0.85,0.65,42.0,18.0,1.8,18.0,22.0,6.0,52.3,,,,,,,,,,,,,,,,,,,,,,NO ODDS,,,,,,,,,13.1,,EARLY MODERATE,No OVER/UNDER recommendation.
2026,3,,2026-09-28,20:15,00-0036254,Collin Johnson,collin johnson,CHI,PHI,WR,LOW TARGET,True,,,1.5,47.5,23.0,,,0,6,7,0.2,0.7,0.1,7,18,0.43,0.77,0.0,0.8,0.533,49.47,49.89,48.7,59.38,1.024,0.55,1.03,0.982,1.028,Neutral,0.938,0.88,0.88,1.0,0.938,0.932,0.935,0.938,-12.0,-12.0,0.0,-6.2,-6.8,-6.5,-6.2,0.0045788902053712,0.0001110781990521,0.0,0.1242101105845181,0.4829285150078989,5.042182563191154,5.166392673775672,0.1287890007898894,1.1554085209320697,,,,,0.1,0.5,5.3,,1.2,,,,,0.1,0.5,5.0,,1.1,38.0,0.85,0.65,42.0,18.0,1.8,18.0,22.0,6.0,48.7,,,,,,,,,,,,,,,,,,,,,,NO ODDS,,,,,,,,,12.2,,EARLY MODERATE,No OVER/UNDER recommendation.
2026,3,,2026-09-28,20:15,00-0034279,Equanimeous St. Brown,equanimeous st brown,CHI,PHI,WR,LOW TARGET,True,,,1.5,47.5,23.0,,,0,0,8,0.2,0.7,0.1,8,18,2.4,1.32,1.38,3.3,0.841,64.57,58.48,48.4,59.38,1.024,0.588,1.03,0.982,1.028,Neutral,0.938,0.88,0.88,1.0,0.938,0.932,0.935,0.938,-12.0,-12.0,0.0,-6.2,-6.8,-6.5,-6.2,0.0366311216429699,0.000888625592417,0.0,0.9936808846761452,2.5967614533965246,32.73746050552923,33.73114139020537,1.0303120063191151,7.216601500789888,,,,,1.0,2.8,34.7,,7.6,,,,,0.9,2.6,32.4,,7.1,38.0,0.85,0.65,42.0,18.0,1.8,18.0,22.0,6.0,48.4,,,,,,,,,,,,,,,,,,,,,,NO ODDS,,,,,,,,,12.1,,EARLY MODERATE,No OVER/UNDER recommendation.
2026,3,,2026-09-28,20:15,00-0037827,Tyrion Davis-Price,tyrion davis price,PHI,CHI,RB,DEPTH RB,False,,,-1.5,47.5,24.5,,,0,1,7,0.2,0.7,0.1,7,18,1.72,1.09,0.6,2.85,0.41,53.52,60.47,48.2,62.38,1.039,0.6,1.03,1.018,0.998,Neutral,1.068,1.054,1.12,1.0,1.106,0.88,1.056,1.094,5.4,12.0,0.0,10.6,-12.0,5.6,9.4,0.0024586939417781,0.0001966955153422,0.0,10.249980330448466,0.1934500393391031,1.4195908733280884,11.669571203776556,10.252439024390243,1.5742348544453186,,,,,10.7,0.2,1.5,12.1,1.7,,,,,11.8,0.2,1.6,13.2,1.8,38.0,0.85,0.65,42.0,18.0,1.8,18.0,22.0,6.0,48.2,,,,,,,,,,,,,,,,,,,,,,NO ODDS,,,,,,,,,12.0,,EARLY MODERATE,No OVER/UNDER recommendation.
2026,3,,2026-09-28,20:15,00-0030108,Ryan Griffin,ryan griffin,CHI,PHI,TE,LOW TARGET,True,,,1.5,47.5,23.0,,,0,0,8,0.2,0.7,0.1,8,17,0.43,0.61,0.0,1.12,-0.1,62.23,56.61,47.1,59.38,1.024,0.55,0.988,0.982,1.028,Neutral,0.938,0.88,0.88,1.0,0.938,0.88,0.88,0.938,-12.0,-12.0,0.0,-6.2,-12.0,-12.0,-6.2,0.0792020541181117,0.000790045427612,0.0,0.3361643294489433,2.198498913687537,22.45230100730792,22.788465336756865,0.4153663835670551,5.4708354730397,,,,,0.3,2.2,22.8,,5.5,,,,,0.3,1.9,20.1,,5.2,38.0,0.85,0.65,42.0,18.0,1.8,18.0,22.0,6.0,47.1,,,,,,,,,,,,,,,,,,,,,,NO ODDS,,,,,,,,,11.8,,EARLY MODERATE,No OVER/UNDER recommendation.
2026,3,,2026-09-28,20:15,00-0036297,Darrynton Evans,darrynton evans,CHI,PHI,RB,DEPTH RB,True,,,1.5,47.5,23.0,,,0,1,8,0.2,0.7,0.1,8,15,3.56,3.97,0.8,4.9,-0.898,47.23,61.49,46.6,59.38,1.024,0.6,0.97,0.982,1.028,Neutral,0.938,0.88,0.88,1.0,1.058,0.88,1.061,1.059,-12.0,-12.0,0.0,5.8,-12.0,6.1,5.9,0.0024586939417781,0.0001966955153422,0.0,6.749980330448467,0.1934500393391031,1.4195908733280884,8.169571203776556,6.752439024390244,1.2242348544453183,,,,,6.4,0.2,1.4,8.0,1.2,,,,,6.8,0.2,1.5,8.5,1.1,38.0,0.85,0.65,42.0,18.0,1.8,18.0,22.0,6.0,46.6,,,,,,,,,,,,,,,,,,,,,,NO ODDS,,,,,,,,,11.6,,EARLY MODERATE,No OVER/UNDER recommendation.
2026,3,,2026-09-28,20:15,00-0034750,Rashaad Penny,rashaad penny,PHI,CHI,RB,DEPTH RB,False,,,-1.5,47.5,24.5,,,0,0,8,0.2,0.7,0.1,8,18,6.41,8.53,1.58,8.1,-0.886,42.91,65.23,46.2,62.38,1.039,0.602,0.97,1.018,0.998,Neutral,1.068,1.054,1.12,1.0,1.106,0.88,1.056,1.094,5.4,12.0,0.0,10.6,-12.0,5.6,9.4,0.019669551534225,0.001573564122738,0.0,32.999842643587726,1.5476003147128248,11.356726986624706,44.356569630212434,33.01951219512195,7.693878835562549,,,,,32.6,1.5,11.0,43.4,7.8,,,,,36.1,1.3,11.6,47.5,8.3,38.0,0.85,0.65,42.0,18.0,1.8,18.0,22.0,6.0,46.2,,,,,,,,,,,,,,,,,,,,,,NO ODDS,,,,,,,,,11.6,,EARLY MODERATE,No OVER/UNDER recommendation.
2026,3,,2026-09-28,20:15,00-0037087,Trestan Ebner,trestan ebner,CHI,PHI,RB,DEPTH RB,True,,,1.5,47.5,23.0,,,0,0,8,0.2,0.7,0.1,8,18,0.31,0.79,0.0,0.8,-0.1,55.97,58.25,46.2,59.38,1.024,0.602,0.988,0.982,1.028,Neutral,0.938,0.88,0.88,1.0,1.058,0.88,1.061,1.059,-12.0,-12.0,0.0,5.8,-12.0,6.1,5.9,0.019669551534225,0.001573564122738,0.0,32.999842643587726,1.5476003147128248,11.356726986624706,44.356569630212434,33.01951219512195,7.693878835562549,,,,,32.0,1.6,11.5,44.1,7.8,,,,,33.9,1.4,12.2,46.7,7.3,38.0,0.85,0.65,42.0,18.0,1.8,18.0,22.0,6.0,46.2,,,,,,,,,,,,,,,,,,,,,,NO ODDS,,,,,,,,,11.6,,EARLY MODERATE,No OVER/UNDER recommendation.
2026,3,,2026-09-28,20:15,00-0038941,Tyler Scott,tyler scott,CHI,PHI,WR,LOW TARGET,True,,,1.5,47.5,23.0,,,0,4,8,0.2,0.7,0.1,8,18,1.62,2.19,0.0,2.53,-1.0,42.55,53.06,45.8,59.38,1.024,0.55,0.97,0.982,1.028,Neutral,0.938,0.88,0.88,1.0,0.938,0.932,0.935,0.938,-12.0,-12.0,0.0,-6.2,-6.8,-6.5,-6.2,0.0045788902053712,0.0001110781990521,0.0,0.1242101105845181,0.4495951816745656,4.7171825631911535,4.8413926737756725,0.1287890007898894,1.0895751875987365,,,,,0.1,0.4,4.7,,1.1,,,,,0.1,0.4,4.4,,1.0,38.0,0.85,0.65,42.0,18.0,1.8,18.0,22.0,6.0,45.8,,,,,,,,,,,,,,,,,,,,,,NO ODDS,,,,,,,,,11.4,,EARLY MODERATE,No OVER/UNDER recommendation.
2026,3,,2026-09-28,20:15,00-0032134,C.J. Uzomah,cj uzomah,PHI,CHI,TE,LOW TARGET,False,,,-1.5,47.5,24.5,,,0,2,8,0.2,0.7,0.1,8,17,1.1,1.36,0.0,2.95,-1.0,44.75,53.03,44.3,62.38,1.039,0.55,0.97,1.018,0.998,Neutral,1.068,1.054,1.12,1.0,1.068,1.114,1.06,1.068,5.4,12.0,0.0,6.8,11.4,6.0,6.8,0.0099002567647639,9.8755678451511e-05,0.0,0.0420205411811179,0.2748123642109422,2.8065376259134904,2.8485581670946085,0.0519207979458819,0.6838544341299626,,,,,0.0,0.3,2.7,,0.7,,,,,0.0,0.3,2.9,,0.7,38.0,0.85,0.65,42.0,18.0,1.8,18.0,22.0,6.0,44.3,,,,,,,,,,,,,,,,,,,,,,NO ODDS,,,,,,,,,11.1,,EARLY MODERATE,No OVER/UNDER recommendation.
2026,3,,2026-09-28,20:15,00-0036271,Quez Watkins,quez watkins,PHI,CHI,WR,LOW TARGET,False,,,-1.5,47.5,24.5,,,0,0,8,0.2,0.7,0.1,8,18,6.33,8.13,1.8,4.22,1.0,43.77,58.3,43.6,62.38,1.039,0.588,1.03,1.018,0.998,Neutral,1.068,1.054,1.12,1.0,1.068,0.956,1.051,1.068,5.4,12.0,0.0,6.8,-4.4,5.1,6.8,0.0366311216429699,0.000888625592417,0.0,0.9936808846761452,2.5967614533965246,32.73746050552923,33.73114139020537,1.0303120063191151,7.216601500789888,,,,,1.0,2.7,33.7,,7.7,,,,,1.1,2.6,35.4,,8.2,38.0,0.85,0.65,42.0,18.0,1.8,18.0,22.0,6.0,43.6,,,,,,,,,,,,,,,,,,,,,,NO ODDS,,,,,,,,,10.9,,EARLY MODERATE,No OVER/UNDER recommendation.
2026,3,,2026-09-28,20:15,00-0034414,Boston Scott,boston scott,PHI,CHI,RB,DEPTH RB,False,,,-1.5,47.5,24.5,,,0,0,8,0.2,0.7,0.1,8,18,1.03,1.14,0.45,1.4,-0.871,47.49,55.48,43.4,62.38,1.039,0.602,0.97,1.018,0.998,Neutral,1.068,1.054,1.12,1.0,1.106,0.88,1.056,1.094,5.4,12.0,0.0,10.6,-12.0,5.6,9.4,0.019669551534225,0.001573564122738,0.0,32.999842643587726,1.5476003147128248,11.356726986624706,44.356569630212434,33.01951219512195,7.693878835562549,,,,,32.6,1.5,11.0,43.4,7.8,,,,,36.1,1.3,11.6,47.5,8.3,38.0,0.85,0.65,42.0,18.0,1.8,18.0,22.0,6.0,43.4,,,,,,,,,,,,,,,,,,,,,,NO ODDS,,,,,,,,,10.8,,EARLY MODERATE,No OVER/UNDER recommendation.
2026,3,,2026-09-28,20:15,00-0027944,Julio Jones,julio jones,PHI,CHI,WR,LOW TARGET,False,,,-1.5,47.5,24.5,,,0,0,8,0.2,0.7,0.1,8,18,5.01,5.76,1.45,4.42,1.0,46.51,56.12,43.4,62.38,1.039,0.588,1.03,1.018,0.998,Neutral,1.068,1.054,1.12,1.0,1.068,0.956,1.051,1.068,5.4,12.0,0.0,6.8,-4.4,5.1,6.8,0.0366311216429699,0.000888625592417,0.0,0.9936808846761452,2.5967614533965246,32.73746050552923,33.73114139020537,1.0303120063191151,7.216601500789888,,,,,1.0,2.7,33.7,,7.7,,,,,1.1,2.6,35.4,,8.2,38.0,0.85,0.65,42.0,18.0,1.8,18.0,22.0,6.0,43.4,,,,,,,,,,,,,,,,,,,,,,NO ODDS,,,,,,,,,10.8,,EARLY MODERATE,No OVER/UNDER recommendation.
2026,3,,2026-09-28,20:15,00-0037380,Kaden Davis,kaden davis,CHI,PHI,WR,LOW TARGET,True,,,1.5,47.5,23.0,,,1,2,3,0.2,0.7,0.1,3,18,0.0,0.0,0.0,0.0,0.0,37.5,40.0,39.3,59.38,1.024,0.55,1.0,0.982,1.028,Neutral,0.938,0.88,0.88,1.0,0.938,0.932,0.935,0.938,-12.0,-12.0,0.0,-6.2,-6.8,-6.5,-6.2,0.0036631121642969,8.886255924170617e-05,0.0,0.0993680884676145,0.2596761453396525,3.2737460505529232,3.373114139020538,0.1030312006319115,0.721660150078989,,,,,0.1,0.3,3.4,,0.7,,,,,0.1,0.3,3.2,,0.7,38.0,0.85,0.65,42.0,18.0,1.8,18.0,22.0,6.0,39.3,,,,,,,,,,,,,,,,,,,,,,NO ODDS,,,,,,,,,9.8,,EARLY MODERATE,No OVER/UNDER recommendation.
2026,3,,2026-09-28,20:15,00-0035624,N'Keal Harry,nkeal harry,CHI,PHI,TE,LOW TARGET,True,,,1.5,47.5,23.0,,,0,0,6,0.2,0.7,0.1,6,18,3.78,2.91,1.88,5.08,-0.292,42.36,46.77,38.2,59.38,1.024,0.55,0.97,0.982,1.028,Neutral,0.938,0.88,0.88,1.0,0.938,0.88,0.88,0.938,-12.0,-12.0,0.0,-6.2,-12.0,-12.0,-6.2,0.0792020541181117,0.000790045427612,0.0,0.3361643294489433,2.198498913687537,22.45230100730792,22.788465336756865,0.4153663835670551,5.4708354730397,,,,,0.3,2.2,22.4,,5.4,,,,,0.3,1.9,19.7,,5.1,38.0,0.85,0.65,42.0,18.0,1.8,18.0,22.0,6.0,38.2,,,,,,,,,,,,,,,,,,,,,,NO ODDS,,,,,,,,,9.6,,EARLY MODERATE,No OVER/UNDER recommendation.
2026,3,,2026-09-28,20:15,00-0037031,Nikola Kalinic,nikola kalinic,CHI,PHI,TE,LOW TARGET,True,,,1.5,47.5,23.0,,,0,2,3,0.2,0.7,0.1,3,18,0.0,0.0,0.0,0.0,0.0,37.5,40.0,36.8,59.38,1.024,0.55,1.0,0.982,1.028,Neutral,0.938,0.88,0.88,1.0,0.938,0.88,0.88,0.938,-12.0,-12.0,0.0,-6.2,-12.0,-12.0,-6.2,0.0099002567647639,9.8755678451511e-05,0.0,0.0420205411811179,0.2748123642109422,2.8065376259134904,2.8485581670946085,0.0519207979458819,0.6838544341299626,,,,,0.0,0.3,2.9,,0.7,,,,,0.0,0.3,2.6,,0.7,38.0,0.85,0.65,42.0,18.0,1.8,18.0,22.0,6.0,36.8,,,,,,,,,,,,,,,,,,,,,,NO ODDS,,,,,,,,,9.2,,EARLY MODERATE,No OVER/UNDER recommendation.
2026,3,,2026-09-28,20:15,00-0039747,Ainias Smith,ainias smith,PHI,CHI,WR,LOW TARGET,False,,,-1.5,47.5,24.5,,,0,3,3,0.2,0.7,0.1,3,18,7.71,5.92,1.9,8.25,1.0,21.22,36.81,33.1,62.38,1.039,0.55,1.03,1.018,0.998,Neutral,1.068,1.054,1.12,1.0,1.068,0.956,1.051,1.068,5.4,12.0,0.0,6.8,-4.4,5.1,6.8,0.0045788902053712,0.0001110781990521,0.0,2.124210110584518,2.7412618483412325,20.425515896524487,22.549726007109008,2.1287890007898898,7.652075187598736,,,,,2.2,2.8,21.0,,8.2,,,,,2.3,2.7,22.1,,8.8,38.0,0.85,0.65,42.0,18.0,1.8,18.0,22.0,6.0,33.1,,,,,,,,,,,,,,,,,,,,,,NO ODDS,,,,,,,,,8.3,,EARLY MODERATE,No OVER/UNDER recommendation.
2026,3,,2026-09-28,20:15,00-0033958,Nathan Peterman,nathan peterman,CHI,PHI,QB,QB,True,,,1.5,47.5,23.0,,,0,0,4,0.2,0.7,0.1,4,18,2.29,4.42,-0.55,2.31,1.0,17.06,40.15,29.2,59.38,1.024,0.851,1.03,0.982,1.028,Neutral,0.938,0.88,0.88,1.0,0.938,1.0,1.0,0.938,-12.0,-12.0,0.0,-6.2,0.0,0.0,-6.2,192.07142857142856,1.1861584011843078,0.0,15.384900074019248,0.0099925980754996,0.0177646188008882,15.402664692820132,207.45632864544783,13.518830495928944,202.6,1.25,0.0,218.8,,,,,14.3,178.3,1.1,0.0,192.5,,,,,13.4,39.23,0.85,0.65,42.35,18.0,1.8,18.0,22.0,6.0,29.2,,,,,,,,,,,,,,,,,,,,,,NO ODDS,,,,,,,,,7.3,,EARLY MODERATE,No OVER/UNDER recommendation.
2026,3,,2026-09-28,20:15,00-0038498,E.J. Jenkins,ej jenkins,PHI,CHI,TE,LOW TARGET,False,,,-1.5,47.5,24.5,,,0,3,3,0.2,0.7,0.1,3,18,2.57,3.63,0.0,3.85,0.0,15.53,26.27,27.5,62.38,1.039,0.55,1.0,1.018,0.998,Neutral,1.068,1.054,1.12,1.0,1.068,1.114,1.06,1.068,5.4,12.0,0.0,6.8,11.4,6.0,6.8,0.0099002567647639,9.8755678451511e-05,0.0,0.0420205411811179,0.5664790308776089,4.848204292580157,4.890224833761275,0.0519207979458819,2.9296877674632955,,,,,0.0,0.6,4.8,,3.0,,,,,0.0,0.7,5.1,,3.2,38.0,0.85,0.65,42.0,18.0,1.8,18.0,22.0,6.0,27.5,,,,,,,,,,,,,,,,,,,,,,NO ODDS,,,,,,,,,6.9,,EARLY MODERATE,No OVER/UNDER recommendation.
2026,3,,2026-09-28,20:15,00-0037329,Brittain Brown,brittain brown,CHI,PHI,RB,DEPTH RB,True,,,1.5,47.5,23.0,,,0,2,3,0.2,0.7,0.1,3,15,3.23,4.57,0.0,4.85,0.0,15.53,28.86,26.8,59.38,1.024,0.6,1.0,0.982,1.028,Neutral,0.938,0.88,0.88,1.0,1.058,0.88,1.061,1.059,-12.0,-12.0,0.0,5.8,-12.0,6.1,5.9,0.0024586939417781,0.0001966955153422,0.0,13.374980330448466,0.1934500393391031,1.4195908733280884,14.794571203776556,13.377439024390243,3.386734854445318,,,,,13.1,0.2,1.5,14.9,3.5,,,,,13.9,0.2,1.6,15.8,3.3,38.0,0.85,0.65,42.0,18.0,1.8,18.0,22.0,6.0,26.8,,,,,,,,,,,,,,,,,,,,,,NO ODDS,,,,,,,,,6.7,,EARLY MODERATE,No OVER/UNDER recommendation.
2026,3,,2026-09-28,20:15,00-0040236,Kyle Monangai,kyle monangai,CHI,PHI,RB,ROTATION RB,True,,,1.5,47.5,23.0,,,2,17,8,0.2,0.7,0.1,8,18,10.51,5.71,7.25,13.98,0.464,64.8,78.27,76.4,59.38,1.024,0.749,1.03,0.982,1.028,Neutral,0.938,0.88,0.88,1.0,1.058,0.88,1.061,1.059,-12.0,-12.0,0.0,5.8,-12.0,6.1,5.9,0.0019669551534225,0.0001573564122738,0.0,49.41458510469492,1.3356423844124592,11.109412194460791,60.52399729915571,49.41655205984834,9.394608471791551,,,,,50.0,1.4,11.8,62.7,9.9,,,,,52.9,1.2,12.5,66.4,9.3,38.0,0.85,0.65,42.0,18.51,1.8,18.0,22.58,6.0,76.4,0283a29e1b38ef78b29b904fd56a16dd,2026-09-20T17:00:00Z,Chicago Bears,Minnesota Vikings,draftkings,DraftKings,player_rush_yds,Rush Yards,37.5,-115.0,,52.9,18.51,Rush Yards,0.7972906486182398,0.20270935138176016,,0.5348837209302325,,-0.33217436954847235,15.4,PASS,,,,-33.2,79.7,20.3,,53.5,30.6,,EARLY MODERATE,No OVER/UNDER recommendation.
2026,3,,2026-09-28,20:15,00-0036275,D'Andre Swift,dandre swift,CHI,PHI,RB,ROTATION RB,True,,,1.5,47.5,23.0,,,2,33,8,0.2,0.7,0.1,8,18,17.18,8.84,10.65,22.07,-0.045,66.03,85.94,79.8,59.38,1.024,1.069,0.995,0.982,1.028,Neutral,0.938,0.88,0.88,1.0,1.058,0.88,1.061,1.059,-12.0,-12.0,0.0,5.8,-12.0,6.1,5.9,0.0019669551534225,0.0001573564122738,0.0,61.1262017968263,2.470127996839248,23.234076378316157,84.36027817514247,61.12816875197973,13.911741779660153,,,,,59.7,2.5,23.8,84.3,14.2,,,,,63.2,2.2,25.3,89.3,13.3,38.0,0.85,0.65,42.0,22.12,1.8,18.0,30.36,6.0,79.8,0283a29e1b38ef78b29b904fd56a16dd,2026-09-20T17:00:00Z,Chicago Bears,Minnesota Vikings,draftkings,DraftKings,player_rush_yds,Rush Yards,59.5,-111.0,,63.2,22.12,Rush Yards,0.5664209754258798,0.43357902457412023,,0.5260663507109005,,-0.09248732613678023,3.7,PASS,,,,-9.2,56.6,43.4,,52.6,22.7,,EARLY MODERATE,No OVER/UNDER recommendation.
2026,3,,2026-09-28,20:15,00-0039918,Caleb Williams,caleb williams,CHI,PHI,QB,STARTING QB,True,,,1.5,47.5,23.0,,,2,34,8,0.2,0.7,0.1,8,18,19.34,9.4,13.57,21.5,-0.023,67.28,91.82,82.5,59.38,1.024,0.982,0.997,0.982,1.028,Neutral,0.938,0.88,0.88,1.0,0.938,1.0,1.0,0.938,-12.0,-12.0,0.0,-6.2,0.0,0.0,-6.2,210.26077158135985,1.2430619822116318,0.0,28.65117144361278,0.0501971207701168,0.5429529324683242,29.1941243760811,238.9119430249726,16.675380375796106,214.7,1.27,0.0,244.0,,,,,17.0,188.9,1.12,0.0,214.7,,,,,15.9,41.56,0.85,0.65,47.23,18.0,1.8,18.0,22.0,6.0,82.5,0283a29e1b38ef78b29b904fd56a16dd,2026-09-20T17:00:00Z,Chicago Bears,Minnesota Vikings,draftkings,DraftKings,player_pass_yds,Pass Yards,224.5,-113.0,,188.9,41.56,Pass Yards,0.19583496162242198,0.804165038377578,,0.5305164319248826,,0.2736486064526954,-35.6,UNDER,0.2736486064526954,27.4,,27.4,19.6,80.4,,53.1,63.7,A,EARLY MODERATE,"A: EARLY MODERATE. Edge 27.4% >= 13.0%, confidence 82.5 >= 76.0, diff 35.6 >= 8.0."
2026,3,,2026-09-28,20:15,00-0040126,Colston Loveland,colston loveland,CHI,PHI,TE,REGULAR TARGET,True,,,1.5,47.5,23.0,,,2,16,8,0.2,0.7,0.1,8,18,10.05,9.2,4.67,15.03,-0.296,52.21,63.86,67.5,59.38,1.024,0.693,0.97,0.982,1.028,Neutral,0.938,0.88,0.88,1.0,0.938,0.88,0.88,0.938,-12.0,-12.0,0.0,-6.2,-12.0,-12.0,-6.2,0.0079202054118111,7.90045427612088e-05,0.0,-0.0763835670551057,3.1977070342258966,37.15130152930223,37.07491796224712,-0.0684633616432945,8.819547833018257,,,,,-0.1,3.2,37.1,,8.8,,,,,-0.1,2.8,32.6,,8.3,38.0,0.85,0.65,42.0,18.0,1.8,18.0,22.0,6.0,67.5,0283a29e1b38ef78b29b904fd56a16dd,2026-09-20T17:00:00Z,Chicago Bears,Minnesota Vikings,draftkings,DraftKings,player_reception_yds,Receiving Yards,48.5,-111.0,,32.6,18.0,Receiving Yards,0.18852809946905513,0.8114719005309449,,0.5260663507109005,,0.2854055498200444,-15.9,UNDER,0.2854055498200444,28.5,,28.5,18.9,81.1,,52.6,45.9,C,EARLY MODERATE,"C: EARLY MODERATE. Edge 28.5% >= 7.0%, confidence 67.5 >= 58.0."
2026,3,,2026-09-28,20:15,00-0040126,Colston Loveland,colston loveland,CHI,PHI,TE,REGULAR TARGET,True,,,1.5,47.5,23.0,,,2,16,8,0.2,0.7,0.1,8,18,10.05,9.2,4.67,15.03,-0.296,52.21,63.86,67.5,59.38,1.024,0.693,0.97,0.982,1.028,Neutral,0.938,0.88,0.88,1.0,0.938,0.88,0.88,0.938,-12.0,-12.0,0.0,-6.2,-12.0,-12.0,-6.2,0.0079202054118111,7.90045427612088e-05,0.0,-0.0763835670551057,3.1977070342258966,37.15130152930223,37.07491796224712,-0.0684633616432945,8.819547833018257,,,,,-0.1,3.2,37.1,,8.8,,,,,-0.1,2.8,32.6,,8.3,38.0,0.85,0.65,42.0,18.0,1.8,18.0,22.0,6.0,67.5,0283a29e1b38ef78b29b904fd56a16dd,2026-09-20T17:00:00Z,Chicago Bears,Minnesota Vikings,draftkings,DraftKings,player_receptions,Receptions,4.5,-137.0,,2.8,1.8,Receptions,0.17247128941430823,0.8275287105856918,,0.5780590717299579,,0.24946963885573392,-1.7,UNDER,0.24946963885573392,24.9,,24.9,17.2,82.8,,57.8,33.1,C,EARLY MODERATE,"C: EARLY MODERATE. Edge 24.9% >= 7.0%, confidence 67.5 >= 58.0."
2026,3,,2026-09-28,20:15,00-0039918,Caleb Williams,caleb williams,CHI,PHI,QB,STARTING QB,True,,,1.5,47.5,23.0,,,2,34,8,0.2,0.7,0.1,8,18,19.34,9.4,13.57,21.5,-0.023,67.28,91.82,82.5,59.38,1.024,0.982,0.997,0.982,1.028,Neutral,0.938,0.88,0.88,1.0,0.938,1.0,1.0,0.938,-12.0,-12.0,0.0,-6.2,0.0,0.0,-6.2,210.26077158135985,1.2430619822116318,0.0,28.65117144361278,0.0501971207701168,0.5429529324683242,29.1941243760811,238.9119430249726,16.675380375796106,214.7,1.27,0.0,244.0,,,,,17.0,188.9,1.12,0.0,214.7,,,,,15.9,41.56,0.85,0.65,47.23,18.0,1.8,18.0,22.0,6.0,82.5,0283a29e1b38ef78b29b904fd56a16dd,2026-09-20T17:00:00Z,Chicago Bears,Minnesota Vikings,draftkings,DraftKings,player_pass_interceptions,Interceptions,0.5,-144.0,,0.0,0.65,Interceptions,0.22087816371245972,0.7791218362875403,,0.5901639344262295,,0.18895790186131078,-0.5,UNDER,0.18895790186131078,18.9,,18.9,22.1,77.9,,59.0,32.3,B,EARLY MODERATE,"B: EARLY MODERATE. Edge 18.9% >= 10.0%, confidence 82.5 >= 68.0."
2026,3,,2026-09-28,20:15,00-0039918,Caleb Williams,caleb williams,CHI,PHI,QB,STARTING QB,True,,,1.5,47.5,23.0,,,2,34,8,0.2,0.7,0.1,8,18,19.34,9.4,13.57,21.5,-0.023,67.28,91.82,82.5,59.38,1.024,0.982,0.997,0.982,1.028,Neutral,0.938,0.88,0.88,1.0,0.938,1.0,1.0,0.938,-12.0,-12.0,0.0,-6.2,0.0,0.0,-6.2,210.26077158135985,1.2430619822116318,0.0,28.65117144361278,0.0501971207701168,0.5429529324683242,29.1941243760811,238.9119430249726,16.675380375796106,214.7,1.27,0.0,244.0,,,,,17.0,188.9,1.12,0.0,214.7,,,,,15.9,41.56,0.85,0.65,47.23,18.0,1.8,18.0,22.0,6.0,82.5,0283a29e1b38ef78b29b904fd56a16dd,2026-09-20T17:00:00Z,Chicago Bears,Minnesota Vikings,draftkings,DraftKings,player_pass_tds,Pass TDs,1.5,100.0,,1.12,0.85,Pass TDs,0.3274162942039994,0.6725837057960006,,0.5,,0.17258370579600057,-0.38,UNDER,0.17258370579600057,17.3,,17.3,32.7,67.3,,50.0,31.3,B,EARLY MODERATE,"B: EARLY MODERATE. Edge 17.3% >= 10.0%, confidence 82.5 >= 68.0."
2026,3,,2026-09-28,20:15,00-0040735,Luther Burden III,luther burden iii,CHI,PHI,WR,REGULAR TARGET,True,,,1.5,47.5,23.0,,,2,15,8,0.2,0.7,0.1,8,18,11.58,6.78,7.57,11.85,-0.564,63.05,67.55,71.7,59.38,1.024,0.689,0.97,0.982,1.028,Neutral,0.938,0.88,0.88,1.0,0.938,0.932,0.935,0.938,-12.0,-12.0,0.0,-6.2,-6.8,-6.5,-6.2,0.0036631121642969,8.886255924170617e-05,0.0,2.191749040848568,3.410152335815844,45.54326986007674,47.7350189009253,2.1954121530128643,8.771183959602801,,,,,2.1,3.4,45.4,,8.7,,,,,2.0,3.2,42.4,,8.2,38.0,0.85,0.65,42.0,18.0,1.8,18.0,22.0,6.0,71.7,0283a29e1b38ef78b29b904fd56a16dd,2026-09-20T17:00:00Z,Chicago Bears,Minnesota Vikings,draftkings,DraftKings,player_reception_yds,Receiving Yards,49.5,-112.0,,42.4,18.0,Receiving Yards,0.34662646802897856,0.6533735319710214,,0.5283018867924528,,0.1250716451785686,-7.1,UNDER,0.1250716451785686,12.5,,12.5,34.7,65.3,,52.8,30.8,B,EARLY MODERATE,"B: EARLY MODERATE. Edge 12.5% >= 10.0%, confidence 71.7 >= 68.0."
2026,3,,2026-09-28,20:15,00-0040735,Luther Burden III,luther burden iii,CHI,PHI,WR,REGULAR TARGET,True,,,1.5,47.5,23.0,,,2,15,8,0.2,0.7,0.1,8,18,11.58,6.78,7.57,11.85,-0.564,63.05,67.55,71.7,59.38,1.024,0.689,0.97,0.982,1.028,Neutral,0.938,0.88,0.88,1.0,0.938,0.932,0.935,0.938,-12.0,-12.0,0.0,-6.2,-6.8,-6.5,-6.2,0.0036631121642969,8.886255924170617e-05,0.0,2.191749040848568,3.410152335815844,45.54326986007674,47.7350189009253,2.1954121530128643,8.771183959602801,,,,,2.1,3.4,45.4,,8.7,,,,,2.0,3.2,42.4,,8.2,38.0,0.85,0.65,42.0,18.0,1.8,18.0,22.0,6.0,71.7,0283a29e1b38ef78b29b904fd56a16dd,2026-09-20T17:00:00Z,Chicago Bears,Minnesota Vikings,draftkings,DraftKings,player_receptions,Receptions,4.5,-140.0,,3.2,1.8,Receptions,0.23507893142883485,0.7649210685711652,,0.5833333333333334,,0.18158773523783178,-1.3,UNDER,0.18158773523783178,18.2,,18.2,23.5,76.5,,58.3,29.8,B,EARLY MODERATE,"B: EARLY MODERATE. Edge 18.2% >= 10.0%, confidence 71.7 >= 68.0."
