season,week,game_id,game_date,game_time,player_id,player_name,player_key,team,opponent_team,position,role_label,is_home,home_team,away_team,team_spread,total_line,implied_team_total,roof,surface,current_games,prior_games,recent_games,current_weight,prior_weight,league_weight,games_used,last_week,fantasy_mean,fantasy_std,fantasy_floor,fantasy_ceiling,fantasy_form_trend,consistency_rating,projection_confidence,projection_confidence_final,game_environment_score,environment_factor,volume_factor,form_factor,rush_game_script_factor,pass_game_script_factor,overall_matchup_label,overall_def_factor,defense_factor_passing_yards,defense_factor_passing_tds,defense_factor_interceptions,defense_factor_rushing_yards,defense_factor_receptions,defense_factor_receiving_yards,defense_factor_rush_rec_yards,defense_adjustment_pct_passing_yards,defense_adjustment_pct_passing_tds,defense_adjustment_pct_interceptions,defense_adjustment_pct_rushing_yards,defense_adjustment_pct_receptions,defense_adjustment_pct_receiving_yards,defense_adjustment_pct_rush_rec_yards,blend_passing_yards_base,blend_passing_tds_base,blend_interceptions_base,blend_rushing_yards_base,blend_receptions_base,blend_receiving_yards_base,blend_rush_rec_yards_base,blend_passing_rushing_yards_base,blend_fantasy_points_ppr_base,projection_before_defense_passing_yards,projection_before_defense_passing_tds,projection_before_defense_interceptions,projection_before_defense_passing_rushing_yards,projection_before_defense_rushing_yards,projection_before_defense_receptions,projection_before_defense_receiving_yards,projection_before_defense_rush_rec_yards,projection_before_defense_fantasy,projected_passing_yards,projected_passing_tds,projected_interceptions,projected_passing_rushing_yards,projected_rushing_yards,projected_receptions,projected_receiving_yards,projected_rush_rec_yards,projected_fantasy,std_passing_yards,std_passing_tds,std_interceptions,std_passing_rushing_yards,std_rushing_yards,std_receptions,std_receiving_yards,std_rush_rec_yards,std_fantasy
2026,4,,2026-10-01,20:15,00-0023459,Aaron Rodgers,aaron rodgers,PIT,CLE,QB,STARTING QB,False,,,,,,,,3,33,8,0.2,0.7,0.1,8,18,14.36,6.49,11.23,18.69,-0.035,68.87,92.22,81.6,50.0,1.0,1.028,0.996,1.0,1.0,Neutral,0.967,0.88,0.944,1.0,0.967,1.0,1.0,0.967,-12.0,-5.6,0.0,-3.3,0.0,0.0,-3.3,219.94188549024076,1.5175462330067593,0.0,6.2142980557454255,0.029053694843168526,-0.2504817916002127,5.963816264145212,226.15618354598618,14.440173283587757,219.0,1.51,0.0,225.2,,,,,14.4,192.7,1.43,0.0,198.2,,,,,13.9,42.39,0.85,0.65,43.6,18.0,1.8,18.0,22.0,6.0
2026,4,,2026-10-01,20:15,00-0033537,Deshaun Watson,deshaun watson,CLE,PIT,QB,QB,True,,,,,,,,3,7,8,0.2,0.7,0.1,8,18,13.67,5.5,8.41,17.26,1.0,71.31,92.83,78.7,50.0,1.0,0.887,1.03,1.0,1.0,Favorable,1.076,1.074,1.013,1.0,1.076,1.0,1.0,1.076,7.4,1.3,0.0,7.6,0.0,0.0,7.6,168.13133354218883,0.9238774018379283,0.0,21.609184419381794,0.0010233918128654974,0.0017909356725146202,21.610975355054308,189.74051796157062,12.251190058479533,173.2,0.95,0.0,195.4,,,,,12.6,186.0,0.96,0.0,209.9,,,,,13.6,40.92,0.85,0.65,46.18,18.0,1.8,18.0,22.0,6.0
2026,4,,2026-10-01,20:15,00-0040668,Shedeur Sanders,shedeur sanders,CLE,PIT,QB,QB,True,,,,,,,,1,8,8,0.2,0.7,0.1,8,18,9.17,9.09,4.65,10.71,-0.699,50.23,87.56,67.6,50.0,1.0,0.7,0.97,1.0,1.0,Favorable,1.076,1.074,1.013,1.0,1.076,1.0,1.0,1.076,7.4,1.3,0.0,7.6,0.0,0.0,7.6,142.63728592314118,0.715544068504595,0.0,17.927041562238934,0.0010233918128654974,0.0017909356725146202,17.928832497911447,160.56432748538012,8.744166248955725,138.4,0.69,0.0,155.7,,,,,8.5,148.6,0.7,0.0,167.2,,,,,9.1,38.0,0.85,0.65,42.0,18.0,1.8,18.0,22.0,6.0
2026,4,,2026-10-01,20:15,00-0040704,Dillon Gabriel,dillon gabriel,CLE,PIT,QB,QB,True,,,,,,,,0,10,8,0.2,0.7,0.1,8,16,6.96,7.12,2.19,12.68,-0.922,49.45,85.08,66.4,50.0,1.0,0.7,0.97,1.0,1.0,Favorable,1.076,1.074,1.013,1.0,1.076,1.0,1.0,1.076,7.4,1.3,0.0,7.6,0.0,0.0,7.6,102.25821454678363,0.7155610380116959,0.0,10.063861476608185,0.0012792397660818715,0.002238669590643275,10.06610014619883,112.32207602339182,7.536320906432748,99.2,0.69,0.0,109.0,,,,,7.3,106.5,0.7,0.0,117.1,,,,,7.9,38.0,0.85,0.65,42.0,18.0,1.8,18.0,22.0,6.0
2026,4,,2026-10-01,20:15,00-0034771,Mason Rudolph,mason rudolph,PIT,CLE,QB,QB,False,,,,,,,,1,13,8,0.2,0.7,0.1,8,18,3.23,4.54,0.22,7.9,-0.383,41.53,68.89,64.2,50.0,1.0,0.7,0.97,1.0,1.0,Neutral,0.967,0.88,0.944,1.0,0.967,1.0,1.0,0.967,-12.0,-5.6,0.0,-3.3,0.0,0.0,-3.3,108.37272548358075,0.6652693432298696,0.0,7.272371232568602,0.0010233918128654974,0.0017909356725146202,7.274162168241117,115.64509671614937,6.68613877642825,105.1,0.65,0.0,112.2,,,,,6.5,92.5,0.61,0.0,98.7,,,,,6.3,38.0,0.85,0.65,42.0,18.0,1.8,18.0,22.0,6.0
2026,4,,2026-10-01,20:15,00-0038583,Dorian Thompson-Robinson,dorian thompson robinson,CLE,PIT,QB,QB,True,,,,,,,,0,6,8,0.2,0.7,0.1,8,18,2.41,2.44,0.29,3.71,1.0,49.73,82.61,60.5,50.0,1.0,0.7,1.03,1.0,1.0,Favorable,1.076,1.074,1.013,1.0,1.076,1.0,1.0,1.076,7.4,1.3,0.0,7.6,0.0,0.0,7.6,91.99988121345031,0.14889437134502928,0.0,17.93886147660819,0.0012792397660818715,0.002238669590643275,17.94110014619883,109.93874269005848,4.046820906432749,94.8,0.15,0.0,113.2,,,,,4.2,101.8,0.15,0.0,121.6,,,,,4.5,38.0,0.85,0.65,42.0,18.0,1.8,18.0,22.0,6.0
2026,4,,2026-10-01,20:15,00-0038108,Bailey Zappe,bailey zappe,CLE,PIT,QB,STARTING QB,True,,,,,,,,0,1,8,0.2,0.7,0.1,8,18,9.22,6.37,5.46,13.16,-0.575,59.13,89.78,59.4,50.0,1.0,0.954,0.97,1.0,1.0,Favorable,1.076,1.074,1.013,1.0,1.076,1.0,1.0,1.076,7.4,1.3,0.0,7.6,0.0,0.0,7.6,172.78321454678365,1.0238943713450293,0.0,3.6721948099415207,0.0012792397660818715,0.002238669590643275,3.674433479532164,176.45540935672517,7.818154239766082,167.6,0.99,0.0,171.2,,,,,7.6,180.0,1.0,0.0,183.9,,,,,8.2,39.6,0.85,0.65,42.0,18.0,1.8,18.0,22.0,6.0
2026,4,,2026-10-01,20:15,00-0033275,PJ Walker,pj walker,CLE,PIT,QB,QB,True,,,,,,,,0,0,8,0.2,0.7,0.1,8,12,4.27,5.3,0.11,6.94,-0.279,44.64,86.16,53.1,50.0,1.0,0.852,0.97,1.0,1.0,Favorable,1.076,1.074,1.013,1.0,1.076,1.0,1.0,1.076,7.4,1.3,0.0,7.6,0.0,0.0,7.6,192.265716374269,1.191154970760234,0.0,15.377558479532164,0.01023391812865497,0.017909356725146198,15.39546783625731,207.64327485380116,13.545233918128655,186.5,1.16,0.0,201.4,,,,,13.1,200.3,1.18,0.0,216.3,,,,,14.1,44.07,0.85,0.65,47.59,18.0,1.8,18.0,22.0,6.0
2026,4,,2026-10-01,20:15,00-0032436,Jeff Driskel,jeff driskel,CLE,PIT,QB,QB,True,,,,,,,,0,0,8,0.2,0.7,0.1,8,18,4.45,5.04,1.04,4.68,0.207,46.93,64.29,44.9,50.0,1.0,0.852,1.025,1.0,1.0,Favorable,1.076,1.074,1.013,1.0,1.076,1.0,1.0,1.076,7.4,1.3,0.0,7.6,0.0,0.0,7.6,192.265716374269,1.191154970760234,0.0,15.377558479532164,0.01023391812865497,0.017909356725146198,15.39546783625731,207.64327485380116,13.545233918128655,197.0,1.22,0.0,212.8,,,,,13.9,211.6,1.24,0.0,228.5,,,,,15.0,46.55,0.85,0.65,50.27,18.0,1.8,18.0,22.0,6.0
2026,4,,2026-10-01,20:15,00-0040784,Quinshon Judkins,quinshon judkins,CLE,PIT,RB,ROTATION RB,True,,,,,,,,3,14,8,0.2,0.7,0.1,8,16,9.83,3.3,8.8,11.55,0.103,74.88,88.97,81.8,50.0,1.0,1.106,1.012,1.0,1.0,Favorable,1.076,1.074,1.013,1.0,1.057,1.024,1.08,1.063,7.4,1.3,0.0,5.7,2.4,8.0,6.3,0.001940993788819876,0.0001552795031055901,0.0,50.8218530020704,2.1107799808886774,13.69625258799172,64.51810559006212,50.82379399585921,10.768143573817488,,,,,51.5,2.1,13.9,65.3,10.9,,,,,54.4,2.2,15.0,69.4,11.7,38.0,0.85,0.65,42.0,19.04,1.8,18.0,23.6,6.0
2026,4,,2026-10-01,20:15,00-0037228,Jaylen Warren,jaylen warren,PIT,CLE,RB,ROTATION RB,False,,,,,,,,3,31,8,0.2,0.7,0.1,8,18,14.25,6.81,9.22,16.55,-0.194,67.66,85.29,78.5,50.0,1.0,0.907,0.977,1.0,1.0,Neutral,0.967,0.88,0.944,1.0,1.068,0.964,0.88,1.011,-12.0,-5.6,0.0,6.8,-3.6,-12.0,1.1,0.001940993788819876,0.0001552795031055901,0.0,55.6781356441595,2.5223243504975623,23.500768717023977,79.17890436118348,55.68007663794831,11.956347993054163,,,,,54.4,2.5,23.0,77.3,11.7,,,,,58.1,2.4,20.2,78.2,11.3,38.0,0.85,0.65,42.0,20.34,1.8,18.0,26.59,6.0
2026,4,,2026-10-01,20:15,00-0036139,Rico Dowdle,rico dowdle,PIT,CLE,RB,ROTATION RB,False,,,,,,,,2,33,8,0.2,0.7,0.1,8,18,7.4,3.1,5.83,10.28,-0.55,70.46,80.82,77.4,50.0,1.0,0.952,0.97,1.0,1.0,Neutral,0.967,0.88,0.944,1.0,1.068,0.964,0.88,1.011,-12.0,-5.6,0.0,6.8,-3.6,-12.0,1.1,0.001940993788819876,0.0001552795031055901,0.0,53.219823781291176,2.204167843026539,16.267789384528516,69.48761316581971,53.22176477507999,10.739226449275364,,,,,51.6,2.1,15.8,67.4,10.4,,,,,55.1,2.0,13.9,68.1,10.1,38.0,0.85,0.65,42.0,19.28,1.8,18.0,23.15,6.0
2026,4,,2026-10-01,20:15,00-0038794,Jaleel McLaughlin,jaleel mclaughlin,CLE,PIT,RB,DEPTH RB,True,,,,,,,,1,24,8,0.2,0.7,0.1,8,18,3.66,2.55,2.88,4.77,0.354,58.89,63.85,67.8,50.0,1.0,0.6,1.03,1.0,1.0,Favorable,1.076,1.074,1.013,1.0,1.057,1.024,1.08,1.063,7.4,1.3,0.0,5.7,2.4,8.0,6.3,0.001940993788819876,0.0001552795031055901,0.0,24.381376811594208,0.886620082815735,4.199927536231885,28.58130434782609,24.38331780538303,4.477457556935819,,,,,25.1,0.9,4.3,29.4,4.6,,,,,26.5,0.9,4.6,31.3,4.9,38.0,0.85,0.65,42.0,18.0,1.8,18.0,22.0,6.0
2026,4,,2026-10-01,20:15,00-0040162,Dylan Sampson,dylan sampson,CLE,PIT,RB,DEPTH RB,True,,,,,,,,1,15,8,0.2,0.7,0.1,8,18,5.34,4.85,1.65,7.25,-0.572,52.42,65.59,66.8,50.0,1.0,0.6,0.97,1.0,1.0,Favorable,1.076,1.074,1.013,1.0,1.057,1.024,1.08,1.063,7.4,1.3,0.0,5.7,2.4,8.0,6.3,0.001940993788819876,0.0001552795031055901,0.0,12.43613871635611,1.6433074534161494,13.801014492753625,26.23715320910974,12.438079710144931,4.824077639751554,,,,,12.1,1.6,13.4,25.5,4.7,,,,,12.8,1.6,14.5,27.1,5.1,38.0,0.85,0.65,42.0,18.0,1.8,18.0,22.0,6.0
2026,4,,2026-10-01,20:15,00-0035594,Travis Homer,travis homer,PIT,CLE,RB,DEPTH RB,False,,,,,,,,2,16,8,0.2,0.7,0.1,8,18,0.24,0.6,0.0,0.0,0.533,62.44,56.64,65.8,50.0,1.0,0.6,1.03,1.0,1.0,Neutral,0.967,0.88,0.944,1.0,1.068,0.964,0.88,1.011,-12.0,-5.6,0.0,6.8,-3.6,-12.0,1.1,0.001940993788819876,0.0001552795031055901,0.0,4.819829192546585,0.27473602484472054,1.5743478260869568,6.394177018633543,4.821770186335405,1.0845419254658388,,,,,5.0,0.3,1.6,6.6,1.1,,,,,5.3,0.3,1.4,6.7,1.1,38.0,0.85,0.65,42.0,18.0,1.8,18.0,22.0,6.0
2026,4,,2026-10-01,20:15,00-0037267,Jerome Ford,jerome ford,CLE,PIT,RB,DEPTH RB,True,,,,,,,,0,27,8,0.2,0.7,0.1,8,18,2.22,2.4,0.18,3.42,1.0,48.1,56.54,62.1,50.0,1.0,0.6,1.03,1.0,1.0,Favorable,1.076,1.074,1.013,1.0,1.057,1.024,1.08,1.063,7.4,1.3,0.0,5.7,2.4,8.0,6.3,0.002426242236024845,0.0001940993788819876,0.0,21.26642899170073,2.0994029370388065,11.234530224204137,32.50095921590487,21.26885523393676,6.04325333784573,,,,,21.9,2.2,11.6,33.5,6.2,,,,,23.1,2.3,12.5,35.6,6.7,38.0,0.85,0.65,42.0,18.0,1.8,18.0,22.0,6.0
2026,4,,2026-10-01,20:15,00-0036984,Trey Sermon,trey sermon,PIT,CLE,RB,DEPTH RB,False,,,,,,,,0,18,8,0.2,0.7,0.1,8,18,0.97,1.17,0.0,2.12,-1.0,46.16,54.33,60.8,50.0,1.0,0.6,0.97,1.0,1.0,Neutral,0.967,0.88,0.944,1.0,1.068,0.964,0.88,1.011,-12.0,-5.6,0.0,6.8,-3.6,-12.0,1.1,0.002426242236024845,0.0001940993788819876,0.0,10.507358269394716,0.8878644755003452,5.748817135549873,16.25617540494459,10.509784511630741,3.1186241271871067,,,,,10.2,0.9,5.6,15.8,3.0,,,,,10.9,0.9,4.9,16.0,2.9,38.0,0.85,0.65,42.0,18.0,1.8,18.0,22.0,6.0
2026,4,,2026-10-01,20:15,00-0040466,Raheim Sanders,raheim sanders,CLE,PIT,RB,DEPTH RB,True,,,,,,,,3,4,7,0.2,0.7,0.1,7,18,5.36,2.29,4.2,5.95,0.2,61.3,62.98,60.5,50.0,1.0,0.6,1.024,1.0,1.0,Favorable,1.076,1.074,1.013,1.0,1.057,1.024,1.08,1.063,7.4,1.3,0.0,5.7,2.4,8.0,6.3,0.001940993788819876,0.0001552795031055901,0.0,22.521853002070397,1.3166407867494825,10.141490683229815,32.66334368530021,22.52379399585922,5.353363354037268,,,,,23.1,1.3,10.4,33.4,5.5,,,,,24.4,1.3,11.2,35.5,5.9,38.0,0.85,0.65,42.0,18.0,1.8,18.0,22.0,6.0
2026,4,,2026-10-01,20:15,00-0033925,D'Onta Foreman,donta foreman,CLE,PIT,RB,DEPTH RB,True,,,,,,,,0,10,8,0.2,0.7,0.1,8,18,3.14,2.86,1.4,5.35,-0.235,52.31,67.18,59.9,50.0,1.0,0.6,0.972,1.0,1.0,Favorable,1.076,1.074,1.013,1.0,1.057,1.024,1.08,1.063,7.4,1.3,0.0,5.7,2.4,8.0,6.3,0.002426242236024845,0.0001940993788819876,0.0,24.789221014492753,0.676753364389234,5.734601449275362,30.523822463768116,24.79164725672878,3.7254541925465836,,,,,24.1,0.7,5.6,29.7,3.6,,,,,25.5,0.7,6.0,31.6,3.9,38.0,0.85,0.65,42.0,18.0,1.8,18.0,22.0,6.0
2026,4,,2026-10-01,20:15,00-0034614,Godwin Igwebuike,godwin igwebuike,PIT,CLE,RB,DEPTH RB,False,,,,,,,,0,0,8,0.2,0.7,0.1,8,18,0.0,0.0,0.0,0.0,0.0,100.0,65.0,58.5,50.0,1.0,0.602,1.0,1.0,1.0,Neutral,0.967,0.88,0.944,1.0,1.068,0.964,0.88,1.011,-12.0,-5.6,0.0,6.8,-3.6,-12.0,1.1,0.019409937888198756,0.0015527950310559005,0.0,32.9804347826087,1.5473602484472049,11.343478260869565,44.323913043478264,32.999844720496895,7.683633540372671,,,,,33.0,1.5,11.3,44.3,7.7,,,,,35.2,1.4,9.9,44.8,7.4,38.0,0.85,0.65,42.0,18.0,1.8,18.0,22.0,6.0
2026,4,,2026-10-01,20:15,00-0038098,Pierre Strong,pierre strong,CLE,PIT,RB,DEPTH RB,True,,,,,,,,0,13,8,0.2,0.7,0.1,8,18,2.46,2.74,0.38,2.9,1.0,47.39,57.37,58.5,50.0,1.0,0.6,1.03,1.0,1.0,Favorable,1.076,1.074,1.013,1.0,1.057,1.024,1.08,1.063,7.4,1.3,0.0,5.7,2.4,8.0,6.3,0.002426242236024845,0.0001940993788819876,0.0,11.62736204013378,1.1741892618251315,7.629473244147157,19.256835284280935,11.629788282369805,3.3128580387004307,,,,,12.0,1.2,7.9,19.8,3.4,,,,,12.7,1.2,8.5,21.0,3.7,38.0,0.85,0.65,42.0,18.0,1.8,18.0,22.0,6.0
2026,4,,2026-10-01,20:15,00-0030578,Cordarrelle Patterson,cordarrelle patterson,PIT,CLE,RB,DEPTH RB,False,,,,,,,,0,13,8,0.2,0.7,0.1,8,18,2.3,3.51,0.02,3.4,-0.076,39.58,53.95,55.2,50.0,1.0,0.6,0.991,1.0,1.0,Neutral,0.967,0.88,0.944,1.0,1.068,0.964,0.88,1.011,-12.0,-5.6,0.0,6.8,-3.6,-12.0,1.1,0.002426242236024845,0.0001940993788819876,0.0,11.685054347826089,0.9674584925943621,6.615050167224082,18.30010451505017,11.687480590062112,3.3758388079312,,,,,11.6,1.0,6.6,18.1,3.3,,,,,12.4,1.0,5.8,18.3,3.2,38.0,0.85,0.65,42.0,18.0,1.8,18.0,22.0,6.0
2026,4,,2026-10-01,20:15,00-0035291,Trayveon Williams,trayveon williams,CLE,PIT,RB,DEPTH RB,True,,,,,,,,0,11,8,0.2,0.7,0.1,8,18,2.57,3.1,0.0,2.78,1.0,45.34,56.17,55.1,50.0,1.0,0.6,1.03,1.0,1.0,Favorable,1.076,1.074,1.013,1.0,1.057,1.024,1.08,1.063,7.4,1.3,0.0,5.7,2.4,8.0,6.3,0.002426242236024845,0.0001940993788819876,0.0,7.87937252964427,0.9797836674195372,7.067934782608696,14.947307312252967,7.8817987718802955,2.687499647092039,,,,,8.1,1.0,7.3,15.4,2.8,,,,,8.6,1.0,7.9,16.4,3.0,38.0,0.85,0.65,42.0,18.0,1.8,18.0,22.0,6.0
2026,4,,2026-10-01,20:15,00-0035924,Jonathan Ward,jonathan ward,PIT,CLE,RB,DEPTH RB,False,,,,,,,,0,4,8,0.2,0.7,0.1,8,18,0.83,1.04,0.0,1.23,-0.233,49.07,55.2,46.8,50.0,1.0,0.6,0.972,1.0,1.0,Neutral,0.967,0.88,0.944,1.0,1.068,0.964,0.88,1.011,-12.0,-5.6,0.0,6.8,-3.6,-12.0,1.1,0.002426242236024845,0.0001940993788819876,0.0,7.685054347826087,0.19342003105590064,1.4179347826086959,9.102989130434784,7.687480590062113,1.3167041925465839,,,,,7.5,0.2,1.4,8.8,1.3,,,,,8.0,0.2,1.2,8.9,1.3,38.0,0.85,0.65,42.0,18.0,1.8,18.0,22.0,6.0
2026,4,,2026-10-01,20:15,00-0036654,Demetric Felton,demetric felton,CLE,PIT,RB,DEPTH RB,True,,,,,,,,0,0,6,0.2,0.7,0.1,6,15,0.47,0.65,0.0,0.68,0.2,45.58,46.53,37.5,50.0,1.0,0.602,1.024,1.0,1.0,Favorable,1.076,1.074,1.013,1.0,1.057,1.024,1.08,1.063,7.4,1.3,0.0,5.7,2.4,8.0,6.3,0.019409937888198756,0.0015527950310559005,0.0,32.9804347826087,1.5473602484472049,11.343478260869565,44.323913043478264,32.999844720496895,7.683633540372671,,,,,33.8,1.6,11.6,45.4,7.9,,,,,35.7,1.6,12.5,48.3,8.5,38.0,0.85,0.65,42.0,18.0,1.8,18.0,22.0,6.0
2026,4,,2026-10-01,20:15,00-0035217,Benny Snell,benny snell,PIT,CLE,RB,DEPTH RB,False,,,,,,,,0,0,8,0.2,0.7,0.1,8,18,2.28,4.46,0.0,1.42,-0.978,33.79,53.26,37.3,50.0,1.0,0.602,0.97,1.0,1.0,Neutral,0.967,0.88,0.944,1.0,1.068,0.964,0.88,1.011,-12.0,-5.6,0.0,6.8,-3.6,-12.0,1.1,0.019409937888198756,0.0015527950310559005,0.0,32.9804347826087,1.5473602484472049,11.343478260869565,44.323913043478264,32.999844720496895,7.683633540372671,,,,,32.0,1.5,11.0,43.0,7.5,,,,,34.2,1.4,9.7,43.5,7.3,38.0,0.85,0.65,42.0,18.0,1.8,18.0,22.0,6.0
2026,4,,2026-10-01,20:15,00-0037609,Aaron Shampklin,aaron shampklin,PIT,CLE,RB,DEPTH RB,False,,,,,,,,0,3,3,0.2,0.7,0.1,3,6,0.47,0.71,0.15,0.95,-0.7,21.95,33.13,30.0,50.0,1.0,0.6,0.97,1.0,1.0,Neutral,0.967,0.88,0.944,1.0,1.068,0.964,0.88,1.011,-12.0,-5.6,0.0,6.8,-3.6,-12.0,1.1,0.002426242236024845,0.0001940993788819876,0.0,8.205887681159421,0.19342003105590064,1.4179347826086959,9.623822463768118,8.208313923395446,1.3687875258799174,,,,,8.0,0.2,1.4,9.3,1.3,,,,,8.5,0.2,1.2,9.4,1.3,38.0,0.85,0.65,42.0,18.0,1.8,18.0,22.0,6.0
2026,4,,2026-10-01,20:15,00-0036336,Anthony McFarland,anthony mcfarland,PIT,CLE,RB,DEPTH RB,False,,,,,,,,0,0,4,0.2,0.7,0.1,4,12,1.54,2.24,0.0,3.85,-1.0,20.34,32.92,25.8,50.0,1.0,0.602,0.97,1.0,1.0,Neutral,0.967,0.88,0.944,1.0,1.068,0.964,0.88,1.011,-12.0,-5.6,0.0,6.8,-3.6,-12.0,1.1,0.019409937888198756,0.0015527950310559005,0.0,32.9804347826087,1.5473602484472049,11.343478260869565,44.323913043478264,32.999844720496895,7.683633540372671,,,,,32.0,1.5,11.0,43.0,7.5,,,,,34.2,1.4,9.7,43.5,7.3,38.0,0.85,0.65,42.0,18.0,1.8,18.0,22.0,6.0
2026,4,,2026-10-01,20:15,00-0040663,Harold Fannin Jr.,harold fannin jr,CLE,PIT,TE,REGULAR TARGET,True,,,,,,,,3,16,8,0.2,0.7,0.1,8,17,14.59,7.17,10.85,20.65,-0.092,67.05,69.06,71.9,50.0,1.0,0.917,0.989,1.0,1.0,Favorable,1.076,1.074,1.013,1.0,1.076,1.064,1.12,1.076,7.4,1.3,0.0,7.6,6.4,12.0,7.6,0.007801556420233465,7.782101167315177e-05,0.0,0.600671206225681,4.421112655178804,43.91323235130629,44.51390355753197,0.6084727626459145,12.215438753010933,,,,,0.6,4.4,43.4,,12.1,,,,,0.6,4.7,48.6,,13.0,38.0,0.85,0.65,42.0,18.0,1.8,18.47,22.0,6.0
2026,4,,2026-10-01,20:15,00-0036894,Pat Freiermuth,pat freiermuth,PIT,CLE,TE,LOW TARGET,False,,,,,,,,3,32,8,0.2,0.7,0.1,8,18,8.06,3.55,5.78,8.4,0.201,69.44,65.97,71.2,50.0,1.0,0.584,1.024,1.0,1.0,Neutral,0.967,0.88,0.944,1.0,0.967,1.013,1.04,0.967,-12.0,-5.6,0.0,-3.3,1.3,4.0,-3.3,0.007801556420233465,7.782101167315177e-05,0.0,0.2617426347971096,3.1415331620912452,33.962333733794765,34.224076368591874,0.269544191217343,8.247832762227523,,,,,0.3,3.2,34.8,,8.4,,,,,0.3,3.2,36.2,,8.1,38.0,0.85,0.65,42.0,18.0,1.8,18.0,22.0,6.0
2026,4,,2026-10-01,20:15,00-0038558,Darnell Washington,darnell washington,PIT,CLE,TE,LOW TARGET,False,,,,,,,,3,26,8,0.2,0.7,0.1,8,17,4.79,2.66,3.17,5.75,0.118,64.31,61.07,68.0,50.0,1.0,0.55,1.014,1.0,1.0,Neutral,0.967,0.88,0.944,1.0,0.967,1.013,1.04,0.967,-12.0,-5.6,0.0,-3.3,1.3,4.0,-3.3,0.007801556420233465,7.782101167315177e-05,0.0,0.03317120622568094,2.065724376790525,25.980345904419835,26.013517110645516,0.04097276264591441,5.025616225538404,,,,,0.0,2.1,26.3,,5.1,,,,,0.0,2.1,27.4,,4.9,38.0,0.85,0.65,42.0,18.0,1.8,18.0,22.0,6.0
2026,4,,2026-10-01,20:15,00-0034364,Jordan Akins,jordan akins,CLE,PIT,TE,LOW TARGET,True,,,,,,,,0,16,8,0.2,0.7,0.1,8,18,7.13,6.07,2.25,7.83,1.0,54.02,61.23,65.5,50.0,1.0,0.55,1.03,1.0,1.0,Favorable,1.076,1.074,1.013,1.0,1.076,1.064,1.12,1.076,7.4,1.3,0.0,7.6,6.4,12.0,7.6,0.00975194552529183,9.727626459143971e-05,0.0,0.04146400778210117,2.5686527237354086,25.36386186770428,25.405325875486383,0.05121595330739301,5.965533560311283,,,,,0.0,2.6,26.1,,6.1,,,,,0.0,2.8,29.2,,6.6,38.0,0.85,0.65,42.0,18.0,1.8,18.0,22.0,6.0
2026,4,,2026-10-01,20:15,00-0038710,Blake Whiteheart,blake whiteheart,CLE,PIT,TE,LOW TARGET,True,,,,,,,,2,16,8,0.2,0.7,0.1,8,18,2.05,3.23,0.0,1.65,1.0,38.8,51.43,57.8,50.0,1.0,0.55,1.03,1.0,1.0,Favorable,1.076,1.074,1.013,1.0,1.076,1.064,1.12,1.076,7.4,1.3,0.0,7.6,6.4,12.0,7.6,0.007801556420233465,7.782101167315177e-05,0.0,0.03317120622568094,0.6974221789883269,7.137160922734853,7.170332128960534,0.04097276264591441,2.5216768482490277,,,,,0.0,0.7,7.4,,2.6,,,,,0.0,0.7,8.3,,2.8,38.0,0.85,0.65,42.0,18.0,1.8,18.0,22.0,6.0
2026,4,,2026-10-01,20:15,00-0037451,Rod Williams,rod williams,PIT,CLE,TE,LOW TARGET,False,,,,,,,,0,1,7,0.2,0.7,0.1,7,17,0.0,0.0,0.0,0.0,0.0,87.5,60.29,54.7,50.0,1.0,0.55,1.0,1.0,1.0,Neutral,0.967,0.88,0.944,1.0,0.967,1.013,1.04,0.967,-12.0,-5.6,0.0,-3.3,1.3,4.0,-3.3,0.00975194552529183,9.727626459143971e-05,0.0,0.04146400778210117,0.27490272373540864,2.80761186770428,2.8490758754863816,0.05121595330739301,0.6849085603112841,,,,,0.0,0.3,2.8,,0.7,,,,,0.0,0.3,2.9,,0.7,38.0,0.85,0.65,42.0,18.0,1.8,18.0,22.0,6.0
2026,4,,2026-10-01,20:15,00-0031585,MyCole Pruitt,mycole pruitt,PIT,CLE,TE,LOW TARGET,False,,,,,,,,0,7,8,0.2,0.7,0.1,8,18,2.61,2.47,0.68,3.05,1.0,51.43,55.41,51.3,50.0,1.0,0.55,1.03,1.0,1.0,Neutral,0.967,0.88,0.944,1.0,0.967,1.013,1.04,0.967,-12.0,-5.6,0.0,-3.3,1.3,4.0,-3.3,0.00975194552529183,9.727626459143971e-05,0.0,0.04146400778210117,1.0784741523068373,7.539754724847137,7.581218732629239,0.05121595330739301,3.0331228460255697,,,,,0.0,1.1,7.8,,3.1,,,,,0.0,1.1,8.1,,3.0,38.0,0.85,0.65,42.0,18.0,1.8,18.0,22.0,6.0
2026,4,,2026-10-01,20:15,00-0032141,Geoff Swaim,geoff swaim,CLE,PIT,TE,LOW TARGET,True,,,,,,,,0,3,8,0.2,0.7,0.1,8,18,1.67,1.53,0.0,3.35,-0.742,52.26,54.57,46.1,50.0,1.0,0.55,0.97,1.0,1.0,Favorable,1.076,1.074,1.013,1.0,1.076,1.064,1.12,1.076,7.4,1.3,0.0,7.6,6.4,12.0,7.6,0.00975194552529183,9.727626459143971e-05,0.0,0.04146400778210117,0.6915693904020754,5.7242785343709475,5.765742542153049,0.05121595330739301,1.3932418936446174,,,,,0.0,0.7,5.6,,1.4,,,,,0.0,0.7,6.3,,1.5,38.0,0.85,0.65,42.0,18.0,1.8,18.0,22.0,6.0
2026,4,,2026-10-01,20:15,00-0035222,Zach Gentry,zach gentry,PIT,CLE,TE,LOW TARGET,False,,,,,,,,0,0,8,0.2,0.7,0.1,8,18,1.49,1.14,0.45,2.05,1.0,56.62,56.21,44.1,50.0,1.0,0.55,1.03,1.0,1.0,Neutral,0.967,0.88,0.944,1.0,0.967,1.013,1.04,0.967,-12.0,-5.6,0.0,-3.3,1.3,4.0,-3.3,0.07801556420233463,0.0007782101167315176,0.0,0.3317120622568093,2.1992217898832687,22.460894941634237,22.79260700389105,0.409727626459144,5.479268482490272,,,,,0.3,2.3,23.1,,5.6,,,,,0.3,2.3,24.0,,5.4,38.0,0.85,0.65,42.0,18.0,1.8,18.0,22.0,6.0
2026,4,,2026-10-01,20:15,00-0033757,Robert Tonyan,robert tonyan,PIT,CLE,TE,LOW TARGET,False,,,,,,,,1,2,8,0.2,0.7,0.1,8,18,1.46,2.16,0.0,1.5,-0.755,40.35,52.19,43.5,50.0,1.0,0.55,0.97,1.0,1.0,Neutral,0.967,0.88,0.944,1.0,0.967,1.013,1.04,0.967,-12.0,-5.6,0.0,-3.3,1.3,4.0,-3.3,0.007801556420233465,7.782101167315177e-05,0.0,0.03317120622568094,0.919922178988327,3.1460894941634243,3.1792607003891056,0.04097276264591441,1.3379268482490274,,,,,0.0,0.9,3.1,,1.3,,,,,0.0,0.9,3.2,,1.3,38.0,0.85,0.65,42.0,18.0,1.8,18.0,22.0,6.0
2026,4,,2026-10-01,20:15,00-0039458,Brenden Bates,brenden bates,CLE,PIT,TE,LOW TARGET,True,,,,,,,,0,6,6,0.2,0.7,0.1,6,18,1.52,1.53,0.0,2.58,0.047,37.36,44.15,42.0,50.0,1.0,0.55,1.006,1.0,1.0,Favorable,1.076,1.074,1.013,1.0,1.076,1.064,1.12,1.076,7.4,1.3,0.0,7.6,6.4,12.0,7.6,0.00975194552529183,9.727626459143971e-05,0.0,0.04146400778210117,0.8832360570687421,10.032611867704281,10.074075875486383,0.05121595330739301,2.015741893644617,,,,,0.0,0.9,10.1,,2.0,,,,,0.0,1.0,11.3,,2.2,38.0,0.85,0.65,42.0,18.0,1.8,18.0,22.0,6.0
2026,4,,2026-10-01,20:15,00-0031763,DeAndre Carter,deandre carter,CLE,PIT,WR,LOW TARGET,True,,,,,,,,0,17,8,0.2,0.7,0.1,8,18,0.0,0.0,0.0,0.0,0.0,100.0,65.0,78.5,50.0,1.0,0.55,1.0,1.0,1.0,Favorable,1.076,1.074,1.013,1.0,1.076,1.061,1.053,1.076,7.4,1.3,0.0,7.6,6.1,5.3,7.6,0.004879770249221185,0.00010952102803738319,0.0,0.12356405763239876,0.65234375,6.641704462158696,6.765268519791095,0.12844382788161995,1.4849263846893899,,,,,0.1,0.7,6.6,,1.5,,,,,0.1,0.7,6.9,,1.6,38.0,0.85,0.65,42.0,18.0,1.8,18.0,22.0,6.0
2026,4,,2026-10-01,20:15,00-0035640,DK Metcalf,dk metcalf,PIT,CLE,WR,REGULAR TARGET,False,,,,,,,,3,30,8,0.2,0.7,0.1,8,18,11.02,4.67,7.67,14.43,-0.398,70.25,71.14,73.5,50.0,1.0,0.944,0.97,1.0,1.0,Neutral,0.967,0.88,0.944,1.0,0.967,0.88,0.88,0.967,-12.0,-5.6,0.0,-3.3,-12.0,-12.0,-3.3,0.0039038161993769477,8.761682242990656e-05,0.0,0.465747797830057,3.814251847290641,51.082769056059426,51.54851685388949,0.46965161402943395,11.303077879701673,,,,,0.5,3.7,49.6,,11.0,,,,,0.5,3.3,43.6,,10.6,38.0,0.85,0.65,42.0,18.0,1.8,18.0,22.0,6.0
2026,4,,2026-10-01,20:15,00-0036252,Michael Pittman,michael pittman,PIT,CLE,WR,LOW TARGET,False,,,,,,,,2,33,8,0.2,0.7,0.1,8,18,6.06,3.97,3.48,7.6,-0.055,60.41,63.5,68.0,50.0,1.0,0.851,0.993,1.0,1.0,Neutral,0.967,0.88,0.944,1.0,0.967,0.88,0.88,0.967,-12.0,-5.6,0.0,-3.3,-12.0,-12.0,-3.3,0.0039038161993769477,8.761682242990656e-05,0.0,0.09885124610591901,3.9009875541125543,42.09836802605495,42.19721927216087,0.10275506230529596,9.55350865295141,,,,,0.1,3.9,41.8,,9.5,,,,,0.1,3.4,36.8,,9.2,38.0,0.85,0.65,42.0,18.0,1.8,18.0,22.0,6.0
2026,4,,2026-10-01,20:15,00-0036630,Tylan Wallace,tylan wallace,CLE,PIT,WR,LOW TARGET,True,,,,,,,,1,23,8,0.2,0.7,0.1,8,18,0.14,0.45,0.0,0.0,0.0,68.95,57.88,67.9,50.0,1.0,0.55,1.0,1.0,1.0,Favorable,1.076,1.074,1.013,1.0,1.076,1.061,1.053,1.076,7.4,1.3,0.0,7.6,6.1,5.3,7.6,0.0039038161993769477,8.761682242990656e-05,0.0,0.09885124610591901,0.6660943675889329,9.307080147267065,9.405931393372983,0.10275506230529596,2.068291026375088,,,,,0.1,0.7,9.3,,2.1,,,,,0.1,0.7,9.8,,2.3,38.0,0.85,0.65,42.0,18.0,1.8,18.0,22.0,6.0
2026,4,,2026-10-01,20:15,00-0038979,Cedric Tillman,cedric tillman,CLE,PIT,WR,LOW TARGET,True,,,,,,,,0,21,8,0.2,0.7,0.1,8,18,3.23,2.15,1.73,3.77,1.0,60.05,58.73,66.0,50.0,1.0,0.564,1.03,1.0,1.0,Favorable,1.076,1.074,1.013,1.0,1.076,1.061,1.053,1.076,7.4,1.3,0.0,7.6,6.1,5.3,7.6,0.004879770249221185,0.00010952102803738319,0.0,-0.02226927570093459,2.2468377976190474,28.618752781486435,28.5964835057855,-0.0173895054517134,6.337541930907877,,,,,-0.0,2.3,29.5,,6.5,,,,,-0.0,2.4,31.1,,7.0,38.0,0.85,0.65,42.0,18.0,1.8,18.0,22.0,6.0
2026,4,,2026-10-01,20:15,00-0036407,Jerry Jeudy,jerry jeudy,CLE,PIT,WR,LOW TARGET,True,,,,,,,,2,34,8,0.2,0.7,0.1,8,18,5.51,4.48,4.2,6.8,-0.532,55.2,61.49,65.9,50.0,1.0,0.832,0.97,1.0,1.0,Favorable,1.076,1.074,1.013,1.0,1.076,1.061,1.053,1.076,7.4,1.3,0.0,7.6,6.1,5.3,7.6,0.0039038161993769477,8.761682242990656e-05,0.0,0.2459100696353308,3.1415751527883886,40.30135058271397,40.5472606523493,0.24981388583470773,8.029167234565874,,,,,0.2,3.0,39.1,,7.8,,,,,0.2,3.2,41.2,,8.4,38.0,0.85,0.65,42.0,18.0,1.8,18.0,22.0,6.0
2026,4,,2026-10-01,20:15,00-0030035,Adam Thielen,adam thielen,PIT,CLE,WR,LOW TARGET,False,,,,,,,,0,24,8,0.2,0.7,0.1,8,18,3.96,3.03,1.55,4.53,1.0,56.64,59.79,65.6,50.0,1.0,0.55,1.03,1.0,1.0,Neutral,0.967,0.88,0.944,1.0,0.967,0.88,0.88,0.967,-12.0,-5.6,0.0,-3.3,-12.0,-12.0,-3.3,0.004879770249221185,0.00010952102803738319,0.0,0.12356405763239876,2.5230412137681157,29.646819551672763,29.770383609305163,0.12844382788161995,6.586388980597318,,,,,0.1,2.6,30.5,,6.8,,,,,0.1,2.3,26.8,,6.6,38.0,0.85,0.65,42.0,18.0,1.8,18.0,22.0,6.0
2026,4,,2026-10-01,20:15,00-0039379,Jamari Thrash,jamari thrash,CLE,PIT,WR,LOW TARGET,True,,,,,,,,0,14,8,0.2,0.7,0.1,8,18,2.65,1.61,1.58,3.3,-0.087,62.29,58.97,64.2,50.0,1.0,0.55,0.99,1.0,1.0,Favorable,1.076,1.074,1.013,1.0,1.076,1.061,1.053,1.076,7.4,1.3,0.0,7.6,6.1,5.3,7.6,0.004879770249221185,0.00010952102803738319,0.0,0.12356405763239876,1.1799879807692308,13.191417616651261,13.314981674283658,0.12844382788161995,2.667541930907878,,,,,0.1,1.2,13.1,,2.6,,,,,0.1,1.3,13.8,,2.8,38.0,0.85,0.65,42.0,18.0,1.8,18.0,22.0,6.0
2026,4,,2026-10-01,20:15,00-0040782,Isaiah Bond,isaiah bond,CLE,PIT,WR,LOW TARGET,True,,,,,,,,1,15,8,0.2,0.7,0.1,8,18,3.61,3.15,2.0,4.72,-0.434,53.38,56.89,63.6,50.0,1.0,0.55,0.97,1.0,1.0,Favorable,1.076,1.074,1.013,1.0,1.076,1.061,1.053,1.076,7.4,1.3,0.0,7.6,6.1,5.3,7.6,0.0039038161993769477,8.761682242990656e-05,0.0,1.4150417222963954,1.2422321428571432,21.769764129951053,23.184805852247447,1.4189455384957723,3.685557354250112,,,,,1.4,1.2,21.1,,3.6,,,,,1.5,1.3,22.2,,3.9,38.0,0.85,0.65,42.0,18.0,1.8,18.0,22.0,6.0
2026,4,,2026-10-01,20:15,00-0039739,Roman Wilson,roman wilson,PIT,CLE,WR,LOW TARGET,False,,,,,,,,3,9,8,0.2,0.7,0.1,8,13,6.01,5.56,0.0,8.72,1.0,51.97,60.05,63.3,50.0,1.0,0.55,1.03,1.0,1.0,Neutral,0.967,0.88,0.944,1.0,0.967,0.88,0.88,0.967,-12.0,-5.6,0.0,-3.3,-12.0,-12.0,-3.3,0.0039038161993769477,8.761682242990656e-05,0.0,0.09885124610591901,1.8343750000000003,23.894922860109777,23.993774106215696,0.10275506230529596,5.707803385996145,,,,,0.1,1.9,24.6,,5.9,,,,,0.1,1.7,21.6,,5.7,38.0,0.85,0.65,42.0,18.0,1.8,18.0,22.0,6.0
2026,4,,2026-10-01,20:15,00-0037837,Calvin Austin III,calvin austin iii,PIT,CLE,WR,LOW TARGET,False,,,,,,,,0,31,8,0.2,0.7,0.1,8,18,4.58,5.13,1.12,4.97,0.393,47.16,57.32,62.2,50.0,1.0,0.55,1.03,1.0,1.0,Neutral,0.967,0.88,0.944,1.0,0.967,0.88,0.88,0.967,-12.0,-5.6,0.0,-3.3,-12.0,-12.0,-3.3,0.004879770249221185,0.00010952102803738319,0.0,0.12356405763239876,2.22421875,29.35936338056476,29.48292743819716,0.12844382788161995,6.601147921691288,,,,,0.1,2.3,30.2,,6.8,,,,,0.1,2.0,26.6,,6.6,38.0,0.85,0.65,42.0,18.0,1.8,18.0,22.0,6.0
2026,4,,2026-10-01,20:15,00-0033536,Mike Williams,mike williams,PIT,CLE,WR,LOW TARGET,False,,,,,,,,0,14,8,0.2,0.7,0.1,8,18,3.71,3.09,1.2,5.7,-0.539,54.59,57.08,61.5,50.0,1.0,0.55,0.97,1.0,1.0,Neutral,0.967,0.88,0.944,1.0,0.967,0.88,0.88,0.967,-12.0,-5.6,0.0,-3.3,-12.0,-12.0,-3.3,0.004879770249221185,0.00010952102803738319,0.0,0.12356405763239876,1.5687242445054945,21.65020882544247,21.77377288307487,0.12844382788161995,4.314245227611174,,,,,0.1,1.5,21.0,,4.2,,,,,0.1,1.3,18.5,,4.1,38.0,0.85,0.65,42.0,18.0,1.8,18.0,22.0,6.0
2026,4,,2026-10-01,20:15,00-0039920,Malachi Corley,malachi corley,CLE,PIT,WR,LOW TARGET,True,,,,,,,,3,17,8,0.2,0.7,0.1,8,18,1.74,2.41,0.0,2.95,-1.0,42.0,53.39,59.4,50.0,1.0,0.55,0.97,1.0,1.0,Favorable,1.076,1.074,1.013,1.0,1.076,1.061,1.053,1.076,7.4,1.3,0.0,7.6,6.1,5.3,7.6,0.0039038161993769477,8.761682242990656e-05,0.0,6.674586540223568,0.8821691176470589,7.625863569726957,14.300450109950523,6.6784903564229445,2.3855881665750416,,,,,6.5,0.9,7.4,13.9,2.3,,,,,7.0,1.0,7.8,15.0,2.5,38.0,0.85,0.65,42.0,18.0,1.8,18.0,22.0,6.0
2026,4,,2026-10-01,20:15,00-0035298,Scott Miller,scott miller,PIT,CLE,WR,LOW TARGET,False,,,,,,,,0,11,8,0.2,0.7,0.1,8,18,2.88,2.34,0.0,5.05,1.0,55.13,58.27,58.3,50.0,1.0,0.55,1.03,1.0,1.0,Neutral,0.967,0.88,0.944,1.0,0.967,0.88,0.88,0.967,-12.0,-5.6,0.0,-3.3,-12.0,-12.0,-3.3,0.004879770249221185,0.00010952102803738319,0.0,0.12356405763239876,1.5674005681818184,14.645213820447466,14.768777878079865,0.12844382788161995,3.2003341387000845,,,,,0.1,1.6,15.1,,3.3,,,,,0.1,1.4,13.3,,3.2,38.0,0.85,0.65,42.0,18.0,1.8,18.0,22.0,6.0
2026,4,,2026-10-01,20:15,00-0036862,Ben Skowronek,ben skowronek,PIT,CLE,WR,LOW TARGET,False,,,,,,,,2,25,8,0.2,0.7,0.1,8,18,2.31,3.4,0.0,2.5,1.0,40.49,51.18,58.1,50.0,1.0,0.55,1.03,1.0,1.0,Neutral,0.967,0.88,0.944,1.0,0.967,0.88,0.88,0.967,-12.0,-5.6,0.0,-3.3,-12.0,-12.0,-3.3,0.0039038161993769477,8.761682242990656e-05,0.0,0.09885124610591901,0.6933750000000002,10.320716510903429,10.419567757009348,0.10275506230529596,2.867319259012017,,,,,0.1,0.7,10.6,,3.0,,,,,0.1,0.6,9.3,,2.9,38.0,0.85,0.65,42.0,18.0,1.8,18.0,22.0,6.0
2026,4,,2026-10-01,20:15,00-0040259,Gage Larvadain,gage larvadain,CLE,PIT,WR,LOW TARGET,True,,,,,,,,0,13,8,0.2,0.7,0.1,8,18,1.12,1.66,0.0,2.3,-1.0,40.39,51.84,54.6,50.0,1.0,0.55,0.97,1.0,1.0,Favorable,1.076,1.074,1.013,1.0,1.076,1.061,1.053,1.076,7.4,1.3,0.0,7.6,6.1,5.3,7.6,0.004879770249221185,0.00010952102803738319,0.0,0.2822179037862449,0.7905649038461539,8.737434100167745,9.01965200395399,0.2870976740354661,1.8485858869518332,,,,,0.3,0.8,8.5,,1.8,,,,,0.3,0.8,9.0,,1.9,38.0,0.85,0.65,42.0,18.0,1.8,18.0,22.0,6.0
2026,4,,2026-10-01,20:15,00-0037300,Mike Woods,mike woods,CLE,PIT,WR,LOW TARGET,True,,,,,,,,0,5,8,0.2,0.7,0.1,8,18,2.14,2.12,0.98,2.55,-0.667,50.29,57.17,49.2,50.0,1.0,0.55,0.97,1.0,1.0,Favorable,1.076,1.074,1.013,1.0,1.076,1.061,1.053,1.076,7.4,1.3,0.0,7.6,6.1,5.3,7.6,0.004879770249221185,0.00010952102803738319,0.0,0.12356405763239876,1.36171875,12.013395638629284,12.136959696261684,0.12844382788161995,2.731470502336449,,,,,0.1,1.3,11.7,,2.6,,,,,0.1,1.4,12.3,,2.8,38.0,0.85,0.65,42.0,18.0,1.8,18.0,22.0,6.0
2026,4,,2026-10-01,20:15,00-0037382,Brandon Johnson,brandon johnson,PIT,CLE,WR,LOW TARGET,False,,,,,,,,0,1,8,0.2,0.7,0.1,8,18,6.2,5.71,1.42,8.75,0.363,52.06,58.31,45.1,50.0,1.0,0.55,1.03,1.0,1.0,Neutral,0.967,0.88,0.944,1.0,0.967,0.88,0.88,0.967,-12.0,-5.6,0.0,-3.3,-12.0,-12.0,-3.3,0.004879770249221185,0.00010952102803738319,0.0,0.12356405763239876,1.19921875,11.963395638629285,12.086959696261685,0.12844382788161995,2.5639705023364487,,,,,0.1,1.2,12.3,,2.6,,,,,0.1,1.1,10.8,,2.5,38.0,0.85,0.65,42.0,18.0,1.8,18.0,22.0,6.0
2026,4,,2026-10-01,20:15,00-0035703,Miles Boykin,miles boykin,PIT,CLE,WR,LOW TARGET,False,,,,,,,,0,0,8,0.2,0.7,0.1,8,18,0.58,0.76,0.0,1.52,0.0,56.74,54.98,43.7,50.0,1.0,0.588,1.0,1.0,1.0,Neutral,0.967,0.88,0.944,1.0,0.967,0.88,0.88,0.967,-12.0,-5.6,0.0,-3.3,-12.0,-12.0,-3.3,0.03903816199376947,0.0008761682242990654,0.0,0.98851246105919,2.59375,32.70716510903427,33.69567757009346,1.0275506230529594,7.211764018691589,,,,,1.0,2.6,32.7,,7.2,,,,,1.0,2.3,28.8,,7.0,38.0,0.85,0.65,42.0,18.0,1.8,18.0,22.0,6.0
2026,4,,2026-10-01,20:15,00-0037257,David Bell,david bell,CLE,PIT,WR,LOW TARGET,True,,,,,,,,0,1,8,0.2,0.7,0.1,8,18,7.1,7.58,1.6,7.05,0.962,48.35,57.06,43.7,50.0,1.0,0.55,1.03,1.0,1.0,Favorable,1.076,1.074,1.013,1.0,1.076,1.061,1.053,1.076,7.4,1.3,0.0,7.6,6.1,5.3,7.6,0.004879770249221185,0.00010952102803738319,0.0,0.12356405763239876,2.9492187499999996,27.713395638629283,27.836959696261683,0.12844382788161995,5.8889705023364485,,,,,0.1,3.0,28.5,,6.1,,,,,0.1,3.2,30.0,,6.6,38.0,0.85,0.65,42.0,18.0,1.8,18.0,22.0,6.0
2026,4,,2026-10-01,20:15,00-0036913,Kadarius Toney,kadarius toney,CLE,PIT,WR,LOW TARGET,True,,,,,,,,0,3,8,0.2,0.7,0.1,8,18,1.77,2.48,0.22,3.25,-1.0,41.69,54.33,43.4,50.0,1.0,0.55,0.97,1.0,1.0,Favorable,1.076,1.074,1.013,1.0,1.076,1.061,1.053,1.076,7.4,1.3,0.0,7.6,6.1,5.3,7.6,0.004879770249221185,0.00010952102803738319,0.0,-0.1681026090342679,0.32421875000000006,4.088395638629285,3.920293029595016,-0.16322283878504673,0.8723038356697822,,,,,-0.2,0.3,4.0,,0.8,,,,,-0.2,0.3,4.2,,0.9,38.0,0.85,0.65,42.0,18.0,1.8,18.0,22.0,6.0
2026,4,,2026-10-01,20:15,00-0041397,Kaden Wetjen,kaden wetjen,PIT,CLE,WR,LOW TARGET,False,,,,,,,,3,0,3,0.2,0.7,0.1,3,3,0.0,0.0,0.0,0.0,0.0,37.5,40.0,40.4,50.0,1.0,0.55,1.0,1.0,1.0,Neutral,0.967,0.88,0.944,1.0,0.967,0.88,0.88,0.967,-12.0,-5.6,0.0,-3.3,-12.0,-12.0,-3.3,0.013012720664589823,0.0002920560747663551,0.0,0.32950415368639663,0.8645833333333333,10.90238836967809,11.231892523364484,0.34251687435098643,2.403921339563863,,,,,0.3,0.9,10.9,,2.4,,,,,0.3,0.8,9.6,,2.3,38.0,0.85,0.65,42.0,18.0,1.8,18.0,22.0,6.0
2026,4,,2026-10-01,20:15,00-0041547,KC Concepcion,kc concepcion,CLE,PIT,WR,REGULAR TARGET,True,,,,,,,,3,0,3,0.2,0.7,0.1,3,3,5.6,2.58,5.35,8.0,-0.628,25.68,46.37,40.0,50.0,1.0,0.885,0.97,1.0,1.0,Favorable,1.076,1.074,1.013,1.0,1.076,1.061,1.053,1.076,7.4,1.3,0.0,7.6,6.1,5.3,7.6,0.013012720664589823,0.0002920560747663551,0.0,0.9009327251149679,3.340773809523809,25.442070909360627,26.343003634475597,0.9139454457795578,6.137254672897195,,,,,0.9,3.2,24.7,,6.0,,,,,1.0,3.4,26.0,,6.5,38.0,0.85,0.65,42.0,18.0,1.8,18.0,22.0,6.0
2026,4,,2026-10-01,20:15,00-0030068,Marquise Goodwin,marquise goodwin,CLE,PIT,WR,LOW TARGET,True,,,,,,,,0,0,8,0.2,0.7,0.1,8,16,1.86,2.54,0.0,3.32,0.081,42.19,53.32,39.4,50.0,1.0,0.588,1.01,1.0,1.0,Favorable,1.076,1.074,1.013,1.0,1.076,1.061,1.053,1.076,7.4,1.3,0.0,7.6,6.1,5.3,7.6,0.03903816199376947,0.0008761682242990654,0.0,0.98851246105919,2.59375,32.70716510903427,33.69567757009346,1.0275506230529594,7.211764018691589,,,,,1.0,2.6,33.0,,7.3,,,,,1.1,2.8,34.7,,7.9,38.0,0.85,0.65,42.0,18.0,1.8,18.0,22.0,6.0
2026,4,,2026-10-01,20:15,00-0041037,Denzel Boston,denzel boston,CLE,PIT,WR,REGULAR TARGET,True,,,,,,,,3,0,3,0.2,0.7,0.1,3,3,13.34,5.5,11.0,17.2,-0.417,26.55,41.45,38.2,50.0,1.0,0.672,0.97,1.0,1.0,Favorable,1.076,1.074,1.013,1.0,1.076,1.061,1.053,1.076,7.4,1.3,0.0,7.6,6.1,5.3,7.6,0.013012720664589823,0.0002920560747663551,0.0,0.32950415368639663,2.8645833333333335,52.521435988725706,52.85094014241211,0.34251687435098643,11.295984831627356,,,,,0.3,2.8,50.9,,11.0,,,,,0.3,3.0,53.6,,11.8,38.0,0.85,0.65,42.0,18.0,1.8,20.37,22.0,6.0
2026,4,,2026-10-01,20:15,00-0036999,Anthony Schwartz,anthony schwartz,CLE,PIT,WR,LOW TARGET,True,,,,,,,,0,0,7,0.2,0.7,0.1,7,13,2.92,4.4,0.0,3.1,1.0,34.86,48.28,35.5,50.0,1.0,0.588,1.03,1.0,1.0,Favorable,1.076,1.074,1.013,1.0,1.076,1.061,1.053,1.076,7.4,1.3,0.0,7.6,6.1,5.3,7.6,0.03903816199376947,0.0008761682242990654,0.0,0.98851246105919,2.59375,32.70716510903427,33.69567757009346,1.0275506230529594,7.211764018691589,,,,,1.0,2.7,33.7,,7.4,,,,,1.1,2.9,35.5,,8.0,38.0,0.85,0.65,42.0,18.0,1.8,18.0,22.0,6.0
2026,4,,2026-10-01,20:15,00-0032355,Chester Rogers,chester rogers,CLE,PIT,WR,LOW TARGET,True,,,,,,,,0,0,3,0.2,0.7,0.1,3,6,0.0,0.0,0.0,0.0,0.0,37.5,40.0,32.9,50.0,1.0,0.588,1.0,1.0,1.0,Favorable,1.076,1.074,1.013,1.0,1.076,1.061,1.053,1.076,7.4,1.3,0.0,7.6,6.1,5.3,7.6,0.03903816199376947,0.0008761682242990654,0.0,0.98851246105919,2.59375,32.70716510903427,33.69567757009346,1.0275506230529594,7.211764018691589,,,,,1.0,2.6,32.7,,7.2,,,,,1.1,2.8,34.4,,7.7,38.0,0.85,0.65,42.0,18.0,1.8,18.0,22.0,6.0
2026,4,,2026-10-04,13:00,00-0034855,Baker Mayfield,baker mayfield,TB,GB,QB,STARTING QB,True,,,,,,,,3,34,8,0.2,0.7,0.1,8,18,13.28,2.6,11.55,14.28,-0.19,83.64,95.91,86.8,50.0,1.0,1.001,0.977,1.0,1.0,Neutral,0.966,0.916,0.903,1.0,0.966,1.0,1.0,0.966,-8.4,-9.7,0.0,-3.4,0.0,0.0,-3.4,225.3161056328433,1.586367852563673,0.0,21.017995216427884,0.0010233918128654974,0.0017909356725146202,21.019786152100398,246.33410084927112,16.295606661484374,220.2,1.55,0.0,240.7,,,,,15.9,201.7,1.4,0.0,220.5,,,,,15.4,44.37,0.85,0.65,48.51,18.0,1.8,18.0,22.0,6.0
2026,4,,2026-10-04,13:00,00-0039163,C.J. Stroud,cj stroud,HOU,DAL,QB,STARTING QB,True,,,,,,,,3,31,8,0.2,0.7,0.1,8,18,15.31,3.39,12.38,17.08,0.063,81.86,95.47,86.2,50.0,1.0,0.991,1.008,1.0,1.0,Neutral,1.062,1.086,1.12,1.0,1.062,1.0,1.0,1.062,8.6,12.0,0.0,6.2,0.0,0.0,6.2,219.9356653394238,1.1808666491497561,0.0,14.68199547928962,0.0010233918128654974,0.0017909356725146202,14.683786414962135,234.61766081871343,13.95193475894036,221.6,1.19,0.0,236.4,,,,,14.1,240.7,1.33,0.0,256.7,,,,,15.0,52.95,0.85,0.65,56.47,18.0,1.8,18.0,22.0,6.0
2026,4,,2026-10-04,13:00,00-0040676,Cam Ward,cam ward,TEN,BAL,QB,QB,False,,,,,,,,3,17,8,0.2,0.7,0.1,8,18,13.83,4.11,10.67,17.29,-0.07,77.09,94.27,84.5,50.0,1.0,0.951,0.992,1.0,1.0,Neutral,1.005,1.085,0.88,1.0,1.005,1.0,1.0,1.005,8.5,-12.0,0.0,0.5,0.0,0.0,0.5,183.42300020885548,0.9318605951152391,0.0,9.86842811686078,0.0010233918128654974,0.0017909356725146202,9.870219052533296,193.29142832571625,12.230657845594378,181.9,0.92,0.0,191.7,,,,,12.1,197.4,0.81,0.0,208.0,,,,,12.2,43.43,0.85,0.65,45.76,18.0,1.8,18.0,22.0,6.0
2026,4,,2026-10-04,13:00,00-0036442,Joe Burrow,joe burrow,CIN,JAC,QB,STARTING QB,True,,,,,,,,3,25,8,0.2,0.7,0.1,8,18,19.07,5.93,15.68,22.77,-0.249,76.28,94.07,84.2,50.0,1.0,1.099,0.97,1.0,1.0,Neutral,1.0,1.0,1.0,1.0,1.0,1.0,1.0,1.0,0.0,0.0,0.0,0.0,0.0,0.0,0.0,257.1659049707603,2.2652583542188807,0.0,9.77208918128655,0.0010233918128654974,0.0017909356725146202,9.773880116959065,266.9379941520468,19.231434820384298,249.5,2.2,0.0,259.0,,,,,18.7,249.5,2.2,0.0,259.0,,,,,18.7,54.89,1.21,0.65,56.98,18.0,1.8,18.0,22.0,6.0
2026,4,,2026-10-04,20:20,00-0039150,Bryce Young,bryce young,CAR,DET,QB,STARTING QB,True,,,,,,,,3,30,8,0.2,0.7,0.1,8,18,19.0,6.88,14.97,22.92,0.607,73.42,93.36,83.2,50.0,1.0,0.983,1.03,1.0,1.0,Neutral,1.069,1.095,1.12,1.0,1.069,1.0,1.0,1.069,9.5,12.0,0.0,6.9,0.0,0.0,6.9,209.20910037305913,1.4718576974044306,0.0,13.304915125457324,0.0010233918128654974,0.0017909356725146202,13.30670606112984,222.51401549851644,15.421574951747184,215.5,1.52,0.0,229.2,,,,,15.9,236.0,1.7,0.0,251.0,,,,,17.0,51.92,0.94,0.65,55.22,18.0,1.8,18.0,22.0,6.0
2026,4,,2026-10-04,09:30,00-0039910,Jayden Daniels,jayden daniels,WAS,IND,QB,QB,True,,,,,,,,2,24,8,0.2,0.7,0.1,8,18,15.12,5.55,15.1,18.23,-0.357,73.14,93.29,83.1,50.0,1.0,0.83,0.97,1.0,1.0,Favorable,1.093,1.12,0.903,1.0,1.093,1.0,1.0,1.093,12.0,-9.7,0.0,9.3,0.0,0.0,9.3,179.45793809705427,1.3675627020449677,0.0,46.65944321855363,0.0010233918128654974,0.0017909356725146202,46.66123415422615,226.11738131560787,17.855967491191752,174.1,1.33,0.0,219.3,,,,,17.3,195.0,1.2,0.0,245.6,,,,,18.9,42.9,0.85,0.65,54.03,18.0,1.8,18.0,22.0,6.0
2026,4,,2026-10-04,16:25,00-0037834,Brock Purdy,brock purdy,SF,DEN,QB,STARTING QB,True,,,,,,,,3,24,8,0.2,0.7,0.1,8,18,25.03,9.39,20.11,30.99,0.108,72.72,93.18,83.0,50.0,1.0,0.928,1.013,1.0,1.0,Neutral,0.982,0.963,0.88,1.0,0.982,1.0,1.0,0.982,-3.7,-12.0,0.0,-1.8,0.0,0.0,-1.8,248.6435488630998,1.9926144618793362,0.0,21.175902845882828,0.0010233918128654974,0.0017909356725146202,21.17769378155534,269.8194517089826,20.263547201336678,251.9,2.02,0.0,273.3,,,,,20.5,242.6,1.78,0.0,263.2,,,,,20.1,53.37,0.98,0.65,57.9,18.0,1.8,18.0,22.0,6.03
2026,4,,2026-10-04,13:00,00-0033119,Jacoby Brissett,jacoby brissett,ARI,NYG,QB,STARTING QB,False,,,,,,,,3,21,8,0.2,0.7,0.1,8,18,16.3,6.05,14.37,19.42,0.137,72.94,93.23,83.0,50.0,1.0,1.055,1.016,1.0,1.0,Neutral,1.012,0.991,1.009,1.0,1.012,1.0,1.0,1.012,-0.9,0.9,0.0,1.2,0.0,0.0,1.2,213.64657163742697,1.3719726399331666,0.0,10.712517752715122,0.0010233918128654974,0.0017909356725146202,10.714308688387638,224.35908939014206,14.781180534670012,217.2,1.39,0.0,228.0,,,,,15.0,215.2,1.4,0.0,225.9,,,,,15.2,47.34,0.85,0.65,49.7,18.0,1.8,18.0,22.0,6.0
2026,4,,2026-10-04,13:00,00-0034796,Lamar Jackson,lamar jackson,BAL,TEN,QB,QB,True,,,,,,,,3,30,8,0.2,0.7,0.1,8,18,16.81,6.42,12.59,20.59,0.514,72.35,93.09,82.8,50.0,1.0,0.789,1.03,1.0,1.0,Neutral,1.014,1.025,0.932,1.0,1.014,1.0,1.0,1.014,2.5,-6.8,0.0,1.4,0.0,0.0,1.4,216.68233518422497,1.8030892244980268,0.0,36.863470133667505,0.0010233918128654974,0.0017909356725146202,36.86526106934002,253.54580531789244,19.503486281796448,223.2,1.86,0.0,261.2,,,,,20.1,228.8,1.73,0.0,267.7,,,,,20.4,50.34,0.95,0.65,58.89,18.0,1.8,18.0,22.0,6.12
2026,4,,2026-10-04,16:25,00-0033873,Patrick Mahomes,patrick mahomes,KC,LV,QB,STARTING QB,False,,,,,,,,3,30,8,0.2,0.7,0.1,8,18,18.69,7.5,13.27,23.49,0.364,71.37,92.84,82.5,50.0,1.0,1.08,1.03,1.0,1.0,Neutral,0.962,0.942,0.88,1.0,0.962,1.0,1.0,0.962,-5.8,-12.0,0.0,-3.8,0.0,0.0,-3.8,251.5058163008095,1.7037131982254488,0.0,21.352862580301334,0.04700040330711837,-0.2979791792700141,21.054883401031315,272.85867888111085,19.108097119234873,259.1,1.75,0.0,281.0,,,,,19.7,244.1,1.54,0.0,264.7,,,,,19.0,53.7,0.85,0.65,58.23,18.0,1.8,18.0,22.0,6.0
2026,4,,2026-10-04,13:00,00-0036264,Jordan Love,jordan love,GB,TB,QB,STARTING QB,False,,,,,,,,3,30,8,0.2,0.7,0.1,8,18,15.28,6.21,12.12,19.32,0.4,71.11,92.78,82.4,50.0,1.0,0.976,1.03,1.0,1.0,Neutral,0.999,1.063,1.013,1.0,0.999,1.0,1.0,0.999,6.3,1.3,0.0,-0.1,0.0,0.0,-0.1,228.19497886238582,1.5908396350070577,0.0,8.64534205484977,0.0010233918128654974,0.0017909356725146202,8.647132990522286,236.84032091723557,15.495414032206957,235.0,1.64,0.0,243.9,,,,,16.0,249.8,1.66,0.0,259.3,,,,,16.0,54.96,0.91,0.65,57.05,18.0,1.8,18.0,22.0,6.0
2026,4,,2026-10-04,13:00,00-0036389,Jalen Hurts,jalen hurts,PHI,LAR,QB,STARTING QB,True,,,,,,,,3,31,8,0.2,0.7,0.1,8,18,15.72,6.49,11.69,20.27,0.045,70.76,92.69,82.3,50.0,1.0,0.847,1.005,1.0,1.0,Neutral,1.0,1.0,1.0,1.0,1.0,1.0,1.0,1.0,0.0,0.0,0.0,0.0,0.0,0.0,0.0,196.5023012841243,1.368024867275716,0.0,29.120981654404826,0.0010233918128654974,0.0017909356725146202,29.12277259007734,225.62328293852912,18.189927385668476,197.6,1.38,0.0,226.8,,,,,18.3,197.6,1.38,0.0,226.8,,,,,18.3,43.47,0.85,0.65,49.9,18.0,1.8,18.0,22.0,6.0
2026,4,,2026-10-04,13:00,00-0026498,Matthew Stafford,matthew stafford,LAR,PHI,QB,STARTING QB,False,,,,,,,,3,33,8,0.2,0.7,0.1,8,18,20.4,8.38,18.86,26.74,-0.261,70.88,92.72,82.3,50.0,1.0,1.087,0.97,1.0,1.0,Neutral,0.952,0.891,0.88,1.0,0.952,1.0,1.0,0.952,-10.9,-12.0,0.0,-4.8,0.0,0.0,-4.8,266.7457815941369,2.1069401724006993,0.0,3.5733619085592774,0.0010233918128654974,0.0017909356725146202,3.575152844231792,270.3191435026962,17.935583997873476,258.7,2.04,0.0,262.2,,,,,17.4,230.5,1.8,0.0,233.6,,,,,16.6,50.71,0.99,0.65,51.39,18.0,1.8,18.0,22.0,6.0
2026,4,,2026-10-04,20:20,00-0033106,Jared Goff,jared goff,DET,CAR,QB,STARTING QB,False,,,,,,,,3,34,8,0.2,0.7,0.1,8,18,19.09,8.09,15.93,25.75,0.498,70.24,92.56,82.1,50.0,1.0,1.04,1.03,1.0,1.0,Neutral,0.992,0.913,0.88,1.0,0.992,1.0,1.0,0.992,-8.7,-12.0,0.0,-0.8,0.0,0.0,-0.8,265.80072493510966,2.1118071191794106,0.0,4.648833006089199,0.014392375770084748,0.09537382337304938,4.7442068294622475,270.4495579411989,18.58519260495267,273.8,2.18,0.0,278.6,,,,,19.1,250.0,1.92,0.0,254.4,,,,,18.9,55.0,1.06,0.65,55.97,18.0,1.8,18.0,22.0,6.0
2026,4,,2026-10-04,16:25,00-0029604,Kirk Cousins,kirk cousins,LV,KC,QB,STARTING QB,True,,,,,,,,3,24,8,0.2,0.7,0.1,8,18,15.91,6.77,9.18,20.72,0.566,70.15,92.54,82.1,50.0,1.0,0.928,1.03,1.0,1.0,Tough,0.886,0.881,0.88,1.0,0.886,1.0,1.0,0.886,-11.9,-12.0,0.0,-11.4,0.0,0.0,-11.4,213.16404575750974,1.5064343376557339,0.0,1.918449429733755,0.0010233918128654974,0.0017909356725146202,1.9202403654062696,215.0824951872435,13.296261487050963,219.6,1.55,0.0,221.5,,,,,13.7,193.5,1.36,0.0,195.1,,,,,12.1,42.57,0.85,0.65,42.92,18.0,1.8,18.0,22.0,6.0
2026,4,,2026-10-04,16:25,00-0039732,Bo Nix,bo nix,DEN,SF,QB,STARTING QB,False,,,,,,,,3,34,8,0.2,0.7,0.1,8,18,16.32,7.01,13.22,20.64,-0.033,69.96,92.49,82.0,50.0,1.0,1.05,0.996,1.0,1.0,Neutral,1.018,1.019,0.947,1.0,1.018,1.0,1.0,1.018,1.9,-5.3,0.0,1.8,0.0,0.0,1.8,222.3805314031514,1.5373482447205358,0.0,18.484356306318386,0.0170661725615286,0.03387649716984083,18.518232803488225,240.86488770946977,17.695586289699293,221.5,1.53,0.0,239.9,,,,,17.6,225.7,1.45,0.0,244.5,,,,,17.9,49.65,0.85,0.65,53.79,18.0,1.8,18.0,22.0,6.0
2026,4,,2026-10-04,13:00,00-0034857,Josh Allen,josh allen,BUF,NE,QB,QB,True,,,,,,,,3,32,8,0.2,0.7,0.1,8,18,25.92,11.18,17.27,36.2,0.721,69.86,92.46,81.9,50.0,1.0,0.904,1.03,1.0,1.0,Tough,0.908,0.89,0.888,1.0,0.908,1.0,1.0,0.908,-11.0,-11.2,0.0,-9.2,0.0,0.0,-9.2,229.47962463281863,1.5313946829439191,0.0,33.8537408709947,0.09626148705096074,0.2311016115557712,34.08484248255047,263.3333655038133,23.394117477834378,236.4,1.58,0.0,271.2,,,,,24.1,210.4,1.4,0.0,241.4,,,,,21.9,46.29,0.85,0.65,53.11,18.0,1.8,18.0,22.0,6.57
2026,4,,2026-10-04,13:00,00-0036971,Trevor Lawrence,trevor lawrence,JAC,CIN,QB,STARTING QB,False,,,,,,,,3,27,8,0.2,0.7,0.1,8,18,22.61,9.82,19.68,27.37,-0.329,69.71,92.43,81.9,50.0,1.0,0.948,0.97,1.0,1.0,Neutral,1.053,1.091,0.972,1.0,1.053,1.0,1.0,1.053,9.1,-2.8,0.0,5.3,0.0,0.0,5.3,218.61232662318196,1.6711708491313755,0.0,17.693962604159978,0.0010233918128654974,-0.0851036512220723,17.608858952937904,236.30628922734186,17.918162789452268,212.1,1.62,0.0,229.2,,,,,17.4,231.4,1.57,0.0,250.1,,,,,18.3,50.91,0.86,0.65,55.02,18.0,1.8,18.0,22.0,6.0
2026,4,,2026-10-04,13:00,00-0030565,Geno Smith,geno smith,NYJ,CHI,QB,STARTING QB,False,,,,,,,,3,32,8,0.2,0.7,0.1,8,18,14.14,6.22,9.23,14.54,0.685,69.46,92.37,81.8,50.0,1.0,0.992,1.03,1.0,1.0,Neutral,1.028,1.015,1.022,1.0,1.028,1.0,1.0,1.028,1.5,2.2,0.0,2.8,0.0,0.0,2.8,228.82853016277255,1.3652464494569758,0.0,11.289685571455522,0.0010233918128654974,0.0017909356725146202,11.291476507128037,240.11821573422804,14.468883030829762,235.7,1.41,0.0,247.3,,,,,14.9,239.2,1.44,0.0,251.0,,,,,15.3,52.62,0.85,0.65,55.22,18.0,1.8,18.0,22.0,6.0
2026,4,,2026-10-04,16:25,00-0036355,Justin Herbert,justin herbert,LAC,SEA,QB,STARTING QB,False,,,,,,,,3,33,8,0.2,0.7,0.1,8,18,14.11,6.26,11.72,13.73,-0.392,69.28,92.32,81.7,50.0,1.0,0.954,0.97,1.0,1.0,Tough,0.922,0.88,0.88,1.0,0.922,1.0,1.0,0.922,-12.0,-12.0,0.0,-7.8,0.0,0.0,-7.8,223.68236168071695,1.3806685273790538,0.0,22.785239614186988,0.0010233918128654974,0.0017909356725146202,22.7870305498595,246.46760129490394,15.93363973380421,217.0,1.34,0.0,239.1,,,,,15.5,191.0,1.18,0.0,210.4,,,,,14.3,42.02,0.85,0.65,46.29,18.0,1.8,18.0,22.0,6.0
2026,4,,2026-10-04,09:30,00-0035710,Daniel Jones,daniel jones,IND,WAS,QB,STARTING QB,False,,,,,,,,3,23,8,0.2,0.7,0.1,8,17,10.68,5.0,8.75,15.66,-0.161,68.1,92.02,81.3,50.0,1.0,0.966,0.981,1.0,1.0,Favorable,1.116,1.12,1.12,1.0,1.116,1.0,1.0,1.116,12.0,12.0,0.0,11.6,0.0,0.0,11.6,219.41512800859198,1.1870996867993437,0.0,14.915997895760484,0.0010233918128654974,0.0017909356725146202,14.917788831432999,234.33112590435246,14.307870276811926,215.2,1.16,0.0,229.8,,,,,14.0,241.0,1.3,0.0,257.4,,,,,15.6,53.02,0.85,0.65,56.63,18.0,1.8,18.0,22.0,6.0
2026,4,,2026-10-04,13:00,00-0033077,Dak Prescott,dak prescott,DAL,HOU,QB,STARTING QB,False,,,,,,,,3,25,8,0.2,0.7,0.1,8,18,17.44,8.36,13.79,20.04,0.483,67.59,91.9,81.2,50.0,1.0,1.074,1.03,1.0,1.0,Neutral,0.935,0.943,0.88,1.0,0.935,1.0,1.0,0.935,-5.7,-12.0,0.0,-6.5,0.0,0.0,-6.5,253.9959525898079,1.7092107351712615,0.0,12.396946324143693,0.0010233918128654974,0.0017909356725146202,12.398737259816208,266.3928989139516,17.84388434419382,261.6,1.76,0.0,274.4,,,,,18.4,246.7,1.55,0.0,258.8,,,,,17.2,54.27,0.85,0.65,56.94,18.0,1.8,18.0,22.0,6.0
2026,4,,2026-10-04,13:00,00-0039918,Caleb Williams,caleb williams,CHI,NYJ,QB,STARTING QB,True,,,,,,,,2,34,8,0.2,0.7,0.1,8,18,19.34,9.4,13.57,21.5,-0.023,67.28,91.82,81.0,50.0,1.0,0.982,0.997,1.0,1.0,Neutral,0.981,0.939,1.12,1.0,0.981,1.0,1.0,0.981,-6.1,12.0,0.0,-1.9,0.0,0.0,-1.9,210.2802003616439,1.2435616391692244,0.0,28.65043728416407,0.050221252775432344,0.54296740626075,29.193404690424817,238.93063764580793,16.678020718016075,209.7,1.24,0.0,238.3,,,,,16.6,196.9,1.39,0.0,223.8,,,,,16.3,43.32,0.85,0.65,49.24,18.0,1.8,18.0,22.0,6.0
2026,4,,2026-10-04,16:05,00-0035228,Kyler Murray,kyler murray,MIN,MIA,QB,QB,True,,,,,,,,2,22,8,0.2,0.7,0.1,8,18,12.86,7.14,13.11,16.66,-0.426,64.3,91.07,80.0,50.0,1.0,0.936,0.97,1.0,1.0,Neutral,1.03,0.999,1.109,1.0,1.03,1.0,1.0,1.03,-0.1,10.9,0.0,3.0,0.0,0.0,3.0,198.28111709197233,1.1230116009721274,0.0,27.442950653148024,0.0010233918128654974,0.0017909356725146202,27.444741588820538,225.72406774512035,14.678653261942737,192.3,1.09,0.0,219.0,,,,,14.2,192.1,1.21,0.0,218.8,,,,,14.6,42.26,0.85,0.65,48.14,18.0,1.8,18.0,22.0,6.0
2026,4,,2026-10-04,13:00,00-0039851,Drake Maye,drake maye,NE,BUF,QB,QB,False,,,,,,,,3,30,8,0.2,0.7,0.1,8,18,14.99,9.1,9.37,21.3,-0.699,62.23,90.56,79.3,50.0,1.0,0.853,0.97,1.0,1.0,Neutral,0.946,0.88,0.88,1.0,0.946,1.0,1.0,0.946,-12.0,-12.0,0.0,-5.4,0.0,0.0,-5.4,220.74887048800161,1.283647516780457,0.0,25.92573614351972,0.023322242387578147,0.04638863682193992,25.97212478034166,246.67460663152136,15.495881684095297,214.1,1.25,0.0,239.3,,,,,15.0,188.4,1.1,0.0,210.6,,,,,14.2,41.45,0.85,0.65,46.33,18.0,1.8,18.0,22.0,6.0
2026,4,,2026-10-04,16:05,00-0036212,Tua Tagovailoa,tua tagovailoa,MIA,MIN,QB,QB,False,,,,,,,,0,25,8,0.2,0.7,0.1,8,18,10.12,6.29,6.3,12.17,0.144,61.65,90.41,79.1,50.0,1.0,0.936,1.017,1.0,1.0,Tough,0.927,0.88,0.88,1.0,0.927,1.0,1.0,0.927,-12.0,-12.0,0.0,-7.3,0.0,0.0,-7.3,210.78571454678362,1.471394371345029,0.0,4.680944809941521,0.0012792397660818715,0.002238669590643275,4.683183479532164,215.46665935672516,13.14162923976608,214.4,1.5,0.0,219.2,,,,,13.4,188.7,1.32,0.0,192.9,,,,,12.4,41.51,0.85,0.65,42.44,18.0,1.8,18.0,22.0,6.0
2026,4,,2026-10-04,13:00,00-0036945,Justin Fields,justin fields,NYJ,CHI,QB,QB,False,,,,,,,,0,19,8,0.2,0.7,0.1,8,18,14.07,8.93,4.69,22.12,0.353,61.19,90.3,78.9,50.0,1.0,0.7,1.03,1.0,1.0,Neutral,1.028,1.015,1.022,1.0,1.028,1.0,1.0,1.028,1.5,2.2,0.0,2.8,0.0,0.0,2.8,129.88847770467837,0.7124908625730993,0.0,33.40026498538012,0.0012792397660818715,0.002238669590643275,33.40250365497076,163.28874269005848,13.623417397660818,133.8,0.73,0.0,168.2,,,,,14.0,135.8,0.75,0.0,170.7,,,,,14.4,38.0,0.85,0.65,42.0,18.0,1.8,18.0,22.0,6.0
2026,4,,2026-10-04,09:30,00-0032268,Marcus Mariota,marcus mariota,WAS,IND,QB,QB,True,,,,,,,,2,13,8,0.2,0.7,0.1,8,18,12.38,8.12,7.48,19.14,-0.085,60.38,90.1,78.6,50.0,1.0,0.72,0.99,1.0,1.0,Favorable,1.093,1.12,0.903,1.0,1.093,1.0,1.0,1.093,12.0,-9.7,0.0,9.3,0.0,0.0,9.3,164.93920900006427,1.3202143981749246,0.0,23.92676683696421,0.0010233918128654974,0.0017909356725146202,23.928557772636722,188.8659758370285,13.634017897307373,163.3,1.31,0.0,186.9,,,,,13.5,182.9,1.18,0.0,209.3,,,,,14.8,40.24,0.85,0.65,46.05,18.0,1.8,18.0,22.0,6.0
2026,4,,2026-10-04,13:00,00-0040691,Jaxson Dart,jaxson dart,NYG,ARI,QB,QB,True,,,,,,,,2,14,8,0.2,0.7,0.1,8,18,16.15,10.74,10.37,25.38,0.012,60.06,90.02,78.5,50.0,1.0,0.722,1.001,1.0,1.0,Neutral,1.066,1.05,1.12,1.0,1.066,1.0,1.0,1.066,5.0,12.0,0.0,6.6,0.0,0.0,6.6,156.1914068022621,1.0553792333397596,0.0,29.957536067733436,0.0010233918128654974,0.0017909356725146202,29.95932700340595,186.14894286999555,15.661908007197484,156.4,1.06,0.0,186.4,,,,,15.7,164.2,1.19,0.0,195.7,,,,,16.7,38.0,0.85,0.65,43.05,18.0,1.8,18.0,22.0,6.0
2026,4,,2026-10-04,16:05,00-0038128,Malik Willis,malik willis,MIA,MIN,QB,QB,False,,,,,,,,3,10,8,0.2,0.7,0.1,8,18,12.86,8.69,5.31,14.11,-0.136,59.69,88.97,78.0,50.0,1.0,0.7,0.984,1.0,1.0,Tough,0.927,0.88,0.88,1.0,0.927,1.0,1.0,0.927,-12.0,-12.0,0.0,-7.3,0.0,0.0,-7.3,133.9875240183793,0.6191154970760234,0.0,27.676803467000838,0.0010233918128654974,0.0017909356725146202,27.67859440267335,161.6643274853801,11.503628153717626,131.8,0.61,0.0,159.0,,,,,11.3,116.0,0.54,0.0,139.9,,,,,10.5,38.0,0.85,0.65,42.0,18.0,1.8,18.0,22.0,6.0
2026,4,,2026-10-04,16:25,00-0034869,Sam Darnold,sam darnold,SEA,LAC,QB,QB,True,,,,,,,,2,34,8,0.2,0.7,0.1,8,18,12.73,9.61,5.34,20.19,0.002,57.0,89.25,77.4,50.0,1.0,0.946,1.0,1.0,1.0,Tough,0.919,0.901,0.88,1.0,0.919,1.0,1.0,0.919,-9.9,-12.0,0.0,-8.1,0.0,0.0,-8.1,245.29196506752626,1.8659451380233116,0.0,7.901239423201498,0.0010233918128654974,0.0017909356725146202,7.9030303588740125,253.19320449072774,16.164885500292623,245.4,1.87,0.0,253.3,,,,,16.2,221.1,1.65,0.0,228.2,,,,,14.9,48.64,0.91,0.65,50.2,18.0,1.8,18.0,22.0,6.0
2026,4,,2026-10-04,16:05,00-0032950,Carson Wentz,carson wentz,MIN,MIA,QB,QB,True,,,,,,,,2,7,8,0.2,0.7,0.1,8,18,12.42,5.65,7.4,16.3,-0.295,68.72,92.18,75.3,50.0,1.0,0.858,0.97,1.0,1.0,Neutral,1.03,0.999,1.109,1.0,1.03,1.0,1.0,1.03,-0.1,10.9,0.0,3.0,0.0,0.0,3.0,193.0122859231412,0.9191154970760236,0.0,8.966327276524646,0.0010233918128654974,0.0017909356725146202,8.96811821219716,201.97861319966583,11.363094820384296,187.2,0.89,0.0,195.9,,,,,11.0,187.0,0.99,0.0,195.7,,,,,11.3,41.14,0.85,0.65,43.05,18.0,1.8,18.0,22.0,6.0
2026,4,,2026-10-04,13:00,00-0031503,Jameis Winston,jameis winston,NYG,ARI,QB,QB,True,,,,,,,,2,14,8,0.2,0.7,0.1,8,15,10.72,11.95,1.91,19.52,-0.798,47.29,86.82,74.1,50.0,1.0,0.837,0.97,1.0,1.0,Neutral,1.066,1.05,1.12,1.0,1.066,1.0,1.0,1.066,5.0,12.0,0.0,6.6,0.0,0.0,6.6,187.1188793297346,0.8971374750980017,0.0,9.330063540260909,0.06915525994473364,2.2501425840241636,11.580206124285073,196.4489428699955,11.746809106098581,181.5,0.87,0.0,190.6,,,,,11.4,190.6,0.97,0.0,200.1,,,,,12.2,41.93,0.85,0.65,44.02,18.0,1.8,18.0,22.0,6.0
2026,4,,2026-10-04,13:00,00-0026158,Joe Flacco,joe flacco,CIN,JAC,QB,QB,True,,,,,,,,0,20,8,0.2,0.7,0.1,8,18,9.78,11.13,0.92,24.73,-0.97,46.76,86.69,73.9,50.0,1.0,0.969,0.97,1.0,1.0,Neutral,1.0,1.0,1.0,1.0,1.0,1.0,1.0,1.0,0.0,0.0,0.0,0.0,0.0,0.0,0.0,198.6009777046784,1.2521838450292397,0.0,4.3018000730994155,0.0012792397660818715,0.002238669590643275,4.304038742690059,202.90277777777777,11.911193713450293,192.6,1.21,0.0,196.8,,,,,11.6,192.6,1.21,0.0,196.8,,,,,11.6,42.37,0.85,0.65,43.3,18.0,1.8,18.0,22.0,6.0
2026,4,,2026-10-04,13:00,00-0029263,Russell Wilson,russell wilson,NYG,ARI,QB,QB,True,,,,,,,,0,17,8,0.2,0.7,0.1,8,18,8.21,9.58,2.33,13.06,-0.929,46.15,86.06,73.5,50.0,1.0,0.798,0.97,1.0,1.0,Neutral,1.066,1.05,1.12,1.0,1.066,1.0,1.0,1.066,5.0,12.0,0.0,6.6,0.0,0.0,6.6,180.75196454678365,1.0027546654626762,0.0,16.321091868765052,0.0012792397660818715,0.002238669590643275,16.323330538355695,197.07305641554865,12.144441004471968,175.3,0.97,0.0,191.2,,,,,11.8,184.1,1.09,0.0,200.8,,,,,12.6,40.5,0.85,0.65,44.18,18.0,1.8,18.0,22.0,6.0
2026,4,,2026-10-04,16:25,00-0038579,Aidan O'Connell,aidan oconnell,LV,KC,QB,STARTING QB,True,,,,,,,,0,10,8,0.2,0.7,0.1,8,18,11.33,5.8,6.26,16.29,0.01,66.14,91.54,73.2,50.0,1.0,0.861,1.001,1.0,1.0,Tough,0.886,0.881,0.88,1.0,0.886,1.0,1.0,0.886,-11.9,-12.0,0.0,-11.4,0.0,0.0,-11.4,180.1498812134503,0.8822277046783626,0.0,5.9555281432748535,0.0012792397660818715,0.002238669590643275,5.957766812865498,186.10540935672512,10.807820906432747,180.4,0.88,0.0,186.3,,,,,10.8,158.9,0.77,0.0,164.1,,,,,9.6,38.0,0.85,0.65,42.0,18.0,1.8,18.0,22.0,6.0
2026,4,,2026-10-04,13:00,00-0039152,Will Levis,will levis,TEN,BAL,QB,QB,False,,,,,,,,0,12,8,0.2,0.7,0.1,8,18,10.23,7.5,7.23,16.14,-0.7,57.7,89.42,72.7,50.0,1.0,0.778,0.97,1.0,1.0,Neutral,1.005,1.085,0.88,1.0,1.005,1.0,1.0,1.005,8.5,-12.0,0.0,0.5,0.0,0.0,0.5,178.09571454678365,1.065561038011696,0.0,13.01878571903243,0.0012792397660818715,0.002238669590643275,13.021024388623074,191.11450026581605,10.363040603402446,172.8,1.03,0.0,185.4,,,,,10.1,187.5,0.91,0.0,201.2,,,,,10.2,41.25,0.85,0.65,44.26,18.0,1.8,18.0,22.0,6.0
2026,4,,2026-10-04,09:30,00-0039164,Anthony Richardson,anthony richardson,IND,WAS,QB,QB,False,,,,,,,,0,13,8,0.2,0.7,0.1,8,16,12.35,9.16,9.19,20.47,-0.538,57.42,85.13,72.2,50.0,1.0,0.7,0.97,1.0,1.0,Favorable,1.116,1.12,1.12,1.0,1.116,1.0,1.0,1.116,12.0,12.0,0.0,11.6,0.0,0.0,11.6,136.53321454678363,0.6392789867296447,0.0,34.114502502249216,0.17916385515069727,0.7858925157444895,34.90039501799371,170.64771704903285,12.457096547458388,132.4,0.62,0.0,165.5,,,,,12.1,148.3,0.69,0.0,185.4,,,,,13.5,38.0,0.85,0.65,42.0,18.0,1.8,18.0,22.0,6.0
2026,4,,2026-10-04,16:05,00-0039923,J.J. McCarthy,jj mccarthy,MIN,MIA,QB,QB,True,,,,,,,,0,10,8,0.2,0.7,0.1,8,18,12.27,7.57,7.49,19.3,0.48,61.84,90.46,71.6,50.0,1.0,0.758,1.03,1.0,1.0,Neutral,1.03,0.999,1.109,1.0,1.03,1.0,1.0,1.03,-0.1,10.9,0.0,3.0,0.0,0.0,3.0,167.74154788011694,1.0572277046783627,0.0,16.68052814327485,0.0012792397660818715,0.002238669590643275,16.682766812865495,184.42207602339178,12.433987573099415,172.8,1.09,0.0,190.0,,,,,12.8,172.6,1.21,0.0,189.8,,,,,13.2,38.0,0.85,0.65,42.0,18.0,1.8,18.0,22.0,6.0
2026,4,,2026-10-04,16:25,00-0035704,Drew Lock,drew lock,SEA,LAC,QB,QB,True,,,,,,,,2,10,8,0.2,0.7,0.1,8,18,10.16,10.82,0.38,14.93,1.0,48.42,80.68,69.4,50.0,1.0,0.7,1.03,1.0,1.0,Tough,0.919,0.901,0.88,1.0,0.919,1.0,1.0,0.919,-9.9,-12.0,0.0,-8.1,0.0,0.0,-8.1,135.9770478279031,1.0448297827903092,0.0,9.227279657477027,0.0010233918128654974,0.0017909356725146202,9.229070593149542,145.20432748538013,10.483018629908104,140.1,1.08,0.0,149.6,,,,,10.8,126.2,0.95,0.0,134.8,,,,,9.9,38.0,0.85,0.65,42.0,18.0,1.8,18.0,22.0,6.0
2026,4,,2026-10-04,13:00,00-0036898,Davis Mills,davis mills,HOU,DAL,QB,QB,True,,,,,,,,0,10,8,0.2,0.7,0.1,8,18,10.34,8.83,2.29,14.98,-0.044,53.93,88.48,68.9,50.0,1.0,0.701,0.995,1.0,1.0,Neutral,1.062,1.086,1.12,1.0,1.062,1.0,1.0,1.062,8.6,12.0,0.0,6.2,0.0,0.0,6.2,133.6248812134503,0.6905610380116959,0.0,9.12219480994152,0.0012792397660818715,0.002238669590643275,9.124433479532163,142.74707602339183,9.563487573099417,132.9,0.69,0.0,142.0,,,,,9.5,144.3,0.77,0.0,154.2,,,,,10.1,38.0,0.85,0.65,42.0,18.0,1.8,18.0,22.0,6.0
2026,4,,2026-10-04,13:00,00-0035993,Tyler Huntley,tyler huntley,BAL,TEN,QB,QB,True,,,,,,,,0,10,8,0.2,0.7,0.1,8,18,9.62,7.23,5.67,14.89,-0.476,57.08,84.46,68.1,50.0,1.0,0.7,0.97,1.0,1.0,Neutral,1.014,1.025,0.932,1.0,1.014,1.0,1.0,1.014,2.5,-6.8,0.0,1.4,0.0,0.0,1.4,127.53321454678363,0.5988943713450292,0.0,27.18052814327486,0.0012792397660818715,0.002238669590643275,27.1827668128655,154.7137426900585,10.192320906432748,123.7,0.58,0.0,150.1,,,,,9.9,126.8,0.54,0.0,153.9,,,,,10.0,38.0,0.85,0.65,42.0,18.0,1.8,18.0,22.0,6.0
2026,4,,2026-10-04,13:00,00-0028118,Tyrod Taylor,tyrod taylor,NYJ,CHI,QB,QB,False,,,,,,,,0,8,8,0.2,0.7,0.1,8,18,9.79,7.92,5.14,14.61,0.189,55.29,88.82,66.9,50.0,1.0,0.7,1.023,1.0,1.0,Neutral,1.028,1.015,1.022,1.0,1.028,1.0,1.0,1.028,1.5,2.2,0.0,2.8,0.0,0.0,2.8,126.68500026106935,0.9301443713450294,0.0,19.64094480994152,0.0012792397660818715,0.002238669590643275,19.643183479532166,146.32594507101086,10.258600668337511,129.6,0.95,0.0,149.6,,,,,10.5,131.5,0.97,0.0,151.8,,,,,10.8,38.0,0.85,0.65,42.0,18.0,1.8,18.0,22.0,6.0
2026,4,,2026-10-04,16:25,00-0036972,Mac Jones,mac jones,SF,DEN,QB,QB,True,,,,,,,,1,21,8,0.2,0.7,0.1,8,18,6.16,8.95,-0.23,16.36,-1.0,40.75,70.59,65.9,50.0,1.0,0.7,0.97,1.0,1.0,Neutral,0.982,0.963,0.88,1.0,0.982,1.0,1.0,0.982,-3.7,-12.0,0.0,-1.8,0.0,0.0,-1.8,146.7984763993317,0.8476869256474523,0.0,6.025851086048456,0.0010233918128654974,0.0017909356725146202,6.02764202172097,152.82432748538017,8.970971010860488,142.4,0.82,0.0,148.2,,,,,8.7,137.1,0.72,0.0,142.7,,,,,8.5,38.0,0.85,0.65,42.0,18.0,1.8,18.0,22.0,6.0
2026,4,,2026-10-04,16:25,00-0035289,Gardner Minshew,gardner minshew,KC,LV,QB,QB,False,,,,,,,,0,14,8,0.2,0.7,0.1,8,18,4.52,6.78,-0.3,12.52,-1.0,39.97,76.56,65.6,50.0,1.0,0.7,0.97,1.0,1.0,Neutral,0.962,0.942,0.88,1.0,0.962,1.0,1.0,0.962,-5.8,-12.0,0.0,-3.8,0.0,0.0,-3.8,135.6499727885419,0.6516416240922821,0.0,5.288953051699763,0.0012792397660818715,0.002238669590643275,5.2911917212904065,140.93892584024167,6.920324569436412,131.6,0.63,0.0,136.7,,,,,6.7,124.0,0.55,0.0,128.8,,,,,6.4,38.0,0.85,0.65,42.0,18.0,1.8,18.0,22.0,6.0
2026,4,,2026-10-04,13:00,00-0035100,Jake Browning,jake browning,CIN,JAC,QB,QB,True,,,,,,,,0,7,8,0.2,0.7,0.1,8,18,8.16,7.9,0.4,17.81,0.066,50.8,86.75,63.6,50.0,1.0,0.7,1.008,1.0,1.0,Neutral,1.0,1.0,1.0,1.0,1.0,1.0,1.0,1.0,0.0,0.0,0.0,0.0,0.0,0.0,0.0,128.05107168964076,0.9703229427736008,0.0,7.797194809941522,0.0012792397660818715,0.002238669590643275,7.799433479532165,135.8482664995823,8.26279709690894,129.1,0.98,0.0,136.9,,,,,8.3,129.1,0.98,0.0,136.9,,,,,8.3,38.0,0.85,0.65,42.0,18.0,1.8,18.0,22.0,6.0
2026,4,,2026-10-04,13:00,00-0033319,Nick Mullens,nick mullens,JAC,CIN,QB,QB,False,,,,,,,,1,8,8,0.2,0.7,0.1,8,18,0.05,0.4,-0.23,0.47,0.14,71.52,58.96,61.5,50.0,1.0,0.7,1.017,1.0,1.0,Neutral,1.053,1.091,0.972,1.0,1.053,1.0,1.0,1.053,9.1,-2.8,0.0,5.3,0.0,0.0,5.3,23.994428780284046,0.11911549707602342,0.0,-0.0872441520467835,0.0010233918128654974,0.0017909356725146202,-0.08545321637426896,23.907184628237264,1.3827376775271516,24.4,0.12,0.0,24.3,,,,,1.4,26.6,0.12,0.0,26.5,,,,,1.5,38.0,0.85,0.65,42.0,18.0,1.8,18.0,22.0,6.0
2026,4,,2026-10-04,09:30,00-0026143,Matt Ryan,matt ryan,IND,WAS,QB,STARTING QB,False,,,,,,,,0,0,8,0.2,0.7,0.1,8,15,12.62,6.27,8.99,14.13,-0.259,66.81,91.7,60.9,50.0,1.0,0.852,0.97,1.0,1.0,Favorable,1.116,1.12,1.12,1.0,1.116,1.0,1.0,1.116,12.0,12.0,0.0,11.6,0.0,0.0,11.6,192.265716374269,1.191154970760234,0.0,15.377558479532164,0.01023391812865497,0.017909356725146198,15.39546783625731,207.64327485380116,13.545233918128655,186.5,1.16,0.0,201.4,,,,,13.1,208.9,1.3,0.0,225.6,,,,,14.6,45.96,0.85,0.65,49.63,18.0,1.8,18.0,22.0,6.0
2026,4,,2026-10-04,13:00,00-0029701,Ryan Tannehill,ryan tannehill,TEN,BAL,QB,QB,False,,,,,,,,0,0,8,0.2,0.7,0.1,8,18,9.2,5.02,6.08,12.49,0.231,64.69,91.17,60.1,50.0,1.0,0.852,1.028,1.0,1.0,Neutral,1.005,1.085,0.88,1.0,1.005,1.0,1.0,1.005,8.5,-12.0,0.0,0.5,0.0,0.0,0.5,192.265716374269,1.191154970760234,0.0,15.377558479532164,0.01023391812865497,0.017909356725146198,15.39546783625731,207.64327485380116,13.545233918128655,197.6,1.22,0.0,213.4,,,,,13.9,214.4,1.07,0.0,231.5,,,,,14.0,47.17,0.85,0.65,50.93,18.0,1.8,18.0,22.0,6.0
2026,4,,2026-10-04,13:00,00-0027973,Andy Dalton,andy dalton,PHI,LAR,QB,QB,True,,,,,,,,1,10,8,0.2,0.7,0.1,8,18,2.54,4.56,-0.01,4.38,-0.792,35.75,71.44,60.0,50.0,1.0,0.7,0.97,1.0,1.0,Neutral,1.0,1.0,1.0,1.0,1.0,1.0,1.0,1.0,0.0,0.0,0.0,0.0,0.0,0.0,0.0,103.68657163742691,0.5857821637426901,0.0,3.5577558479532168,0.0010233918128654974,0.0017909356725146202,3.5595467836257315,107.24432748538013,5.014923391812866,100.6,0.57,0.0,104.0,,,,,4.9,100.6,0.57,0.0,104.0,,,,,4.9,38.0,0.85,0.65,42.0,18.0,1.8,18.0,22.0,6.0
2026,4,,2026-10-04,13:00,00-0019596,Tom Brady,tom brady,TB,GB,QB,STARTING QB,True,,,,,,,,0,0,8,0.2,0.7,0.1,8,18,16.99,9.84,11.04,17.37,0.286,63.31,90.83,59.7,50.0,1.0,0.852,1.03,1.0,1.0,Neutral,0.966,0.916,0.903,1.0,0.966,1.0,1.0,0.966,-8.4,-9.7,0.0,-3.4,0.0,0.0,-3.4,192.265716374269,1.191154970760234,0.0,15.377558479532164,0.01023391812865497,0.017909356725146198,15.39546783625731,207.64327485380116,13.545233918128655,198.0,1.23,0.0,213.9,,,,,14.0,181.4,1.11,0.0,195.9,,,,,13.5,39.91,0.85,0.65,43.1,18.0,1.8,18.0,22.0,6.0
2026,4,,2026-10-04,16:25,00-0037012,Trey Lance,trey lance,LAC,SEA,QB,QB,False,,,,,,,,0,8,8,0.2,0.7,0.1,8,18,3.7,4.27,0.44,4.23,-0.305,46.47,76.56,59.7,50.0,1.0,0.7,0.97,1.0,1.0,Tough,0.922,0.88,0.88,1.0,0.922,1.0,1.0,0.922,-12.0,-12.0,0.0,-7.8,0.0,0.0,-7.8,82.9216074039265,0.14889437134502928,0.0,18.27487338137009,0.0012792397660818715,0.002238669590643275,18.27711205096073,101.19648078529656,4.933957811194653,80.4,0.14,0.0,98.2,,,,,4.8,70.8,0.12,0.0,86.4,,,,,4.4,38.0,0.85,0.65,42.0,18.0,1.8,18.0,22.0,6.0
2026,4,,2026-10-04,16:25,00-0038122,Desmond Ridder,desmond ridder,LV,KC,QB,QB,True,,,,,,,,0,5,8,0.2,0.7,0.1,8,18,5.3,5.26,0.76,8.69,-0.266,50.18,83.05,59.5,50.0,1.0,0.7,0.97,1.0,1.0,Tough,0.886,0.881,0.88,1.0,0.886,1.0,1.0,0.886,-11.9,-12.0,0.0,-11.4,0.0,0.0,-11.4,104.85821454678363,0.4613943713450293,0.0,9.00969480994152,0.0012792397660818715,0.002238669590643275,9.011933479532164,113.86790935672516,5.559904239766083,101.7,0.45,0.0,110.5,,,,,5.4,89.6,0.4,0.0,97.4,,,,,4.8,38.0,0.85,0.65,42.0,18.0,1.8,18.0,22.0,6.0
2026,4,,2026-10-04,13:00,00-0033869,Mitchell Trubisky,mitchell trubisky,BUF,NE,QB,QB,True,,,,,,,,0,12,8,0.2,0.7,0.1,8,18,7.22,10.55,0.28,7.3,0.786,40.64,65.36,58.8,50.0,1.0,0.7,1.03,1.0,1.0,Tough,0.908,0.89,0.888,1.0,0.908,1.0,1.0,0.908,-11.0,-11.2,0.0,-9.2,0.0,0.0,-9.2,69.82298727405636,0.7227580077086657,0.0,2.8956796584263693,0.0012792397660818715,0.002238669590643275,2.8979183280170124,72.71866693248273,6.125881512493355,71.9,0.74,0.0,74.9,,,,,6.3,64.0,0.66,0.0,66.7,,,,,5.7,38.0,0.85,0.65,42.0,18.0,1.8,18.0,22.0,6.0
2026,4,,2026-10-04,13:00,00-0038476,Tommy DeVito,tommy devito,NE,BUF,QB,QB,False,,,,,,,,1,2,8,0.2,0.7,0.1,8,18,6.01,5.38,2.38,10.7,0.067,52.77,82.63,58.7,50.0,1.0,0.7,1.008,1.0,1.0,Neutral,0.946,0.88,0.88,1.0,0.946,1.0,1.0,0.946,-12.0,-12.0,0.0,-5.4,0.0,0.0,-5.4,97.02657163742691,0.11911549707602342,0.0,8.337755847953218,0.0010233918128654974,0.0017909356725146202,8.339546783625734,105.36432748538013,5.146523391812866,97.8,0.12,0.0,106.2,,,,,5.2,86.1,0.11,0.0,93.5,,,,,4.9,38.0,0.85,0.65,42.0,18.0,1.8,18.0,22.0,6.0
2026,4,,2026-10-04,13:00,00-0034177,Tim Boyle,tim boyle,NYG,ARI,QB,QB,True,,,,,,,,0,3,7,0.2,0.7,0.1,7,18,3.82,3.01,1.39,5.47,0.279,48.93,83.48,56.9,50.0,1.0,0.7,1.03,1.0,1.0,Neutral,1.066,1.05,1.12,1.0,1.066,1.0,1.0,1.066,5.0,12.0,0.0,6.6,0.0,0.0,6.6,110.03321454678363,0.565561038011696,0.0,3.6721948099415207,0.0012792397660818715,0.002238669590643275,3.674433479532164,113.70540935672517,6.1414875730994165,113.3,0.58,0.0,117.1,,,,,6.3,119.0,0.65,0.0,123.0,,,,,6.7,38.0,0.85,0.65,42.0,18.0,1.8,18.0,22.0,6.0
2026,4,,2026-10-04,16:25,00-0037077,Sam Howell,sam howell,SEA,LAC,QB,QB,True,,,,,,,,0,1,8,0.2,0.7,0.1,8,18,7.51,7.33,4.79,17.41,-0.485,50.61,87.65,56.5,50.0,1.0,0.7,0.97,1.0,1.0,Tough,0.919,0.901,0.88,1.0,0.919,1.0,1.0,0.919,-9.9,-12.0,0.0,-8.1,0.0,0.0,-8.1,45.033214546783626,0.14889437134502928,0.0,3.6721948099415207,0.0012792397660818715,0.002238669590643275,3.674433479532164,48.70540935672515,0.9581542397660822,43.7,0.14,0.0,47.2,,,,,0.9,39.4,0.12,0.0,42.5,,,,,0.8,38.0,0.85,0.65,42.0,18.0,1.8,18.0,22.0,6.0
2026,4,,2026-10-04,20:20,00-0038102,Kenny Pickett,kenny pickett,CAR,DET,QB,QB,True,,,,,,,,2,11,8,0.2,0.7,0.1,8,18,1.15,2.75,-0.55,1.54,-0.902,29.55,56.67,56.3,50.0,1.0,0.7,0.97,1.0,1.0,Neutral,1.069,1.095,1.12,1.0,1.069,1.0,1.0,1.069,9.5,12.0,0.0,6.9,0.0,0.0,6.9,49.79566254651781,0.3045700425305689,0.0,4.97048312068049,0.0010233918128654974,0.0017909356725146202,4.972274056353005,54.76614566719831,3.436923391812866,48.3,0.3,0.0,53.1,,,,,3.3,52.9,0.34,0.0,58.1,,,,,3.5,38.0,0.85,0.65,42.0,18.0,1.8,18.0,22.0,6.0
2026,4,,2026-10-04,13:00,00-0040398,Brady Cook,brady cook,NYJ,CHI,QB,STARTING QB,False,,,,,,,,0,5,5,0.2,0.7,0.1,5,18,6.05,2.71,3.72,8.94,0.159,43.18,77.27,55.5,50.0,1.0,0.924,1.019,1.0,1.0,Neutral,1.028,1.015,1.022,1.0,1.028,1.0,1.0,1.028,1.5,2.2,0.0,2.8,0.0,0.0,2.8,144.73321454678364,0.5363943713450292,0.0,9.597194809941522,0.0012792397660818715,0.002238669590643275,9.599433479532165,154.33040935672517,6.988654239766082,147.5,0.55,0.0,157.3,,,,,7.1,149.7,0.56,0.0,159.7,,,,,7.3,38.0,0.85,0.65,42.0,18.0,1.8,18.0,22.0,6.0
2026,4,,2026-10-04,16:25,00-0035264,Jarrett Stidham,jarrett stidham,DEN,SF,QB,QB,False,,,,,,,,0,3,8,0.2,0.7,0.1,8,18,7.26,8.38,0.5,13.61,-0.99,46.41,79.28,54.6,50.0,1.0,0.7,0.97,1.0,1.0,Neutral,1.018,1.019,0.947,1.0,1.018,1.0,1.0,1.018,1.9,-5.3,0.0,1.8,0.0,0.0,1.8,24.03321454678363,0.14889437134502928,0.0,3.2138614766081877,0.0012792397660818715,0.002238669590643275,3.216100146198831,27.24707602339182,1.8223209064327488,23.3,0.14,0.0,26.4,,,,,1.8,23.7,0.13,0.0,26.9,,,,,1.8,38.0,0.85,0.65,42.0,18.0,1.8,18.0,22.0,6.0
2026,4,,2026-10-04,16:05,00-0037327,Skylar Thompson,skylar thompson,MIA,MIN,QB,QB,False,,,,,,,,0,2,8,0.2,0.7,0.1,8,18,3.18,3.02,0.2,4.94,1.0,51.33,78.55,54.3,50.0,1.0,0.7,1.03,1.0,1.0,Tough,0.927,0.88,0.88,1.0,0.927,1.0,1.0,0.927,-12.0,-12.0,0.0,-7.3,0.0,0.0,-7.3,110.90821454678364,0.14889437134502928,0.0,2.922194809941521,0.0012792397660818715,0.002238669590643275,2.924433479532164,113.83040935672516,5.268154239766083,114.2,0.15,0.0,117.2,,,,,5.4,100.5,0.13,0.0,103.1,,,,,5.0,38.0,0.85,0.65,42.0,18.0,1.8,18.0,22.0,6.0
2026,4,,2026-10-04,20:20,00-0034577,Kyle Allen,kyle allen,DET,CAR,QB,QB,False,,,,,,,,0,3,8,0.2,0.7,0.1,8,17,-0.05,0.34,-0.2,-0.18,0.353,74.58,59.53,53.7,50.0,1.0,0.7,1.03,1.0,1.0,Neutral,0.992,0.913,0.88,1.0,0.992,1.0,1.0,0.992,-8.7,-12.0,0.0,-0.8,0.0,0.0,-0.8,27.199881213450293,0.14889437134502928,0.0,0.9221948099415208,0.0012792397660818715,0.002238669590643275,0.9244334795321639,28.122076023391816,1.719820906432749,28.0,0.15,0.0,29.0,,,,,1.8,25.6,0.13,0.0,26.5,,,,,1.8,38.0,0.85,0.65,42.0,18.0,1.8,18.0,22.0,6.0
2026,4,,2026-10-04,09:30,00-0026300,Josh Johnson,josh johnson,WAS,IND,QB,QB,True,,,,,,,,0,7,8,0.2,0.7,0.1,8,18,4.37,6.18,0.0,2.75,1.0,41.43,67.0,53.4,50.0,1.0,0.7,1.03,1.0,1.0,Favorable,1.093,1.12,0.903,1.0,1.093,1.0,1.0,1.093,12.0,-9.7,0.0,9.3,0.0,0.0,9.3,87.46178597535506,0.32746579991645786,0.0,11.636480524227235,0.0012792397660818715,0.002238669590643275,11.638719193817877,99.0982664995823,5.987439954051797,90.1,0.34,0.0,102.1,,,,,6.2,100.9,0.31,0.0,114.4,,,,,6.8,38.0,0.85,0.65,42.0,18.0,1.8,18.0,22.0,6.0
2026,4,,2026-10-04,16:25,00-0031800,Taylor Heinicke,taylor heinicke,LAC,SEA,QB,QB,False,,,,,,,,0,4,8,0.2,0.7,0.1,8,17,5.58,6.33,0.92,14.3,-0.929,46.83,71.96,53.0,50.0,1.0,0.7,0.97,1.0,1.0,Tough,0.922,0.88,0.88,1.0,0.922,1.0,1.0,0.922,-12.0,-12.0,0.0,-7.8,0.0,0.0,-7.8,28.033214546783626,0.14889437134502928,0.0,6.672194809941521,0.0012792397660818715,0.002238669590643275,6.674433479532164,34.70540935672515,2.328154239766082,27.2,0.14,0.0,33.7,,,,,2.3,23.9,0.12,0.0,29.7,,,,,2.1,38.0,0.85,0.65,42.0,18.0,1.8,18.0,22.0,6.0
2026,4,,2026-10-04,13:00,00-0033949,Joshua Dobbs,joshua dobbs,NE,BUF,QB,QB,False,,,,,,,,0,6,8,0.2,0.7,0.1,8,18,4.58,7.08,0.76,5.49,-0.925,39.26,69.74,52.7,50.0,1.0,0.7,0.97,1.0,1.0,Neutral,0.946,0.88,0.88,1.0,0.946,1.0,1.0,0.946,-12.0,-12.0,0.0,-5.4,0.0,0.0,-5.4,74.45821454678364,0.365561038011696,0.0,3.580528143274854,0.0012792397660818715,0.002238669590643275,3.5827668128654975,78.03874269005848,5.242654239766082,72.2,0.35,0.0,75.7,,,,,5.1,63.5,0.31,0.0,66.6,,,,,4.8,38.0,0.85,0.65,42.0,18.0,1.8,18.0,22.0,6.0
2026,4,,2026-10-04,13:00,00-0038400,Tanner McKee,tanner mckee,PHI,LAR,QB,QB,True,,,,,,,,0,6,6,0.2,0.7,0.1,6,18,6.46,6.83,0.41,11.45,-0.512,36.44,69.31,51.8,50.0,1.0,0.7,0.97,1.0,1.0,Neutral,1.0,1.0,1.0,1.0,1.0,1.0,1.0,1.0,0.0,0.0,0.0,0.0,0.0,0.0,0.0,113.10821454678364,0.7405610380116959,0.0,3.2805281432748536,0.0012792397660818715,0.002238669590643275,3.282766812865497,116.38874269005849,7.341987573099416,109.7,0.72,0.0,112.9,,,,,7.1,109.7,0.72,0.0,112.9,,,,,7.1,38.0,0.85,0.65,42.0,18.0,1.8,18.0,22.0,6.0
2026,4,,2026-10-04,13:00,00-0032156,Trevor Siemian,trevor siemian,NYJ,CHI,QB,STARTING QB,False,,,,,,,,0,0,7,0.2,0.7,0.1,7,18,5.81,5.6,0.82,10.22,1.0,44.55,82.73,51.7,50.0,1.0,0.852,1.03,1.0,1.0,Neutral,1.028,1.015,1.022,1.0,1.028,1.0,1.0,1.028,1.5,2.2,0.0,2.8,0.0,0.0,2.8,192.265716374269,1.191154970760234,0.0,15.377558479532164,0.01023391812865497,0.017909356725146198,15.39546783625731,207.64327485380116,13.545233918128655,198.0,1.23,0.0,213.9,,,,,14.0,201.0,1.26,0.0,217.1,,,,,14.4,44.22,0.85,0.65,47.76,18.0,1.8,18.0,22.0,6.0
2026,4,,2026-10-04,16:25,00-0035282,Easton Stick,easton stick,LAC,SEA,QB,STARTING QB,False,,,,,,,,0,0,5,0.2,0.7,0.1,5,18,14.21,3.85,11.9,17.1,0.239,49.17,79.67,51.7,50.0,1.0,0.852,1.029,1.0,1.0,Tough,0.922,0.88,0.88,1.0,0.922,1.0,1.0,0.922,-12.0,-12.0,0.0,-7.8,0.0,0.0,-7.8,192.265716374269,1.191154970760234,0.0,15.377558479532164,0.01023391812865497,0.017909356725146198,15.39546783625731,207.64327485380116,13.545233918128655,197.8,1.23,0.0,213.6,,,,,13.9,174.1,1.08,0.0,188.0,,,,,12.8,38.3,0.85,0.65,42.0,18.0,1.8,18.0,22.0,6.0
2026,4,,2026-10-04,13:00,00-0038416,Tyson Bagent,tyson bagent,CHI,NYJ,QB,QB,True,,,,,,,,1,6,8,0.2,0.7,0.1,8,15,1.32,1.98,0.08,1.88,1.0,39.96,58.43,50.9,50.0,1.0,0.7,1.03,1.0,1.0,Neutral,0.981,0.939,1.12,1.0,0.981,1.0,1.0,0.981,-6.1,12.0,0.0,-1.9,0.0,0.0,-1.9,38.593238304093575,0.11911549707602342,0.0,2.037755847953217,0.0010233918128654974,0.0017909356725146202,2.0395467836257315,40.63099415204679,2.179190058479533,39.8,0.12,0.0,41.8,,,,,2.2,37.4,0.13,0.0,39.3,,,,,2.2,38.0,0.85,0.65,42.0,18.0,1.8,18.0,22.0,6.0
2026,4,,2026-10-04,13:00,00-0031345,Jimmy Garoppolo,jimmy garoppolo,LAR,PHI,QB,QB,False,,,,,,,,0,4,8,0.2,0.7,0.1,8,18,4.44,7.04,-0.3,9.34,-1.0,38.68,70.36,50.3,50.0,1.0,0.7,0.97,1.0,1.0,Neutral,0.952,0.891,0.88,1.0,0.952,1.0,1.0,0.952,-10.9,-12.0,0.0,-4.8,0.0,0.0,-4.8,65.78321454678363,0.39889437134502925,0.0,0.04719480994152093,0.0012792397660818715,0.002238669590643275,0.0494334795321641,65.83040935672514,3.925654239766082,63.8,0.39,0.0,63.9,,,,,3.8,56.8,0.34,0.0,56.9,,,,,3.6,38.0,0.85,0.65,42.0,18.0,1.8,18.0,22.0,6.0
2026,4,,2026-10-04,16:05,00-0040234,Quinn Ewers,quinn ewers,MIA,MIN,QB,QB,False,,,,,,,,0,4,4,0.2,0.7,0.1,4,18,9.28,4.57,5.71,10.23,1.0,33.5,71.75,49.6,50.0,1.0,0.71,1.03,1.0,1.0,Tough,0.927,0.88,0.88,1.0,0.927,1.0,1.0,0.927,-12.0,-12.0,0.0,-7.3,0.0,0.0,-7.3,165.22071454678363,0.9613943713450294,0.0,6.922194809941521,0.2512792397660819,-1.4977613304093569,5.424433479532164,172.14290935672517,9.815654239766081,170.2,0.99,0.0,177.3,,,,,10.1,149.8,0.87,0.0,156.0,,,,,9.4,38.0,0.85,0.65,42.0,18.0,1.8,18.0,22.0,6.0
2026,4,,2026-10-04,13:00,00-0034955,Brett Rypien,brett rypien,CIN,JAC,QB,QB,True,,,,,,,,0,1,7,0.2,0.7,0.1,7,16,2.67,2.85,0.84,5.39,-0.528,42.31,74.52,49.1,50.0,1.0,0.7,0.97,1.0,1.0,Neutral,1.0,1.0,1.0,1.0,1.0,1.0,1.0,1.0,0.0,0.0,0.0,0.0,0.0,0.0,0.0,24.03321454678363,0.14889437134502928,0.0,1.9221948099415207,0.0012792397660818715,0.002238669590643275,1.924433479532164,25.95540935672515,1.6931542397660821,23.3,0.14,0.0,25.2,,,,,1.6,23.3,0.14,0.0,25.2,,,,,1.6,38.0,0.85,0.65,42.0,18.0,1.8,18.0,22.0,6.0
2026,4,,2026-10-04,13:00,00-0031237,Teddy Bridgewater,teddy bridgewater,TB,GB,QB,QB,True,,,,,,,,0,3,8,0.2,0.7,0.1,8,17,4.18,5.99,-0.1,9.48,-0.893,41.11,67.96,48.7,50.0,1.0,0.7,0.97,1.0,1.0,Neutral,0.966,0.916,0.903,1.0,0.966,1.0,1.0,0.966,-8.4,-9.7,0.0,-3.4,0.0,0.0,-3.4,49.86654788011697,0.14889437134502928,0.0,3.963861476608187,0.0012792397660818715,0.002238669590643275,3.966100146198831,53.830409356725156,2.930654239766082,48.4,0.14,0.0,52.2,,,,,2.8,44.3,0.13,0.0,47.8,,,,,2.7,38.0,0.85,0.65,42.0,18.0,1.8,18.0,22.0,6.0
2026,4,,2026-10-04,16:05,00-0040494,Max Brosmer,max brosmer,MIN,MIA,QB,QB,True,,,,,,,,0,7,7,0.2,0.7,0.1,7,18,0.73,1.98,0.09,1.47,1.0,29.36,62.89,48.7,50.0,1.0,0.7,1.03,1.0,1.0,Neutral,1.03,0.999,1.109,1.0,1.03,1.0,1.0,1.03,-0.1,10.9,0.0,3.0,0.0,0.0,3.0,69.05107168964078,0.14889437134502928,0.0,3.8507662385129495,0.0012792397660818715,0.002238669590643275,3.8530049081035926,72.90183792815372,2.3295828111946535,71.1,0.15,0.0,75.1,,,,,2.4,71.0,0.17,0.0,75.0,,,,,2.5,38.0,0.85,0.65,42.0,18.0,1.8,18.0,22.0,6.0
2026,4,,2026-10-04,16:05,00-0037013,Zach Wilson,zach wilson,MIA,MIN,QB,QB,False,,,,,,,,0,4,8,0.2,0.7,0.1,8,18,3.61,6.56,-0.05,8.54,-1.0,35.48,67.45,48.4,50.0,1.0,0.7,0.97,1.0,1.0,Tough,0.927,0.88,0.88,1.0,0.927,1.0,1.0,0.927,-12.0,-12.0,0.0,-7.3,0.0,0.0,-7.3,28.033214546783626,0.14889437134502928,0.0,1.7971948099415207,0.0012792397660818715,0.002238669590643275,1.7994334795321638,29.830409356725152,1.8406542397660823,27.2,0.14,0.0,28.9,,,,,1.8,23.9,0.12,0.0,25.4,,,,,1.7,38.0,0.85,0.65,42.0,18.0,1.8,18.0,22.0,6.0
2026,4,,2026-10-04,13:00,00-0038582,Clayton Tune,clayton tune,GB,TB,QB,QB,False,,,,,,,,0,7,8,0.2,0.7,0.1,8,18,0.23,1.85,-0.49,0.21,0.62,35.14,53.83,46.6,50.0,1.0,0.7,1.03,1.0,1.0,Neutral,0.999,1.063,1.013,1.0,0.999,1.0,1.0,0.999,6.3,1.3,0.0,-0.1,0.0,0.0,-0.1,32.39035740392649,0.14889437134502928,0.0,5.832909095655807,0.0012792397660818715,0.002238669590643275,5.835147765246449,38.223266499582294,1.9542256683375108,33.4,0.15,0.0,39.4,,,,,2.0,35.5,0.15,0.0,41.9,,,,,2.0,38.0,0.85,0.65,42.0,18.0,1.8,18.0,22.0,6.0
2026,4,,2026-10-04,13:00,00-0033936,C.J. Beathard,cj beathard,JAC,CIN,QB,QB,False,,,,,,,,0,0,8,0.2,0.7,0.1,8,17,3.49,4.13,-0.23,4.5,1.0,45.77,67.85,46.1,50.0,1.0,0.852,1.03,1.0,1.0,Neutral,1.053,1.091,0.972,1.0,1.053,1.0,1.0,1.053,9.1,-2.8,0.0,5.3,0.0,0.0,5.3,192.265716374269,1.191154970760234,0.0,15.377558479532164,0.01023391812865497,0.017909356725146198,15.39546783625731,207.64327485380116,13.545233918128655,198.0,1.23,0.0,213.9,,,,,14.0,216.0,1.2,0.0,233.4,,,,,14.7,47.52,0.85,0.65,51.35,18.0,1.8,18.0,22.0,6.0
2026,4,,2026-10-04,09:30,00-0036879,Sam Ehlinger,sam ehlinger,IND,WAS,QB,QB,False,,,,,,,,0,0,4,0.2,0.7,0.1,4,18,9.7,3.59,7.16,9.31,0.627,36.48,73.24,45.9,50.0,1.0,0.852,1.03,1.0,1.0,Favorable,1.116,1.12,1.12,1.0,1.116,1.0,1.0,1.116,12.0,12.0,0.0,11.6,0.0,0.0,11.6,192.265716374269,1.191154970760234,0.0,15.377558479532164,0.01023391812865497,0.017909356725146198,15.39546783625731,207.64327485380116,13.545233918128655,198.0,1.23,0.0,213.9,,,,,14.0,221.8,1.38,0.0,239.6,,,,,15.6,48.8,0.85,0.65,52.71,18.0,1.8,18.0,22.0,6.0
2026,4,,2026-10-04,13:00,00-0036928,Kyle Trask,kyle trask,TB,GB,QB,QB,True,,,,,,,,0,3,6,0.2,0.7,0.1,6,18,0.03,0.33,-0.18,0.15,-0.34,56.59,51.0,45.8,50.0,1.0,0.7,0.97,1.0,1.0,Neutral,0.966,0.916,0.903,1.0,0.966,1.0,1.0,0.966,-8.4,-9.7,0.0,-3.4,0.0,0.0,-3.4,25.49154788011696,0.14889437134502928,0.0,0.7555281432748542,0.0012792397660818715,0.002238669590643275,0.7577668128654973,26.247076023391816,1.6348209064327488,24.7,0.14,0.0,25.5,,,,,1.6,22.6,0.13,0.0,23.4,,,,,1.5,38.0,0.85,0.65,42.0,18.0,1.8,18.0,22.0,6.0
2026,4,,2026-10-04,13:00,00-0028986,Case Keenum,case keenum,CHI,NYJ,QB,QB,True,,,,,,,,1,0,5,0.2,0.7,0.1,5,16,8.92,10.84,0.12,11.26,1.0,28.21,71.28,45.6,50.0,1.0,0.992,1.03,1.0,1.0,Neutral,0.981,0.939,1.12,1.0,0.981,1.0,1.0,0.981,-6.1,12.0,0.0,-1.9,0.0,0.0,-1.9,228.75523879142298,1.7303849902534112,0.0,9.125852826510721,0.00341130604288499,0.005969785575048733,9.13182261208577,237.8810916179337,20.83507797270955,235.6,1.78,0.0,245.0,,,,,21.5,221.2,1.99,0.0,230.1,,,,,21.1,48.66,1.09,0.65,50.62,18.0,1.8,18.0,22.0,6.33
2026,4,,2026-10-04,09:30,00-0040206,Riley Leonard,riley leonard,IND,WAS,QB,QB,False,,,,,,,,0,5,5,0.2,0.7,0.1,5,18,7.6,10.29,0.0,10.3,0.981,26.56,61.77,45.1,50.0,1.0,0.7,1.03,1.0,1.0,Favorable,1.116,1.12,1.12,1.0,1.116,1.0,1.0,1.116,12.0,12.0,0.0,11.6,0.0,0.0,11.6,111.47071454678364,0.6488943713450293,0.0,7.959694809941522,0.0012792397660818715,-0.7477613304093568,7.2119334795321635,119.43040935672515,8.344404239766082,114.8,0.67,0.0,123.0,,,,,8.6,128.6,0.75,0.0,137.8,,,,,9.6,38.0,0.85,0.65,42.0,18.0,1.8,18.0,22.0,6.0
2026,4,,2026-10-04,09:30,00-0022942,Philip Rivers,philip rivers,IND,WAS,QB,STARTING QB,False,,,,,,,,0,3,3,0.2,0.7,0.1,3,17,10.69,4.53,7.29,12.43,0.144,26.34,67.56,44.9,50.0,1.0,0.957,1.017,1.0,1.0,Favorable,1.116,1.12,1.12,1.0,1.116,1.0,1.0,1.116,12.0,12.0,0.0,11.6,0.0,0.0,11.6,186.0748812134503,1.315561038011696,0.0,1.5055281432748542,0.0012792397660818715,0.002238669590643275,1.5077668128654973,187.58040935672517,11.04982090643275,189.3,1.34,0.0,190.8,,,,,11.2,212.0,1.5,0.0,213.7,,,,,12.5,46.64,0.85,0.65,47.01,18.0,1.8,18.0,22.0,6.0
2026,4,,2026-10-04,13:00,00-0035146,Trace McSorley,trace mcsorley,ARI,NYG,QB,QB,False,,,,,,,,0,0,5,0.2,0.7,0.1,5,18,1.68,1.49,0.6,2.48,0.32,33.12,70.67,44.0,50.0,1.0,0.852,1.03,1.0,1.0,Neutral,1.012,0.991,1.009,1.0,1.012,1.0,1.0,1.012,-0.9,0.9,0.0,1.2,0.0,0.0,1.2,192.265716374269,1.191154970760234,0.0,15.377558479532164,0.01023391812865497,0.017909356725146198,15.39546783625731,207.64327485380116,13.545233918128655,198.0,1.23,0.0,213.9,,,,,14.0,196.2,1.24,0.0,212.0,,,,,14.2,43.16,0.85,0.65,46.64,18.0,1.8,18.0,22.0,6.0
2026,4,,2026-10-04,13:00,00-0027688,Colt McCoy,colt mccoy,ARI,NYG,QB,STARTING QB,False,,,,,,,,0,0,4,0.2,0.7,0.1,4,15,6.95,4.62,5.82,11.16,-0.456,30.03,70.02,43.0,50.0,1.0,0.852,0.97,1.0,1.0,Neutral,1.012,0.991,1.009,1.0,1.012,1.0,1.0,1.012,-0.9,0.9,0.0,1.2,0.0,0.0,1.2,192.265716374269,1.191154970760234,0.0,15.377558479532164,0.01023391812865497,0.017909356725146198,15.39546783625731,207.64327485380116,13.545233918128655,186.5,1.16,0.0,201.4,,,,,13.1,184.8,1.17,0.0,199.6,,,,,13.3,40.66,0.85,0.65,43.91,18.0,1.8,18.0,22.0,6.0
2026,4,,2026-10-04,13:00,00-0039398,Joe Milton III,joe milton iii,DAL,HOU,QB,QB,False,,,,,,,,0,5,5,0.2,0.7,0.1,5,18,4.69,6.02,-0.36,6.32,-0.769,27.35,51.87,41.3,50.0,1.0,0.7,0.97,1.0,1.0,Neutral,0.935,0.943,0.88,1.0,0.935,1.0,1.0,0.935,-5.7,-12.0,0.0,-6.5,0.0,0.0,-6.5,84.50821454678362,0.4238943713450293,0.0,15.759694809941521,0.0012792397660818715,0.002238669590643275,15.761933479532166,100.26790935672514,5.795904239766082,82.0,0.41,0.0,97.3,,,,,5.6,77.3,0.36,0.0,91.8,,,,,5.2,38.0,0.85,0.65,42.0,18.0,1.8,18.0,22.0,6.0
2026,4,,2026-10-04,16:25,00-0037324,Chris Oladokun,chris oladokun,KC,LV,QB,QB,False,,,,,,,,0,4,4,0.2,0.7,0.1,4,18,2.78,4.01,-0.04,5.79,0.074,20.49,57.87,40.8,50.0,1.0,0.7,1.009,1.0,1.0,Neutral,0.962,0.942,0.88,1.0,0.962,1.0,1.0,0.962,-5.8,-12.0,0.0,-3.8,0.0,0.0,-3.8,79.47071454678363,0.39889437134502925,0.0,6.60969480994152,0.0012792397660818715,0.002238669590643275,6.611933479532165,86.08040935672516,4.129404239766083,80.2,0.4,0.0,86.8,,,,,4.2,75.5,0.35,0.0,81.8,,,,,4.0,38.0,0.85,0.65,42.0,18.0,1.8,18.0,22.0,6.0
2026,4,,2026-10-04,13:00,00-0032434,Brandon Allen,brandon allen,TEN,BAL,QB,QB,False,,,,,,,,0,4,5,0.2,0.7,0.1,5,18,1.53,3.64,-0.1,0.88,-0.9,18.51,58.58,40.6,50.0,1.0,0.7,0.97,1.0,1.0,Neutral,1.005,1.085,0.88,1.0,1.005,1.0,1.0,1.005,8.5,-12.0,0.0,0.5,0.0,0.0,0.5,83.84571454678363,0.33639437134502925,0.0,2.734694809941521,0.0012792397660818715,0.002238669590643275,2.736933479532164,86.58040935672516,3.0419042397660827,81.3,0.33,0.0,84.0,,,,,3.0,88.2,0.29,0.0,91.1,,,,,3.0,38.0,0.85,0.65,42.0,18.0,1.8,18.0,22.0,6.0
2026,4,,2026-10-04,16:25,00-0026625,Brian Hoyer,brian hoyer,LV,KC,QB,QB,True,,,,,,,,0,0,3,0.2,0.7,0.1,3,7,2.09,1.2,1.32,2.63,-0.216,23.86,65.4,39.6,50.0,1.0,0.852,0.974,1.0,1.0,Tough,0.886,0.881,0.88,1.0,0.886,1.0,1.0,0.886,-11.9,-12.0,0.0,-11.4,0.0,0.0,-11.4,192.265716374269,1.191154970760234,0.0,15.377558479532164,0.01023391812865497,0.017909356725146198,15.39546783625731,207.64327485380116,13.545233918128655,187.3,1.16,0.0,202.3,,,,,13.2,165.0,1.02,0.0,178.2,,,,,11.7,38.0,0.85,0.65,42.0,18.0,1.8,18.0,22.0,6.0
2026,4,,2026-10-04,13:00,00-0034401,Mike White,mike white,BUF,NE,QB,QB,True,,,,,,,,0,1,8,0.2,0.7,0.1,8,18,0.44,2.44,-0.65,1.74,0.52,29.06,57.69,39.1,50.0,1.0,0.7,1.03,1.0,1.0,Tough,0.908,0.89,0.888,1.0,0.908,1.0,1.0,0.908,-11.0,-11.2,0.0,-9.2,0.0,0.0,-9.2,48.533214546783626,0.14889437134502928,0.0,1.9221948099415207,0.0012792397660818715,0.002238669590643275,1.924433479532164,50.45540935672515,2.673154239766083,50.0,0.15,0.0,52.0,,,,,2.8,44.5,0.13,0.0,46.3,,,,,2.5,38.0,0.85,0.65,42.0,18.0,1.8,18.0,22.0,6.0
2026,4,,2026-10-04,16:25,00-0027948,Blaine Gabbert,blaine gabbert,KC,LV,QB,QB,False,,,,,,,,0,0,3,0.2,0.7,0.1,3,18,4.2,5.17,1.15,6.96,0.698,16.82,56.8,34.4,50.0,1.0,0.852,1.03,1.0,1.0,Neutral,0.962,0.942,0.88,1.0,0.962,1.0,1.0,0.962,-5.8,-12.0,0.0,-3.8,0.0,0.0,-3.8,192.265716374269,1.191154970760234,0.0,15.377558479532164,0.01023391812865497,0.017909356725146198,15.39546783625731,207.64327485380116,13.545233918128655,198.0,1.23,0.0,213.9,,,,,14.0,186.5,1.08,0.0,201.5,,,,,13.5,41.03,0.85,0.65,44.33,18.0,1.8,18.0,22.0,6.0
2026,4,,2026-10-04,13:00,00-0035939,Bryce Perkins,bryce perkins,LAR,PHI,QB,QB,False,,,,,,,,0,0,5,0.2,0.7,0.1,5,16,2.79,3.6,0.28,6.46,-0.955,27.3,46.92,33.1,50.0,1.0,0.852,0.97,1.0,1.0,Neutral,0.952,0.891,0.88,1.0,0.952,1.0,1.0,0.952,-10.9,-12.0,0.0,-4.8,0.0,0.0,-4.8,192.265716374269,1.191154970760234,0.0,15.377558479532164,0.01023391812865497,0.017909356725146198,15.39546783625731,207.64327485380116,13.545233918128655,186.5,1.16,0.0,201.4,,,,,13.1,166.2,1.02,0.0,179.4,,,,,12.5,38.0,0.85,0.65,42.0,18.0,1.8,18.0,22.0,6.0
2026,4,,2026-10-04,16:25,00-0026197,Chad Henne,chad henne,KC,LV,QB,QB,False,,,,,,,,0,0,3,0.2,0.7,0.1,3,18,-0.2,0.1,-0.25,-0.1,-0.2,33.95,38.8,31.5,50.0,1.0,0.852,0.976,1.0,1.0,Neutral,0.962,0.942,0.88,1.0,0.962,1.0,1.0,0.962,-5.8,-12.0,0.0,-3.8,0.0,0.0,-3.8,192.265716374269,1.191154970760234,0.0,15.377558479532164,0.01023391812865497,0.017909356725146198,15.39546783625731,207.64327485380116,13.545233918128655,187.7,1.16,0.0,202.7,,,,,13.2,176.8,1.02,0.0,190.9,,,,,12.7,38.9,0.85,0.65,42.0,18.0,1.8,18.0,22.0,6.0
2026,4,,2026-10-04,20:20,00-0038550,Hendon Hooker,hendon hooker,DET,CAR,QB,QB,False,,,,,,,,0,3,3,0.2,0.7,0.1,3,11,1.05,0.71,0.45,1.22,1.0,22.42,35.7,31.1,50.0,1.0,0.7,1.03,1.0,1.0,Neutral,0.992,0.913,0.88,1.0,0.992,1.0,1.0,0.992,-8.7,-12.0,0.0,-0.8,0.0,0.0,-0.8,44.36654788011696,0.14889437134502928,0.0,3.005528143274854,0.0012792397660818715,0.002238669590643275,3.0077668128654973,47.37207602339181,2.614820906432749,45.7,0.15,0.0,48.8,,,,,2.7,41.7,0.13,0.0,44.6,,,,,2.7,38.0,0.85,0.65,42.0,18.0,1.8,18.0,22.0,6.0
2026,4,,2026-10-04,13:00,00-0033958,Nathan Peterman,nathan peterman,CHI,NYJ,QB,QB,True,,,,,,,,0,0,4,0.2,0.7,0.1,4,18,2.29,4.42,-0.55,2.31,1.0,17.06,40.15,27.8,50.0,1.0,0.852,1.03,1.0,1.0,Neutral,0.981,0.939,1.12,1.0,0.981,1.0,1.0,0.981,-6.1,12.0,0.0,-1.9,0.0,0.0,-1.9,192.265716374269,1.191154970760234,0.0,15.377558479532164,0.01023391812865497,0.017909356725146198,15.39546783625731,207.64327485380116,13.545233918128655,198.0,1.23,0.0,213.9,,,,,14.0,185.9,1.38,0.0,200.9,,,,,13.7,40.9,0.85,0.65,44.2,18.0,1.8,18.0,22.0,6.0
2026,4,,2026-10-04,16:25,00-0026544,Chase Daniel,chase daniel,LAC,SEA,QB,QB,False,,,,,,,,0,0,3,0.2,0.7,0.1,3,18,3.88,3.37,0.54,4.24,1.0,20.07,36.63,27.2,50.0,1.0,0.852,1.03,1.0,1.0,Tough,0.922,0.88,0.88,1.0,0.922,1.0,1.0,0.922,-12.0,-12.0,0.0,-7.8,0.0,0.0,-7.8,192.265716374269,1.191154970760234,0.0,15.377558479532164,0.01023391812865497,0.017909356725146198,15.39546783625731,207.64327485380116,13.545233918128655,198.0,1.23,0.0,213.9,,,,,14.0,174.2,1.08,0.0,188.2,,,,,12.9,38.32,0.85,0.65,42.0,18.0,1.8,18.0,22.0,6.0
2026,4,,2026-10-04,16:25,00-0040673,Jalen Milroe,jalen milroe,SEA,LAC,QB,QB,True,,,,,,,,0,3,3,0.2,0.7,0.1,3,5,-0.83,1.11,-0.95,0.2,-1.0,17.73,26.82,26.4,50.0,1.0,0.7,0.97,1.0,1.0,Tough,0.919,0.901,0.88,1.0,0.919,1.0,1.0,0.919,-9.9,-12.0,0.0,-8.1,0.0,0.0,-8.1,24.03321454678363,0.14889437134502928,0.0,2.9638614766081877,0.0012792397660818715,0.002238669590643275,2.9661001461988303,26.997076023391816,0.9639875730994154,23.3,0.14,0.0,26.2,,,,,0.9,21.0,0.12,0.0,23.6,,,,,0.8,38.0,0.85,0.65,42.0,18.0,1.8,18.0,22.0,6.0
2026,4,,2026-10-04,16:05,00-0038598,Jaren Hall,jaren hall,MIN,MIA,QB,QB,True,,,,,,,,0,0,3,0.2,0.7,0.1,3,17,0.74,2.46,-1.05,1.65,0.22,10.84,35.39,24.4,50.0,1.0,0.852,1.026,1.0,1.0,Neutral,1.03,0.999,1.109,1.0,1.03,1.0,1.0,1.03,-0.1,10.9,0.0,3.0,0.0,0.0,3.0,192.265716374269,1.191154970760234,0.0,15.377558479532164,0.01023391812865497,0.017909356725146198,15.39546783625731,207.64327485380116,13.545233918128655,197.3,1.22,0.0,213.1,,,,,13.9,197.1,1.35,0.0,212.9,,,,,14.3,43.36,0.85,0.65,46.84,18.0,1.8,18.0,22.0,6.0
2026,4,,2026-10-04,16:05,00-0033293,Aaron Jones,aaron jones,MIN,MIA,RB,FEATURE RB,True,,,,,,,,3,29,8,0.2,0.7,0.1,8,18,11.04,2.95,9.03,12.03,-0.039,78.88,93.09,84.5,50.0,1.0,1.05,0.995,1.0,1.0,Neutral,1.03,0.999,1.109,1.0,1.12,1.082,1.12,1.12,-0.1,10.9,0.0,12.0,8.2,12.0,12.0,0.001940993788819876,0.0001552795031055901,0.0,56.38482508745627,2.492749161133719,18.12564503462555,74.51047012208183,56.386766081245085,11.519603091311488,,,,,56.1,2.5,18.0,74.2,11.5,,,,,62.8,2.7,20.2,83.1,11.8,38.0,0.85,0.65,42.0,21.98,1.8,18.0,28.25,6.0
2026,4,,2026-10-04,13:00,00-0037840,Kyren Williams,kyren williams,LAR,PHI,RB,ROTATION RB,False,,,,,,,,3,33,8,0.2,0.7,0.1,8,18,16.43,3.78,14.5,18.73,0.373,81.31,91.54,84.4,50.0,1.0,1.143,1.03,1.0,1.0,Neutral,0.952,0.891,0.88,1.0,1.075,0.88,1.049,1.069,-10.9,-12.0,0.0,7.5,-12.0,4.9,6.9,0.001940993788819876,0.0001552795031055901,0.0,72.90491577263317,2.4319275832862792,19.590489600978735,92.4954053736119,72.906856766422,15.656564111613028,,,,,75.1,2.5,20.2,95.3,16.1,,,,,80.7,2.2,21.2,101.9,15.3,38.0,0.85,0.65,42.0,28.24,1.8,18.0,34.65,6.0
2026,4,,2026-10-04,16:25,00-0033280,Christian McCaffrey,christian mccaffrey,SF,DEN,RB,FEATURE RB,True,,,,,,,,3,21,8,0.2,0.7,0.1,8,18,20.37,6.5,15.22,23.98,-0.199,75.81,93.95,84.0,50.0,1.0,1.2,0.976,1.0,1.0,Neutral,0.982,0.963,0.88,1.0,0.932,0.88,0.893,0.922,-3.7,-12.0,0.0,-6.8,-12.0,-10.7,-7.8,0.001940993788819876,0.0001552795031055901,0.0,63.3918530020704,4.847116977225674,43.05006211180125,106.44191511387167,63.39379399585921,20.800744306418224,,,,,61.9,4.7,42.0,103.9,20.3,,,,,57.7,4.1,37.5,95.8,19.9,38.0,0.85,0.65,42.0,20.2,1.8,18.0,32.57,6.0
2026,4,,2026-10-04,13:00,00-0039361,Bucky Irving,bucky irving,TB,GB,RB,FEATURE RB,True,,,,,,,,3,27,8,0.2,0.7,0.1,8,18,11.5,4.48,8.03,13.78,0.569,71.99,91.93,82.3,50.0,1.0,1.094,1.03,1.0,1.0,Neutral,0.966,0.916,0.903,1.0,1.12,0.972,0.928,1.091,-8.4,-9.7,0.0,12.0,-2.8,-7.2,9.1,0.001940993788819876,0.0001552795031055901,0.0,60.35738413760154,2.892790562899259,21.94851144025057,82.30589557785211,60.35932513139036,13.202274627948544,,,,,62.2,3.0,22.6,84.8,13.6,,,,,69.7,2.9,21.0,92.5,13.1,38.0,0.85,0.65,42.0,24.4,1.8,18.0,31.45,6.0
2026,4,,2026-10-04,13:00,00-0038597,Chase Brown,chase brown,CIN,JAC,RB,FEATURE RB,True,,,,,,,,3,33,8,0.2,0.7,0.1,8,18,18.2,7.75,14.8,21.52,-0.52,70.15,92.5,82.0,50.0,1.0,1.141,0.97,1.0,1.0,Neutral,1.0,1.0,1.0,1.0,1.0,1.0,1.0,1.0,0.0,0.0,0.0,0.0,0.0,0.0,0.0,0.001940993788819876,0.0001552795031055901,0.0,60.3354081968756,3.4629611330698293,20.757264492753627,81.09267268962923,60.33734919066441,14.943157726331643,,,,,58.5,3.4,20.1,78.7,14.5,,,,,58.5,3.4,20.1,78.7,14.5,38.0,0.85,0.65,42.0,20.47,1.8,18.0,26.76,6.0
2026,4,,2026-10-04,20:20,00-0039139,Jahmyr Gibbs,jahmyr gibbs,DET,CAR,RB,FEATURE RB,False,,,,,,,,3,34,8,0.2,0.7,0.1,8,18,25.43,11.56,17.68,34.45,0.986,68.75,92.19,81.6,50.0,1.0,1.2,1.03,1.0,1.0,Neutral,0.992,0.913,0.88,1.0,1.12,1.03,1.003,1.12,-8.7,-12.0,0.0,12.0,3.0,0.3,12.0,0.001940993788819876,0.0001552795031055901,0.0,75.69496224576788,4.217226475570467,37.01990932341317,112.71487156918104,75.6969032395567,22.800329231297265,,,,,78.0,4.3,38.1,116.1,23.5,,,,,87.4,4.4,38.2,130.0,23.3,38.0,0.85,0.65,42.0,30.59,1.8,18.0,44.2,6.99
2026,4,,2026-10-04,09:30,00-0036223,Jonathan Taylor,jonathan taylor,IND,WAS,RB,FEATURE RB,False,,,,,,,,3,31,8,0.2,0.7,0.1,8,18,16.62,8.04,10.85,19.32,0.58,67.4,91.85,81.1,50.0,1.0,1.2,1.03,1.0,1.0,Favorable,1.116,1.12,1.12,1.0,1.105,0.88,1.091,1.101,12.0,12.0,0.0,10.5,-12.0,9.1,10.1,0.001940993788819876,0.0001552795031055901,0.0,87.10154578240832,2.2564871769184536,17.212350898283578,104.31389668069193,87.10348677619714,18.406959360181663,,,,,89.7,2.3,17.7,107.4,19.0,,,,,99.1,2.0,19.3,118.2,21.2,38.0,0.85,0.65,42.0,34.68,1.8,18.0,40.19,6.36
2026,4,,2026-10-04,13:00,00-0032764,Derrick Henry,derrick henry,BAL,TEN,RB,FEATURE RB,True,,,,,,,,3,34,8,0.2,0.7,0.1,8,18,23.04,11.23,12.25,25.93,-0.075,67.23,91.81,81.0,50.0,1.0,1.2,0.991,1.0,1.0,Neutral,1.014,1.025,0.932,1.0,1.033,0.88,0.891,0.998,2.5,-6.8,0.0,3.3,-12.0,-10.9,-0.2,0.001940993788819876,0.0001552795031055901,0.0,93.84782702804442,1.1725613367876797,10.125893535279726,103.97372056332415,93.84976802183324,17.918625640770145,,,,,93.0,1.2,10.0,103.0,17.8,,,,,96.1,1.1,8.9,102.8,18.0,38.0,0.85,0.65,42.0,33.64,1.8,18.0,34.95,6.0
2026,4,,2026-10-04,16:25,00-0038134,Kenneth Walker III,kenneth walker iii,KC,LV,RB,FEATURE RB,False,,,,,,,,3,28,8,0.2,0.7,0.1,8,18,19.05,9.85,6.72,24.2,0.571,65.92,91.48,80.6,50.0,1.0,1.098,1.03,1.0,1.0,Neutral,0.962,0.942,0.88,1.0,1.04,0.999,0.922,1.011,-5.8,-12.0,0.0,4.0,-0.1,-7.8,1.1,0.001940993788819876,0.0001552795031055901,0.0,64.81629744651484,2.6428312629399584,20.21688750862664,85.0331849551415,64.81823844030366,14.52606176673568,,,,,66.8,2.7,20.8,87.6,15.0,,,,,69.5,2.7,19.2,88.6,14.4,38.0,0.85,0.65,42.0,24.32,1.8,18.0,30.12,6.0
2026,4,,2026-10-04,13:00,00-0036997,Javonte Williams,javonte williams,DAL,HOU,RB,ROTATION RB,False,,,,,,,,3,33,8,0.2,0.7,0.1,8,18,14.44,5.75,10.55,17.32,0.54,71.52,88.04,80.6,50.0,1.0,0.999,1.03,1.0,1.0,Neutral,0.935,0.943,0.88,1.0,0.88,0.915,0.919,0.88,-5.7,-12.0,0.0,-12.0,-8.5,-8.1,-12.0,0.001940993788819876,0.0001552795031055901,0.0,55.29460733107474,2.4686429512516477,13.21857401656315,68.5131813476379,55.29654832486355,12.75263283455675,,,,,57.0,2.5,13.6,70.6,13.1,,,,,50.2,2.3,12.5,62.1,12.2,38.0,0.85,0.65,42.0,18.0,1.8,18.0,22.0,6.0
2026,4,,2026-10-04,13:00,00-0038120,Breece Hall,breece hall,NYJ,CHI,RB,FEATURE RB,False,,,,,,,,3,32,8,0.2,0.7,0.1,8,18,12.58,5.82,7.65,16.65,0.218,68.37,89.56,80.4,50.0,1.0,1.083,1.026,1.0,1.0,Neutral,1.028,1.015,1.022,1.0,1.105,0.88,0.987,1.076,1.5,2.2,0.0,10.5,-12.0,-1.3,7.6,0.10758615507914245,0.026566569825686233,0.0,55.490516596540445,2.729812829760235,25.179509116409537,80.67002571295001,55.598102751619585,12.860887931610232,,,,,56.9,2.8,25.8,82.8,13.2,,,,,62.9,2.5,25.5,89.1,13.6,38.0,0.85,0.65,42.0,22.01,1.8,18.0,30.29,6.0
2026,4,,2026-10-04,16:25,00-0040666,Omarion Hampton,omarion hampton,LAC,SEA,RB,ROTATION RB,False,,,,,,,,3,9,8,0.2,0.7,0.1,8,17,12.64,5.24,8.1,16.75,-0.286,70.68,89.11,79.6,50.0,1.0,1.073,0.97,1.0,1.0,Tough,0.922,0.88,0.88,1.0,0.88,1.12,1.12,0.883,-12.0,-12.0,0.0,-12.0,12.0,12.0,-11.7,0.001940993788819876,0.0001552795031055901,0.0,59.06669427191167,2.8686249137336097,17.159347826086957,76.22604209799863,59.068635265700486,13.663998274672188,,,,,57.3,2.8,16.6,73.9,13.3,,,,,50.4,3.1,18.6,65.3,12.3,38.0,0.85,0.65,42.0,18.0,1.8,18.0,22.2,6.0
2026,4,,2026-10-04,13:00,00-0037248,James Cook,james cook,BUF,NE,RB,FEATURE RB,True,,,,,,,,3,33,8,0.2,0.7,0.1,8,18,15.75,8.84,9.6,22.27,0.372,64.05,89.99,79.5,50.0,1.0,1.156,1.03,1.0,1.0,Tough,0.908,0.89,0.888,1.0,0.891,1.057,1.045,0.929,-11.0,-11.2,0.0,-10.9,5.7,4.5,-7.1,0.001940993788819876,0.0001552795031055901,0.0,87.07515386787126,1.6741353754940713,13.238270986260119,100.31342485413138,87.07709486166009,16.42386389516281,,,,,89.7,1.7,13.6,103.3,16.9,,,,,79.9,1.8,14.2,96.0,15.3,38.0,0.85,0.65,42.0,27.96,1.8,18.0,32.64,6.0
2026,4,,2026-10-04,16:25,00-0040122,Ashton Jeanty,ashton jeanty,LV,KC,RB,FEATURE RB,True,,,,,,,,3,17,8,0.2,0.7,0.1,8,18,15.82,9.7,9.03,17.25,0.034,61.99,90.5,79.2,50.0,1.0,1.2,1.004,1.0,1.0,Tough,0.886,0.881,0.88,1.0,0.883,0.898,0.926,0.894,-11.9,-12.0,0.0,-11.7,-10.2,-7.4,-10.6,0.001940993788819876,0.0001552795031055901,0.0,56.14870874436732,3.2709825234441605,22.557001887711607,78.70571063207893,56.15064973815613,14.00731993667032,,,,,56.4,3.3,22.6,79.0,14.1,,,,,49.8,3.0,20.9,70.6,12.5,38.0,0.85,0.65,42.0,18.0,1.8,18.0,24.0,6.0
2026,4,,2026-10-04,13:00,00-0040583,Woody Marks,woody marks,HOU,DAL,RB,ROTATION RB,True,,,,,,,,3,16,8,0.2,0.7,0.1,8,18,8.04,2.8,6.35,8.65,0.124,74.15,82.66,79.1,50.0,1.0,0.855,1.015,1.0,1.0,Neutral,1.062,1.086,1.12,1.0,1.077,1.085,1.12,1.12,8.6,12.0,0.0,7.7,8.5,12.0,12.0,0.001940993788819876,0.0001552795031055901,0.0,40.11244824016564,1.6739026915113875,11.242085921325055,51.35453416149069,40.114389233954455,8.766172877846792,,,,,40.7,1.7,11.4,52.1,8.9,,,,,43.8,1.8,12.8,58.4,9.5,38.0,0.85,0.65,42.0,18.0,1.8,18.0,22.0,6.0
2026,4,,2026-10-04,13:00,00-0040715,Cam Skattebo,cam skattebo,NYG,ARI,RB,FEATURE RB,True,,,,,,,,3,8,8,0.2,0.7,0.1,8,8,14.79,6.07,12.25,15.4,-0.384,70.9,90.6,79.0,50.0,1.0,1.057,0.97,1.0,1.0,Neutral,1.066,1.05,1.12,1.0,1.12,0.888,1.02,1.12,5.0,12.0,0.0,12.0,-11.2,2.0,12.0,0.001940993788819876,0.0001552795031055901,0.0,51.84090062111802,2.753545548654245,24.478395445134577,76.3192960662526,51.84284161490683,14.85586335403727,,,,,50.3,2.7,23.7,74.0,14.4,,,,,56.3,2.4,24.2,82.9,15.4,38.0,0.85,0.65,42.0,19.7,1.8,18.0,28.19,6.0
2026,4,,2026-10-04,16:05,00-0039040,De'Von Achane,devon achane,MIA,MIN,RB,ROTATION RB,False,,,,,,,,3,33,8,0.2,0.7,0.1,8,18,12.69,5.9,11.88,18.18,-0.517,68.27,85.77,78.9,50.0,1.0,1.058,0.97,1.0,1.0,Tough,0.927,0.88,0.88,1.0,1.049,0.88,0.88,0.979,-12.0,-12.0,0.0,4.9,-12.0,-12.0,-2.1,0.001940993788819876,0.0001552795031055901,0.0,62.45726966873707,3.5084427348014304,25.781371635610768,88.23864130434784,62.459210662525884,15.567467791266706,,,,,60.6,3.4,25.0,85.6,15.1,,,,,63.6,3.0,22.0,83.8,14.0,38.0,0.85,0.65,42.0,22.26,1.8,18.0,28.49,6.0
2026,4,,2026-10-04,13:00,00-0035261,Tony Pollard,tony pollard,TEN,BAL,RB,ROTATION RB,False,,,,,,,,3,33,8,0.2,0.7,0.1,8,18,11.54,5.93,9.0,14.75,-0.183,66.07,87.05,78.8,50.0,1.0,1.048,0.978,1.0,1.0,Neutral,1.005,1.085,0.88,1.0,0.917,1.12,1.12,0.982,8.5,-12.0,0.0,-8.3,12.0,12.0,-1.8,0.001940993788819876,0.0001552795031055901,0.0,61.78903373800114,2.126624552983249,12.171793713532846,73.96082745153399,61.79097473178995,10.762034890833805,,,,,60.4,2.1,11.9,72.3,10.5,,,,,55.4,2.4,13.3,71.0,10.6,38.0,0.85,0.65,42.0,19.39,1.8,18.0,24.14,6.0
2026,4,,2026-10-04,13:00,00-0036275,D'Andre Swift,dandre swift,CHI,NYJ,RB,ROTATION RB,True,,,,,,,,3,33,8,0.2,0.7,0.1,8,18,15.85,8.63,10.35,22.07,0.529,64.74,87.23,78.6,50.0,1.0,1.084,1.03,1.0,1.0,Neutral,0.981,0.939,1.12,1.0,1.112,0.906,1.12,1.12,-6.1,12.0,0.0,11.2,-9.4,12.0,12.0,0.001940993788819876,0.0001552795031055901,0.0,63.33378482025222,2.260580180688877,19.308941981931113,82.64272680218335,63.335725814041034,13.339288678712595,,,,,65.2,2.3,19.9,85.1,13.7,,,,,72.5,2.1,22.3,95.3,13.4,38.0,0.85,0.65,42.0,25.38,1.8,18.0,32.4,6.0
2026,4,,2026-10-04,13:00,00-0036950,Avery Williams,avery williams,NYJ,CHI,RB,DEPTH RB,False,,,,,,,,0,18,8,0.2,0.7,0.1,8,18,0.0,0.0,0.0,0.0,0.0,100.0,65.0,78.5,50.0,1.0,0.6,1.0,1.0,1.0,Neutral,1.028,1.015,1.022,1.0,1.105,0.88,0.987,1.076,1.5,2.2,0.0,10.5,-12.0,-1.3,7.6,0.002426242236024845,0.0001940993788819876,0.0,4.122554347826088,0.19342003105590064,1.4179347826086959,5.540489130434784,4.124980590062113,0.960454192546584,,,,,4.1,0.2,1.4,5.5,1.0,,,,,4.5,0.2,1.4,5.9,1.0,38.0,0.85,0.65,42.0,18.0,1.8,18.0,22.0,6.0
2026,4,,2026-10-04,20:20,00-0038896,Jacob Saylors,jacob saylors,DET,CAR,RB,DEPTH RB,False,,,,,,,,3,11,8,0.2,0.7,0.1,8,16,0.0,0.0,0.0,0.0,0.0,100.0,65.0,78.5,50.0,1.0,0.6,1.0,1.0,1.0,Neutral,0.992,0.913,0.88,1.0,1.12,1.03,1.003,1.12,-8.7,-12.0,0.0,12.0,3.0,0.3,12.0,0.001940993788819876,0.0001552795031055901,0.0,3.8780434782608704,0.15473602484472052,1.1343478260869568,5.012391304347828,3.8799844720496903,0.8263633540372672,,,,,3.9,0.2,1.1,5.0,0.8,,,,,4.4,0.2,1.1,5.6,0.8,38.0,0.85,0.65,42.0,18.0,1.8,18.0,22.0,6.0
2026,4,,2026-10-04,13:00,00-0034844,Saquon Barkley,saquon barkley,PHI,LAR,RB,ROTATION RB,True,,,,,,,,3,32,8,0.2,0.7,0.1,8,18,10.55,6.05,6.5,17.45,-0.535,63.56,86.13,77.8,50.0,1.0,1.197,0.97,1.0,1.0,Neutral,1.0,1.0,1.0,1.0,1.0,1.0,1.0,1.0,0.0,0.0,0.0,0.0,0.0,0.0,0.0,0.001940993788819876,0.0001552795031055901,0.0,80.5886252754959,1.8382037667802043,13.179048286916451,93.76767356241236,80.59056626928472,14.356730289521138,,,,,78.2,1.8,12.8,91.0,13.9,,,,,78.2,1.8,12.8,91.0,13.9,38.0,0.85,0.65,42.0,27.37,1.8,18.0,30.94,6.0
2026,4,,2026-10-04,13:00,00-0036924,Michael Carter,michael carter,ARI,NYG,RB,ROTATION RB,False,,,,,,,,0,16,8,0.2,0.7,0.1,8,18,8.08,2.67,6.45,9.45,-0.341,75.2,78.35,77.6,50.0,1.0,0.69,0.97,1.0,1.0,Neutral,1.012,0.991,1.009,1.0,1.12,1.009,0.978,1.12,-0.9,0.9,0.0,12.0,0.9,-2.2,12.0,0.002426242236024845,0.0001940993788819876,0.0,29.350679347826084,2.5434200310559003,19.392934782608698,48.743614130434786,29.35310559006211,8.118266692546586,,,,,28.5,2.5,18.8,47.3,7.9,,,,,31.9,2.5,18.4,53.0,8.0,38.0,0.85,0.65,42.0,18.0,1.8,18.0,22.0,6.0
2026,4,,2026-10-04,16:25,00-0040730,RJ Harvey,rj harvey,DEN,SF,RB,ROTATION RB,False,,,,,,,,2,17,8,0.2,0.7,0.1,8,18,13.42,6.5,9.9,21.4,-0.549,67.38,82.87,77.5,50.0,1.0,0.738,0.97,1.0,1.0,Neutral,1.018,1.019,0.947,1.0,1.026,1.12,1.12,1.057,1.9,-5.3,0.0,2.6,12.0,12.0,5.7,0.001940993788819876,0.0001552795031055901,0.0,28.74258129338692,3.2375091340884183,23.835923456339057,52.57850474972598,28.74452228717574,11.764277219583487,,,,,27.9,3.1,23.1,51.0,11.4,,,,,28.6,3.5,25.9,53.9,11.6,38.0,0.85,0.65,42.0,18.0,1.8,18.0,22.0,6.0
2026,4,,2026-10-04,16:25,00-0036158,J.K. Dobbins,jk dobbins,DEN,SF,RB,ROTATION RB,False,,,,,,,,3,23,8,0.2,0.7,0.1,8,18,6.81,3.25,3.9,9.1,-0.556,67.7,82.68,77.5,50.0,1.0,0.989,0.97,1.0,1.0,Neutral,1.018,1.019,0.947,1.0,1.026,1.12,1.12,1.057,1.9,-5.3,0.0,2.6,12.0,12.0,5.7,0.001940993788819876,0.0001552795031055901,0.0,62.568945040466794,1.4448357801618674,6.694351590438548,69.26329663090534,62.57088603425561,10.702027950310562,,,,,60.7,1.4,6.5,67.2,10.4,,,,,62.3,1.6,7.3,71.0,10.6,38.0,0.85,0.65,42.0,21.8,1.8,18.0,24.14,6.0
2026,4,,2026-10-04,13:00,00-0037594,Julius Chestnut,julius chestnut,TEN,BAL,RB,DEPTH RB,False,,,,,,,,2,28,8,0.2,0.7,0.1,8,18,0.01,0.03,0.0,0.0,-0.033,96.88,64.43,77.5,50.0,1.0,0.6,0.996,1.0,1.0,Neutral,1.005,1.085,0.88,1.0,0.917,1.12,1.12,0.982,8.5,-12.0,0.0,-8.3,12.0,12.0,-1.8,0.001940993788819876,0.0001552795031055901,0.0,6.209948240165633,0.19045031055900621,1.3168875086266394,7.526835748792272,6.2118892339544525,1.1135220841959976,,,,,6.2,0.2,1.3,7.5,1.1,,,,,5.7,0.2,1.5,7.4,1.1,38.0,0.85,0.65,42.0,18.0,1.8,18.0,22.0,6.0
2026,4,,2026-10-04,16:25,00-0039165,Zach Charbonnet,zach charbonnet,SEA,LAC,RB,ROTATION RB,True,,,,,,,,0,33,8,0.2,0.7,0.1,8,18,14.06,7.45,8.12,17.72,1.0,65.36,81.16,76.3,50.0,1.0,0.746,1.03,1.0,1.0,Tough,0.919,0.901,0.88,1.0,0.974,0.88,0.88,0.944,-9.9,-12.0,0.0,-2.6,-12.0,-12.0,-5.6,0.002426242236024845,0.0001940993788819876,0.0,40.841304347826096,1.7194616977225672,13.33933629776021,54.180640645586294,40.84373059006211,10.870870859213252,,,,,42.1,1.8,13.7,55.8,11.2,,,,,41.0,1.6,12.1,52.7,10.3,38.0,0.85,0.65,42.0,18.0,1.8,18.0,22.0,6.0
2026,4,,2026-10-04,13:00,00-0033553,James Conner,james conner,ARI,NYG,RB,ROTATION RB,False,,,,,,,,0,19,8,0.2,0.7,0.1,8,18,14.67,8.95,10.0,23.3,-0.447,62.11,82.4,76.0,50.0,1.0,1.008,0.97,1.0,1.0,Neutral,1.012,0.991,1.009,1.0,1.12,1.009,0.978,1.12,-0.9,0.9,0.0,12.0,0.9,-2.2,12.0,0.002426242236024845,0.0001940993788819876,0.0,56.67518592677346,2.8381568731611644,22.409162852784135,79.08434877955757,56.67761216900948,14.126243666230794,,,,,55.0,2.8,21.7,76.7,13.7,,,,,61.6,2.8,21.2,85.9,13.9,38.0,0.85,0.65,42.0,21.56,1.8,18.0,29.21,6.0
2026,4,,2026-10-04,16:25,00-0039407,Dylan Laube,dylan laube,LV,KC,RB,DEPTH RB,True,,,,,,,,3,23,8,0.2,0.7,0.1,8,18,0.03,0.11,0.0,0.0,0.0,89.88,62.77,75.1,50.0,1.0,0.6,1.0,1.0,1.0,Tough,0.886,0.881,0.88,1.0,0.883,0.898,0.926,0.894,-11.9,-12.0,0.0,-11.7,-10.2,-7.4,-10.6,0.001940993788819876,0.0001552795031055901,0.0,3.6063438735177873,0.2377399774138905,1.602727272727273,5.209071146245061,3.6082848673066072,0.8942526821005085,,,,,3.6,0.2,1.6,5.2,0.9,,,,,3.2,0.2,1.5,4.6,0.8,38.0,0.85,0.65,42.0,18.0,1.8,18.0,22.0,6.0
2026,4,,2026-10-04,16:25,00-0039363,Isaac Guerendo,isaac guerendo,SF,DEN,RB,DEPTH RB,True,,,,,,,,0,23,8,0.2,0.7,0.1,8,18,0.04,0.13,0.0,0.0,0.0,88.59,62.4,74.6,50.0,1.0,0.6,1.0,1.0,1.0,Neutral,0.982,0.963,0.88,1.0,0.932,0.88,0.893,0.922,-3.7,-12.0,0.0,-6.8,-12.0,-10.7,-7.8,0.002426242236024845,0.0001940993788819876,0.0,18.685301383399214,0.77148327216262,7.4791996047430835,26.164500988142304,18.68772762563524,4.496175536420103,,,,,18.7,0.8,7.5,26.2,4.5,,,,,17.4,0.7,6.7,24.2,4.4,38.0,0.85,0.65,42.0,18.0,1.8,18.0,22.0,6.0
2026,4,,2026-10-04,13:00,00-0035700,Josh Jacobs,josh jacobs,GB,TB,RB,ROTATION RB,False,,,,,,,,0,32,8,0.2,0.7,0.1,8,18,11.46,8.21,4.6,19.77,-0.064,58.26,81.09,74.5,50.0,1.0,1.112,0.992,1.0,1.0,Neutral,0.999,1.063,1.013,1.0,0.88,1.12,1.12,1.0,6.3,1.3,0.0,-12.0,12.0,12.0,0.0,0.002426242236024845,0.0001940993788819876,0.0,63.443118863955114,2.173510756862352,18.155333976157085,81.59845284011219,63.44554510619113,15.284748547385295,,,,,63.0,2.2,18.0,81.0,15.2,,,,,55.4,2.5,20.2,81.0,15.2,38.0,0.85,0.65,42.0,19.39,1.8,18.0,27.54,6.0
2026,4,,2026-10-04,09:30,00-0040242,Jacory Croskey-Merritt,jacory croskey merritt,WAS,IND,RB,ROTATION RB,True,,,,,,,,3,17,8,0.2,0.7,0.1,8,18,9.23,6.21,4.78,13.35,-0.301,59.8,79.63,74.3,50.0,1.0,0.759,0.97,1.0,1.0,Favorable,1.093,1.12,0.903,1.0,1.012,0.929,0.967,1.001,12.0,-9.7,0.0,1.2,-7.1,-3.3,0.1,0.001940993788819876,0.0001552795031055901,0.0,45.11166392644015,0.6657654366094264,4.127239982949702,49.23890390938985,45.113604920228966,7.870968396054074,,,,,43.8,0.6,4.0,47.8,7.6,,,,,44.3,0.6,3.9,47.8,8.3,38.0,0.85,0.65,42.0,18.0,1.8,18.0,22.0,6.0
2026,4,,2026-10-04,13:00,00-0040734,TreVeyon Henderson,treveyon henderson,NE,BUF,RB,ROTATION RB,False,,,,,,,,2,17,8,0.2,0.7,0.1,8,18,11.69,7.93,7.12,14.53,-0.141,59.59,79.35,74.1,50.0,1.0,0.798,0.983,1.0,1.0,Neutral,0.946,0.88,0.88,1.0,1.12,0.96,0.91,1.069,-12.0,-12.0,0.0,12.0,-4.0,-9.0,6.9,0.001940993788819876,0.0001552795031055901,0.0,52.00529137742055,1.6218578735842164,10.38560833028864,62.39089970770918,52.00723237120936,11.150663774205336,,,,,51.1,1.6,10.2,61.3,11.0,,,,,57.2,1.5,9.3,65.5,10.4,38.0,0.85,0.65,42.0,20.02,1.8,18.0,22.27,6.0
2026,4,,2026-10-04,20:20,00-0036555,Chuba Hubbard,chuba hubbard,CAR,DET,RB,ROTATION RB,True,,,,,,,,3,30,8,0.2,0.7,0.1,8,18,11.68,7.56,4.23,16.35,1.0,60.69,77.78,73.8,50.0,1.0,0.937,1.03,1.0,1.0,Neutral,1.069,1.095,1.12,1.0,0.971,0.903,0.88,0.932,9.5,12.0,0.0,-2.9,-9.7,-12.0,-6.8,0.001940993788819876,0.0001552795031055901,0.0,52.620440851003075,2.402158028128793,15.161507103591063,67.78194795459416,52.62238184479189,11.956849396730206,,,,,54.2,2.5,15.6,69.8,12.3,,,,,52.6,2.3,13.7,65.1,13.1,38.0,0.85,0.65,42.0,18.41,1.8,18.0,22.13,6.0
2026,4,,2026-10-04,13:00,00-0037263,Tyler Allgeier,tyler allgeier,ARI,NYG,RB,ROTATION RB,False,,,,,,,,3,34,8,0.2,0.7,0.1,8,18,5.12,2.64,2.75,8.4,0.319,65.99,74.4,73.8,50.0,1.0,0.6,1.03,1.0,1.0,Neutral,1.012,0.991,1.009,1.0,1.12,1.009,0.978,1.12,-0.9,0.9,0.0,12.0,0.9,-2.2,12.0,0.001940993788819876,0.0001552795031055901,0.0,29.288468739274364,1.3077790602406973,6.914077899934678,36.20254663920905,29.290409733063186,6.580774864095837,,,,,30.2,1.3,7.1,37.3,6.8,,,,,33.8,1.3,6.9,41.8,6.9,38.0,0.85,0.65,42.0,18.0,1.8,18.0,22.0,6.0
2026,4,,2026-10-04,16:05,00-0037525,Jordan Mason,jordan mason,MIN,MIA,RB,DEPTH RB,True,,,,,,,,1,28,8,0.2,0.7,0.1,8,18,7.38,3.83,3.88,10.68,0.176,65.84,73.72,73.4,50.0,1.0,0.743,1.021,1.0,1.0,Neutral,1.03,0.999,1.109,1.0,1.12,1.082,1.12,1.12,-0.1,10.9,0.0,12.0,8.2,12.0,12.0,0.001940993788819876,0.0001552795031055901,0.0,50.871059351276756,0.7333074534161491,4.101808143547275,54.972867494824015,50.87300034506557,8.807331608005523,,,,,51.9,0.7,4.2,56.1,9.0,,,,,58.1,0.8,4.7,62.8,9.3,38.0,0.85,0.65,42.0,20.34,1.8,18.0,22.0,6.0
2026,4,,2026-10-04,09:30,00-0037256,Rachaad White,rachaad white,WAS,IND,RB,DEPTH RB,True,,,,,,,,3,32,8,0.2,0.7,0.1,8,18,7.85,3.78,4.45,8.78,0.691,67.51,71.82,73.1,50.0,1.0,0.685,1.03,1.0,1.0,Favorable,1.093,1.12,0.903,1.0,1.012,0.929,0.967,1.001,12.0,-9.7,0.0,1.2,-7.1,-3.3,0.1,0.001940993788819876,0.0001552795031055901,0.0,35.78714678087225,2.6070113704668407,16.66231441594871,52.44946119682095,35.78908777466106,9.99337103452882,,,,,36.9,2.7,17.2,54.0,10.3,,,,,37.3,2.5,16.6,54.1,11.3,38.0,0.85,0.65,42.0,18.0,1.8,18.0,22.0,6.0
2026,4,,2026-10-04,13:00,00-0036875,Rhamondre Stevenson,rhamondre stevenson,NE,BUF,RB,ROTATION RB,False,,,,,,,,3,29,8,0.2,0.7,0.1,8,18,15.35,10.43,9.72,20.15,-0.69,59.54,76.47,73.0,50.0,1.0,0.805,0.97,1.0,1.0,Neutral,0.946,0.88,0.88,1.0,1.12,0.96,0.91,1.069,-12.0,-12.0,0.0,12.0,-4.0,-9.0,6.9,0.001940993788819876,0.0001552795031055901,0.0,43.456253658884854,2.2510414435639334,18.00848575712144,61.46473941600628,43.45819465267367,10.95082640822446,,,,,42.2,2.2,17.5,59.6,10.6,,,,,47.3,2.1,15.9,63.7,10.0,38.0,0.85,0.65,42.0,18.0,1.8,18.0,22.0,6.0
2026,4,,2026-10-04,13:00,00-0040719,Bhayshul Tuten,bhayshul tuten,JAC,CIN,RB,ROTATION RB,False,,,,,,,,3,15,8,0.2,0.7,0.1,8,18,9.74,5.53,6.65,10.9,1.0,63.8,73.99,73.0,50.0,1.0,0.6,1.03,1.0,1.0,Neutral,1.053,1.091,0.972,1.0,1.12,1.12,1.12,1.12,9.1,-2.8,0.0,12.0,12.0,12.0,12.0,0.001940993788819876,0.0001552795031055901,0.0,31.258995859213258,0.9490217391304351,6.626728778467911,37.88572463768117,31.26093685300208,7.854649068322983,,,,,32.2,1.0,6.8,39.0,8.1,,,,,36.1,1.1,7.6,43.7,8.5,38.0,0.85,0.65,42.0,18.0,1.8,18.0,22.0,6.0
2026,4,,2026-10-04,16:25,00-0034972,Alexander Mattison,alexander mattison,LV,KC,RB,ROTATION RB,True,,,,,,,,0,14,8,0.2,0.7,0.1,8,18,8.12,4.57,4.5,11.25,0.73,63.97,80.0,73.0,50.0,1.0,0.8,1.03,1.0,1.0,Tough,0.886,0.881,0.88,1.0,0.883,0.898,0.926,0.894,-11.9,-12.0,0.0,-11.7,-10.2,-7.4,-10.6,0.002426242236024845,0.0001940993788819876,0.0,30.57447742474916,2.496991459627329,19.042934782608697,49.61741220735786,30.576903666985185,9.163476170568563,,,,,31.5,2.6,19.6,51.1,9.4,,,,,27.8,2.3,18.1,45.7,8.3,38.0,0.85,0.65,42.0,18.0,1.8,18.0,22.0,6.0
2026,4,,2026-10-04,13:00,00-0033897,Joe Mixon,joe mixon,HOU,DAL,RB,ROTATION RB,True,,,,,,,,0,14,8,0.2,0.7,0.1,8,18,12.06,9.03,7.55,18.23,-0.576,57.18,84.1,72.9,50.0,1.0,1.173,0.97,1.0,1.0,Neutral,1.062,1.086,1.12,1.0,1.077,1.085,1.12,1.12,8.6,12.0,0.0,7.7,8.5,12.0,12.0,0.002426242236024845,0.0001940993788819876,0.0,61.441235666507396,2.4228156354515047,20.130846870520784,81.57208253702818,61.443661908743415,14.72432781892021,,,,,59.6,2.4,19.5,79.1,14.3,,,,,64.2,2.6,21.8,88.6,15.2,38.0,0.85,0.65,42.0,22.47,1.8,18.0,30.12,6.0
2026,4,,2026-10-04,13:00,00-0040236,Kyle Monangai,kyle monangai,CHI,NYJ,RB,ROTATION RB,True,,,,,,,,3,17,8,0.2,0.7,0.1,8,18,8.69,5.57,5.25,9.6,0.208,60.96,75.29,72.9,50.0,1.0,0.737,1.025,1.0,1.0,Neutral,0.981,0.939,1.12,1.0,1.112,0.906,1.12,1.12,-6.1,12.0,0.0,11.2,-9.4,12.0,12.0,0.001940993788819876,0.0001552795031055901,0.0,46.879310985263686,1.1451421873097067,9.812849226647183,56.69216021191086,46.8812519790525,8.705964894653516,,,,,48.0,1.2,10.1,58.1,8.9,,,,,53.4,1.1,11.3,65.1,8.7,38.0,0.85,0.65,42.0,18.69,1.8,18.0,22.13,6.0
2026,4,,2026-10-04,13:00,00-0039921,Trey Benson,trey benson,ARI,NYG,RB,DEPTH RB,False,,,,,,,,0,16,8,0.2,0.7,0.1,8,15,6.41,3.32,2.15,8.43,0.978,65.87,71.47,72.6,50.0,1.0,0.6,1.03,1.0,1.0,Neutral,1.012,0.991,1.009,1.0,1.12,1.009,0.978,1.12,-0.9,0.9,0.0,12.0,0.9,-2.2,12.0,0.002426242236024845,0.0001940993788819876,0.0,30.169429347826085,1.4496700310559005,9.021059782608697,39.19048913043479,30.171855590062112,5.881704192546583,,,,,31.1,1.5,9.3,40.4,6.1,,,,,34.8,1.5,9.1,45.2,6.2,38.0,0.85,0.65,42.0,18.0,1.8,18.0,22.0,6.0
2026,4,,2026-10-04,13:00,00-0038611,Chris Rodriguez Jr.,chris rodriguez jr,JAC,CIN,RB,ROTATION RB,False,,,,,,,,3,19,8,0.2,0.7,0.1,8,18,8.03,5.01,4.47,11.05,-0.613,61.56,74.0,72.5,50.0,1.0,0.6,0.97,1.0,1.0,Neutral,1.053,1.091,0.972,1.0,1.12,1.12,1.12,1.12,9.1,-2.8,0.0,12.0,12.0,12.0,12.0,0.001940993788819876,0.0001552795031055901,0.0,35.06646453089245,0.3336833932657732,3.0185583524027466,38.085022883295196,35.06840552468127,6.862949820202682,,,,,34.0,0.3,2.9,36.9,6.7,,,,,38.1,0.3,3.2,41.3,7.1,38.0,0.85,0.65,42.0,18.0,1.8,18.0,22.0,6.0
2026,4,,2026-10-04,16:25,00-0037197,Isiah Pacheco,isiah pacheco,KC,LV,RB,ROTATION RB,False,,,,,,,,0,20,8,0.2,0.7,0.1,8,18,6.21,4.2,3.15,7.67,0.333,59.68,74.58,72.3,50.0,1.0,0.716,1.03,1.0,1.0,Neutral,0.962,0.942,0.88,1.0,1.04,0.999,0.922,1.011,-5.8,-12.0,0.0,4.0,-0.1,-7.8,1.1,0.002426242236024845,0.0001940993788819876,0.0,36.59294908466819,1.4993410836874794,8.902145308924485,45.49509439359268,36.59537532690422,6.984204192546584,,,,,37.7,1.5,9.2,46.9,7.2,,,,,39.2,1.5,8.5,47.4,6.9,38.0,0.85,0.65,42.0,18.0,1.8,18.0,22.0,6.0
2026,4,,2026-10-04,13:00,00-0033526,Samaje Perine,samaje perine,CIN,JAC,RB,DEPTH RB,True,,,,,,,,3,32,8,0.2,0.7,0.1,8,18,6.23,3.06,4.4,8.22,-0.524,67.11,70.12,72.3,50.0,1.0,0.6,0.97,1.0,1.0,Neutral,1.0,1.0,1.0,1.0,1.0,1.0,1.0,1.0,0.0,0.0,0.0,0.0,0.0,0.0,0.0,0.001940993788819876,0.0001552795031055901,0.0,17.500962065050427,1.396249081680358,12.075908885994792,29.576870951045215,17.502903058839244,5.132388891671677,,,,,17.0,1.4,11.7,28.7,5.0,,,,,17.0,1.4,11.7,28.7,5.0,38.0,0.85,0.65,42.0,18.0,1.8,18.0,22.0,6.0
2026,4,,2026-10-04,13:00,00-0039738,Blake Corum,blake corum,LAR,PHI,RB,ROTATION RB,False,,,,,,,,3,32,8,0.2,0.7,0.1,8,18,8.69,6.14,4.93,13.1,-0.162,58.57,74.7,72.0,50.0,1.0,0.6,0.981,1.0,1.0,Neutral,0.952,0.891,0.88,1.0,1.075,0.88,1.049,1.069,-10.9,-12.0,0.0,7.5,-12.0,4.9,6.9,0.001940993788819876,0.0001552795031055901,0.0,35.82865023709344,0.7433304948908036,4.004643525011689,39.83329376210513,35.830591230882256,5.902290005342952,,,,,35.1,0.7,3.9,39.1,5.8,,,,,37.7,0.6,4.1,41.8,5.5,38.0,0.85,0.65,42.0,18.0,1.8,18.0,22.0,6.0
2026,4,,2026-10-04,13:00,00-0035537,Ty Johnson,ty johnson,BUF,NE,RB,DEPTH RB,True,,,,,,,,1,34,8,0.2,0.7,0.1,8,18,9.31,4.69,5.88,8.4,0.886,66.5,69.21,71.8,50.0,1.0,0.6,1.03,1.0,1.0,Tough,0.908,0.89,0.888,1.0,0.891,1.057,1.045,0.929,-11.0,-11.2,0.0,-10.9,5.7,4.5,-7.1,0.001940993788819876,0.0001552795031055901,0.0,12.026385724250177,1.8964472547912448,22.91295745175541,34.939343176005586,12.028326718038997,6.741518434251171,,,,,12.4,2.0,23.6,36.0,6.9,,,,,11.0,2.1,24.7,33.4,6.3,38.0,0.85,0.65,42.0,18.0,1.8,18.0,22.0,6.0
2026,4,,2026-10-04,16:25,00-0033923,Kareem Hunt,kareem hunt,KC,LV,RB,ROTATION RB,False,,,,,,,,0,30,8,0.2,0.7,0.1,8,18,6.86,5.38,3.6,10.05,-0.5,56.05,73.87,71.1,50.0,1.0,0.789,0.97,1.0,1.0,Neutral,0.962,0.942,0.88,1.0,1.04,0.999,0.922,1.011,-5.8,-12.0,0.0,4.0,-0.1,-7.8,1.1,0.002426242236024845,0.0001940993788819876,0.0,40.414221014492746,1.3077878471478543,10.18201524237881,50.59623625687156,40.416647256728766,9.219477181052332,,,,,39.2,1.3,9.9,49.1,8.9,,,,,40.8,1.3,9.1,49.6,8.6,38.0,0.85,0.65,42.0,18.0,1.8,18.0,22.0,6.0
2026,4,,2026-10-04,13:00,00-0035250,Devin Singletary,devin singletary,NYG,ARI,RB,DEPTH RB,True,,,,,,,,2,32,8,0.2,0.7,0.1,8,18,9.14,6.36,4.12,14.6,0.012,58.96,71.53,70.9,50.0,1.0,0.6,1.001,1.0,1.0,Neutral,1.066,1.05,1.12,1.0,1.12,0.888,1.02,1.12,5.0,12.0,0.0,12.0,-11.2,2.0,12.0,0.001940993788819876,0.0001552795031055901,0.0,24.428083800841517,1.213751001803246,8.391490683229815,32.81957448407133,24.430024794630338,6.2734699208575435,,,,,24.5,1.2,8.4,32.9,6.3,,,,,27.4,1.1,8.6,36.8,6.7,38.0,0.85,0.65,42.0,18.0,1.8,18.0,22.0,6.0
2026,4,,2026-10-04,13:00,00-0039794,Braelon Allen,braelon allen,NYJ,CHI,RB,DEPTH RB,False,,,,,,,,3,21,8,0.2,0.7,0.1,8,18,4.7,2.62,3.27,6.75,1.0,64.19,67.69,70.6,50.0,1.0,0.6,1.03,1.0,1.0,Neutral,1.028,1.015,1.022,1.0,1.105,0.88,0.987,1.076,1.5,2.2,0.0,10.5,-12.0,-1.3,7.6,0.001940993788819876,0.0001552795031055901,0.0,19.86423395445135,1.169974120082816,7.05768115942029,26.921915113871645,19.86617494824017,5.017315734989649,,,,,20.5,1.2,7.3,27.7,5.2,,,,,22.7,1.1,7.2,29.8,5.3,38.0,0.85,0.65,42.0,18.0,1.8,18.0,22.0,6.0
2026,4,,2026-10-04,09:30,00-0033699,Austin Ekeler,austin ekeler,WAS,IND,RB,ROTATION RB,True,,,,,,,,0,14,8,0.2,0.7,0.1,8,18,9.53,5.63,5.0,17.38,-0.544,62.87,74.58,70.5,50.0,1.0,0.631,0.97,1.0,1.0,Favorable,1.093,1.12,0.903,1.0,1.012,0.929,0.967,1.001,12.0,-9.7,0.0,1.2,-7.1,-3.3,0.1,0.002426242236024845,0.0001940993788819876,0.0,28.589587314859056,2.6769365145723842,25.18853917821309,53.778126493072136,28.592013557095083,9.743009137601529,,,,,27.7,2.6,24.4,52.2,9.5,,,,,28.0,2.4,23.6,52.3,10.4,38.0,0.85,0.65,42.0,18.0,1.8,18.0,22.0,6.0
2026,4,,2026-10-04,13:00,00-0036919,Kenny Gainwell,kenny gainwell,TB,GB,RB,ROTATION RB,True,,,,,,,,3,34,8,0.2,0.7,0.1,8,18,10.61,8.34,4.12,20.05,-0.802,55.97,72.54,70.5,50.0,1.0,0.6,0.97,1.0,1.0,Neutral,0.966,0.916,0.903,1.0,1.12,0.972,0.928,1.091,-8.4,-9.7,0.0,12.0,-2.8,-7.2,9.1,0.001940993788819876,0.0001552795031055901,0.0,22.453582057328862,2.7330400737370053,17.70139646372383,40.1549785210527,22.455523051117684,8.192722916043891,,,,,21.8,2.7,17.2,39.0,7.9,,,,,24.4,2.6,16.0,42.5,7.6,38.0,0.85,0.65,42.0,18.0,1.8,18.0,22.0,6.0
2026,4,,2026-10-04,09:30,00-0033955,Jeremy McNichols,jeremy mcnichols,WAS,IND,RB,DEPTH RB,True,,,,,,,,0,31,8,0.2,0.7,0.1,8,18,3.31,1.59,1.88,4.93,0.527,67.61,65.32,70.5,50.0,1.0,0.6,1.03,1.0,1.0,Favorable,1.093,1.12,0.903,1.0,1.012,0.929,0.967,1.001,12.0,-9.7,0.0,1.2,-7.1,-3.3,0.1,0.002426242236024845,0.0001940993788819876,0.0,16.570134992987377,1.29583938589461,8.785676718092565,25.355811711079937,16.572561235223404,4.733115482869164,,,,,17.1,1.3,9.0,26.1,4.9,,,,,17.3,1.2,8.7,26.1,5.4,38.0,0.85,0.65,42.0,18.0,1.8,18.0,22.0,6.0
2026,4,,2026-10-04,13:00,00-0036328,Antonio Gibson,antonio gibson,NE,BUF,RB,DEPTH RB,False,,,,,,,,0,22,8,0.2,0.7,0.1,8,18,5.49,3.66,2.9,8.97,-0.351,59.99,69.2,70.2,50.0,1.0,0.6,0.97,1.0,1.0,Neutral,0.946,0.88,0.88,1.0,1.12,0.96,0.91,1.069,-12.0,-12.0,0.0,12.0,-4.0,-9.0,6.9,0.002426242236024845,0.0001940993788819876,0.0,29.357943958215696,1.1301083427442122,8.901701016374929,38.259644974590636,29.360370200451722,5.958019127611519,,,,,28.5,1.1,8.6,37.1,5.8,,,,,31.9,1.1,7.8,39.7,5.5,38.0,0.85,0.65,42.0,18.0,1.8,18.0,22.0,6.0
2026,4,,2026-10-04,13:00,00-0035685,David Montgomery,david montgomery,HOU,DAL,RB,ROTATION RB,True,,,,,,,,3,31,8,0.2,0.7,0.1,8,18,9.74,8.49,5.6,10.47,1.0,53.41,73.01,70.1,50.0,1.0,0.772,1.03,1.0,1.0,Neutral,1.062,1.086,1.12,1.0,1.077,1.085,1.12,1.12,8.6,12.0,0.0,7.7,8.5,12.0,12.0,0.12581196153075536,0.041445602083750754,0.0,41.153926734789295,1.8670248113270553,15.38909436986576,56.54302110465505,41.27973869632004,10.96302940626461,,,,,42.4,1.9,15.9,58.2,11.3,,,,,45.7,2.1,17.8,65.2,12.0,38.0,0.85,0.65,42.0,18.0,1.8,18.0,22.17,6.0
2026,4,,2026-10-04,16:25,00-0038797,Emanuel Wilson,emanuel wilson,SEA,LAC,RB,ROTATION RB,True,,,,,,,,3,34,8,0.2,0.7,0.1,8,18,3.9,3.43,0.82,6.4,-0.374,53.23,71.33,69.3,50.0,1.0,0.6,0.97,1.0,1.0,Tough,0.919,0.901,0.88,1.0,0.974,0.88,0.88,0.944,-9.9,-12.0,0.0,-2.6,-12.0,-12.0,-5.6,0.001940993788819876,0.0001552795031055901,0.0,31.85439692873197,0.691099661208357,4.221513601488026,36.07591053022,31.85633792252079,5.518276773950687,,,,,30.9,0.7,4.1,35.0,5.4,,,,,30.1,0.6,3.6,33.0,5.0,38.0,0.85,0.65,42.0,18.0,1.8,18.0,22.0,6.0
2026,4,,2026-10-04,13:00,00-0036893,Najee Harris,najee harris,NYG,ARI,RB,DEPTH RB,True,,,,,,,,2,20,8,0.2,0.7,0.1,8,18,5.35,4.36,2.6,7.62,-0.648,55.07,68.87,68.8,50.0,1.0,0.826,0.97,1.0,1.0,Neutral,1.066,1.05,1.12,1.0,1.12,0.888,1.02,1.12,5.0,12.0,0.0,12.0,-11.2,2.0,12.0,0.001940993788819876,0.0001552795031055901,0.0,47.064735207584185,1.4731570774762994,11.230663615560642,58.295398823144815,47.066676201373,8.742558842759072,,,,,45.7,1.4,10.9,56.5,8.5,,,,,51.2,1.2,11.1,63.3,9.1,38.0,0.85,0.65,42.0,18.0,1.8,18.0,22.0,6.0
2026,4,,2026-10-04,13:00,00-0038685,Chris Brooks,chris brooks,GB,TB,RB,DEPTH RB,False,,,,,,,,3,28,8,0.2,0.7,0.1,8,18,2.7,1.63,1.55,3.08,-0.081,62.44,64.05,68.7,50.0,1.0,0.6,0.99,1.0,1.0,Neutral,0.999,1.063,1.013,1.0,0.88,1.12,1.12,1.0,6.3,1.3,0.0,-12.0,12.0,12.0,0.0,0.001940993788819876,0.0001552795031055901,0.0,12.276614906832299,0.8880693581780539,6.366093857832989,18.642708764665294,12.27855590062112,3.0512998619737757,,,,,12.2,0.9,6.3,18.5,3.0,,,,,10.7,1.0,7.1,18.5,3.0,38.0,0.85,0.65,42.0,18.0,1.8,18.0,22.0,6.0
2026,4,,2026-10-04,13:00,00-0039032,Tyjae Spears,tyjae spears,TEN,BAL,RB,DEPTH RB,False,,,,,,,,3,25,8,0.2,0.7,0.1,8,18,6.78,5.99,3.58,9.18,-0.57,53.12,68.04,68.0,50.0,1.0,0.6,0.97,1.0,1.0,Neutral,1.005,1.085,0.88,1.0,0.917,1.12,1.12,0.982,8.5,-12.0,0.0,-8.3,12.0,12.0,-1.8,0.001940993788819876,0.0001552795031055901,0.0,23.52771014492754,2.5732598343685305,17.557824016563146,41.085534161490685,23.52965113871636,7.992201449275363,,,,,22.8,2.5,17.0,39.9,7.8,,,,,20.9,2.8,19.0,39.2,7.8,38.0,0.85,0.65,42.0,18.0,1.8,18.0,22.0,6.0
2026,4,,2026-10-04,20:20,00-0040644,Trevor Etienne,trevor etienne,CAR,DET,RB,DEPTH RB,True,,,,,,,,0,17,8,0.2,0.7,0.1,8,18,0.18,0.45,0.0,0.05,-0.467,69.07,57.63,67.8,50.0,1.0,0.6,0.97,1.0,1.0,Neutral,1.069,1.095,1.12,1.0,0.971,0.903,0.88,0.932,9.5,12.0,0.0,-2.9,-9.7,-12.0,-6.8,0.002426242236024845,0.0001940993788819876,0.0,8.001230818414323,0.3285303251735477,2.0153612531969314,10.016592071611253,8.00365706065035,1.543174780781878,,,,,7.8,0.3,2.0,9.7,1.5,,,,,7.6,0.3,1.8,9.0,1.6,38.0,0.85,0.65,42.0,18.0,1.8,18.0,22.0,6.0
2026,4,,2026-10-04,16:25,00-0038454,Keaton Mitchell,keaton mitchell,LAC,SEA,RB,DEPTH RB,False,,,,,,,,3,17,8,0.2,0.7,0.1,8,18,5.33,4.6,1.2,6.85,1.0,53.72,66.06,67.4,50.0,1.0,0.6,1.03,1.0,1.0,Tough,0.922,0.88,0.88,1.0,0.88,1.12,1.12,0.883,-12.0,-12.0,0.0,-12.0,12.0,12.0,-11.7,0.001940993788819876,0.0001552795031055901,0.0,27.132987455851907,0.9475581536962612,5.253010291072951,32.38599774692486,27.13492844964073,5.214739404457436,,,,,27.9,1.0,5.4,33.4,5.4,,,,,24.6,1.1,6.0,29.5,5.0,38.0,0.85,0.65,42.0,18.0,1.8,18.0,22.0,6.0
2026,4,,2026-10-04,16:25,00-0037085,Tyler Badie,tyler badie,DEN,SF,RB,DEPTH RB,False,,,,,,,,2,19,8,0.2,0.7,0.1,8,18,2.77,1.78,1.18,4.65,1.0,60.96,60.22,66.8,50.0,1.0,0.6,1.03,1.0,1.0,Neutral,1.018,1.019,0.947,1.0,1.026,1.12,1.12,1.057,1.9,-5.3,0.0,2.6,12.0,12.0,5.7,0.001940993788819876,0.0001552795031055901,0.0,6.504058515854855,1.2241595837419637,9.762668628091971,16.266727143946827,6.505999509643675,2.972097689876867,,,,,6.7,1.3,10.1,16.8,3.1,,,,,6.9,1.5,11.3,17.8,3.2,38.0,0.85,0.65,42.0,18.0,1.8,18.0,22.0,6.0
2026,4,,2026-10-04,13:00,00-0037157,Bam Knight,bam knight,ARI,NYG,RB,DEPTH RB,False,,,,,,,,1,12,8,0.2,0.7,0.1,8,18,7.45,5.98,3.82,13.52,-0.807,55.49,69.59,66.7,50.0,1.0,0.6,0.97,1.0,1.0,Neutral,1.012,0.991,1.009,1.0,1.12,1.009,0.978,1.12,-0.9,0.9,0.0,12.0,0.9,-2.2,12.0,0.001940993788819876,0.0001552795031055901,0.0,24.405619235836628,1.5698875399962358,11.263135704874838,35.668754940711466,24.40756022962545,6.9495754752493895,,,,,23.7,1.5,10.9,34.6,6.7,,,,,26.5,1.5,10.7,38.8,6.8,38.0,0.85,0.65,42.0,18.0,1.8,18.0,22.0,6.0
2026,4,,2026-10-04,13:00,00-0034975,Justice Hill,justice hill,BAL,TEN,RB,DEPTH RB,True,,,,,,,,3,25,8,0.2,0.7,0.1,8,18,3.79,2.78,2.52,4.92,-0.076,57.73,61.75,66.6,50.0,1.0,0.6,0.991,1.0,1.0,Neutral,1.014,1.025,0.932,1.0,1.033,0.88,0.891,0.998,2.5,-6.8,0.0,3.3,-12.0,-10.9,-0.2,0.001940993788819876,0.0001552795031055901,0.0,16.1176149068323,1.9991645962732922,16.64030020703934,32.75791511387164,16.119555900621123,6.669344306418219,,,,,16.0,2.0,16.5,32.5,6.6,,,,,16.5,1.8,14.7,32.4,6.7,38.0,0.85,0.65,42.0,18.0,1.8,18.0,22.0,6.0
2026,4,,2026-10-04,16:25,00-0031687,Raheem Mostert,raheem mostert,LV,KC,RB,DEPTH RB,True,,,,,,,,0,25,8,0.2,0.7,0.1,8,18,2.1,1.31,1.2,2.7,-0.517,61.66,58.78,66.4,50.0,1.0,0.6,0.97,1.0,1.0,Tough,0.886,0.881,0.88,1.0,0.883,0.898,0.926,0.894,-11.9,-12.0,0.0,-11.7,-10.2,-7.4,-10.6,0.002426242236024845,0.0001940993788819876,0.0,15.013804347826088,1.2459200310559007,8.734184782608697,23.747989130434785,15.016230590062113,4.0237041925465835,,,,,14.6,1.2,8.5,23.0,3.9,,,,,12.9,1.1,7.9,20.6,3.5,38.0,0.85,0.65,42.0,18.0,1.8,18.0,22.0,6.0
2026,4,,2026-10-04,13:00,00-0039746,Will Shipley,will shipley,PHI,LAR,RB,DEPTH RB,True,,,,,,,,3,27,8,0.2,0.7,0.1,8,18,2.19,1.54,1.02,2.48,0.917,58.63,60.27,66.3,50.0,1.0,0.6,1.03,1.0,1.0,Neutral,1.0,1.0,1.0,1.0,1.0,1.0,1.0,1.0,0.0,0.0,0.0,0.0,0.0,0.0,0.0,0.001940993788819876,0.0001552795031055901,0.0,8.31766089787829,0.8165593866680824,5.5160735078126395,13.833734405690928,8.31960189166711,2.3703210259949397,,,,,8.6,0.8,5.7,14.2,2.4,,,,,8.6,0.8,5.7,14.2,2.4,38.0,0.85,0.65,42.0,18.0,1.8,18.0,22.0,6.0
2026,4,,2026-10-04,13:00,00-0035243,Miles Sanders,miles sanders,DAL,HOU,RB,DEPTH RB,False,,,,,,,,0,15,8,0.2,0.7,0.1,8,18,8.23,7.5,3.25,10.3,-0.27,52.33,67.01,66.1,50.0,1.0,0.6,0.97,1.0,1.0,Neutral,0.935,0.943,0.88,1.0,0.88,0.915,0.919,0.88,-5.7,-12.0,0.0,-12.0,-8.5,-8.1,-12.0,0.002426242236024845,0.0001940993788819876,0.0,23.802316252588,2.0886581262939963,12.136982401656317,35.93929865424431,23.80474249482402,7.278906573498966,,,,,23.1,2.0,11.8,34.9,7.1,,,,,20.3,1.8,10.8,30.7,6.6,38.0,0.85,0.65,42.0,18.0,1.8,18.0,22.0,6.0
2026,4,,2026-10-04,13:00,00-0039384,Tyrone Tracy Jr.,tyrone tracy jr,NYG,ARI,RB,ROTATION RB,True,,,,,,,,3,32,8,0.2,0.7,0.1,8,18,7.9,10.5,0.22,13.53,-1.0,42.95,68.59,65.7,50.0,1.0,0.736,0.97,1.0,1.0,Neutral,1.066,1.05,1.12,1.0,1.12,0.888,1.02,1.12,5.0,12.0,0.0,12.0,-11.2,2.0,12.0,0.001940993788819876,0.0001552795031055901,0.0,39.872534645695595,1.8351795732318175,14.209952664796635,54.082487310492226,39.87447563948441,8.554561510719296,,,,,38.7,1.8,13.8,52.5,8.3,,,,,43.3,1.6,14.1,58.8,8.8,38.0,0.85,0.65,42.0,18.0,1.8,18.0,22.0,6.0
2026,4,,2026-10-04,13:00,00-0034791,Nick Chubb,nick chubb,HOU,DAL,RB,DEPTH RB,True,,,,,,,,0,23,8,0.2,0.7,0.1,8,18,3.41,3.12,1.35,5.45,-0.588,52.18,62.32,65.5,50.0,1.0,0.63,0.97,1.0,1.0,Neutral,1.062,1.086,1.12,1.0,1.077,1.085,1.12,1.12,8.6,12.0,0.0,7.7,8.5,12.0,12.0,0.002426242236024845,0.0001940993788819876,0.0,34.11464920948617,0.8544872247317901,4.926828063241108,39.04147727272728,34.117075451722194,6.291778303218522,,,,,33.1,0.8,4.8,37.9,6.1,,,,,35.6,0.9,5.4,42.4,6.5,38.0,0.85,0.65,42.0,18.0,1.8,18.0,22.0,6.0
2026,4,,2026-10-04,13:00,00-0038555,Tank Bigsby,tank bigsby,PHI,LAR,RB,DEPTH RB,True,,,,,,,,3,31,8,0.2,0.7,0.1,8,18,5.95,6.43,0.38,10.22,-0.603,48.08,65.01,65.5,50.0,1.0,0.6,0.97,1.0,1.0,Neutral,1.0,1.0,1.0,1.0,1.0,1.0,1.0,1.0,0.0,0.0,0.0,0.0,0.0,0.0,0.0,0.001940993788819876,0.0001552795031055901,0.0,29.369748547385292,0.6071784211580846,3.918065183997863,33.28781373138316,29.371689541174113,5.422968576771522,,,,,28.5,0.6,3.8,32.3,5.3,,,,,28.5,0.6,3.8,32.3,5.3,38.0,0.85,0.65,42.0,18.0,1.8,18.0,22.0,6.0
2026,4,,2026-10-04,16:05,00-0039874,Jaylen Wright,jaylen wright,MIA,MIN,RB,DEPTH RB,False,,,,,,,,2,22,8,0.2,0.7,0.1,8,18,4.74,5.19,1.48,7.28,-0.75,47.73,64.98,65.4,50.0,1.0,0.6,0.97,1.0,1.0,Tough,0.927,0.88,0.88,1.0,1.049,0.88,0.88,0.979,-12.0,-12.0,0.0,4.9,-12.0,-12.0,-2.1,0.001940993788819876,0.0001552795031055901,0.0,22.459082439299834,0.4560347261434219,3.296685488424619,25.755767927724456,22.461023433088656,3.550051665725579,,,,,21.8,0.4,3.2,25.0,3.4,,,,,22.9,0.4,2.8,24.5,3.2,38.0,0.85,0.65,42.0,18.0,1.8,18.0,22.0,6.0
2026,4,,2026-10-04,16:25,00-0039391,Kimani Vidal,kimani vidal,LAC,SEA,RB,DEPTH RB,False,,,,,,,,2,22,8,0.2,0.7,0.1,8,18,4.85,5.83,1.77,7.2,-0.727,45.39,65.32,65.0,50.0,1.0,0.6,0.97,1.0,1.0,Tough,0.922,0.88,0.88,1.0,0.88,1.12,1.12,0.883,-12.0,-12.0,0.0,-12.0,12.0,12.0,-11.7,0.001940993788819876,0.0001552795031055901,0.0,31.804536984754378,0.9898009599096557,9.656425748164882,41.460962732919256,31.8064779785432,6.288103613777528,,,,,30.9,1.0,9.4,40.2,6.1,,,,,27.2,1.1,10.5,35.5,5.6,38.0,0.85,0.65,42.0,18.0,1.8,18.0,22.0,6.0
2026,4,,2026-10-04,13:00,00-0032104,Ameer Abdullah,ameer abdullah,JAC,CIN,RB,DEPTH RB,False,,,,,,,,3,28,8,0.2,0.7,0.1,8,18,2.99,2.54,1.4,4.28,-0.082,54.04,60.02,65.0,50.0,1.0,0.6,0.99,1.0,1.0,Neutral,1.053,1.091,0.972,1.0,1.12,1.12,1.12,1.12,9.1,-2.8,0.0,12.0,12.0,12.0,12.0,0.001940993788819876,0.0001552795031055901,0.0,14.230583160800554,1.62457729468599,10.279585921325053,24.51016908212561,14.232524154589374,5.014236369910282,,,,,14.1,1.6,10.2,24.3,5.0,,,,,15.8,1.8,11.4,27.2,5.3,38.0,0.85,0.65,42.0,18.0,1.8,18.0,22.0,6.0
2026,4,,2026-10-04,13:00,00-0038705,Emari Demercado,emari demercado,DAL,HOU,RB,DEPTH RB,False,,,,,,,,2,25,8,0.2,0.7,0.1,8,18,3.65,3.37,1.78,4.67,-0.099,51.99,61.3,65.0,50.0,1.0,0.6,0.988,1.0,1.0,Neutral,0.935,0.943,0.88,1.0,0.88,0.915,0.919,0.88,-5.7,-12.0,0.0,-12.0,-8.5,-8.1,-12.0,0.001940993788819876,0.0001552795031055901,0.0,20.544900621118014,0.9827360248447206,7.046347826086957,27.591248447204975,20.546841614906835,4.178249068322982,,,,,20.3,1.0,7.0,27.3,4.1,,,,,17.9,0.9,6.4,24.0,3.8,38.0,0.85,0.65,42.0,18.0,1.8,18.0,22.0,6.0
2026,4,,2026-10-04,16:25,00-0039299,George Holani,george holani,SEA,LAC,RB,DEPTH RB,True,,,,,,,,3,13,8,0.2,0.7,0.1,8,17,4.01,4.11,0.45,4.45,0.528,49.35,61.03,64.2,50.0,1.0,0.6,1.03,1.0,1.0,Tough,0.919,0.901,0.88,1.0,0.974,0.88,0.88,0.944,-9.9,-12.0,0.0,-2.6,-12.0,-12.0,-5.6,0.001940993788819876,0.0001552795031055901,0.0,11.26800684822424,0.8283623984710943,6.558340500079631,17.826347348303877,11.269947842013062,3.3967699474438606,,,,,11.6,0.9,6.8,18.4,3.5,,,,,11.3,0.8,6.0,17.4,3.2,38.0,0.85,0.65,42.0,18.0,1.8,18.0,22.0,6.0
2026,4,,2026-10-04,13:00,00-0040142,Kaleb Johnson,kaleb johnson,GB,TB,RB,DEPTH RB,False,,,,,,,,3,10,8,0.2,0.7,0.1,8,15,1.27,1.23,0.3,1.77,1.0,50.72,59.39,63.9,50.0,1.0,0.6,1.03,1.0,1.0,Neutral,0.999,1.063,1.013,1.0,0.88,1.12,1.12,1.0,6.3,1.3,0.0,-12.0,12.0,12.0,0.0,0.001940993788819876,0.0001552795031055901,0.0,10.762805383022775,0.31664078674948243,2.6867287784679097,13.449534161490687,10.764746376811596,1.8319824016563149,,,,,11.1,0.3,2.8,13.9,1.9,,,,,9.8,0.3,3.1,13.9,1.9,38.0,0.85,0.65,42.0,18.0,1.8,18.0,22.0,6.0
2026,4,,2026-10-04,13:00,00-0038738,Hunter Luepke,hunter luepke,DAL,HOU,RB,DEPTH RB,False,,,,,,,,2,28,8,0.2,0.7,0.1,8,18,2.15,1.94,0.55,3.2,-0.734,52.48,57.99,63.8,50.0,1.0,0.6,0.97,1.0,1.0,Neutral,0.935,0.943,0.88,1.0,0.88,0.915,0.919,0.88,-5.7,-12.0,0.0,-12.0,-8.5,-8.1,-12.0,0.001940993788819876,0.0001552795031055901,0.0,6.990900621118014,0.7706090407177364,6.397046238785371,13.387946859903385,6.992841614906834,2.4464585921325055,,,,,6.8,0.7,6.2,13.0,2.4,,,,,6.0,0.6,5.7,11.4,2.2,38.0,0.85,0.65,42.0,18.0,1.8,18.0,22.0,6.0
2026,4,,2026-10-04,16:25,00-0034184,Gus Edwards,gus edwards,LAC,SEA,RB,DEPTH RB,False,,,,,,,,0,11,8,0.2,0.7,0.1,8,18,7.68,6.3,2.6,7.72,1.0,54.92,70.62,63.2,50.0,1.0,0.604,1.03,1.0,1.0,Tough,0.922,0.88,0.88,1.0,0.88,1.12,1.12,0.883,-12.0,-12.0,0.0,-12.0,12.0,12.0,-11.7,0.002426242236024845,0.0001940993788819876,0.0,34.03619071146245,0.44569275832862787,1.9429347826086958,35.97912549407115,34.03861695369848,6.73840873800113,,,,,35.1,0.5,2.0,37.1,6.9,,,,,30.9,0.6,2.2,32.8,6.4,38.0,0.85,0.65,42.0,18.0,1.8,18.0,22.0,6.0
2026,4,,2026-10-04,13:00,00-0036251,Zack Moss,zack moss,CIN,JAC,RB,ROTATION RB,True,,,,,,,,0,8,8,0.2,0.7,0.1,8,18,9.42,6.11,6.67,15.03,-0.67,60.65,76.09,63.1,50.0,1.0,0.729,0.97,1.0,1.0,Neutral,1.0,1.0,1.0,1.0,1.0,1.0,1.0,1.0,0.0,0.0,0.0,0.0,0.0,0.0,0.0,0.002426242236024845,0.0001940993788819876,0.0,27.055590062111804,2.782705745341615,22.319720496894412,49.375310559006216,27.05801630434783,9.201079192546583,,,,,26.2,2.7,21.7,47.9,8.9,,,,,26.2,2.7,21.7,47.9,8.9,38.0,0.85,0.65,42.0,18.0,1.8,18.0,22.0,6.0
2026,4,,2026-10-04,13:00,00-0035628,D'Ernest Johnson,dernest johnson,NE,BUF,RB,DEPTH RB,False,,,,,,,,0,17,8,0.2,0.7,0.1,8,18,1.18,1.18,0.4,2.12,-0.351,50.03,57.69,63.1,50.0,1.0,0.6,0.97,1.0,1.0,Neutral,0.946,0.88,0.88,1.0,1.12,0.96,0.91,1.069,-12.0,-12.0,0.0,12.0,-4.0,-9.0,6.9,0.002426242236024845,0.0001940993788819876,0.0,12.005826406649616,0.7531626781147241,5.766280370843989,17.772106777493608,12.008252648885641,2.7433586043112905,,,,,11.6,0.7,5.6,17.2,2.7,,,,,13.0,0.7,5.1,18.4,2.6,38.0,0.85,0.65,42.0,18.0,1.8,18.0,22.0,6.0
2026,4,,2026-10-04,16:25,00-0036414,Cam Akers,cam akers,SEA,LAC,RB,DEPTH RB,True,,,,,,,,0,20,8,0.2,0.7,0.1,8,18,3.86,4.14,0.22,8.53,-0.761,48.26,58.11,62.8,50.0,1.0,0.6,0.97,1.0,1.0,Tough,0.919,0.901,0.88,1.0,0.974,0.88,0.88,0.944,-9.9,-12.0,0.0,-2.6,-12.0,-12.0,-5.6,1.876110452762341,0.05874673095782936,0.0,22.89558066361556,0.7585516100032692,4.183724256292907,27.079304919908466,24.7716911163779,5.138625245178163,,,,,22.2,0.7,4.1,26.3,5.0,,,,,21.6,0.6,3.6,24.8,4.6,38.0,0.85,0.65,42.0,18.0,1.8,18.0,22.0,6.0
2026,4,,2026-10-04,13:00,00-0033045,Ezekiel Elliott,ezekiel elliott,DAL,HOU,RB,DEPTH RB,False,,,,,,,,0,15,8,0.2,0.7,0.1,8,18,2.59,2.48,0.35,5.17,1.0,51.07,59.38,62.8,50.0,1.0,0.6,1.03,1.0,1.0,Neutral,0.935,0.943,0.88,1.0,0.88,0.915,0.919,0.88,-5.7,-12.0,0.0,-12.0,-8.5,-8.1,-12.0,0.002426242236024845,0.0001940993788819876,0.0,15.938030538302282,0.807705745341615,4.964363354037268,20.90239389233955,15.940456780538307,4.001406573498966,,,,,16.4,0.8,5.1,21.5,4.1,,,,,14.4,0.7,4.7,18.9,3.8,38.0,0.85,0.65,42.0,18.0,1.8,18.0,22.0,6.0
2026,4,,2026-10-04,13:00,00-0033854,Dare Ogunbowale,dare ogunbowale,HOU,DAL,RB,DEPTH RB,True,,,,,,,,0,30,8,0.2,0.7,0.1,8,18,2.55,2.53,0.68,3.02,0.415,50.21,56.9,62.8,50.0,1.0,0.6,1.03,1.0,1.0,Neutral,1.062,1.086,1.12,1.0,1.077,1.085,1.12,1.12,8.6,12.0,0.0,7.7,8.5,12.0,12.0,0.002426242236024845,0.0001940993788819876,0.0,7.614508370814594,0.9629602609409581,8.41046351824088,16.024971889055475,7.61693461305062,3.0675231580638256,,,,,7.8,1.0,8.7,16.5,3.2,,,,,8.4,1.1,9.7,18.5,3.4,38.0,0.85,0.65,42.0,18.0,1.8,18.0,22.0,6.0
2026,4,,2026-10-04,13:00,00-0040238,LeQuint Allen Jr.,lequint allen jr,JAC,CIN,RB,DEPTH RB,False,,,,,,,,2,16,8,0.2,0.7,0.1,8,17,1.3,1.25,0.15,2.65,-0.5,51.05,56.37,62.8,50.0,1.0,0.6,0.97,1.0,1.0,Neutral,1.053,1.091,0.972,1.0,1.12,1.12,1.12,1.12,9.1,-2.8,0.0,12.0,12.0,12.0,12.0,0.001940993788819876,0.0001552795031055901,0.0,7.560543478260871,0.8604503105590063,4.592562111801244,12.153105590062113,7.56248447204969,2.246149068322982,,,,,7.3,0.8,4.5,11.8,2.2,,,,,8.2,0.9,5.0,13.2,2.3,38.0,0.85,0.65,42.0,18.0,1.8,18.0,22.0,6.0
2026,4,,2026-10-04,13:00,00-0033376,Patrick Ricard,patrick ricard,NYG,ARI,RB,DEPTH RB,True,,,,,,,,1,15,8,0.2,0.7,0.1,8,18,0.53,0.87,0.0,0.68,0.5,53.52,54.54,62.7,50.0,1.0,0.6,1.03,1.0,1.0,Neutral,1.066,1.05,1.12,1.0,1.12,0.888,1.02,1.12,5.0,12.0,0.0,12.0,-11.2,2.0,12.0,0.001940993788819876,0.0001552795031055901,0.0,3.463757763975156,0.35283126293995865,2.720062111801243,6.1838198757764,3.465698757763976,1.3701728778467912,,,,,3.6,0.4,2.8,6.4,1.4,,,,,4.0,0.4,2.9,7.2,1.5,38.0,0.85,0.65,42.0,18.0,1.8,18.0,22.0,6.0
2026,4,,2026-10-04,20:20,00-0036265,AJ Dillon,aj dillon,CAR,DET,RB,DEPTH RB,True,,,,,,,,3,6,8,0.2,0.7,0.1,8,18,1.61,0.99,1.27,2.1,0.089,61.98,61.25,62.5,50.0,1.0,0.6,1.011,1.0,1.0,Neutral,1.069,1.095,1.12,1.0,0.971,0.903,0.88,0.932,9.5,12.0,0.0,-2.9,-9.7,-12.0,-6.8,0.001940993788819876,0.0001552795031055901,0.0,11.628519668737061,0.7099741200828158,4.083871635610767,15.712391304347827,11.630460662525882,2.1582681159420294,,,,,11.8,0.7,4.1,15.9,2.2,,,,,11.5,0.6,3.6,14.8,2.4,38.0,0.85,0.65,42.0,18.0,1.8,18.0,22.0,6.0
2026,4,,2026-10-04,13:00,00-0037120,Tyler Goodson,tyler goodson,DAL,HOU,RB,DEPTH RB,False,,,,,,,,1,24,8,0.2,0.7,0.1,8,18,0.83,1.0,0.0,1.12,1.0,50.04,56.16,62.5,50.0,1.0,0.6,1.03,1.0,1.0,Neutral,0.935,0.943,0.88,1.0,0.88,0.915,0.919,0.88,-5.7,-12.0,0.0,-12.0,-8.5,-8.1,-12.0,0.001940993788819876,0.0001552795031055901,0.0,11.910000000000002,0.6550983436853003,1.6843478260869569,13.594347826086961,11.911940993788823,2.4566604554865425,,,,,12.3,0.7,1.7,14.0,2.5,,,,,10.8,0.6,1.6,12.3,2.3,38.0,0.85,0.65,42.0,18.0,1.8,18.0,22.0,6.0
2026,4,,2026-10-04,16:05,00-0040198,Ollie Gordon II,ollie gordon ii,MIA,MIN,RB,DEPTH RB,False,,,,,,,,2,17,8,0.2,0.7,0.1,8,18,3.74,5.43,0.0,3.5,1.0,40.79,61.59,62.3,50.0,1.0,0.6,1.03,1.0,1.0,Tough,0.927,0.88,0.88,1.0,1.049,0.88,0.88,0.979,-12.0,-12.0,0.0,4.9,-12.0,-12.0,-2.1,0.001940993788819876,0.0001552795031055901,0.0,17.356656923639022,0.8428662769455609,4.368171355498721,21.724828279137746,17.358597917427844,5.017880160759957,,,,,17.9,0.9,4.5,22.4,5.2,,,,,18.8,0.8,4.0,21.9,4.8,38.0,0.85,0.65,42.0,18.0,1.8,18.0,22.0,6.0
2026,4,,2026-10-04,13:00,00-0040208,Tahj Brooks,tahj brooks,CIN,JAC,RB,DEPTH RB,True,,,,,,,,2,12,8,0.2,0.7,0.1,8,17,0.62,0.98,0.0,0.55,0.567,50.4,55.38,62.3,50.0,1.0,0.6,1.03,1.0,1.0,Neutral,1.0,1.0,1.0,1.0,1.0,1.0,1.0,1.0,0.0,0.0,0.0,0.0,0.0,0.0,0.0,0.001940993788819876,0.0001552795031055901,0.0,6.138952569169962,0.23806935817805383,1.8843478260869568,8.02330039525692,6.140893562958781,1.2107875964615098,,,,,6.3,0.2,1.9,8.3,1.2,,,,,6.3,0.2,1.9,8.3,1.2,38.0,0.85,0.65,42.0,18.0,1.8,18.0,22.0,6.0
2026,4,,2026-10-04,13:00,00-0035726,Jakob Johnson,jakob johnson,HOU,DAL,RB,DEPTH RB,True,,,,,,,,0,3,8,0.2,0.7,0.1,8,18,0.0,0.0,0.0,0.0,0.0,100.0,65.0,62.2,50.0,1.0,0.6,1.0,1.0,1.0,Neutral,1.062,1.086,1.12,1.0,1.077,1.085,1.12,1.12,8.6,12.0,0.0,7.7,8.5,12.0,12.0,0.002426242236024845,0.0001940993788819876,0.0,4.122554347826088,0.19342003105590064,1.4179347826086959,5.540489130434784,4.124980590062113,0.960454192546584,,,,,4.1,0.2,1.4,5.5,1.0,,,,,4.4,0.2,1.6,6.2,1.1,38.0,0.85,0.65,42.0,18.0,1.8,18.0,22.0,6.0
2026,4,,2026-10-04,13:00,00-0038951,Sean Tucker,sean tucker,TB,GB,RB,DEPTH RB,True,,,,,,,,0,34,8,0.2,0.7,0.1,8,18,5.84,8.51,0.6,7.25,-0.571,40.69,60.79,62.0,50.0,1.0,0.6,0.97,1.0,1.0,Neutral,0.966,0.916,0.903,1.0,1.12,0.972,0.928,1.091,-8.4,-9.7,0.0,12.0,-2.8,-7.2,9.1,0.002426242236024845,0.0001940993788819876,0.0,20.62121744943037,0.6132061273125852,4.561651360148803,25.18286880957917,20.6236436916664,5.253569165808615,,,,,20.0,0.6,4.4,24.4,5.1,,,,,22.4,0.6,4.1,26.6,4.9,38.0,0.85,0.65,42.0,18.0,1.8,18.0,22.0,6.0
2026,4,,2026-10-04,16:25,00-0037617,Hassan Haskins,hassan haskins,LAC,SEA,RB,DEPTH RB,False,,,,,,,,0,23,8,0.2,0.7,0.1,8,18,1.11,1.21,0.0,2.5,-0.707,47.78,56.07,61.9,50.0,1.0,0.6,0.97,1.0,1.0,Tough,0.922,0.88,0.88,1.0,0.88,1.12,1.12,0.883,-12.0,-12.0,0.0,-12.0,12.0,12.0,-11.7,0.002426242236024845,0.0001940993788819876,0.0,9.398740118577077,0.4893686476566912,3.761808300395258,13.160548418972336,9.4011663608131,2.5648514257481656,,,,,9.1,0.5,3.6,12.8,2.5,,,,,8.0,0.6,4.0,11.3,2.3,38.0,0.85,0.65,42.0,18.0,1.8,18.0,22.0,6.0
2026,4,,2026-10-04,13:00,00-0036906,Khalil Herbert,khalil herbert,NYJ,CHI,RB,DEPTH RB,False,,,,,,,,0,16,8,0.2,0.7,0.1,8,18,2.94,4.62,0.3,3.12,-0.569,38.92,61.47,61.8,50.0,1.0,0.6,0.97,1.0,1.0,Neutral,1.028,1.015,1.022,1.0,1.105,0.88,0.987,1.076,1.5,2.2,0.0,10.5,-12.0,-1.3,7.6,0.002426242236024845,0.0001940993788819876,0.0,15.519429347826087,0.8309200310559005,3.114809782608696,18.634239130434782,15.521855590062113,3.113579192546584,,,,,15.1,0.8,3.0,18.1,3.0,,,,,16.7,0.7,3.0,19.5,3.1,38.0,0.85,0.65,42.0,18.0,1.8,18.0,22.0,6.0
2026,4,,2026-10-04,20:20,00-0039364,Sione Vaki,sione vaki,DET,CAR,RB,DEPTH RB,False,,,,,,,,3,17,8,0.2,0.7,0.1,8,18,1.74,1.88,0.0,2.85,1.0,48.11,55.56,61.8,50.0,1.0,0.6,1.03,1.0,1.0,Neutral,0.992,0.913,0.88,1.0,1.12,1.03,1.003,1.12,-8.7,-12.0,0.0,12.0,3.0,0.3,12.0,0.001940993788819876,0.0001552795031055901,0.0,7.138449640725857,0.4562066130800147,4.647092924126173,11.785542564852031,7.140390634514676,1.8051490683229818,,,,,7.4,0.5,4.8,12.1,1.9,,,,,8.3,0.5,4.8,13.6,1.9,38.0,0.85,0.65,42.0,18.0,1.8,18.0,22.0,6.0
2026,4,,2026-10-04,16:25,00-0040078,Brashard Smith,brashard smith,KC,LV,RB,DEPTH RB,False,,,,,,,,2,17,8,0.2,0.7,0.1,8,18,2.9,3.63,0.08,3.0,-0.164,44.39,57.2,61.5,50.0,1.0,0.6,0.98,1.0,1.0,Neutral,0.962,0.942,0.88,1.0,1.04,0.999,0.922,1.011,-5.8,-12.0,0.0,4.0,-0.1,-7.8,1.1,0.001940993788819876,0.0001552795031055901,0.0,10.071572890025577,1.3380343441724518,8.203570515162589,18.275143405188164,10.073513883814396,3.675642765801974,,,,,9.9,1.3,8.0,17.9,3.6,,,,,10.3,1.3,7.4,18.1,3.5,38.0,0.85,0.65,42.0,18.0,1.8,18.0,22.0,6.0
2026,4,,2026-10-04,16:25,00-0039325,Carson Steele,carson steele,KC,LV,RB,DEPTH RB,False,,,,,,,,0,13,8,0.2,0.7,0.1,8,18,1.86,1.56,0.75,2.32,1.0,54.36,60.11,61.4,50.0,1.0,0.6,1.03,1.0,1.0,Neutral,0.962,0.942,0.88,1.0,1.04,0.999,0.922,1.011,-5.8,-12.0,0.0,4.0,-0.1,-7.8,1.1,0.002426242236024845,0.0001940993788819876,0.0,15.007169732441474,0.7222661849020544,3.432357859531773,18.439527591973246,15.009595974677497,2.586896500238892,,,,,15.5,0.7,3.5,19.0,2.7,,,,,16.1,0.7,3.2,19.2,2.6,38.0,0.85,0.65,42.0,18.0,1.8,18.0,22.0,6.0
2026,4,,2026-10-04,16:05,00-0037276,Ty Chandler,ty chandler,MIN,MIA,RB,DEPTH RB,True,,,,,,,,0,17,8,0.2,0.7,0.1,8,18,1.68,2.35,0.0,1.12,1.0,41.76,58.4,61.3,50.0,1.0,0.6,1.03,1.0,1.0,Neutral,1.03,0.999,1.109,1.0,1.12,1.082,1.12,1.12,-0.1,10.9,0.0,12.0,8.2,12.0,12.0,0.002426242236024845,0.0001940993788819876,0.0,14.310054347826085,0.6208097369382536,3.627493606138107,17.937547953964195,14.312480590062112,2.6275497807818784,,,,,14.7,0.6,3.7,18.5,2.7,,,,,16.5,0.6,4.1,20.7,2.8,38.0,0.85,0.65,42.0,18.0,1.8,18.0,22.0,6.0
2026,4,,2026-10-04,13:00,00-0037563,Malik Davis,malik davis,DAL,HOU,RB,DEPTH RB,False,,,,,,,,0,10,8,0.2,0.7,0.1,8,18,5.72,4.66,1.65,10.4,0.774,55.09,68.36,61.1,50.0,1.0,0.6,1.03,1.0,1.0,Neutral,0.935,0.943,0.88,1.0,0.88,0.915,0.919,0.88,-5.7,-12.0,0.0,-12.0,-8.5,-8.1,-12.0,0.002426242236024845,0.0001940993788819876,0.0,30.73922101449275,0.41008669772256734,3.151268115942029,33.89048913043478,30.741647256728776,5.212120859213251,,,,,31.7,0.4,3.2,34.9,5.4,,,,,27.9,0.4,2.9,30.7,5.0,38.0,0.85,0.65,42.0,18.0,1.8,18.0,22.0,6.0
2026,4,,2026-10-04,13:00,00-0039875,Ray Davis,ray davis,BUF,NE,RB,DEPTH RB,True,,,,,,,,2,34,8,0.2,0.7,0.1,8,18,5.46,8.56,0.22,5.6,1.0,38.97,58.78,60.8,50.0,1.0,0.6,1.03,1.0,1.0,Tough,0.908,0.89,0.888,1.0,0.891,1.057,1.045,0.929,-11.0,-11.2,0.0,-10.9,5.7,4.5,-7.1,0.001940993788819876,0.0001552795031055901,0.0,18.17481964327233,0.6959124954329559,6.4990537084399,24.67387335171223,18.17676063706115,4.411762895672104,,,,,18.7,0.7,6.7,25.4,4.5,,,,,16.7,0.7,7.0,23.6,4.1,38.0,0.85,0.65,42.0,18.0,1.8,18.0,22.0,6.0
2026,4,,2026-10-04,13:00,00-0039798,Isaiah Davis,isaiah davis,NYJ,CHI,RB,DEPTH RB,False,,,,,,,,2,29,8,0.2,0.7,0.1,8,18,3.63,4.83,0.0,4.75,-0.883,42.89,56.45,60.8,50.0,1.0,0.6,0.97,1.0,1.0,Neutral,1.028,1.015,1.022,1.0,1.105,0.88,0.987,1.076,1.5,2.2,0.0,10.5,-12.0,-1.3,7.6,0.001940993788819876,0.0001552795031055901,0.0,13.9638070250589,0.94242075390876,8.100111372884987,22.063918397943887,13.96574801884772,3.806392910687514,,,,,13.5,0.9,7.9,21.4,3.7,,,,,14.9,0.8,7.8,23.0,3.8,38.0,0.85,0.65,42.0,18.0,1.8,18.0,22.0,6.0
2026,4,,2026-10-04,16:05,00-0036425,DeeJay Dallas,deejay dallas,MIN,MIA,RB,DEPTH RB,True,,,,,,,,3,21,8,0.2,0.7,0.1,8,18,0.93,1.14,0.0,1.35,0.733,46.73,53.88,60.7,50.0,1.0,0.6,1.03,1.0,1.0,Neutral,1.03,0.999,1.109,1.0,1.12,1.082,1.12,1.12,-0.1,10.9,0.0,12.0,8.2,12.0,12.0,0.001940993788819876,0.0001552795031055901,0.0,6.805186335403728,0.3766407867494825,2.407681159420291,9.21286749482402,6.807127329192548,1.8083157349896484,,,,,7.0,0.4,2.5,9.5,1.9,,,,,7.8,0.4,2.8,10.6,2.0,38.0,0.85,0.65,42.0,18.0,1.8,18.0,22.0,6.0
2026,4,,2026-10-04,16:25,00-0038040,Zamir White,zamir white,LV,KC,RB,DEPTH RB,True,,,,,,,,0,13,8,0.2,0.7,0.1,8,18,2.1,1.94,0.65,3.3,0.1,51.98,59.55,60.6,50.0,1.0,0.6,1.012,1.0,1.0,Tough,0.886,0.881,0.88,1.0,0.883,0.898,0.926,0.894,-11.9,-12.0,0.0,-11.7,-10.2,-7.4,-10.6,0.002426242236024845,0.0001940993788819876,0.0,15.901400501672242,0.8039969541328237,4.961204013377927,20.86260451505017,15.903826743908269,3.3243965002388913,,,,,16.1,0.8,5.0,21.1,3.4,,,,,14.2,0.7,4.6,18.9,3.0,38.0,0.85,0.65,42.0,18.0,1.8,18.0,22.0,6.0
2026,4,,2026-10-04,20:20,00-0037429,Raheem Blackshear,raheem blackshear,CAR,DET,RB,DEPTH RB,True,,,,,,,,0,16,8,0.2,0.7,0.1,8,18,1.36,1.73,0.0,1.48,1.0,43.94,55.3,60.6,50.0,1.0,0.6,1.03,1.0,1.0,Neutral,1.069,1.095,1.12,1.0,0.971,0.903,0.88,0.932,9.5,12.0,0.0,-2.9,-9.7,-12.0,-6.8,0.002426242236024845,0.0001940993788819876,0.0,10.228804347826088,0.19342003105590064,1.4179347826086959,11.646739130434783,10.231230590062113,1.5710791925465841,,,,,10.5,0.2,1.5,12.0,1.6,,,,,10.2,0.2,1.3,11.2,1.7,38.0,0.85,0.65,42.0,18.0,1.8,18.0,22.0,6.0
2026,4,,2026-10-04,13:00,00-0038396,Eric Gray,eric gray,NYG,ARI,RB,DEPTH RB,True,,,,,,,,0,15,8,0.2,0.7,0.1,8,18,0.9,0.98,0.0,1.48,0.2,50.43,54.18,60.5,50.0,1.0,0.6,1.024,1.0,1.0,Neutral,1.066,1.05,1.12,1.0,1.12,0.888,1.02,1.12,5.0,12.0,0.0,12.0,-11.2,2.0,12.0,0.002426242236024845,0.0001940993788819876,0.0,5.741601966873707,0.776753364389234,5.611982401656316,11.353584368530024,5.744028209109732,2.0298589544513463,,,,,5.9,0.8,5.7,11.6,2.1,,,,,6.6,0.7,5.8,13.0,2.2,38.0,0.85,0.65,42.0,18.0,1.8,18.0,22.0,6.0
2026,4,,2026-10-04,16:25,00-0038636,Kenny McIntosh,kenny mcintosh,SEA,LAC,RB,DEPTH RB,True,,,,,,,,0,11,8,0.2,0.7,0.1,8,18,3.09,2.35,0.0,4.67,0.811,56.73,62.26,60.3,50.0,1.0,0.6,1.03,1.0,1.0,Tough,0.919,0.901,0.88,1.0,0.974,0.88,0.88,0.944,-9.9,-12.0,0.0,-2.6,-12.0,-12.0,-5.6,0.002426242236024845,0.0001940993788819876,0.0,20.92028162055336,0.4661473037831733,3.52248023715415,24.44276185770751,20.922707862789387,3.123408738001129,,,,,21.5,0.5,3.6,25.2,3.2,,,,,20.9,0.4,3.2,23.8,2.9,38.0,0.85,0.65,42.0,18.0,1.8,18.0,22.0,6.0
2026,4,,2026-10-04,16:05,00-0038440,Zavier Scott,zavier scott,MIN,MIA,RB,DEPTH RB,True,,,,,,,,0,11,8,0.2,0.7,0.1,8,18,2.07,1.39,1.2,3.02,-0.197,59.75,59.95,60.2,50.0,1.0,0.6,0.976,1.0,1.0,Neutral,1.03,0.999,1.109,1.0,1.12,1.082,1.12,1.12,-0.1,10.9,0.0,12.0,8.2,12.0,12.0,0.002426242236024845,0.0001940993788819876,0.0,12.318008893280636,1.157056394692264,7.8088438735177865,20.12685276679842,12.320435135516659,3.5781814652738566,,,,,12.0,1.1,7.6,19.7,3.5,,,,,13.4,1.2,8.5,22.1,3.6,38.0,0.85,0.65,42.0,18.0,1.8,18.0,22.0,6.0
2026,4,,2026-10-04,13:00,00-0036187,Reggie Gilliam,reggie gilliam,NE,BUF,RB,DEPTH RB,False,,,,,,,,1,18,8,0.2,0.7,0.1,8,18,0.94,1.31,0.0,1.25,1.0,43.38,52.48,59.3,50.0,1.0,0.6,1.03,1.0,1.0,Neutral,0.946,0.88,0.88,1.0,1.12,0.96,0.91,1.069,-12.0,-12.0,0.0,12.0,-4.0,-9.0,6.9,0.001940993788819876,0.0001552795031055901,0.0,3.7522918442739424,0.4560432143872042,3.2480733162830355,7.000365160556978,3.7542328380627623,1.326467929200666,,,,,3.9,0.5,3.3,7.2,1.4,,,,,4.4,0.5,3.0,7.7,1.3,38.0,0.85,0.65,42.0,18.0,1.8,18.0,22.0,6.0
2026,4,,2026-10-04,16:25,00-0038488,Brady Russell,brady russell,SEA,LAC,RB,DEPTH RB,True,,,,,,,,2,18,8,0.2,0.7,0.1,8,16,1.19,1.68,0.0,0.75,1.0,41.51,51.49,58.5,50.0,1.0,0.6,1.03,1.0,1.0,Tough,0.919,0.901,0.88,1.0,0.974,0.88,0.88,0.944,-9.9,-12.0,0.0,-2.6,-12.0,-12.0,-5.6,0.001940993788819876,0.0001552795031055901,0.0,3.2980434782608703,0.4118788819875777,5.134347826086958,8.43239130434783,3.2999844720496903,1.4255062111801247,,,,,3.4,0.4,5.3,8.7,1.5,,,,,3.3,0.4,4.7,8.2,1.4,38.0,0.85,0.65,42.0,18.0,1.8,18.0,22.0,6.0
2026,4,,2026-10-04,16:25,00-0038489,Ben VanSumeren,ben vansumeren,KC,LV,RB,DEPTH RB,False,,,,,,,,2,3,8,0.2,0.7,0.1,8,18,0.15,0.36,0.0,0.0,0.333,73.8,58.71,58.2,50.0,1.0,0.6,1.03,1.0,1.0,Neutral,0.962,0.942,0.88,1.0,1.04,0.999,0.922,1.011,-5.8,-12.0,0.0,4.0,-0.1,-7.8,1.1,0.001940993788819876,0.0001552795031055901,0.0,3.2980434782608703,0.48806935817805386,1.1343478260869568,4.432391304347828,3.2999844720496903,1.1016966873706007,,,,,3.4,0.5,1.2,4.6,1.1,,,,,3.5,0.5,1.1,4.7,1.1,38.0,0.85,0.65,42.0,18.0,1.8,18.0,22.0,6.0
2026,4,,2026-10-04,13:00,00-0038622,Deuce Vaughn,deuce vaughn,DAL,HOU,RB,DEPTH RB,False,,,,,,,,0,5,8,0.2,0.7,0.1,8,18,2.36,0.92,1.88,2.7,0.642,71.95,65.32,57.9,50.0,1.0,0.6,1.03,1.0,1.0,Neutral,0.935,0.943,0.88,1.0,0.88,0.915,0.919,0.88,-5.7,-12.0,0.0,-12.0,-8.5,-8.1,-12.0,0.002426242236024845,0.0001940993788819876,0.0,18.922554347826086,0.7184200310559006,4.492934782608696,23.415489130434782,18.924980590062113,3.272954192546584,,,,,19.5,0.7,4.6,24.1,3.4,,,,,17.2,0.6,4.2,21.2,3.2,38.0,0.85,0.65,42.0,18.0,1.8,18.0,22.0,6.0
2026,4,,2026-10-04,13:00,00-0039796,Rasheen Ali,rasheen ali,BAL,TEN,RB,DEPTH RB,True,,,,,,,,3,20,8,0.2,0.7,0.1,8,18,1.76,3.16,0.0,2.92,-1.0,35.79,50.96,56.8,50.0,1.0,0.6,0.97,1.0,1.0,Neutral,1.014,1.025,0.932,1.0,1.033,0.88,0.891,0.998,2.5,-6.8,0.0,3.3,-12.0,-10.9,-0.2,0.001940993788819876,0.0001552795031055901,0.0,4.903306636155608,0.5636833932657731,4.152242562929063,9.055549199084671,4.905247629944427,1.911205459300425,,,,,4.8,0.5,4.0,8.8,1.9,,,,,5.0,0.4,3.6,8.8,1.9,38.0,0.85,0.65,42.0,18.0,1.8,18.0,22.0,6.0
2026,4,,2026-10-04,13:00,00-0039021,Roschon Johnson,roschon johnson,CHI,NYJ,RB,DEPTH RB,True,,,,,,,,1,19,8,0.2,0.7,0.1,8,18,0.74,1.76,0.0,0.72,0.167,36.27,50.43,56.7,50.0,1.0,0.6,1.02,1.0,1.0,Neutral,0.981,0.939,1.12,1.0,1.112,0.906,1.12,1.12,-6.1,12.0,0.0,11.2,-9.4,12.0,12.0,0.001940993788819876,0.0001552795031055901,0.0,8.245411899313504,0.6617535687043696,4.153646071700993,12.399057971014495,8.247352893102324,3.0825738803530567,,,,,8.4,0.7,4.2,12.6,3.1,,,,,9.3,0.6,4.7,14.1,3.0,38.0,0.85,0.65,42.0,18.0,1.8,18.0,22.0,6.0
2026,4,,2026-10-04,13:00,00-0037557,Ronnie Rivers,ronnie rivers,LAR,PHI,RB,DEPTH RB,False,,,,,,,,1,12,8,0.2,0.7,0.1,8,18,1.97,3.25,0.0,3.57,-0.049,37.75,55.12,56.5,50.0,1.0,0.6,0.994,1.0,1.0,Neutral,0.952,0.891,0.88,1.0,1.075,0.88,1.049,1.069,-10.9,-12.0,0.0,7.5,-12.0,4.9,6.9,0.001940993788819876,0.0001552795031055901,0.0,14.990467720685116,0.6168572369659328,4.040408432147562,19.03087615283268,14.992408714473935,2.6903330510069643,,,,,14.9,0.6,4.0,18.9,2.7,,,,,16.0,0.5,4.2,20.2,2.6,38.0,0.85,0.65,42.0,18.0,1.8,18.0,22.0,6.0
2026,4,,2026-10-04,16:25,00-0037258,Dameon Pierce,dameon pierce,KC,LV,RB,DEPTH RB,False,,,,,,,,0,15,8,0.2,0.7,0.1,8,18,3.07,6.96,0.3,1.5,-0.962,30.59,55.98,56.3,50.0,1.0,0.6,0.97,1.0,1.0,Neutral,0.962,0.942,0.88,1.0,1.04,0.999,0.922,1.011,-5.8,-12.0,0.0,4.0,-0.1,-7.8,1.1,0.002426242236024845,0.0001940993788819876,0.0,23.07850672877847,0.2850866977225673,1.5096014492753624,24.588108178053833,23.080932971014498,3.57116847826087,,,,,22.4,0.3,1.5,23.9,3.5,,,,,23.3,0.3,1.4,24.2,3.4,38.0,0.85,0.65,42.0,18.0,1.8,18.0,22.0,6.0
2026,4,,2026-10-04,13:00,00-0038678,Jordan Mims,jordan mims,TEN,BAL,RB,DEPTH RB,False,,,,,,,,0,9,8,0.2,0.7,0.1,8,18,3.25,2.93,0.22,4.97,0.827,52.58,60.8,56.2,50.0,1.0,0.6,1.03,1.0,1.0,Neutral,1.005,1.085,0.88,1.0,0.917,1.12,1.12,0.982,8.5,-12.0,0.0,-8.3,12.0,12.0,-1.8,0.002426242236024845,0.0001940993788819876,0.0,10.96977657004831,1.5059200310559004,8.529045893719807,19.498822463768118,10.972202812284333,3.668787525879918,,,,,11.3,1.6,8.8,20.1,3.8,,,,,10.4,1.8,9.9,19.7,3.8,38.0,0.85,0.65,42.0,18.0,1.8,18.0,22.0,6.0
2026,4,,2026-10-04,16:25,00-0035973,Patrick Taylor,patrick taylor,SF,DEN,RB,DEPTH RB,True,,,,,,,,0,7,8,0.2,0.7,0.1,8,18,4.73,4.77,0.0,4.97,1.0,49.82,66.5,55.3,50.0,1.0,0.6,1.03,1.0,1.0,Neutral,0.982,0.963,0.88,1.0,0.932,0.88,0.893,0.922,-3.7,-12.0,0.0,-6.8,-12.0,-10.7,-7.8,0.002426242236024845,0.0001940993788819876,0.0,33.85469720496894,0.6398486024844722,5.007220496894409,38.86191770186336,33.85712344720497,5.5961684782608705,,,,,34.9,0.7,5.2,40.0,5.8,,,,,32.5,0.6,4.6,36.9,5.7,38.0,0.85,0.65,42.0,18.0,1.8,18.0,22.0,6.0
2026,4,,2026-10-04,13:00,00-0035664,Darrell Henderson,darrell henderson,LAR,PHI,RB,ROTATION RB,False,,,,,,,,0,0,8,0.2,0.7,0.1,8,11,8.7,4.28,5.38,11.85,0.211,67.0,77.15,55.1,50.0,1.0,0.602,1.025,1.0,1.0,Neutral,0.952,0.891,0.88,1.0,1.075,0.88,1.049,1.069,-10.9,-12.0,0.0,7.5,-12.0,4.9,6.9,0.019409937888198756,0.0015527950310559005,0.0,32.9804347826087,1.5473602484472049,11.343478260869565,44.323913043478264,32.999844720496895,7.683633540372671,,,,,33.8,1.6,11.6,45.4,7.9,,,,,36.3,1.4,12.2,48.5,7.5,38.0,0.85,0.65,42.0,18.0,1.8,18.0,22.0,6.0
2026,4,,2026-10-04,13:00,00-0036842,Kene Nwangwu,kene nwangwu,NYJ,CHI,RB,DEPTH RB,False,,,,,,,,0,12,8,0.2,0.7,0.1,8,18,1.35,1.86,0.0,2.12,1.0,42.04,54.72,54.9,50.0,1.0,0.6,1.03,1.0,1.0,Neutral,1.028,1.015,1.022,1.0,1.105,0.88,0.987,1.076,1.5,2.2,0.0,10.5,-12.0,-1.3,7.6,0.002426242236024845,0.0001940993788819876,0.0,9.050584650856392,0.19342003105590064,1.4179347826086959,10.468519433465087,9.053010893092415,2.1237117683041595,,,,,9.3,0.2,1.5,10.8,2.2,,,,,10.3,0.2,1.5,11.6,2.3,38.0,0.85,0.65,42.0,18.0,1.8,18.0,22.0,6.0
2026,4,,2026-10-04,16:25,00-0036755,Jaret Patterson,jaret patterson,LAC,SEA,RB,DEPTH RB,False,,,,,,,,0,6,8,0.2,0.7,0.1,8,18,4.41,4.03,0.1,6.97,1.0,52.25,66.72,54.8,50.0,1.0,0.6,1.03,1.0,1.0,Tough,0.922,0.88,0.88,1.0,0.88,1.12,1.12,0.883,-12.0,-12.0,0.0,-12.0,12.0,12.0,-11.7,0.002426242236024845,0.0001940993788819876,0.0,26.297554347826082,0.8184200310559007,3.084601449275363,29.38215579710145,26.29998059006211,4.91962085921325,,,,,27.1,0.8,3.2,30.3,5.1,,,,,23.8,0.9,3.6,26.8,4.7,38.0,0.85,0.65,42.0,18.0,1.8,18.0,22.0,6.0
2026,4,,2026-10-04,13:00,00-0040556,Corey Kiner,corey kiner,NE,BUF,RB,DEPTH RB,False,,,,,,,,3,4,7,0.2,0.7,0.1,7,18,2.06,1.78,0.65,3.45,-0.415,46.9,56.33,54.3,50.0,1.0,0.6,0.97,1.0,1.0,Neutral,0.946,0.88,0.88,1.0,1.12,0.96,0.91,1.069,-12.0,-12.0,0.0,12.0,-4.0,-9.0,6.9,0.001940993788819876,0.0001552795031055901,0.0,14.981376811594204,0.7499741200828158,5.741490683229814,20.722867494824023,14.983317805383024,2.9926490683229816,,,,,14.5,0.7,5.6,20.1,2.9,,,,,16.2,0.7,5.1,21.5,2.7,38.0,0.85,0.65,42.0,18.0,1.8,18.0,22.0,6.0
2026,4,,2026-10-04,20:20,00-0035567,Craig Reynolds,craig reynolds,DET,CAR,RB,DEPTH RB,False,,,,,,,,0,13,8,0.2,0.7,0.1,8,18,1.43,2.59,0.0,3.45,-1.0,35.61,53.37,54.0,50.0,1.0,0.6,0.97,1.0,1.0,Neutral,0.992,0.913,0.88,1.0,1.12,1.03,1.003,1.12,-8.7,-12.0,0.0,12.0,3.0,0.3,12.0,0.002426242236024845,0.0001940993788819876,0.0,12.737938963210704,0.39053541567128525,4.086204013377927,16.824142976588632,12.74036520544673,2.2859349617773534,,,,,12.4,0.4,4.0,16.3,2.2,,,,,13.9,0.4,4.0,18.3,2.2,38.0,0.85,0.65,42.0,18.0,1.8,18.0,22.0,6.0
2026,4,,2026-10-04,13:00,00-0035806,JaMycal Hasty,jamycal hasty,NE,BUF,RB,DEPTH RB,False,,,,,,,,0,12,8,0.2,0.7,0.1,8,18,2.6,4.31,0.15,3.42,-0.186,37.63,54.13,53.6,50.0,1.0,0.6,0.978,1.0,1.0,Neutral,0.946,0.88,0.88,1.0,1.12,0.96,0.91,1.069,-12.0,-12.0,0.0,12.0,-4.0,-9.0,6.9,0.002426242236024845,0.0001940993788819876,0.0,9.190736166007907,0.9509957886316581,5.529677206851121,14.720413372859028,9.193162408243932,3.0564769198193114,,,,,9.0,0.9,5.4,14.4,3.0,,,,,10.1,0.9,4.9,15.4,2.8,38.0,0.85,0.65,42.0,18.0,1.8,18.0,22.0,6.0
2026,4,,2026-10-04,13:00,00-0033893,Dalvin Cook,dalvin cook,DAL,HOU,RB,DEPTH RB,False,,,,,,,,0,2,8,0.2,0.7,0.1,8,18,2.34,1.1,1.68,3.3,-0.368,68.1,66.08,53.5,50.0,1.0,0.6,0.97,1.0,1.0,Neutral,0.935,0.943,0.88,1.0,0.88,0.915,0.919,0.88,-5.7,-12.0,0.0,-12.0,-8.5,-8.1,-12.0,0.002426242236024845,0.0001940993788819876,0.0,12.122554347826087,0.4434200310559006,3.917934782608696,16.040489130434786,12.124980590062112,2.260454192546584,,,,,11.8,0.4,3.8,15.6,2.2,,,,,10.4,0.4,3.5,13.7,2.1,38.0,0.85,0.65,42.0,18.0,1.8,18.0,22.0,6.0
2026,4,,2026-10-04,13:00,00-0028063,Taiwan Jones,taiwan jones,BUF,NE,RB,DEPTH RB,True,,,,,,,,0,0,7,0.2,0.7,0.1,7,18,0.0,0.0,0.0,0.0,0.0,87.5,60.0,53.4,50.0,1.0,0.602,1.0,1.0,1.0,Tough,0.908,0.89,0.888,1.0,0.891,1.057,1.045,0.929,-11.0,-11.2,0.0,-10.9,5.7,4.5,-7.1,0.019409937888198756,0.0015527950310559005,0.0,32.9804347826087,1.5473602484472049,11.343478260869565,44.323913043478264,32.999844720496895,7.683633540372671,,,,,33.0,1.5,11.3,44.3,7.7,,,,,29.4,1.6,11.8,41.2,7.0,38.0,0.85,0.65,42.0,18.0,1.8,18.0,22.0,6.0
2026,4,,2026-10-04,20:20,00-0034208,Mike Boone,mike boone,CAR,DET,RB,DEPTH RB,True,,,,,,,,0,5,8,0.2,0.7,0.1,8,18,1.33,0.89,0.6,1.77,0.056,59.93,60.17,52.8,50.0,1.0,0.6,1.007,1.0,1.0,Neutral,1.069,1.095,1.12,1.0,0.971,0.903,0.88,0.932,9.5,12.0,0.0,-2.9,-9.7,-12.0,-6.8,0.002426242236024845,0.0001940993788819876,0.0,13.760054347826088,0.4434200310559006,0.917934782608696,14.677989130434785,13.762480590062113,2.1242041925465838,,,,,13.9,0.4,0.9,14.8,2.1,,,,,13.5,0.4,0.8,13.8,2.2,38.0,0.85,0.65,42.0,18.0,1.8,18.0,22.0,6.0
2026,4,,2026-10-04,16:05,00-0034115,Jeff Wilson,jeff wilson,MIA,MIN,RB,DEPTH RB,False,,,,,,,,0,7,8,0.2,0.7,0.1,8,18,1.5,1.38,1.02,2.75,-0.806,52.1,58.35,52.6,50.0,1.0,0.6,0.97,1.0,1.0,Tough,0.927,0.88,0.88,1.0,1.049,0.88,0.88,0.979,-12.0,-12.0,0.0,4.9,-12.0,-12.0,-2.1,0.002426242236024845,0.0001940993788819876,0.0,9.783268633540374,0.49699145962732916,3.364363354037268,13.147631987577643,9.785694875776398,2.024739906832298,,,,,9.5,0.5,3.3,12.8,2.0,,,,,10.0,0.4,2.9,12.5,1.9,38.0,0.85,0.65,42.0,18.0,1.8,18.0,22.0,6.0
2026,4,,2026-10-04,16:25,00-0036360,Clyde Edwards-Helaire,clyde edwards helaire,KC,LV,RB,DEPTH RB,False,,,,,,,,0,4,8,0.2,0.7,0.1,8,18,5.55,5.1,3.28,8.05,-0.378,52.12,66.74,52.2,50.0,1.0,0.6,0.97,1.0,1.0,Neutral,0.962,0.942,0.88,1.0,1.04,0.999,0.922,1.011,-5.8,-12.0,0.0,4.0,-0.1,-7.8,1.1,0.002426242236024845,0.0001940993788819876,0.0,15.247554347826085,1.2559200310559004,8.105434782608697,23.352989130434786,15.249980590062112,3.8042041925465844,,,,,14.8,1.2,7.9,22.7,3.7,,,,,15.4,1.2,7.3,22.9,3.6,38.0,0.85,0.65,42.0,18.0,1.8,18.0,22.0,6.0
2026,4,,2026-10-04,13:00,00-0032144,Melvin Gordon,melvin gordon,BAL,TEN,RB,DEPTH RB,True,,,,,,,,0,0,8,0.2,0.7,0.1,8,18,7.16,4.32,6.6,11.25,-0.6,62.35,72.15,51.9,50.0,1.0,0.602,0.97,1.0,1.0,Neutral,1.014,1.025,0.932,1.0,1.033,0.88,0.891,0.998,2.5,-6.8,0.0,3.3,-12.0,-10.9,-0.2,0.019409937888198756,0.0015527950310559005,0.0,32.9804347826087,1.5473602484472049,11.343478260869565,44.323913043478264,32.999844720496895,7.683633540372671,,,,,32.0,1.5,11.0,43.0,7.5,,,,,33.1,1.3,9.8,42.9,7.6,38.0,0.85,0.65,42.0,18.0,1.8,18.0,22.0,6.0
2026,4,,2026-10-04,13:00,00-0039603,British Brooks,british brooks,HOU,DAL,RB,DEPTH RB,True,,,,,,,,1,10,8,0.2,0.7,0.1,8,18,1.03,2.33,0.0,0.0,1.0,30.64,51.68,50.8,50.0,1.0,0.6,1.03,1.0,1.0,Neutral,1.062,1.086,1.12,1.0,1.077,1.085,1.12,1.12,8.6,12.0,0.0,7.7,8.5,12.0,12.0,0.001940993788819876,0.0001552795031055901,0.0,10.491376811594206,0.15473602484472052,1.1343478260869568,11.625724637681161,10.493317805383025,1.4876966873706008,,,,,10.8,0.2,1.2,12.0,1.5,,,,,11.6,0.2,1.3,13.4,1.6,38.0,0.85,0.65,42.0,18.0,1.8,18.0,22.0,6.0
2026,4,,2026-10-04,09:30,00-0032602,J.D. McKissic,jd mckissic,WAS,IND,RB,DEPTH RB,True,,,,,,,,0,0,8,0.2,0.7,0.1,8,8,6.15,3.99,4.25,9.02,-0.729,60.67,68.01,49.9,50.0,1.0,0.602,0.97,1.0,1.0,Favorable,1.093,1.12,0.903,1.0,1.012,0.929,0.967,1.001,12.0,-9.7,0.0,1.2,-7.1,-3.3,0.1,0.019409937888198756,0.0015527950310559005,0.0,32.9804347826087,1.5473602484472049,11.343478260869565,44.323913043478264,32.999844720496895,7.683633540372671,,,,,32.0,1.5,11.0,43.0,7.5,,,,,32.4,1.4,10.6,43.0,8.2,38.0,0.85,0.65,42.0,18.0,1.8,18.0,22.0,6.0
2026,4,,2026-10-04,13:00,00-0039757,Terrell Jennings,terrell jennings,NE,BUF,RB,DEPTH RB,False,,,,,,,,0,8,8,0.2,0.7,0.1,8,18,2.21,3.67,0.38,1.85,-0.966,37.63,56.81,49.6,50.0,1.0,0.6,0.97,1.0,1.0,Neutral,0.946,0.88,0.88,1.0,1.12,0.96,0.91,1.069,-12.0,-12.0,0.0,12.0,-4.0,-9.0,6.9,0.002426242236024845,0.0001940993788819876,0.0,14.310054347826085,0.3094914596273292,2.462577639751553,16.77263198757764,14.312480590062112,2.8961684782608703,,,,,13.9,0.3,2.4,16.3,2.8,,,,,15.6,0.3,2.2,17.4,2.6,38.0,0.85,0.65,42.0,18.0,1.8,18.0,22.0,6.0
2026,4,,2026-10-04,13:00,00-0033856,Leonard Fournette,leonard fournette,BUF,NE,RB,ROTATION RB,True,,,,,,,,0,0,8,0.2,0.7,0.1,8,18,8.09,7.61,2.0,12.07,-0.881,51.53,72.46,49.4,50.0,1.0,0.602,0.97,1.0,1.0,Tough,0.908,0.89,0.888,1.0,0.891,1.057,1.045,0.929,-11.0,-11.2,0.0,-10.9,5.7,4.5,-7.1,0.019409937888198756,0.0015527950310559005,0.0,32.9804347826087,1.5473602484472049,11.343478260869565,44.323913043478264,32.999844720496895,7.683633540372671,,,,,32.0,1.5,11.0,43.0,7.5,,,,,28.5,1.6,11.5,39.9,6.8,38.0,0.85,0.65,42.0,18.0,1.8,18.0,22.0,6.0
2026,4,,2026-10-04,13:00,00-0030288,Rex Burkhead,rex burkhead,HOU,DAL,RB,DEPTH RB,True,,,,,,,,0,0,8,0.2,0.7,0.1,8,18,2.65,1.32,1.43,3.78,0.219,66.76,61.99,49.0,50.0,1.0,0.602,1.026,1.0,1.0,Neutral,1.062,1.086,1.12,1.0,1.077,1.085,1.12,1.12,8.6,12.0,0.0,7.7,8.5,12.0,12.0,0.019409937888198756,0.0015527950310559005,0.0,32.9804347826087,1.5473602484472049,11.343478260869565,44.323913043478264,32.999844720496895,7.683633540372671,,,,,33.8,1.6,11.6,45.5,7.9,,,,,36.4,1.7,13.0,51.0,8.4,38.0,0.85,0.65,42.0,18.0,1.8,18.0,22.0,6.0
2026,4,,2026-10-04,16:25,00-0038045,Isaiah Spiller,isaiah spiller,LAC,SEA,RB,DEPTH RB,False,,,,,,,,0,0,8,0.2,0.7,0.1,8,17,2.44,1.55,1.3,3.35,1.0,61.16,64.93,48.8,50.0,1.0,0.602,1.03,1.0,1.0,Tough,0.922,0.88,0.88,1.0,0.88,1.12,1.12,0.883,-12.0,-12.0,0.0,-12.0,12.0,12.0,-11.7,0.019409937888198756,0.0015527950310559005,0.0,32.9804347826087,1.5473602484472049,11.343478260869565,44.323913043478264,32.999844720496895,7.683633540372671,,,,,34.0,1.6,11.7,45.7,7.9,,,,,29.9,1.8,13.1,40.4,7.3,38.0,0.85,0.65,42.0,18.0,1.8,18.0,22.0,6.0
2026,4,,2026-10-04,16:25,00-0031376,Jerick McKinnon,jerick mckinnon,KC,LV,RB,DEPTH RB,False,,,,,,,,0,0,8,0.2,0.7,0.1,8,18,8.29,5.15,4.25,10.97,0.926,61.69,64.14,48.6,50.0,1.0,0.602,1.03,1.0,1.0,Neutral,0.962,0.942,0.88,1.0,1.04,0.999,0.922,1.011,-5.8,-12.0,0.0,4.0,-0.1,-7.8,1.1,0.019409937888198756,0.0015527950310559005,0.0,32.9804347826087,1.5473602484472049,11.343478260869565,44.323913043478264,32.999844720496895,7.683633540372671,,,,,34.0,1.6,11.7,45.7,7.9,,,,,35.4,1.6,10.8,46.2,7.6,38.0,0.85,0.65,42.0,18.0,1.8,18.0,22.0,6.0
2026,4,,2026-10-04,13:00,00-0041027,Jeremiyah Love,jeremiyah love,ARI,NYG,RB,FEATURE RB,False,,,,,,,,3,0,3,0.2,0.7,0.1,3,3,15.4,6.48,10.25,17.45,0.685,26.39,66.26,48.1,50.0,1.0,1.002,1.03,1.0,1.0,Neutral,1.012,0.991,1.009,1.0,1.12,1.009,0.978,1.12,-0.9,0.9,0.0,12.0,0.9,-2.2,12.0,0.006469979296066251,0.0005175983436853001,0.0,51.21570048309179,3.0237232574189092,14.511318150448583,65.72701863354037,51.22217046238785,12.831052449965494,,,,,52.8,3.1,14.9,67.7,13.2,,,,,59.1,3.1,14.6,75.8,13.4,38.0,0.85,0.65,42.0,20.68,1.8,18.0,25.77,6.0
2026,4,,2026-10-04,13:00,00-0037456,Troy Hairston,troy hairston,HOU,DAL,RB,DEPTH RB,True,,,,,,,,0,2,8,0.2,0.7,0.1,8,18,0.34,0.62,0.0,0.25,-0.9,61.77,56.29,48.0,50.0,1.0,0.6,0.97,1.0,1.0,Neutral,1.062,1.086,1.12,1.0,1.077,1.085,1.12,1.12,8.6,12.0,0.0,7.7,8.5,12.0,12.0,0.002426242236024845,0.0001940993788819876,0.0,4.122554347826088,0.19342003105590064,1.4179347826086959,5.540489130434784,4.124980590062113,0.960454192546584,,,,,4.0,0.2,1.4,5.4,0.9,,,,,4.3,0.2,1.6,6.0,1.0,38.0,0.85,0.65,42.0,18.0,1.8,18.0,22.0,6.0
2026,4,,2026-10-04,16:05,00-0036020,Salvon Ahmed,salvon ahmed,MIA,MIN,RB,DEPTH RB,False,,,,,,,,0,0,8,0.2,0.7,0.1,8,18,6.02,4.46,1.25,8.35,0.01,57.46,64.8,47.8,50.0,1.0,0.602,1.001,1.0,1.0,Tough,0.927,0.88,0.88,1.0,1.049,0.88,0.88,0.979,-12.0,-12.0,0.0,4.9,-12.0,-12.0,-2.1,0.019409937888198756,0.0015527950310559005,0.0,32.9804347826087,1.5473602484472049,11.343478260869565,44.323913043478264,32.999844720496895,7.683633540372671,,,,,33.0,1.5,11.4,44.4,7.7,,,,,34.6,1.3,10.0,43.5,7.1,38.0,0.85,0.65,42.0,18.0,1.8,18.0,22.0,6.0
2026,4,,2026-10-04,20:20,00-0034440,Justin Jackson,justin jackson,DET,CAR,RB,DEPTH RB,False,,,,,,,,0,0,8,0.2,0.7,0.1,8,18,4.36,3.22,2.75,6.15,-0.656,57.51,63.5,47.3,50.0,1.0,0.602,0.97,1.0,1.0,Neutral,0.992,0.913,0.88,1.0,1.12,1.03,1.003,1.12,-8.7,-12.0,0.0,12.0,3.0,0.3,12.0,0.019409937888198756,0.0015527950310559005,0.0,32.9804347826087,1.5473602484472049,11.343478260869565,44.323913043478264,32.999844720496895,7.683633540372671,,,,,32.0,1.5,11.0,43.0,7.5,,,,,35.8,1.5,11.0,48.2,7.4,38.0,0.85,0.65,42.0,18.0,1.8,18.0,22.0,6.0
2026,4,,2026-10-04,16:25,00-0039244,Chris Collier,chris collier,LV,KC,RB,DEPTH RB,True,,,,,,,,0,6,6,0.2,0.7,0.1,6,18,0.41,0.5,0.0,0.45,0.6,50.03,49.44,47.3,50.0,1.0,0.6,1.03,1.0,1.0,Tough,0.886,0.881,0.88,1.0,0.883,0.898,0.926,0.894,-11.9,-12.0,0.0,-11.7,-10.2,-7.4,-10.6,0.002426242236024845,0.0001940993788819876,0.0,6.472554347826088,0.4017533643892339,0.5846014492753625,7.057155797101451,6.474980590062113,1.320454192546584,,,,,6.7,0.4,0.6,7.3,1.4,,,,,5.9,0.4,0.6,6.5,1.2,38.0,0.85,0.65,42.0,18.0,1.8,18.0,22.0,6.0
2026,4,,2026-10-04,16:25,00-0036567,Elijah Mitchell,elijah mitchell,KC,LV,RB,DEPTH RB,False,,,,,,,,0,1,8,0.2,0.7,0.1,8,18,5.64,6.02,1.02,6.95,1.0,48.39,66.15,47.3,50.0,1.0,0.6,1.03,1.0,1.0,Neutral,0.962,0.942,0.88,1.0,1.04,0.999,0.922,1.011,-5.8,-12.0,0.0,4.0,-0.1,-7.8,1.1,0.002426242236024845,0.0001940993788819876,0.0,4.122554347826088,0.19342003105590064,1.4179347826086959,5.540489130434784,4.124980590062113,0.960454192546584,,,,,4.2,0.2,1.5,5.7,1.0,,,,,4.4,0.2,1.4,5.8,1.0,38.0,0.85,0.65,42.0,18.0,1.8,18.0,22.0,6.0
2026,4,,2026-10-04,13:00,00-0030513,Latavius Murray,latavius murray,BUF,NE,RB,DEPTH RB,True,,,,,,,,0,0,8,0.2,0.7,0.1,8,18,5.04,4.24,2.08,7.27,-0.576,54.28,65.31,47.2,50.0,1.0,0.602,0.97,1.0,1.0,Tough,0.908,0.89,0.888,1.0,0.891,1.057,1.045,0.929,-11.0,-11.2,0.0,-10.9,5.7,4.5,-7.1,0.019409937888198756,0.0015527950310559005,0.0,32.9804347826087,1.5473602484472049,11.343478260869565,44.323913043478264,32.999844720496895,7.683633540372671,,,,,32.0,1.5,11.0,43.0,7.5,,,,,28.5,1.6,11.5,39.9,6.8,38.0,0.85,0.65,42.0,18.0,1.8,18.0,22.0,6.0
2026,4,,2026-10-04,13:00,00-0035860,Tony Jones,tony jones,ARI,NYG,RB,DEPTH RB,False,,,,,,,,0,1,8,0.2,0.7,0.1,8,18,5.89,5.1,1.27,9.77,-0.418,53.62,62.37,47.1,50.0,1.0,0.6,0.97,1.0,1.0,Neutral,1.012,0.991,1.009,1.0,1.12,1.009,0.978,1.12,-0.9,0.9,0.0,12.0,0.9,-2.2,12.0,0.002426242236024845,0.0001940993788819876,0.0,52.247554347826096,0.19342003105590064,1.4179347826086959,53.665489130434786,52.249980590062115,11.022954192546585,,,,,50.7,0.2,1.4,52.1,10.7,,,,,56.8,0.2,1.4,58.4,10.8,38.0,0.85,0.65,42.0,19.88,1.8,18.0,22.0,6.0
2026,4,,2026-10-04,09:30,00-0032975,Jonathan Williams,jonathan williams,WAS,IND,RB,DEPTH RB,True,,,,,,,,0,0,8,0.2,0.7,0.1,8,18,3.28,2.88,0.08,6.1,0.452,53.29,65.08,46.9,50.0,1.0,0.602,1.03,1.0,1.0,Favorable,1.093,1.12,0.903,1.0,1.012,0.929,0.967,1.001,12.0,-9.7,0.0,1.2,-7.1,-3.3,0.1,0.019409937888198756,0.0015527950310559005,0.0,32.9804347826087,1.5473602484472049,11.343478260869565,44.323913043478264,32.999844720496895,7.683633540372671,,,,,34.0,1.6,11.7,45.7,7.9,,,,,34.4,1.5,11.3,45.7,8.6,38.0,0.85,0.65,42.0,18.0,1.8,18.0,22.0,6.0
2026,4,,2026-10-04,13:00,00-0033308,Matt Breida,matt breida,NYG,ARI,RB,DEPTH RB,True,,,,,,,,0,0,8,0.2,0.7,0.1,8,18,1.88,1.31,1.05,2.62,1.0,58.92,60.33,46.4,50.0,1.0,0.602,1.03,1.0,1.0,Neutral,1.066,1.05,1.12,1.0,1.12,0.888,1.02,1.12,5.0,12.0,0.0,12.0,-11.2,2.0,12.0,0.019409937888198756,0.0015527950310559005,0.0,32.9804347826087,1.5473602484472049,11.343478260869565,44.323913043478264,32.999844720496895,7.683633540372671,,,,,34.0,1.6,11.7,45.7,7.9,,,,,38.1,1.4,11.9,51.2,8.4,38.0,0.85,0.65,42.0,18.0,1.8,18.0,22.0,6.0
2026,4,,2026-10-04,13:00,00-0037827,Tyrion Davis-Price,tyrion davis price,PHI,LAR,RB,DEPTH RB,True,,,,,,,,0,1,7,0.2,0.7,0.1,7,18,1.72,1.09,0.6,2.85,0.41,53.52,60.47,46.3,50.0,1.0,0.6,1.03,1.0,1.0,Neutral,1.0,1.0,1.0,1.0,1.0,1.0,1.0,1.0,0.0,0.0,0.0,0.0,0.0,0.0,0.0,0.002426242236024845,0.0001940993788819876,0.0,10.247554347826087,0.19342003105590064,1.4179347826086959,11.665489130434784,10.249980590062112,1.5729541925465842,,,,,10.6,0.2,1.5,12.0,1.6,,,,,10.6,0.2,1.5,12.0,1.6,38.0,0.85,0.65,42.0,18.0,1.8,18.0,22.0,6.0
2026,4,,2026-10-04,13:00,00-0036493,Deon Jackson,deon jackson,NYG,ARI,RB,DEPTH RB,True,,,,,,,,0,0,8,0.2,0.7,0.1,8,18,5.25,5.72,0.9,6.4,0.355,47.86,66.74,46.2,50.0,1.0,0.602,1.03,1.0,1.0,Neutral,1.066,1.05,1.12,1.0,1.12,0.888,1.02,1.12,5.0,12.0,0.0,12.0,-11.2,2.0,12.0,0.019409937888198756,0.0015527950310559005,0.0,32.9804347826087,1.5473602484472049,11.343478260869565,44.323913043478264,32.999844720496895,7.683633540372671,,,,,34.0,1.6,11.7,45.7,7.9,,,,,38.1,1.4,11.9,51.2,8.4,38.0,0.85,0.65,42.0,18.0,1.8,18.0,22.0,6.0
2026,4,,2026-10-04,13:00,00-0033118,Kenyan Drake,kenyan drake,GB,TB,RB,DEPTH RB,False,,,,,,,,0,0,8,0.2,0.7,0.1,8,18,6.36,7.3,1.7,9.45,1.0,46.56,67.19,46.0,50.0,1.0,0.602,1.03,1.0,1.0,Neutral,0.999,1.063,1.013,1.0,0.88,1.12,1.12,1.0,6.3,1.3,0.0,-12.0,12.0,12.0,0.0,0.019409937888198756,0.0015527950310559005,0.0,32.9804347826087,1.5473602484472049,11.343478260869565,44.323913043478264,32.999844720496895,7.683633540372671,,,,,34.0,1.6,11.7,45.7,7.9,,,,,29.9,1.8,13.1,45.7,7.9,38.0,0.85,0.65,42.0,18.0,1.8,18.0,22.0,6.0
2026,4,,2026-10-04,13:00,00-0035657,Damien Harris,damien harris,BUF,NE,RB,DEPTH RB,True,,,,,,,,0,0,8,0.2,0.7,0.1,8,18,3.45,3.07,1.45,6.62,-0.707,52.92,63.17,46.0,50.0,1.0,0.602,0.97,1.0,1.0,Tough,0.908,0.89,0.888,1.0,0.891,1.057,1.045,0.929,-11.0,-11.2,0.0,-10.9,5.7,4.5,-7.1,0.019409937888198756,0.0015527950310559005,0.0,32.9804347826087,1.5473602484472049,11.343478260869565,44.323913043478264,32.999844720496895,7.683633540372671,,,,,32.0,1.5,11.0,43.0,7.5,,,,,28.5,1.6,11.5,39.9,6.8,38.0,0.85,0.65,42.0,18.0,1.8,18.0,22.0,6.0
2026,4,,2026-10-04,13:00,00-0039811,MarShawn Lloyd,marshawn lloyd,GB,TB,RB,DEPTH RB,False,,,,,,,,3,1,4,0.2,0.7,0.1,4,3,5.01,2.3,3.48,5.0,0.908,34.28,52.52,45.8,50.0,1.0,0.6,1.03,1.0,1.0,Neutral,0.999,1.063,1.013,1.0,0.88,1.12,1.12,1.0,6.3,1.3,0.0,-12.0,12.0,12.0,0.0,0.001940993788819876,0.0001552795031055901,0.0,17.588519668737064,1.1785455486542444,4.301014492753624,21.889534161490687,17.590460662525885,3.8045538302277433,,,,,18.1,1.2,4.4,22.5,3.9,,,,,15.9,1.3,4.9,22.5,3.9,38.0,0.85,0.65,42.0,18.0,1.8,18.0,22.0,6.0
2026,4,,2026-10-04,13:00,00-0034838,Royce Freeman,royce freeman,LAR,PHI,RB,DEPTH RB,False,,,,,,,,0,0,8,0.2,0.7,0.1,8,18,4.21,4.47,1.43,8.07,-0.762,48.53,65.22,45.7,50.0,1.0,0.602,0.97,1.0,1.0,Neutral,0.952,0.891,0.88,1.0,1.075,0.88,1.049,1.069,-10.9,-12.0,0.0,7.5,-12.0,4.9,6.9,0.019409937888198756,0.0015527950310559005,0.0,32.9804347826087,1.5473602484472049,11.343478260869565,44.323913043478264,32.999844720496895,7.683633540372671,,,,,32.0,1.5,11.0,43.0,7.5,,,,,34.4,1.3,11.5,46.0,7.1,38.0,0.85,0.65,42.0,18.0,1.8,18.0,22.0,6.0
2026,4,,2026-10-04,13:00,00-0037286,Kevin Harris,kevin harris,NE,BUF,RB,DEPTH RB,False,,,,,,,,0,0,8,0.2,0.7,0.1,8,18,4.18,3.61,1.43,8.53,0.196,53.63,60.98,45.3,50.0,1.0,0.602,1.024,1.0,1.0,Neutral,0.946,0.88,0.88,1.0,1.12,0.96,0.91,1.069,-12.0,-12.0,0.0,12.0,-4.0,-9.0,6.9,0.019409937888198756,0.0015527950310559005,0.0,32.9804347826087,1.5473602484472049,11.343478260869565,44.323913043478264,32.999844720496895,7.683633540372671,,,,,33.8,1.6,11.6,45.4,7.9,,,,,37.9,1.5,10.6,48.5,7.5,38.0,0.85,0.65,42.0,18.0,1.8,18.0,22.0,6.0
2026,4,,2026-10-04,13:00,00-0036297,Darrynton Evans,darrynton evans,CHI,NYJ,RB,DEPTH RB,True,,,,,,,,0,1,8,0.2,0.7,0.1,8,15,3.56,3.97,0.8,4.9,-0.898,47.23,61.49,45.2,50.0,1.0,0.6,0.97,1.0,1.0,Neutral,0.981,0.939,1.12,1.0,1.112,0.906,1.12,1.12,-6.1,12.0,0.0,11.2,-9.4,12.0,12.0,0.002426242236024845,0.0001940993788819876,0.0,6.747554347826087,0.19342003105590064,1.4179347826086959,8.165489130434784,6.749980590062113,1.222954192546584,,,,,6.5,0.2,1.4,7.9,1.2,,,,,7.2,0.2,1.6,8.8,1.2,38.0,0.85,0.65,42.0,18.0,1.8,18.0,22.0,6.0
2026,4,,2026-10-04,16:25,00-0036450,Ke'Shawn Vaughn,keshawn vaughn,SF,DEN,RB,DEPTH RB,True,,,,,,,,0,1,8,0.2,0.7,0.1,8,18,1.39,1.49,0.55,2.08,-0.489,48.23,60.6,45.0,50.0,1.0,0.6,0.97,1.0,1.0,Neutral,0.982,0.963,0.88,1.0,0.932,0.88,0.893,0.922,-3.7,-12.0,0.0,-6.8,-12.0,-10.7,-7.8,0.002426242236024845,0.0001940993788819876,0.0,7.622554347826088,0.19342003105590064,1.4179347826086959,9.040489130434784,7.624980590062112,1.310454192546584,,,,,7.4,0.2,1.4,8.8,1.3,,,,,6.9,0.2,1.3,8.1,1.3,38.0,0.85,0.65,42.0,18.0,1.8,18.0,22.0,6.0
2026,4,,2026-10-04,13:00,00-0037087,Trestan Ebner,trestan ebner,CHI,NYJ,RB,DEPTH RB,True,,,,,,,,0,0,8,0.2,0.7,0.1,8,18,0.31,0.79,0.0,0.8,-0.1,55.97,58.25,44.8,50.0,1.0,0.602,0.988,1.0,1.0,Neutral,0.981,0.939,1.12,1.0,1.112,0.906,1.12,1.12,-6.1,12.0,0.0,11.2,-9.4,12.0,12.0,0.019409937888198756,0.0015527950310559005,0.0,32.9804347826087,1.5473602484472049,11.343478260869565,44.323913043478264,32.999844720496895,7.683633540372671,,,,,32.6,1.5,11.2,43.8,7.6,,,,,36.3,1.4,12.5,49.1,7.5,38.0,0.85,0.65,42.0,18.0,1.8,18.0,22.0,6.0
2026,4,,2026-10-04,16:25,00-0037509,Sincere McCormick,sincere mccormick,LV,KC,RB,ROTATION RB,True,,,,,,,,0,4,4,0.2,0.7,0.1,4,15,7.01,3.0,4.2,9.1,0.305,35.01,58.63,44.7,50.0,1.0,0.735,1.03,1.0,1.0,Tough,0.886,0.881,0.88,1.0,0.883,0.898,0.926,0.894,-11.9,-12.0,0.0,-11.7,-10.2,-7.4,-10.6,0.002426242236024845,0.0001940993788819876,0.0,42.24755434782608,1.6934200310559007,9.667934782608697,51.91548913043478,42.24998059006211,7.097954192546584,,,,,43.5,1.7,10.0,53.5,7.3,,,,,38.4,1.5,9.3,47.8,6.5,38.0,0.85,0.65,42.0,18.0,1.8,18.0,22.0,6.0
2026,4,,2026-10-04,09:30,00-0034681,Chase Edmonds,chase edmonds,WAS,IND,RB,DEPTH RB,True,,,,,,,,0,3,8,0.2,0.7,0.1,8,18,2.62,3.6,0.0,4.5,-1.0,42.1,57.02,44.6,50.0,1.0,0.6,0.97,1.0,1.0,Favorable,1.093,1.12,0.903,1.0,1.012,0.929,0.967,1.001,12.0,-9.7,0.0,1.2,-7.1,-3.3,0.1,0.002426242236024845,0.0001940993788819876,0.0,4.122554347826088,0.19342003105590064,1.4179347826086959,5.540489130434784,4.124980590062113,0.960454192546584,,,,,4.0,0.2,1.4,5.4,0.9,,,,,4.0,0.2,1.4,5.4,1.0,38.0,0.85,0.65,42.0,18.0,1.8,18.0,22.0,6.0
2026,4,,2026-10-04,13:00,00-0034750,Rashaad Penny,rashaad penny,PHI,LAR,RB,DEPTH RB,True,,,,,,,,0,0,8,0.2,0.7,0.1,8,18,6.41,8.53,1.58,8.1,-0.886,42.91,65.23,44.3,50.0,1.0,0.602,0.97,1.0,1.0,Neutral,1.0,1.0,1.0,1.0,1.0,1.0,1.0,1.0,0.0,0.0,0.0,0.0,0.0,0.0,0.0,0.019409937888198756,0.0015527950310559005,0.0,32.9804347826087,1.5473602484472049,11.343478260869565,44.323913043478264,32.999844720496895,7.683633540372671,,,,,32.0,1.5,11.0,43.0,7.5,,,,,32.0,1.5,11.0,43.0,7.5,38.0,0.85,0.65,42.0,18.0,1.8,18.0,22.0,6.0
2026,4,,2026-10-04,13:00,00-0034253,Dontrell Hilliard,dontrell hilliard,TEN,BAL,RB,DEPTH RB,False,,,,,,,,0,0,8,0.2,0.7,0.1,8,14,3.81,3.42,1.45,5.88,-0.315,52.75,58.87,44.2,50.0,1.0,0.602,0.97,1.0,1.0,Neutral,1.005,1.085,0.88,1.0,0.917,1.12,1.12,0.982,8.5,-12.0,0.0,-8.3,12.0,12.0,-1.8,0.019409937888198756,0.0015527950310559005,0.0,32.9804347826087,1.5473602484472049,11.343478260869565,44.323913043478264,32.999844720496895,7.683633540372671,,,,,32.0,1.5,11.0,43.0,7.5,,,,,29.3,1.7,12.3,42.2,7.5,38.0,0.85,0.65,42.0,18.0,1.8,18.0,22.0,6.0
2026,4,,2026-10-04,13:00,00-0036569,Gary Brightwell,gary brightwell,CIN,JAC,RB,DEPTH RB,True,,,,,,,,0,3,8,0.2,0.7,0.1,8,18,1.83,2.47,0.0,3.73,-1.0,42.63,55.69,44.2,50.0,1.0,0.6,0.97,1.0,1.0,Neutral,1.0,1.0,1.0,1.0,1.0,1.0,1.0,1.0,0.0,0.0,0.0,0.0,0.0,0.0,0.0,0.002426242236024845,0.0001940993788819876,0.0,4.122554347826088,0.19342003105590064,1.4179347826086959,5.540489130434784,4.124980590062113,0.960454192546584,,,,,4.0,0.2,1.4,5.4,0.9,,,,,4.0,0.2,1.4,5.4,0.9,38.0,0.85,0.65,42.0,18.0,1.8,18.0,22.0,6.0
2026,4,,2026-10-04,13:00,00-0035831,James Robinson,james robinson,GB,TB,RB,DEPTH RB,False,,,,,,,,0,0,8,0.2,0.7,0.1,8,13,3.44,4.32,1.0,6.05,-0.8,44.35,63.03,43.8,50.0,1.0,0.602,0.97,1.0,1.0,Neutral,0.999,1.063,1.013,1.0,0.88,1.12,1.12,1.0,6.3,1.3,0.0,-12.0,12.0,12.0,0.0,0.019409937888198756,0.0015527950310559005,0.0,32.9804347826087,1.5473602484472049,11.343478260869565,44.323913043478264,32.999844720496895,7.683633540372671,,,,,32.0,1.5,11.0,43.0,7.5,,,,,28.2,1.7,12.3,43.0,7.5,38.0,0.85,0.65,42.0,18.0,1.8,18.0,22.0,6.0
2026,4,,2026-10-04,13:00,00-0040586,Jaydon Blue,jaydon blue,DAL,HOU,RB,DEPTH RB,False,,,,,,,,0,5,5,0.2,0.7,0.1,5,18,5.21,4.77,0.7,4.4,1.0,32.61,53.87,43.5,50.0,1.0,0.6,1.03,1.0,1.0,Neutral,0.935,0.943,0.88,1.0,0.88,0.915,0.919,0.88,-5.7,-12.0,0.0,-12.0,-8.5,-8.1,-12.0,0.002426242236024845,0.0001940993788819876,0.0,32.06005434782609,0.36842003105590065,2.292934782608696,34.352989130434786,32.062480590062115,5.516704192546585,,,,,33.0,0.4,2.4,35.4,5.7,,,,,29.0,0.4,2.2,31.2,5.3,38.0,0.85,0.65,42.0,18.0,1.8,18.0,22.0,6.0
2026,4,,2026-10-04,16:25,00-0032450,Dwayne Washington,dwayne washington,DEN,SF,RB,DEPTH RB,False,,,,,,,,0,0,8,0.2,0.7,0.1,8,13,0.41,0.82,0.0,0.33,-1.0,54.87,55.25,43.3,50.0,1.0,0.602,0.97,1.0,1.0,Neutral,1.018,1.019,0.947,1.0,1.026,1.12,1.12,1.057,1.9,-5.3,0.0,2.6,12.0,12.0,5.7,0.019409937888198756,0.0015527950310559005,0.0,32.9804347826087,1.5473602484472049,11.343478260869565,44.323913043478264,32.999844720496895,7.683633540372671,,,,,32.0,1.5,11.0,43.0,7.5,,,,,32.8,1.7,12.3,45.5,7.6,38.0,0.85,0.65,42.0,18.0,1.8,18.0,22.0,6.0
2026,4,,2026-10-04,20:20,00-0039344,Jonathon Brooks,jonathon brooks,CAR,DET,RB,DEPTH RB,True,,,,,,,,2,3,5,0.2,0.7,0.1,5,14,3.48,3.12,0.7,7.1,0.192,33.0,46.97,43.3,50.0,1.0,0.6,1.023,1.0,1.0,Neutral,1.069,1.095,1.12,1.0,0.971,0.903,0.88,0.932,9.5,12.0,0.0,-2.9,-9.7,-12.0,-6.8,0.001940993788819876,0.0001552795031055901,0.0,10.517091097308493,1.0547360248447206,8.529585921325053,19.046677018633545,10.519032091097312,3.1297919254658386,,,,,10.8,1.1,8.7,19.5,3.2,,,,,10.5,1.0,7.7,18.2,3.4,38.0,0.85,0.65,42.0,18.0,1.8,18.0,22.0,6.0
2026,4,,2026-10-04,16:25,00-0035311,Myles Gaskin,myles gaskin,SEA,LAC,RB,DEPTH RB,True,,,,,,,,0,5,7,0.2,0.7,0.1,7,13,1.34,1.87,0.0,2.7,0.033,36.55,50.23,43.0,50.0,1.0,0.6,1.004,1.0,1.0,Tough,0.919,0.901,0.88,1.0,0.974,0.88,0.88,0.944,-9.9,-12.0,0.0,-2.6,-12.0,-12.0,-5.6,0.002426242236024845,0.0001940993788819876,0.0,5.747554347826088,0.40592003105590063,3.755434782608696,9.502989130434784,5.749980590062113,1.569204192546584,,,,,5.8,0.4,3.8,9.5,1.6,,,,,5.6,0.4,3.3,9.0,1.5,38.0,0.85,0.65,42.0,18.0,1.8,18.0,22.0,6.0
2026,4,,2026-10-04,16:25,00-0040649,Robbie Ouzts,robbie ouzts,SEA,LAC,RB,DEPTH RB,True,,,,,,,,0,4,4,0.2,0.7,0.1,4,14,0.0,0.0,0.0,0.0,0.0,50.0,45.0,43.0,50.0,1.0,0.6,1.0,1.0,1.0,Tough,0.919,0.901,0.88,1.0,0.974,0.88,0.88,0.944,-9.9,-12.0,0.0,-2.6,-12.0,-12.0,-5.6,0.002426242236024845,0.0001940993788819876,0.0,4.122554347826088,0.19342003105590064,1.4179347826086959,5.540489130434784,4.124980590062113,0.960454192546584,,,,,4.1,0.2,1.4,5.5,1.0,,,,,4.0,0.2,1.2,5.2,0.9,38.0,0.85,0.65,42.0,18.0,1.8,18.0,22.0,6.0
2026,4,,2026-10-04,13:00,00-0036096,J.J. Taylor,jj taylor,HOU,DAL,RB,DEPTH RB,True,,,,,,,,0,3,4,0.2,0.7,0.1,4,9,2.21,0.29,2.17,2.4,-0.18,44.12,51.31,42.8,50.0,1.0,0.6,0.978,1.0,1.0,Neutral,1.062,1.086,1.12,1.0,1.077,1.085,1.12,1.12,8.6,12.0,0.0,7.7,8.5,12.0,12.0,0.002426242236024845,0.0001940993788819876,0.0,19.455887681159425,0.5267533643892339,1.4179347826086959,20.873822463768118,19.458313923395448,2.8271208592132506,,,,,19.0,0.5,1.4,20.4,2.8,,,,,20.5,0.5,1.6,22.8,3.0,38.0,0.85,0.65,42.0,18.0,1.8,18.0,22.0,6.0
2026,4,,2026-10-04,16:25,00-0037299,Keaontay Ingram,keaontay ingram,KC,LV,RB,DEPTH RB,False,,,,,,,,0,1,8,0.2,0.7,0.1,8,18,1.67,2.27,0.15,2.73,-0.922,42.37,58.66,42.8,50.0,1.0,0.6,0.97,1.0,1.0,Neutral,0.962,0.942,0.88,1.0,1.04,0.999,0.922,1.011,-5.8,-12.0,0.0,4.0,-0.1,-7.8,1.1,0.002426242236024845,0.0001940993788819876,0.0,4.122554347826088,0.19342003105590064,1.4179347826086959,5.540489130434784,4.124980590062113,0.960454192546584,,,,,4.0,0.2,1.4,5.4,0.9,,,,,4.2,0.2,1.3,5.5,0.9,38.0,0.85,0.65,42.0,18.0,1.8,18.0,22.0,6.0
2026,4,,2026-10-04,16:25,00-0034845,Sony Michel,sony michel,LAC,SEA,RB,DEPTH RB,False,,,,,,,,0,0,8,0.2,0.7,0.1,8,11,2.17,2.52,0.18,4.5,-0.842,46.24,58.52,42.5,50.0,1.0,0.602,0.97,1.0,1.0,Tough,0.922,0.88,0.88,1.0,0.88,1.12,1.12,0.883,-12.0,-12.0,0.0,-12.0,12.0,12.0,-11.7,0.019409937888198756,0.0015527950310559005,0.0,32.9804347826087,1.5473602484472049,11.343478260869565,44.323913043478264,32.999844720496895,7.683633540372671,,,,,32.0,1.5,11.0,43.0,7.5,,,,,28.2,1.7,12.3,38.0,6.9,38.0,0.85,0.65,42.0,18.0,1.8,18.0,22.0,6.0
2026,4,,2026-10-04,09:30,00-0040179,DJ Giddens,dj giddens,IND,WAS,RB,DEPTH RB,False,,,,,,,,0,5,5,0.2,0.7,0.1,5,18,1.92,1.41,0.3,3.0,0.268,35.99,48.97,42.3,50.0,1.0,0.6,1.03,1.0,1.0,Favorable,1.116,1.12,1.12,1.0,1.105,0.88,1.091,1.101,12.0,12.0,0.0,10.5,-12.0,9.1,10.1,0.002426242236024845,0.0001940993788819876,0.0,20.92255434782609,0.19342003105590064,1.4179347826086959,22.340489130434783,20.924980590062113,2.640454192546584,,,,,21.6,0.2,1.5,23.0,2.7,,,,,23.9,0.2,1.6,25.3,3.0,38.0,0.85,0.65,42.0,18.0,1.8,18.0,22.0,6.0
2026,4,,2026-10-04,13:00,00-0034414,Boston Scott,boston scott,PHI,LAR,RB,DEPTH RB,True,,,,,,,,0,0,8,0.2,0.7,0.1,8,18,1.03,1.14,0.45,1.4,-0.871,47.49,55.48,41.6,50.0,1.0,0.602,0.97,1.0,1.0,Neutral,1.0,1.0,1.0,1.0,1.0,1.0,1.0,1.0,0.0,0.0,0.0,0.0,0.0,0.0,0.0,0.019409937888198756,0.0015527950310559005,0.0,32.9804347826087,1.5473602484472049,11.343478260869565,44.323913043478264,32.999844720496895,7.683633540372671,,,,,32.0,1.5,11.0,43.0,7.5,,,,,32.0,1.5,11.0,43.0,7.5,38.0,0.85,0.65,42.0,18.0,1.8,18.0,22.0,6.0
2026,4,,2026-10-04,13:00,00-0031806,Malcolm Brown,malcolm brown,LAR,PHI,RB,DEPTH RB,False,,,,,,,,0,0,7,0.2,0.7,0.1,7,17,3.56,2.72,1.95,3.75,0.5,49.56,54.2,41.6,50.0,1.0,0.602,1.03,1.0,1.0,Neutral,0.952,0.891,0.88,1.0,1.075,0.88,1.049,1.069,-10.9,-12.0,0.0,7.5,-12.0,4.9,6.9,0.019409937888198756,0.0015527950310559005,0.0,32.9804347826087,1.5473602484472049,11.343478260869565,44.323913043478264,32.999844720496895,7.683633540372671,,,,,34.0,1.6,11.7,45.7,7.9,,,,,36.6,1.4,12.3,48.9,7.5,38.0,0.85,0.65,42.0,18.0,1.8,18.0,22.0,6.0
2026,4,,2026-10-04,13:00,00-0036370,Joshua Kelley,joshua kelley,TEN,BAL,RB,DEPTH RB,False,,,,,,,,0,1,8,0.2,0.7,0.1,8,18,0.96,1.45,0.18,2.2,-0.567,40.85,55.61,41.2,50.0,1.0,0.6,0.97,1.0,1.0,Neutral,1.005,1.085,0.88,1.0,0.917,1.12,1.12,0.982,8.5,-12.0,0.0,-8.3,12.0,12.0,-1.8,0.002426242236024845,0.0001940993788819876,0.0,5.872554347826087,0.19342003105590064,1.4179347826086959,7.290489130434784,5.874980590062113,1.1354541925465842,,,,,5.7,0.2,1.4,7.1,1.1,,,,,5.2,0.2,1.6,7.0,1.1,38.0,0.85,0.65,42.0,18.0,1.8,18.0,22.0,6.0
2026,4,,2026-10-04,16:25,00-0041512,Jadarian Price,jadarian price,SEA,LAC,RB,ROTATION RB,True,,,,,,,,3,0,3,0.2,0.7,0.1,3,3,3.72,2.6,3.1,6.4,-0.846,22.09,49.15,40.2,50.0,1.0,0.663,0.97,1.0,1.0,Tough,0.919,0.901,0.88,1.0,0.974,0.88,0.88,0.944,-9.9,-12.0,0.0,-2.6,-12.0,-12.0,-5.6,0.006469979296066251,0.0005175983436853001,0.0,33.91411318150448,1.3094375431331953,8.543064182194616,42.457177363699095,33.920583160800554,5.043750862663906,,,,,32.9,1.3,8.3,41.2,4.9,,,,,32.0,1.1,7.3,38.9,4.5,38.0,0.85,0.65,42.0,18.0,1.8,18.0,22.0,6.0
2026,4,,2026-10-04,13:00,00-0040205,Kalel Mullings,kalel mullings,TEN,BAL,RB,DEPTH RB,False,,,,,,,,0,4,4,0.2,0.7,0.1,4,17,0.21,0.18,0.0,0.33,0.05,42.26,42.63,40.1,50.0,1.0,0.6,1.006,1.0,1.0,Neutral,1.005,1.085,0.88,1.0,0.917,1.12,1.12,0.982,8.5,-12.0,0.0,-8.3,12.0,12.0,-1.8,0.002426242236024845,0.0001940993788819876,0.0,5.935054347826088,0.19342003105590064,1.4179347826086959,7.352989130434785,5.937480590062113,1.141704192546584,,,,,6.0,0.2,1.4,7.4,1.1,,,,,5.5,0.2,1.6,7.3,1.1,38.0,0.85,0.65,42.0,18.0,1.8,18.0,22.0,6.0
2026,4,,2026-10-04,13:00,00-0038389,Israel Abanikanda,israel abanikanda,NYJ,CHI,RB,DEPTH RB,False,,,,,,,,0,0,6,0.2,0.7,0.1,6,18,3.22,2.51,1.1,4.2,0.859,42.11,54.19,39.7,50.0,1.0,0.602,1.03,1.0,1.0,Neutral,1.028,1.015,1.022,1.0,1.105,0.88,0.987,1.076,1.5,2.2,0.0,10.5,-12.0,-1.3,7.6,0.019409937888198756,0.0015527950310559005,0.0,32.9804347826087,1.5473602484472049,11.343478260869565,44.323913043478264,32.999844720496895,7.683633540372671,,,,,34.0,1.6,11.7,45.7,7.9,,,,,37.6,1.4,11.5,49.2,8.1,38.0,0.85,0.65,42.0,18.0,1.8,18.0,22.0,6.0
2026,4,,2026-10-04,13:00,00-0039405,Jawhar Jordan,jawhar jordan,HOU,DAL,RB,ROTATION RB,True,,,,,,,,0,4,4,0.2,0.7,0.1,4,18,5.68,5.44,2.77,12.45,-0.849,25.55,51.65,39.5,50.0,1.0,0.665,0.97,1.0,1.0,Neutral,1.062,1.086,1.12,1.0,1.077,1.085,1.12,1.12,8.6,12.0,0.0,7.7,8.5,12.0,12.0,0.002426242236024845,0.0001940993788819876,0.0,36.62255434782609,1.3809200310559007,6.730434782608695,43.352989130434786,36.624980590062115,5.929204192546585,,,,,35.5,1.3,6.5,42.1,5.8,,,,,38.2,1.4,7.3,47.2,6.2,38.0,0.85,0.65,42.0,18.0,1.8,18.0,22.0,6.0
2026,4,,2026-10-04,16:25,00-0033951,Marlon Mack,marlon mack,DEN,SF,RB,DEPTH RB,False,,,,,,,,0,0,7,0.2,0.7,0.1,7,17,5.77,6.87,0.95,8.95,-0.066,39.93,53.27,38.8,50.0,1.0,0.602,0.992,1.0,1.0,Neutral,1.018,1.019,0.947,1.0,1.026,1.12,1.12,1.057,1.9,-5.3,0.0,2.6,12.0,12.0,5.7,0.019409937888198756,0.0015527950310559005,0.0,32.9804347826087,1.5473602484472049,11.343478260869565,44.323913043478264,32.999844720496895,7.683633540372671,,,,,32.7,1.5,11.3,44.0,7.6,,,,,33.6,1.7,12.7,46.5,7.7,38.0,0.85,0.65,42.0,18.0,1.8,18.0,22.0,6.0
2026,4,,2026-10-04,16:25,00-0029239,Brandon Bolden,brandon bolden,LV,KC,RB,DEPTH RB,True,,,,,,,,0,0,8,0.2,0.7,0.1,8,18,1.97,2.9,0.0,2.3,1.0,40.43,52.59,38.6,50.0,1.0,0.602,1.03,1.0,1.0,Tough,0.886,0.881,0.88,1.0,0.883,0.898,0.926,0.894,-11.9,-12.0,0.0,-11.7,-10.2,-7.4,-10.6,0.019409937888198756,0.0015527950310559005,0.0,32.9804347826087,1.5473602484472049,11.343478260869565,44.323913043478264,32.999844720496895,7.683633540372671,,,,,34.0,1.6,11.7,45.7,7.9,,,,,30.0,1.4,10.8,40.9,7.0,38.0,0.85,0.65,42.0,18.0,1.8,18.0,22.0,6.0
2026,4,,2026-10-04,16:25,00-0035304,Cullen Gillaspia,cullen gillaspia,SEA,LAC,RB,DEPTH RB,True,,,,,,,,0,0,4,0.2,0.7,0.1,4,9,0.0,0.0,0.0,0.0,0.0,50.0,45.0,38.0,50.0,1.0,0.602,1.0,1.0,1.0,Tough,0.919,0.901,0.88,1.0,0.974,0.88,0.88,0.944,-9.9,-12.0,0.0,-2.6,-12.0,-12.0,-5.6,0.019409937888198756,0.0015527950310559005,0.0,32.9804347826087,1.5473602484472049,11.343478260869565,44.323913043478264,32.999844720496895,7.683633540372671,,,,,33.0,1.5,11.3,44.3,7.7,,,,,32.1,1.3,9.9,41.8,7.1,38.0,0.85,0.65,42.0,18.0,1.8,18.0,22.0,6.0
2026,4,,2026-10-04,16:25,00-0037331,Zander Horvath,zander horvath,LAC,SEA,RB,DEPTH RB,False,,,,,,,,0,0,8,0.2,0.7,0.1,8,11,1.67,2.74,0.22,2.6,0.7,37.81,51.84,37.7,50.0,1.0,0.602,1.03,1.0,1.0,Tough,0.922,0.88,0.88,1.0,0.88,1.12,1.12,0.883,-12.0,-12.0,0.0,-12.0,12.0,12.0,-11.7,0.019409937888198756,0.0015527950310559005,0.0,32.9804347826087,1.5473602484472049,11.343478260869565,44.323913043478264,32.999844720496895,7.683633540372671,,,,,34.0,1.6,11.7,45.7,7.9,,,,,29.9,1.8,13.1,40.4,7.3,38.0,0.85,0.65,42.0,18.0,1.8,18.0,22.0,6.0
2026,4,,2026-10-04,16:25,00-0041052,Kaelon Black,kaelon black,SF,DEN,RB,DEPTH RB,True,,,,,,,,3,0,3,0.2,0.7,0.1,3,3,3.17,2.37,2.1,5.25,-0.787,21.44,42.55,37.4,50.0,1.0,0.6,0.97,1.0,1.0,Neutral,0.982,0.963,0.88,1.0,0.932,0.88,0.893,0.922,-3.7,-12.0,0.0,-6.8,-12.0,-10.7,-7.8,0.006469979296066251,0.0005175983436853001,0.0,30.199827467218768,0.6427708764665285,4.4160800552104895,34.61590752242926,30.20629744651484,4.672322291235334,,,,,29.3,0.6,4.3,33.6,4.5,,,,,27.3,0.5,3.8,31.0,4.4,38.0,0.85,0.65,42.0,18.0,1.8,18.0,22.0,6.0
2026,4,,2026-10-04,16:25,00-0041013,Emmett Johnson,emmett johnson,KC,LV,RB,DEPTH RB,False,,,,,,,,3,0,3,0.2,0.7,0.1,3,3,4.32,2.75,3.6,7.15,-0.807,22.92,40.94,37.1,50.0,1.0,0.6,0.97,1.0,1.0,Neutral,0.962,0.942,0.88,1.0,1.04,0.999,0.922,1.011,-5.8,-12.0,0.0,4.0,-0.1,-7.8,1.1,0.006469979296066251,0.0005175983436853001,0.0,22.771256038647344,1.2141994478951,13.812905452035887,36.58416149068323,22.777726017943408,5.440576259489302,,,,,22.1,1.2,13.4,35.5,5.3,,,,,23.0,1.2,12.4,35.9,5.1,38.0,0.85,0.65,42.0,18.0,1.8,18.0,22.0,6.0
2026,4,,2026-10-04,13:00,00-0036857,Chris Evans,chris evans,CIN,JAC,RB,DEPTH RB,True,,,,,,,,0,0,8,0.2,0.7,0.1,8,15,1.48,2.55,0.0,2.48,-0.731,36.75,50.29,36.8,50.0,1.0,0.602,0.97,1.0,1.0,Neutral,1.0,1.0,1.0,1.0,1.0,1.0,1.0,1.0,0.0,0.0,0.0,0.0,0.0,0.0,0.0,0.019409937888198756,0.0015527950310559005,0.0,32.9804347826087,1.5473602484472049,11.343478260869565,44.323913043478264,32.999844720496895,7.683633540372671,,,,,32.0,1.5,11.0,43.0,7.5,,,,,32.0,1.5,11.0,43.0,7.5,38.0,0.85,0.65,42.0,18.0,1.8,18.0,22.0,6.0
2026,4,,2026-10-04,16:25,00-0040878,Mike Washington Jr.,mike washington jr,LV,KC,RB,DEPTH RB,True,,,,,,,,3,0,3,0.2,0.7,0.1,3,3,6.44,4.87,2.4,7.75,1.0,21.35,38.07,35.6,50.0,1.0,0.6,1.03,1.0,1.0,Tough,0.886,0.881,0.88,1.0,0.883,0.898,0.926,0.894,-11.9,-12.0,0.0,-11.7,-10.2,-7.4,-10.6,0.006469979296066251,0.0005175983436853001,0.0,34.898240165631464,0.5157867494824016,3.7811594202898546,38.679399585921324,34.904710144927535,6.856449275362319,,,,,35.9,0.5,3.9,39.8,7.1,,,,,31.7,0.4,3.6,35.6,6.3,38.0,0.85,0.65,42.0,18.0,1.8,18.0,22.0,6.0
2026,4,,2026-10-04,13:00,00-0032063,Mike Davis,mike davis,BAL,TEN,RB,DEPTH RB,True,,,,,,,,0,0,5,0.2,0.7,0.1,5,11,0.86,0.53,0.4,1.1,0.45,40.84,44.39,35.5,50.0,1.0,0.602,1.03,1.0,1.0,Neutral,1.014,1.025,0.932,1.0,1.033,0.88,0.891,0.998,2.5,-6.8,0.0,3.3,-12.0,-10.9,-0.2,0.019409937888198756,0.0015527950310559005,0.0,32.9804347826087,1.5473602484472049,11.343478260869565,44.323913043478264,32.999844720496895,7.683633540372671,,,,,34.0,1.6,11.7,45.7,7.9,,,,,35.1,1.4,10.4,45.6,8.0,38.0,0.85,0.65,42.0,18.0,1.8,18.0,22.0,6.0
2026,4,,2026-10-04,09:30,00-0041125,Seth McGowan,seth mcgowan,IND,WAS,RB,DEPTH RB,False,,,,,,,,3,0,3,0.2,0.7,0.1,3,3,0.86,0.62,0.5,1.2,0.4,23.09,35.23,34.9,50.0,1.0,0.6,1.03,1.0,1.0,Favorable,1.116,1.12,1.12,1.0,1.105,0.88,1.091,1.101,12.0,12.0,0.0,10.5,-12.0,9.1,10.1,0.006469979296066251,0.0005175983436853001,0.0,15.437922705314007,0.6427708764665285,3.7811594202898546,19.219082125603865,15.444392684610076,3.1326397515527953,,,,,15.9,0.7,3.9,19.8,3.2,,,,,17.6,0.6,4.3,21.8,3.6,38.0,0.85,0.65,42.0,18.0,1.8,18.0,22.0,6.0
2026,4,,2026-10-04,13:00,00-0033725,Corey Clement,corey clement,ARI,NYG,RB,DEPTH RB,False,,,,,,,,0,0,5,0.2,0.7,0.1,5,18,5.62,5.26,1.8,3.2,1.0,32.28,47.94,34.7,50.0,1.0,0.602,1.03,1.0,1.0,Neutral,1.012,0.991,1.009,1.0,1.12,1.009,0.978,1.12,-0.9,0.9,0.0,12.0,0.9,-2.2,12.0,0.019409937888198756,0.0015527950310559005,0.0,32.9804347826087,1.5473602484472049,11.343478260869565,44.323913043478264,32.999844720496895,7.683633540372671,,,,,34.0,1.6,11.7,45.7,7.9,,,,,38.1,1.6,11.4,51.2,8.0,38.0,0.85,0.65,42.0,18.0,1.8,18.0,22.0,6.0
2026,4,,2026-10-04,13:00,00-0034433,Nick Bawden,nick bawden,NYJ,CHI,RB,DEPTH RB,False,,,,,,,,0,0,6,0.2,0.7,0.1,6,17,1.62,1.62,0.62,1.77,-0.526,37.56,44.05,34.5,50.0,1.0,0.602,0.97,1.0,1.0,Neutral,1.028,1.015,1.022,1.0,1.105,0.88,0.987,1.076,1.5,2.2,0.0,10.5,-12.0,-1.3,7.6,0.019409937888198756,0.0015527950310559005,0.0,32.9804347826087,1.5473602484472049,11.343478260869565,44.323913043478264,32.999844720496895,7.683633540372671,,,,,32.0,1.5,11.0,43.0,7.5,,,,,35.4,1.3,10.9,46.3,7.7,38.0,0.85,0.65,42.0,18.0,1.8,18.0,22.0,6.0
2026,4,,2026-10-04,13:00,00-0039136,Zach Evans,zach evans,LAR,PHI,RB,DEPTH RB,False,,,,,,,,0,0,4,0.2,0.7,0.1,4,18,0.42,0.32,0.22,0.7,-0.05,37.98,42.49,34.0,50.0,1.0,0.602,0.994,1.0,1.0,Neutral,0.952,0.891,0.88,1.0,1.075,0.88,1.049,1.069,-10.9,-12.0,0.0,7.5,-12.0,4.9,6.9,0.019409937888198756,0.0015527950310559005,0.0,32.9804347826087,1.5473602484472049,11.343478260869565,44.323913043478264,32.999844720496895,7.683633540372671,,,,,32.8,1.5,11.3,44.1,7.6,,,,,35.3,1.3,11.9,47.1,7.2,38.0,0.85,0.65,42.0,18.0,1.8,18.0,22.0,6.0
2026,4,,2026-10-04,13:00,00-0034301,Darrel Williams,darrel williams,ARI,NYG,RB,DEPTH RB,False,,,,,,,,0,0,5,0.2,0.7,0.1,5,8,3.3,4.05,0.9,3.4,-0.711,28.06,46.0,32.9,50.0,1.0,0.602,0.97,1.0,1.0,Neutral,1.012,0.991,1.009,1.0,1.12,1.009,0.978,1.12,-0.9,0.9,0.0,12.0,0.9,-2.2,12.0,0.019409937888198756,0.0015527950310559005,0.0,32.9804347826087,1.5473602484472049,11.343478260869565,44.323913043478264,32.999844720496895,7.683633540372671,,,,,32.0,1.5,11.0,43.0,7.5,,,,,35.8,1.5,10.8,48.2,7.6,38.0,0.85,0.65,42.0,18.0,1.8,18.0,22.0,6.0
2026,4,,2026-10-04,13:00,00-0040429,Josh Williams,josh williams,TB,GB,RB,DEPTH RB,True,,,,,,,,1,2,3,0.2,0.7,0.1,3,8,0.37,0.52,0.0,0.55,0.0,24.69,33.8,32.2,50.0,1.0,0.6,1.0,1.0,1.0,Neutral,0.966,0.916,0.903,1.0,1.12,0.972,0.928,1.091,-8.4,-9.7,0.0,12.0,-2.8,-7.2,9.1,0.001940993788819876,0.0001552795031055901,0.0,8.79804347826087,0.15473602484472052,1.1343478260869568,9.932391304347828,8.79998447204969,1.3183633540372675,,,,,8.8,0.2,1.1,9.9,1.3,,,,,9.9,0.2,1.0,10.8,1.3,38.0,0.85,0.65,42.0,18.0,1.8,18.0,22.0,6.0
2026,4,,2026-10-04,09:30,00-0034400,Jordan Wilkins,jordan wilkins,IND,WAS,RB,DEPTH RB,False,,,,,,,,0,0,4,0.2,0.7,0.1,4,17,3.51,2.58,1.45,5.97,-0.291,28.81,43.53,32.1,50.0,1.0,0.602,0.97,1.0,1.0,Favorable,1.116,1.12,1.12,1.0,1.105,0.88,1.091,1.101,12.0,12.0,0.0,10.5,-12.0,9.1,10.1,0.019409937888198756,0.0015527950310559005,0.0,32.9804347826087,1.5473602484472049,11.343478260869565,44.323913043478264,32.999844720496895,7.683633540372671,,,,,32.0,1.5,11.0,43.0,7.5,,,,,35.4,1.3,12.0,47.3,8.4,38.0,0.85,0.65,42.0,18.0,1.8,18.0,22.0,6.0
2026,4,,2026-10-04,16:25,00-0034816,Ronald Jones,ronald jones,KC,LV,RB,DEPTH RB,False,,,,,,,,0,0,5,0.2,0.7,0.1,5,18,3.75,4.45,0.4,4.4,1.0,28.6,43.49,32.0,50.0,1.0,0.602,1.03,1.0,1.0,Neutral,0.962,0.942,0.88,1.0,1.04,0.999,0.922,1.011,-5.8,-12.0,0.0,4.0,-0.1,-7.8,1.1,0.019409937888198756,0.0015527950310559005,0.0,32.9804347826087,1.5473602484472049,11.343478260869565,44.323913043478264,32.999844720496895,7.683633540372671,,,,,34.0,1.6,11.7,45.7,7.9,,,,,35.4,1.6,10.8,46.2,7.6,38.0,0.85,0.65,42.0,18.0,1.8,18.0,22.0,6.0
2026,4,,2026-10-04,13:00,00-0037265,Snoop Conner,snoop conner,JAC,CIN,RB,DEPTH RB,False,,,,,,,,0,0,5,0.2,0.7,0.1,5,17,2.6,3.23,0.5,1.1,1.0,27.87,40.72,30.8,50.0,1.0,0.602,1.03,1.0,1.0,Neutral,1.053,1.091,0.972,1.0,1.12,1.12,1.12,1.12,9.1,-2.8,0.0,12.0,12.0,12.0,12.0,0.019409937888198756,0.0015527950310559005,0.0,32.9804347826087,1.5473602484472049,11.343478260869565,44.323913043478264,32.999844720496895,7.683633540372671,,,,,34.0,1.6,11.7,45.7,7.9,,,,,38.1,1.8,13.1,51.2,8.3,38.0,0.85,0.65,42.0,18.0,1.8,18.0,22.0,6.0
2026,4,,2026-10-04,09:30,00-0033296,Alex Armah,alex armah,WAS,IND,RB,DEPTH RB,True,,,,,,,,0,0,4,0.2,0.7,0.1,4,18,1.23,0.74,0.75,1.48,1.0,31.23,36.99,30.1,50.0,1.0,0.602,1.03,1.0,1.0,Favorable,1.093,1.12,0.903,1.0,1.012,0.929,0.967,1.001,12.0,-9.7,0.0,1.2,-7.1,-3.3,0.1,0.019409937888198756,0.0015527950310559005,0.0,32.9804347826087,1.5473602484472049,11.343478260869565,44.323913043478264,32.999844720496895,7.683633540372671,,,,,34.0,1.6,11.7,45.7,7.9,,,,,34.4,1.5,11.3,45.7,8.6,38.0,0.85,0.65,42.0,18.0,1.8,18.0,22.0,6.0
2026,4,,2026-10-04,20:20,00-0035184,Devine Ozigbo,devine ozigbo,DET,CAR,RB,DEPTH RB,False,,,,,,,,0,0,4,0.2,0.7,0.1,4,15,1.19,0.93,0.2,1.55,0.5,28.04,38.14,29.8,50.0,1.0,0.602,1.03,1.0,1.0,Neutral,0.992,0.913,0.88,1.0,1.12,1.03,1.003,1.12,-8.7,-12.0,0.0,12.0,3.0,0.3,12.0,0.019409937888198756,0.0015527950310559005,0.0,32.9804347826087,1.5473602484472049,11.343478260869565,44.323913043478264,32.999844720496895,7.683633540372671,,,,,34.0,1.6,11.7,45.7,7.9,,,,,38.1,1.6,11.7,51.2,7.8,38.0,0.85,0.65,42.0,18.0,1.8,18.0,22.0,6.0
2026,4,,2026-10-04,13:00,00-0030874,Damien Williams,damien williams,ARI,NYG,RB,DEPTH RB,False,,,,,,,,0,0,4,0.2,0.7,0.1,4,8,1.92,1.97,0.2,2.77,-0.625,24.72,38.61,29.1,50.0,1.0,0.602,0.97,1.0,1.0,Neutral,1.012,0.991,1.009,1.0,1.12,1.009,0.978,1.12,-0.9,0.9,0.0,12.0,0.9,-2.2,12.0,0.019409937888198756,0.0015527950310559005,0.0,32.9804347826087,1.5473602484472049,11.343478260869565,44.323913043478264,32.999844720496895,7.683633540372671,,,,,32.0,1.5,11.0,43.0,7.5,,,,,35.8,1.5,10.8,48.2,7.6,38.0,0.85,0.65,42.0,18.0,1.8,18.0,22.0,6.0
2026,4,,2026-10-04,09:30,00-0034109,Phillip Lindsay,phillip lindsay,IND,WAS,RB,DEPTH RB,False,,,,,,,,0,0,3,0.2,0.7,0.1,3,9,3.76,3.48,3.2,7.3,-0.976,19.48,38.15,27.6,50.0,1.0,0.602,0.97,1.0,1.0,Favorable,1.116,1.12,1.12,1.0,1.105,0.88,1.091,1.101,12.0,12.0,0.0,10.5,-12.0,9.1,10.1,0.019409937888198756,0.0015527950310559005,0.0,32.9804347826087,1.5473602484472049,11.343478260869565,44.323913043478264,32.999844720496895,7.683633540372671,,,,,32.0,1.5,11.0,43.0,7.5,,,,,35.4,1.3,12.0,47.3,8.4,38.0,0.85,0.65,42.0,18.0,1.8,18.0,22.0,6.0
2026,4,,2026-10-04,13:00,00-0030456,Giovani Bernard,giovani bernard,TB,GB,RB,DEPTH RB,True,,,,,,,,0,0,4,0.2,0.7,0.1,4,18,1.68,2.25,0.0,1.18,1.0,21.35,36.68,27.5,50.0,1.0,0.602,1.03,1.0,1.0,Neutral,0.966,0.916,0.903,1.0,1.12,0.972,0.928,1.091,-8.4,-9.7,0.0,12.0,-2.8,-7.2,9.1,0.019409937888198756,0.0015527950310559005,0.0,32.9804347826087,1.5473602484472049,11.343478260869565,44.323913043478264,32.999844720496895,7.683633540372671,,,,,34.0,1.6,11.7,45.7,7.9,,,,,38.1,1.6,10.9,49.9,7.6,38.0,0.85,0.65,42.0,18.0,1.8,18.0,22.0,6.0
2026,4,,2026-10-04,13:00,00-0037329,Brittain Brown,brittain brown,CHI,NYJ,RB,DEPTH RB,True,,,,,,,,0,2,3,0.2,0.7,0.1,3,15,3.23,4.57,0.0,4.85,0.0,15.53,28.86,25.4,50.0,1.0,0.6,1.0,1.0,1.0,Neutral,0.981,0.939,1.12,1.0,1.112,0.906,1.12,1.12,-6.1,12.0,0.0,11.2,-9.4,12.0,12.0,0.002426242236024845,0.0001940993788819876,0.0,13.372554347826087,0.19342003105590064,1.4179347826086959,14.790489130434784,13.374980590062112,3.3854541925465838,,,,,13.4,0.2,1.4,14.8,3.4,,,,,14.9,0.2,1.6,16.6,3.3,38.0,0.85,0.65,42.0,18.0,1.8,18.0,22.0,6.0
2026,4,,2026-10-04,09:30,00-0035715,Derrick Gore,derrick gore,WAS,IND,RB,DEPTH RB,True,,,,,,,,0,0,3,0.2,0.7,0.1,3,18,0.91,0.99,0.15,1.3,0.3,18.85,29.57,24.0,50.0,1.0,0.602,1.03,1.0,1.0,Favorable,1.093,1.12,0.903,1.0,1.012,0.929,0.967,1.001,12.0,-9.7,0.0,1.2,-7.1,-3.3,0.1,0.019409937888198756,0.0015527950310559005,0.0,32.9804347826087,1.5473602484472049,11.343478260869565,44.323913043478264,32.999844720496895,7.683633540372671,,,,,34.0,1.6,11.7,45.7,7.9,,,,,34.4,1.5,11.3,45.7,8.6,38.0,0.85,0.65,42.0,18.0,1.8,18.0,22.0,6.0
2026,4,,2026-10-04,13:00,00-0037410,Jashaun Corbin,jashaun corbin,NYG,ARI,RB,DEPTH RB,True,,,,,,,,0,0,3,0.2,0.7,0.1,3,18,1.43,2.03,0.0,2.15,0.0,15.53,27.69,22.5,50.0,1.0,0.602,1.0,1.0,1.0,Neutral,1.066,1.05,1.12,1.0,1.12,0.888,1.02,1.12,5.0,12.0,0.0,12.0,-11.2,2.0,12.0,0.019409937888198756,0.0015527950310559005,0.0,32.9804347826087,1.5473602484472049,11.343478260869565,44.323913043478264,32.999844720496895,7.683633540372671,,,,,33.0,1.5,11.3,44.3,7.7,,,,,37.0,1.3,11.5,49.6,8.2,38.0,0.85,0.65,42.0,18.0,1.8,18.0,22.0,6.0
2026,4,,2026-10-04,16:25,00-0038643,Brayden Willis,brayden willis,SF,DEN,TE,LOW TARGET,True,,,,,,,,2,11,8,0.2,0.7,0.1,8,18,0.0,0.0,0.0,0.0,0.0,100.0,65.12,77.3,50.0,1.0,0.55,1.0,1.0,1.0,Neutral,0.982,0.963,0.88,1.0,0.982,1.092,1.12,0.982,-3.7,-12.0,0.0,-1.8,9.2,12.0,-1.8,0.007801556420233465,7.782101167315177e-05,0.0,0.03317120622568094,0.21992217898832692,2.2460894941634244,2.2792607003891057,0.04097276264591441,0.5479268482490274,,,,,0.0,0.2,2.2,,0.5,,,,,0.0,0.2,2.5,,0.5,38.0,0.85,0.65,42.0,18.0,1.8,18.0,22.0,6.0
2026,4,,2026-10-04,20:20,00-0036825,Feleipe Franks,feleipe franks,CAR,DET,TE,LOW TARGET,True,,,,,,,,3,19,8,0.2,0.7,0.1,8,18,0.02,0.06,0.0,0.0,-0.067,94.29,63.75,76.6,50.0,1.0,0.55,0.992,1.0,1.0,Neutral,1.069,1.095,1.12,1.0,1.069,1.12,1.12,1.069,9.5,12.0,0.0,6.9,12.0,12.0,6.9,0.007801556420233465,7.782101167315177e-05,0.0,0.21211857464673356,0.25500989828657256,2.6671421257423717,2.8792607003891058,0.21992013106696703,0.643014567547273,,,,,0.2,0.3,2.6,,0.6,,,,,0.2,0.3,2.9,,0.6,38.0,0.85,0.65,42.0,18.0,1.8,18.0,22.0,6.0
2026,4,,2026-10-04,13:00,00-0038564,Cameron Latu,cameron latu,NE,BUF,TE,LOW TARGET,False,,,,,,,,2,10,8,0.2,0.7,0.1,8,18,0.0,0.0,0.0,0.0,0.0,100.0,65.0,76.0,50.0,1.0,0.55,1.0,1.0,1.0,Neutral,0.946,0.88,0.88,1.0,0.946,0.88,0.88,0.946,-12.0,-12.0,0.0,-5.4,-12.0,-12.0,-5.4,0.007801556420233465,7.782101167315177e-05,0.0,0.03317120622568094,0.21992217898832692,2.2460894941634244,2.2792607003891057,0.04097276264591441,0.5479268482490274,,,,,0.0,0.2,2.2,,0.5,,,,,0.0,0.2,1.9,,0.5,38.0,0.85,0.65,42.0,18.0,1.8,18.0,22.0,6.0
2026,4,,2026-10-04,13:00,00-0037744,Trey McBride,trey mcbride,ARI,NYG,TE,HIGH TARGET,False,,,,,,,,3,33,8,0.2,0.7,0.1,8,18,18.79,7.86,12.82,23.83,0.349,70.5,76.34,75.7,50.0,1.0,1.18,1.03,1.0,1.0,Neutral,1.012,0.991,1.009,1.0,1.012,0.977,0.91,1.012,-0.9,0.9,0.0,1.2,-2.3,-9.0,1.2,0.007801556420233465,7.782101167315177e-05,0.0,0.06536817592265064,7.099278239594388,67.170873043947,67.23624121986963,0.07316973234288411,16.6163251166473,,,,,0.1,7.3,69.2,,17.1,,,,,0.1,7.1,63.0,,17.3,38.0,0.85,0.65,42.0,18.0,2.7,23.94,22.0,6.0
2026,4,,2026-10-04,09:30,00-0040128,Tyler Warren,tyler warren,IND,WAS,TE,REGULAR TARGET,False,,,,,,,,3,17,8,0.2,0.7,0.1,8,18,9.9,3.83,5.72,11.33,0.721,72.12,71.32,74.1,50.0,1.0,0.934,1.03,1.0,1.0,Favorable,1.116,1.12,1.12,1.0,1.116,0.957,1.12,1.116,12.0,12.0,0.0,11.6,-4.3,12.0,11.6,0.007801556420233465,7.782101167315177e-05,0.0,0.6846768084665774,4.654586044534546,40.382364003967346,41.06704081243392,0.6924783648868109,10.5796460359241,,,,,0.7,4.8,41.6,,10.9,,,,,0.8,4.6,46.6,,12.2,38.0,0.85,0.65,42.0,18.0,1.8,18.0,22.0,6.0
2026,4,,2026-10-04,16:25,00-0039338,Brock Bowers,brock bowers,LV,KC,TE,REGULAR TARGET,True,,,,,,,,1,29,8,0.2,0.7,0.1,8,18,15.79,7.08,10.82,16.52,0.048,69.03,70.73,73.0,50.0,1.0,1.18,1.006,1.0,1.0,Tough,0.886,0.881,0.88,1.0,0.886,0.964,0.9,0.886,-11.9,-12.0,0.0,-11.4,-3.6,-10.0,-11.4,0.007801556420233465,7.782101167315177e-05,0.0,0.30657022100400605,6.3721389277568,69.46801067642946,69.77458089743345,0.31437177742423955,16.65164606007169,,,,,0.3,6.4,69.9,,16.7,,,,,0.3,6.2,62.9,,14.8,38.0,0.85,0.65,42.0,18.0,2.36,23.9,22.0,6.0
2026,4,,2026-10-04,20:20,00-0039065,Sam LaPorta,sam laporta,DET,CAR,TE,REGULAR TARGET,False,,,,,,,,3,25,8,0.2,0.7,0.1,8,18,12.83,5.65,9.2,17.95,-0.058,69.41,67.67,71.9,50.0,1.0,0.758,0.993,1.0,1.0,Neutral,0.992,0.913,0.88,1.0,0.992,0.94,1.055,0.992,-8.7,-12.0,0.0,-0.8,-6.0,5.5,-0.8,0.007801556420233465,7.782101167315177e-05,0.0,0.03317120622568094,4.039112655178804,47.186803779877714,47.219974986103395,0.04097276264591441,10.995188753010934,,,,,0.0,4.0,46.9,,10.9,,,,,0.0,3.8,49.5,,10.8,38.0,0.85,0.65,42.0,18.0,1.8,18.81,22.0,6.0
2026,4,,2026-10-04,16:25,00-0033288,George Kittle,george kittle,SF,DEN,TE,REGULAR TARGET,True,,,,,,,,3,26,8,0.2,0.7,0.1,8,18,16.25,8.25,10.0,23.23,-0.141,66.33,68.09,71.3,50.0,1.0,0.836,0.983,1.0,1.0,Neutral,0.982,0.963,0.88,1.0,0.982,1.092,1.12,0.982,-3.7,-12.0,0.0,-1.8,9.2,12.0,-1.8,0.007801556420233465,7.782101167315177e-05,0.0,-0.06282879377431909,4.796054047120196,62.33408949416343,62.27126070038911,-0.05502723735408561,15.008885090007269,,,,,-0.1,4.7,61.3,,14.8,,,,,-0.1,5.1,68.7,,14.5,38.0,0.85,0.65,42.0,18.0,1.94,26.11,22.0,6.0
2026,4,,2026-10-04,13:00,00-0034753,Mark Andrews,mark andrews,BAL,TEN,TE,LOW TARGET,True,,,,,,,,3,34,8,0.2,0.7,0.1,8,18,6.22,2.83,3.7,7.33,0.726,68.71,65.61,70.9,50.0,1.0,0.626,1.03,1.0,1.0,Neutral,1.014,1.025,0.932,1.0,1.014,0.966,0.906,1.014,2.5,-6.8,0.0,1.4,-3.4,-9.4,1.4,0.007801556420233465,7.782101167315177e-05,0.0,1.3481444682577668,3.157482657725277,31.340003423371478,32.68814789162924,1.3559460246780002,8.53172363969288,,,,,1.4,3.3,32.3,,8.8,,,,,1.4,3.2,29.3,,8.9,38.0,0.85,0.65,42.0,18.0,1.8,18.0,22.0,6.0
2026,4,,2026-10-04,16:25,00-0039793,AJ Barner,aj barner,SEA,LAC,TE,LOW TARGET,True,,,,,,,,3,32,8,0.2,0.7,0.1,8,18,8.35,4.22,5.12,12.25,-0.271,66.42,64.48,69.9,50.0,1.0,0.55,0.97,1.0,1.0,Tough,0.919,0.901,0.88,1.0,0.919,0.88,0.883,0.919,-9.9,-12.0,0.0,-8.1,-12.0,-11.7,-8.1,0.007801556420233465,7.782101167315177e-05,0.0,0.4562894857955734,2.750663346423043,27.869879816744074,28.326169302539647,0.4640910422158068,7.6051330694471835,,,,,0.4,2.7,27.0,,7.4,,,,,0.4,2.4,23.8,,6.8,38.0,0.85,0.65,42.0,18.0,1.8,18.0,22.0,6.0
2026,4,,2026-10-04,13:00,00-0034383,Dalton Schultz,dalton schultz,HOU,DAL,TE,REGULAR TARGET,True,,,,,,,,3,34,8,0.2,0.7,0.1,8,18,12.22,7.7,5.8,16.27,0.287,61.35,66.86,69.6,50.0,1.0,0.839,1.03,1.0,1.0,Neutral,1.062,1.086,1.12,1.0,1.062,1.027,1.005,1.062,8.6,12.0,0.0,6.2,2.7,0.5,6.2,0.007801556420233465,7.782101167315177e-05,0.0,0.03317120622568094,4.382616347564849,44.085407039363325,44.118578245589006,0.04097276264591441,9.606852236586182,,,,,0.0,4.5,45.4,,9.9,,,,,0.0,4.6,45.6,,10.5,38.0,0.85,0.65,42.0,18.0,1.8,18.0,22.0,6.0
2026,4,,2026-10-04,13:00,00-0038935,Brenton Strange,brenton strange,JAC,CIN,TE,LOW TARGET,False,,,,,,,,3,26,8,0.2,0.7,0.1,8,18,8.74,4.69,5.2,11.45,-0.501,65.09,64.06,69.4,50.0,1.0,0.595,0.97,1.0,1.0,Neutral,1.053,1.091,0.972,1.0,1.053,1.12,1.12,1.053,9.1,-2.8,0.0,5.3,12.0,12.0,5.3,0.007801556420233465,7.782101167315177e-05,0.0,0.03317120622568094,3.111775658841807,34.13984773592167,34.17301894214735,0.04097276264591441,7.666958350080529,,,,,0.0,3.0,33.1,,7.4,,,,,0.0,3.4,37.1,,7.8,38.0,0.85,0.65,42.0,18.0,1.8,18.0,22.0,6.0
2026,4,,2026-10-04,16:05,00-0037252,Greg Dulcich,greg dulcich,MIA,MIN,TE,LOW TARGET,False,,,,,,,,3,13,8,0.2,0.7,0.1,8,18,7.39,3.92,5.15,7.95,-0.353,65.34,63.48,69.2,50.0,1.0,0.55,0.97,1.0,1.0,Tough,0.927,0.88,0.88,1.0,0.927,0.88,0.898,0.927,-12.0,-12.0,0.0,-7.3,-12.0,-10.2,-7.3,0.007801556420233465,7.782101167315177e-05,0.0,-0.4783672553127806,2.694098003164151,31.28015542822936,30.80178817291658,-0.4705656988925471,6.1743554196776,,,,,-0.5,2.6,30.3,,6.0,,,,,-0.5,2.3,27.2,,5.6,38.0,0.85,0.65,42.0,18.0,1.8,18.0,22.0,6.0
2026,4,,2026-10-04,16:25,00-0036422,Adam Trautman,adam trautman,DEN,SF,TE,LOW TARGET,False,,,,,,,,1,26,8,0.2,0.7,0.1,8,18,3.76,1.74,2.7,4.43,-0.182,68.43,61.26,69.1,50.0,1.0,0.55,0.978,1.0,1.0,Neutral,1.018,1.019,0.947,1.0,1.018,1.12,1.055,1.018,1.9,-5.3,0.0,1.8,12.0,5.5,1.8,0.007801556420233465,7.782101167315177e-05,0.0,0.03317120622568094,1.5651529482190962,14.663320263394194,14.696491469619875,0.04097276264591441,3.566880694402874,,,,,0.0,1.5,14.3,,3.5,,,,,0.0,1.7,15.1,,3.6,38.0,0.85,0.65,42.0,18.0,1.8,18.0,22.0,6.0
2026,4,,2026-10-04,13:00,00-0038547,Luke Schoonmaker,luke schoonmaker,DAL,HOU,TE,LOW TARGET,False,,,,,,,,2,26,8,0.2,0.7,0.1,8,18,2.27,1.01,1.7,2.53,-0.344,69.11,59.44,68.6,50.0,1.0,0.55,0.97,1.0,1.0,Neutral,0.935,0.943,0.88,1.0,0.935,1.016,0.98,0.935,-5.7,-12.0,0.0,-6.5,1.6,-2.0,-6.5,0.007801556420233465,7.782101167315177e-05,0.0,0.03317120622568094,1.4245375636037119,13.598441142515075,13.631612348740756,0.04097276264591441,3.0133158592380385,,,,,0.0,1.4,13.2,,2.9,,,,,0.0,1.4,12.9,,2.7,38.0,0.85,0.65,42.0,18.0,1.8,18.0,22.0,6.0
2026,4,,2026-10-04,16:25,00-0030506,Travis Kelce,travis kelce,KC,LV,TE,REGULAR TARGET,False,,,,,,,,3,33,8,0.2,0.7,0.1,8,18,11.15,7.53,3.6,13.93,1.0,59.68,65.31,68.5,50.0,1.0,0.92,1.03,1.0,1.0,Neutral,0.962,0.942,0.88,1.0,0.962,0.9,0.88,0.962,-5.8,-12.0,0.0,-3.8,-10.0,-12.0,-3.8,0.007801556420233465,7.782101167315177e-05,0.0,0.07275453955901427,4.68415378071993,52.411186896760825,52.483941436319846,0.08055609597924775,12.082464185911364,,,,,0.1,4.8,54.0,,12.4,,,,,0.1,4.3,47.5,,11.9,38.0,0.85,0.65,42.0,18.0,1.8,18.05,22.0,6.0
2026,4,,2026-10-04,16:05,00-0035229,T.J. Hockenson,tj hockenson,MIN,MIA,TE,LOW TARGET,True,,,,,,,,3,25,8,0.2,0.7,0.1,8,18,7.32,4.23,5.2,10.93,0.076,63.39,62.86,68.5,50.0,1.0,0.653,1.009,1.0,1.0,Neutral,1.03,0.999,1.109,1.0,1.03,1.12,1.12,1.03,-0.1,10.9,0.0,3.0,12.0,12.0,3.0,0.007801556420233465,7.782101167315177e-05,0.0,0.03317120622568094,3.2537793218454705,30.280470446544385,30.313641652770066,0.04097276264591441,7.207793514915695,,,,,0.0,3.3,30.6,,7.3,,,,,0.0,3.7,34.3,,7.5,38.0,0.85,0.65,42.0,18.0,1.8,18.0,22.0,6.0
2026,4,,2026-10-04,13:00,00-0039144,Luke Musgrave,luke musgrave,GB,TB,TE,LOW TARGET,False,,,,,,,,0,20,8,0.2,0.7,0.1,8,18,4.98,2.66,2.9,6.5,1.0,65.2,61.82,68.5,50.0,1.0,0.55,1.03,1.0,1.0,Neutral,0.999,1.063,1.013,1.0,0.999,1.106,1.095,0.999,6.3,1.3,0.0,-0.1,10.6,9.5,-0.1,0.00975194552529183,9.727626459143971e-05,0.0,0.04146400778210117,1.7584553553143558,17.82340134138849,17.864865349170593,0.05121595330739301,3.670040139258653,,,,,0.0,1.8,18.4,,3.8,,,,,0.0,2.0,20.1,,3.8,38.0,0.85,0.65,42.0,18.0,1.8,18.0,22.0,6.0
2026,4,,2026-10-04,13:00,00-0033090,Hunter Henry,hunter henry,NE,BUF,TE,LOW TARGET,False,,,,,,,,3,33,8,0.2,0.7,0.1,8,18,7.91,4.73,4.9,11.95,-0.647,62.56,62.7,68.2,50.0,1.0,0.683,0.97,1.0,1.0,Neutral,0.946,0.88,0.88,1.0,0.946,0.88,0.88,0.946,-12.0,-12.0,0.0,-5.4,-12.0,-12.0,-5.4,0.007801556420233465,7.782101167315177e-05,0.0,0.03317120622568094,3.2709232612394095,37.16332434264828,37.19649554887396,0.04097276264591441,8.375878688075868,,,,,0.0,3.2,36.0,,8.1,,,,,0.0,2.8,31.7,,7.7,38.0,0.85,0.65,42.0,18.0,1.8,18.0,22.0,6.0
2026,4,,2026-10-04,13:00,00-0038129,Cade Otton,cade otton,TB,GB,TE,REGULAR TARGET,True,,,,,,,,3,29,8,0.2,0.7,0.1,8,18,8.62,5.74,4.55,8.65,-0.307,60.02,64.01,68.1,50.0,1.0,0.783,0.97,1.0,1.0,Neutral,0.966,0.916,0.903,1.0,0.966,1.008,0.88,0.966,-8.4,-9.7,0.0,-3.4,0.8,-12.0,-3.4,0.007801556420233465,7.782101167315177e-05,0.0,-0.02495687259205306,3.8059648719275714,39.49411905081367,39.469162178221616,-0.017155316171819594,8.480053285030637,,,,,-0.0,3.7,38.3,,8.2,,,,,-0.0,3.7,33.7,,7.9,38.0,0.85,0.65,42.0,18.0,1.8,18.0,22.0,6.0
2026,4,,2026-10-04,09:30,00-0037809,Chig Okonkwo,chig okonkwo,WAS,IND,TE,REGULAR TARGET,True,,,,,,,,1,33,8,0.2,0.7,0.1,8,18,7.69,5.13,3.9,9.1,-0.267,59.97,63.88,68.0,50.0,1.0,0.598,0.97,1.0,1.0,Favorable,1.093,1.12,0.903,1.0,1.093,1.12,1.12,1.093,12.0,-9.7,0.0,9.3,12.0,12.0,9.3,0.007801556420233465,7.782101167315177e-05,0.0,0.38411817592265063,2.966513088079236,28.24968797901191,28.63380615493456,0.3919197323428841,6.472017757339936,,,,,0.4,2.9,27.4,,6.3,,,,,0.4,3.2,30.7,,6.9,38.0,0.85,0.65,42.0,18.0,1.8,18.0,22.0,6.0
2026,4,,2026-10-04,13:00,00-0035631,Drew Sample,drew sample,CIN,JAC,TE,LOW TARGET,True,,,,,,,,2,23,8,0.2,0.7,0.1,8,18,3.14,1.65,1.6,4.75,0.05,65.6,60.24,68.0,50.0,1.0,0.55,1.006,1.0,1.0,Neutral,1.0,1.0,1.0,1.0,1.0,1.0,1.0,1.0,0.0,0.0,0.0,0.0,0.0,0.0,0.0,0.007801556420233465,7.782101167315177e-05,0.0,0.06083919041540426,1.5816387233135674,9.984372949838187,10.045212140253591,0.06864074683563774,3.008768180829491,,,,,0.1,1.6,10.0,,3.0,,,,,0.1,1.6,10.0,,3.0,38.0,0.85,0.65,42.0,18.0,1.8,18.0,22.0,6.0
2026,4,,2026-10-04,13:00,00-0034829,Mike Gesicki,mike gesicki,CIN,JAC,TE,LOW TARGET,True,,,,,,,,2,28,8,0.2,0.7,0.1,8,18,10.46,6.43,3.75,14.22,0.634,61.94,61.99,67.8,50.0,1.0,0.597,1.03,1.0,1.0,Neutral,1.0,1.0,1.0,1.0,1.0,1.0,1.0,1.0,0.0,0.0,0.0,0.0,0.0,0.0,0.0,0.007801556420233465,7.782101167315177e-05,0.0,0.03317120622568094,3.183414242480391,35.59450219257613,35.62767339880181,0.04097276264591441,8.646260181582361,,,,,0.0,3.3,36.7,,8.9,,,,,0.0,3.3,36.7,,8.9,38.0,0.85,0.65,42.0,18.0,1.8,18.0,22.0,6.0
2026,4,,2026-10-04,13:00,00-0034351,Dallas Goedert,dallas goedert,PHI,LAR,TE,LOW TARGET,True,,,,,,,,2,25,8,0.2,0.7,0.1,8,18,12.43,8.57,4.53,17.77,-0.342,59.18,63.18,67.6,50.0,1.0,0.662,0.97,1.0,1.0,Neutral,1.0,1.0,1.0,1.0,1.0,1.0,1.0,1.0,0.0,0.0,0.0,0.0,0.0,0.0,0.0,0.007801556420233465,7.782101167315177e-05,0.0,0.03317120622568094,3.4053507504168983,36.513518065591995,36.54668927181768,0.04097276264591441,10.281812562534741,,,,,0.0,3.3,35.4,,10.0,,,,,0.0,3.3,35.4,,10.0,38.0,0.85,0.65,42.0,18.0,1.8,18.0,22.0,6.0
2026,4,,2026-10-04,16:25,00-0039066,Michael Mayer,michael mayer,LV,KC,TE,LOW TARGET,True,,,,,,,,3,24,8,0.2,0.7,0.1,8,18,7.9,5.25,2.3,9.95,-0.033,60.1,62.79,67.6,50.0,1.0,0.55,0.996,1.0,1.0,Tough,0.886,0.881,0.88,1.0,0.886,0.964,0.9,0.886,-11.9,-12.0,0.0,-11.4,-3.6,-10.0,-11.4,0.007801556420233465,7.782101167315177e-05,0.0,0.03317120622568094,2.66101948747694,23.552973552134443,23.586144758360124,0.04097276264591441,5.8824454817894,,,,,0.0,2.7,23.5,,5.9,,,,,0.0,2.6,21.2,,5.2,38.0,0.85,0.65,42.0,18.0,1.8,18.0,22.0,6.0
2026,4,,2026-10-04,13:00,00-0030061,Zach Ertz,zach ertz,PHI,LAR,TE,REGULAR TARGET,True,,,,,,,,1,30,8,0.2,0.7,0.1,8,18,8.19,6.18,4.72,10.22,-0.061,57.02,64.2,67.4,50.0,1.0,0.651,0.993,1.0,1.0,Neutral,1.0,1.0,1.0,1.0,1.0,1.0,1.0,1.0,0.0,0.0,0.0,0.0,0.0,0.0,0.0,0.007801556420233465,7.782101167315177e-05,0.0,0.03317120622568094,3.1486578111722356,31.31988259761171,31.35305380383739,0.04097276264591441,8.07231765284673,,,,,0.0,3.1,31.1,,8.0,,,,,0.0,3.1,31.1,,8.0,38.0,0.85,0.65,42.0,18.0,1.8,18.0,22.0,6.0
2026,4,,2026-10-04,13:00,00-0033110,Tyler Higbee,tyler higbee,LAR,PHI,TE,REGULAR TARGET,False,,,,,,,,2,13,8,0.2,0.7,0.1,8,18,10.43,7.56,4.5,15.53,1.0,57.99,63.26,67.3,50.0,1.0,0.666,1.03,1.0,1.0,Neutral,0.952,0.891,0.88,1.0,0.952,0.88,0.88,0.952,-10.9,-12.0,0.0,-4.8,-12.0,-12.0,-4.8,0.007801556420233465,7.782101167315177e-05,0.0,0.03317120622568094,3.3386034976696455,32.554331252405184,32.587502458630865,0.04097276264591441,9.055674100996281,,,,,0.0,3.4,33.5,,9.3,,,,,0.0,3.0,29.5,,8.9,38.0,0.85,0.65,42.0,18.0,1.8,18.0,22.0,6.0
2026,4,,2026-10-04,13:00,00-0039074,Davis Allen,davis allen,LAR,PHI,TE,LOW TARGET,False,,,,,,,,3,22,8,0.2,0.7,0.1,8,18,2.87,1.7,1.62,4.22,-0.21,62.8,59.58,67.0,50.0,1.0,0.55,0.975,1.0,1.0,Neutral,0.952,0.891,0.88,1.0,0.952,0.88,0.88,0.952,-10.9,-12.0,0.0,-4.8,-12.0,-12.0,-4.8,0.007801556420233465,7.782101167315177e-05,0.0,0.03317120622568094,1.5385368976030456,13.698037546111477,13.731208752337158,0.04097276264591441,3.5727753330975123,,,,,0.0,1.5,13.4,,3.5,,,,,0.0,1.3,11.8,,3.3,38.0,0.85,0.65,42.0,18.0,1.8,18.0,22.0,6.0
2026,4,,2026-10-04,13:00,00-0038996,Tucker Kraft,tucker kraft,GB,TB,TE,REGULAR TARGET,False,,,,,,,,3,25,8,0.2,0.7,0.1,8,18,11.13,9.02,5.95,13.43,-0.638,55.23,63.98,66.9,50.0,1.0,0.687,0.97,1.0,1.0,Neutral,0.999,1.063,1.013,1.0,0.999,1.106,1.095,0.999,6.3,1.3,0.0,-0.1,10.6,9.5,-0.1,0.007801556420233465,7.782101167315177e-05,0.0,0.282171206225681,3.2254936075597556,43.418470446544376,43.70064165277007,0.28997276264591443,9.96363637205855,,,,,0.3,3.1,42.1,,9.7,,,,,0.3,3.4,46.1,,9.7,38.0,0.85,0.65,42.0,18.0,1.8,18.0,22.0,6.0
2026,4,,2026-10-04,13:00,00-0040736,Mason Taylor,mason taylor,NYJ,CHI,TE,LOW TARGET,False,,,,,,,,1,13,8,0.2,0.7,0.1,8,14,5.9,3.86,3.52,7.78,0.185,60.44,63.55,66.8,50.0,1.0,0.644,1.022,1.0,1.0,Neutral,1.028,1.015,1.022,1.0,1.028,1.027,0.952,1.028,1.5,2.2,0.0,2.8,2.7,-4.8,2.8,0.007801556420233465,7.782101167315177e-05,0.0,0.03317120622568094,3.0276144866806347,22.01916641724035,22.05233762346603,0.04097276264591441,5.771388386710567,,,,,0.0,3.1,22.5,,5.9,,,,,0.0,3.2,21.4,,6.1,38.0,0.85,0.65,42.0,18.0,1.8,18.0,22.0,6.0
2026,4,,2026-10-04,16:25,00-0033885,David Njoku,david njoku,LAC,SEA,TE,LOW TARGET,False,,,,,,,,2,22,8,0.2,0.7,0.1,8,18,6.3,4.2,2.27,10.28,0.394,60.04,60.38,66.7,50.0,1.0,0.759,1.03,1.0,1.0,Tough,0.922,0.88,0.88,1.0,0.922,1.099,1.046,0.922,-12.0,-12.0,0.0,-7.8,9.9,4.6,-7.8,0.007801556420233465,7.782101167315177e-05,0.0,0.03317120622568094,3.5264156854818336,30.382453130527065,30.415624336752746,0.04097276264591441,8.558965809287988,,,,,0.0,3.6,31.3,,8.8,,,,,0.0,4.0,32.7,,8.1,38.0,0.85,0.65,42.0,18.0,1.8,18.0,22.0,6.0
2026,4,,2026-10-04,13:00,00-0038933,Dalton Kincaid,dalton kincaid,BUF,NE,TE,LOW TARGET,True,,,,,,,,3,25,8,0.2,0.7,0.1,8,18,10.33,7.63,5.22,15.07,1.0,57.53,61.91,66.6,50.0,1.0,0.67,1.03,1.0,1.0,Tough,0.908,0.89,0.888,1.0,0.908,0.993,0.97,0.908,-11.0,-11.2,0.0,-9.2,-0.7,-3.0,-9.2,0.007801556420233465,7.782101167315177e-05,0.0,0.03317120622568094,3.3575412266073745,46.33585139892533,46.36902260515101,0.04097276264591441,9.534045895868076,,,,,0.0,3.5,47.7,,9.8,,,,,0.0,3.5,46.3,,8.9,38.0,0.85,0.65,42.0,18.0,1.8,18.0,22.0,6.0
2026,4,,2026-10-04,13:00,00-0034613,Tanner Hudson,tanner hudson,CIN,JAC,TE,LOW TARGET,True,,,,,,,,2,19,8,0.2,0.7,0.1,8,18,3.38,2.07,1.77,4.72,0.21,62.0,58.79,66.5,50.0,1.0,0.55,1.025,1.0,1.0,Neutral,1.0,1.0,1.0,1.0,1.0,1.0,1.0,1.0,0.0,0.0,0.0,0.0,0.0,0.0,0.0,0.007801556420233465,7.782101167315177e-05,0.0,0.05948699569936515,1.920674058687575,16.158119569351395,16.21760656505076,0.06728855211959862,4.253039630203915,,,,,0.1,2.0,16.6,,4.4,,,,,0.1,2.0,16.6,,4.4,38.0,0.85,0.65,42.0,18.0,1.8,18.0,22.0,6.0
2026,4,,2026-10-04,13:00,00-0034981,Foster Moreau,foster moreau,HOU,DAL,TE,LOW TARGET,True,,,,,,,,3,23,8,0.2,0.7,0.1,8,18,4.05,2.61,2.33,4.05,1.0,60.83,58.87,66.3,50.0,1.0,0.55,1.03,1.0,1.0,Neutral,1.062,1.086,1.12,1.0,1.062,1.027,1.005,1.062,8.6,12.0,0.0,6.2,2.7,0.5,6.2,0.007801556420233465,7.782101167315177e-05,0.0,0.03317120622568094,1.7879063687116472,19.504211082719802,19.537382288945484,0.04097276264591441,5.191017380904778,,,,,0.0,1.8,20.1,,5.3,,,,,0.0,1.8,20.2,,5.6,38.0,0.85,0.65,42.0,18.0,1.8,18.0,22.0,6.0
2026,4,,2026-10-04,13:00,00-0033858,Jonnu Smith,jonnu smith,GB,TB,TE,LOW TARGET,False,,,,,,,,2,34,8,0.2,0.7,0.1,8,18,4.54,3.23,1.55,7.17,-0.431,58.42,60.35,66.2,50.0,1.0,0.583,0.97,1.0,1.0,Neutral,0.999,1.063,1.013,1.0,0.999,1.106,1.095,0.999,6.3,1.3,0.0,-0.1,10.6,9.5,-0.1,0.007801556420233465,7.782101167315177e-05,0.0,1.9342407249422586,3.0199221789883275,27.388411877662282,29.32265260260454,1.942042281362492,7.295046787133672,,,,,1.9,2.9,26.6,,7.1,,,,,1.9,3.2,29.1,,7.1,38.0,0.85,0.65,42.0,18.0,1.8,18.0,22.0,6.0
2026,4,,2026-10-04,13:00,00-0040126,Colston Loveland,colston loveland,CHI,NYJ,TE,REGULAR TARGET,True,,,,,,,,3,16,8,0.2,0.7,0.1,8,18,9.73,8.74,4.83,15.03,-0.84,52.69,63.3,66.0,50.0,1.0,0.709,0.97,1.0,1.0,Neutral,0.981,0.939,1.12,1.0,0.981,1.003,0.975,0.981,-6.1,12.0,0.0,-1.9,0.3,-2.5,-1.9,0.007801556420233465,7.782101167315177e-05,0.0,-0.0768287937743191,3.5025412266073745,39.87597044654438,39.79914165277006,-0.06902723735408563,9.397533991106172,,,,,-0.1,3.4,38.7,,9.1,,,,,-0.1,3.4,37.7,,8.9,38.0,0.85,0.65,42.0,18.0,1.8,18.0,22.0,6.0
2026,4,,2026-10-04,13:00,00-0033246,Johnny Mundt,johnny mundt,PHI,LAR,TE,LOW TARGET,True,,,,,,,,2,26,8,0.2,0.7,0.1,8,18,2.08,1.33,1.05,2.88,0.015,60.9,58.14,66.0,50.0,1.0,0.55,1.002,1.0,1.0,Neutral,1.0,1.0,1.0,1.0,1.0,1.0,1.0,1.0,0.0,0.0,0.0,0.0,0.0,0.0,0.0,0.007801556420233465,7.782101167315177e-05,0.0,0.03317120622568094,1.162603497669646,10.007276307350237,10.040447513575918,0.04097276264591441,2.517803771325951,,,,,0.0,1.2,10.0,,2.5,,,,,0.0,1.2,10.0,,2.5,38.0,0.85,0.65,42.0,18.0,1.8,18.0,22.0,6.0
2026,4,,2026-10-04,16:25,00-0034159,Will Dissly,will dissly,LAC,SEA,TE,LOW TARGET,False,,,,,,,,0,23,8,0.2,0.7,0.1,8,18,2.66,1.81,1.48,3.82,1.0,59.52,58.86,65.9,50.0,1.0,0.55,1.03,1.0,1.0,Tough,0.922,0.88,0.88,1.0,0.922,1.099,1.046,0.922,-12.0,-12.0,0.0,-7.8,9.9,4.6,-7.8,0.00975194552529183,9.727626459143971e-05,0.0,0.04146400778210117,2.429546992510113,23.19002293489796,23.23148694268006,0.05121595330739301,5.343208955568202,,,,,0.0,2.5,23.9,,5.5,,,,,0.0,2.7,25.0,,5.1,38.0,0.85,0.65,42.0,18.0,1.8,18.0,22.0,6.0
2026,4,,2026-10-04,13:00,00-0038041,Jake Ferguson,jake ferguson,DAL,HOU,TE,LOW TARGET,False,,,,,,,,3,31,8,0.2,0.7,0.1,8,18,8.03,6.18,3.35,9.68,1.0,56.53,60.43,65.8,50.0,1.0,0.745,1.03,1.0,1.0,Neutral,0.935,0.943,0.88,1.0,0.935,1.016,0.98,0.935,-5.7,-12.0,0.0,-6.5,1.6,-2.0,-6.5,0.007801556420233465,7.782101167315177e-05,0.0,0.061558302999874484,3.9336548978823354,31.16470700568416,31.22626530868403,0.06935985942010796,9.461183376666847,,,,,0.1,4.1,32.1,,9.7,,,,,0.1,4.2,31.5,,9.1,38.0,0.85,0.65,42.0,18.0,1.8,18.0,22.0,6.0
2026,4,,2026-10-04,20:20,00-0040187,Mitchell Evans,mitchell evans,CAR,DET,TE,LOW TARGET,True,,,,,,,,3,14,8,0.2,0.7,0.1,8,18,3.12,2.17,1.58,5.08,0.286,59.02,58.49,65.7,50.0,1.0,0.55,1.03,1.0,1.0,Neutral,1.069,1.095,1.12,1.0,1.069,1.12,1.12,1.069,9.5,12.0,0.0,6.9,12.0,12.0,6.9,0.007801556420233465,7.782101167315177e-05,0.0,0.10130307435754908,1.558750017816166,15.149019897093828,15.25032297145138,0.10910463077778254,3.6256191559413353,,,,,0.1,1.6,15.6,,3.7,,,,,0.1,1.8,17.5,,4.0,38.0,0.85,0.65,42.0,18.0,1.8,18.0,22.0,6.0
2026,4,,2026-10-04,13:00,00-0037838,Isaiah Likely,isaiah likely,NYG,ARI,TE,REGULAR TARGET,True,,,,,,,,3,27,8,0.2,0.7,0.1,8,18,9.39,8.45,4.72,12.5,1.0,52.64,62.39,65.6,50.0,1.0,0.586,1.03,1.0,1.0,Neutral,1.066,1.05,1.12,1.0,1.066,1.12,1.12,1.066,5.0,12.0,0.0,6.6,12.0,12.0,6.6,0.007801556420233465,7.782101167315177e-05,0.0,0.03317120622568094,2.7809722400383885,28.36102640910034,28.39419761532602,0.04097276264591441,7.0260465063686866,,,,,0.0,2.9,29.2,,7.2,,,,,0.0,3.2,32.7,,7.7,38.0,0.85,0.65,42.0,18.0,1.8,18.0,22.0,6.0
2026,4,,2026-10-04,16:05,00-0038720,Julian Hill,julian hill,MIA,MIN,TE,LOW TARGET,False,,,,,,,,0,25,8,0.2,0.7,0.1,8,18,2.78,1.93,1.62,4.9,1.0,58.97,58.02,65.5,50.0,1.0,0.55,1.03,1.0,1.0,Tough,0.927,0.88,0.88,1.0,0.927,0.88,0.898,0.927,-12.0,-12.0,0.0,-7.3,-12.0,-10.2,-7.3,0.00975194552529183,9.727626459143971e-05,0.0,0.04146400778210117,1.2486527237354086,11.69386186770428,11.735325875486382,0.05121595330739301,2.6222835603112844,,,,,0.0,1.3,12.0,,2.7,,,,,0.0,1.1,10.8,,2.5,38.0,0.85,0.65,42.0,18.0,1.8,18.0,22.0,6.0
2026,4,,2026-10-04,16:25,00-0040189,Oronde Gadsden II,oronde gadsden ii,LAC,SEA,TE,LOW TARGET,False,,,,,,,,3,15,8,0.2,0.7,0.1,8,18,5.54,4.27,1.7,9.88,-0.176,56.48,59.28,65.3,50.0,1.0,0.554,0.979,1.0,1.0,Tough,0.922,0.88,0.88,1.0,0.922,1.099,1.046,0.922,-12.0,-12.0,0.0,-7.8,9.9,4.6,-7.8,0.007801556420233465,7.782101167315177e-05,0.0,0.03317120622568094,2.556112655178804,33.577518065592,33.610689271817684,0.04097276264591441,7.203926848249028,,,,,0.0,2.5,32.9,,7.1,,,,,0.0,2.7,34.4,,6.5,38.0,0.85,0.65,42.0,18.0,1.8,18.0,22.0,6.0
2026,4,,2026-10-04,13:00,00-0040584,Gunnar Helm,gunnar helm,TEN,BAL,TE,LOW TARGET,False,,,,,,,,3,16,8,0.2,0.7,0.1,8,17,4.91,3.95,2.62,7.17,-0.286,55.41,59.94,65.3,50.0,1.0,0.55,0.97,1.0,1.0,Neutral,1.005,1.085,0.88,1.0,1.005,0.913,0.898,1.005,8.5,-12.0,0.0,0.5,-8.7,-10.2,0.5,0.007801556420233465,7.782101167315177e-05,0.0,0.03317120622568094,2.6761126551788035,21.200256160830094,21.233427367055775,0.04097276264591441,5.49953399110617,,,,,0.0,2.6,20.6,,5.3,,,,,0.0,2.4,18.5,,5.3,38.0,0.85,0.65,42.0,18.0,1.8,18.0,22.0,6.0
2026,4,,2026-10-04,20:20,00-0031610,Darren Waller,darren waller,CAR,DET,TE,LOW TARGET,True,,,,,,,,3,9,8,0.2,0.7,0.1,8,18,9.78,7.57,4.28,12.15,-0.012,56.39,62.11,65.2,50.0,1.0,0.581,0.999,1.0,1.0,Neutral,1.069,1.095,1.12,1.0,1.069,1.12,1.12,1.069,9.5,12.0,0.0,6.9,12.0,12.0,6.9,0.007801556420233465,7.782101167315177e-05,0.0,0.37761565067012537,2.8139697980359464,31.539343462417392,31.916959113087522,0.3854172070903588,9.255744308566488,,,,,0.4,2.8,31.5,,9.2,,,,,0.4,3.1,35.3,,9.8,38.0,0.85,0.65,42.0,18.0,1.8,18.0,22.0,6.0
2026,4,,2026-10-04,20:20,00-0037005,Tommy Tremble,tommy tremble,CAR,DET,TE,LOW TARGET,True,,,,,,,,3,25,8,0.2,0.7,0.1,8,18,4.73,3.84,1.55,5.9,-0.125,55.19,59.08,64.9,50.0,1.0,0.55,0.985,1.0,1.0,Neutral,1.069,1.095,1.12,1.0,1.069,1.12,1.12,1.069,9.5,12.0,0.0,6.9,12.0,12.0,6.9,0.007801556420233465,7.782101167315177e-05,0.0,0.03317120622568094,2.025588845654994,20.483899017972952,20.517070224198633,0.04097276264591441,4.837374467296646,,,,,0.0,2.0,20.2,,4.8,,,,,0.0,2.2,22.6,,5.1,38.0,0.85,0.65,42.0,18.0,1.8,18.0,22.0,6.0
2026,4,,2026-10-04,13:00,00-0035689,Dawson Knox,dawson knox,BUF,NE,TE,LOW TARGET,True,,,,,,,,3,30,8,0.2,0.7,0.1,8,18,7.29,5.79,1.93,12.12,-0.426,55.74,58.72,64.9,50.0,1.0,0.55,0.97,1.0,1.0,Tough,0.908,0.89,0.888,1.0,0.908,0.993,0.97,0.908,-11.0,-11.2,0.0,-9.2,-0.7,-3.0,-9.2,0.007801556420233465,7.782101167315177e-05,0.0,0.03317120622568094,1.9406118341607408,21.139981119779186,21.173152326004868,0.04097276264591441,5.441224056787616,,,,,0.0,1.9,20.5,,5.3,,,,,0.0,1.9,19.9,,4.8,38.0,0.85,0.65,42.0,18.0,1.8,18.0,22.0,6.0
2026,4,,2026-10-04,13:00,00-0039359,Cade Stover,cade stover,HOU,DAL,TE,LOW TARGET,True,,,,,,,,1,20,8,0.2,0.7,0.1,8,18,2.54,2.01,0.6,4.22,-0.407,55.78,58.62,64.9,50.0,1.0,0.55,0.97,1.0,1.0,Neutral,1.062,1.086,1.12,1.0,1.062,1.027,1.005,1.062,8.6,12.0,0.0,6.2,2.7,0.5,6.2,0.007801556420233465,7.782101167315177e-05,0.0,0.16896067990989144,1.4304484947778004,9.125563178373952,9.294523858283844,0.17676223633012492,2.674716321933238,,,,,0.2,1.4,8.9,,2.6,,,,,0.2,1.4,8.9,,2.8,38.0,0.85,0.65,42.0,18.0,1.8,18.0,22.0,6.0
2026,4,,2026-10-04,20:20,00-0039356,Ja'Tavion Sanders,jatavion sanders,CAR,DET,TE,LOW TARGET,True,,,,,,,,0,27,8,0.2,0.7,0.1,8,18,4.25,3.27,1.58,6.7,-0.287,56.54,57.81,64.8,50.0,1.0,0.55,0.97,1.0,1.0,Neutral,1.069,1.095,1.12,1.0,1.069,1.12,1.12,1.069,9.5,12.0,0.0,6.9,12.0,12.0,6.9,0.00975194552529183,9.727626459143971e-05,0.0,0.04146400778210117,2.271341470174155,19.231044916137332,19.272508923919432,0.05121595330739301,4.770271808174533,,,,,0.0,2.2,18.7,,4.6,,,,,0.0,2.5,20.9,,4.9,38.0,0.85,0.65,42.0,18.0,1.8,18.0,22.0,6.0
2026,4,,2026-10-04,16:25,00-0033881,Evan Engram,evan engram,DEN,SF,TE,LOW TARGET,False,,,,,,,,3,25,8,0.2,0.7,0.1,8,18,5.23,4.48,2.58,6.45,-0.115,53.84,58.83,64.5,50.0,1.0,0.642,0.986,1.0,1.0,Neutral,1.018,1.019,0.947,1.0,1.018,1.12,1.055,1.018,1.9,-5.3,0.0,1.8,12.0,5.5,1.8,0.007801556420233465,7.782101167315177e-05,0.0,0.23617120622568094,2.996969798035946,27.376518065592,27.612689271817683,0.24397276264591441,6.374888753010931,,,,,0.2,3.0,27.0,,6.3,,,,,0.2,3.4,28.5,,6.4,38.0,0.85,0.65,42.0,18.0,1.8,18.0,22.0,6.0
2026,4,,2026-10-04,13:00,00-0039050,Payne Durham,payne durham,TB,GB,TE,LOW TARGET,True,,,,,,,,1,16,8,0.2,0.7,0.1,8,18,0.28,0.71,0.0,0.0,-0.7,58.4,55.76,64.4,50.0,1.0,0.55,0.97,1.0,1.0,Neutral,0.966,0.916,0.903,1.0,0.966,1.008,0.88,0.966,-8.4,-9.7,0.0,-3.4,0.8,-12.0,-3.4,0.007801556420233465,7.782101167315177e-05,0.0,0.03317120622568094,0.687422178988327,7.131089494163425,7.164260700389106,0.04097276264591441,1.9989268482490272,,,,,0.0,0.7,6.9,,1.9,,,,,0.0,0.7,6.1,,1.8,38.0,0.85,0.65,42.0,18.0,1.8,18.0,22.0,6.0
2026,4,,2026-10-04,13:00,00-0039847,Theo Johnson,theo johnson,NYG,ARI,TE,LOW TARGET,True,,,,,,,,2,26,8,0.2,0.7,0.1,8,16,5.06,4.84,1.42,10.32,-0.929,51.11,59.9,64.2,50.0,1.0,0.602,0.97,1.0,1.0,Neutral,1.066,1.05,1.12,1.0,1.066,1.12,1.12,1.066,5.0,12.0,0.0,6.6,12.0,12.0,6.6,0.007801556420233465,7.782101167315177e-05,0.0,0.03317120622568094,2.3256804207465684,27.18283674691068,27.216007953136362,0.04097276264591441,6.183052122974302,,,,,0.0,2.3,26.4,,6.0,,,,,0.0,2.6,29.6,,6.4,38.0,0.85,0.65,42.0,18.0,1.8,18.0,22.0,6.0
2026,4,,2026-10-04,20:20,00-0036754,Brock Wright,brock wright,DET,CAR,TE,LOW TARGET,False,,,,,,,,3,19,8,0.2,0.7,0.1,8,18,2.38,1.98,1.12,3.42,-0.517,54.56,57.6,64.2,50.0,1.0,0.55,0.97,1.0,1.0,Neutral,0.992,0.913,0.88,1.0,0.992,0.94,1.055,0.992,-8.7,-12.0,0.0,-0.8,-6.0,5.5,-0.8,0.007801556420233465,7.782101167315177e-05,0.0,0.03317120622568094,1.4537567654544927,10.936565684639616,10.969736890865297,0.04097276264591441,3.513966948499654,,,,,0.0,1.4,10.6,,3.4,,,,,0.0,1.3,11.2,,3.4,38.0,0.85,0.65,42.0,18.0,1.8,18.0,22.0,6.0
2026,4,,2026-10-04,16:25,00-0034365,Ian Thomas,ian thomas,LV,KC,TE,LOW TARGET,True,,,,,,,,1,12,8,0.2,0.7,0.1,8,18,3.28,1.95,1.88,4.03,-0.392,62.71,58.66,64.1,50.0,1.0,0.55,0.97,1.0,1.0,Tough,0.886,0.881,0.88,1.0,0.886,0.964,0.9,0.886,-11.9,-12.0,0.0,-11.4,-3.6,-10.0,-11.4,0.007801556420233465,7.782101167315177e-05,0.0,0.03317120622568094,1.4441646032307511,12.788513736587669,12.82168494281335,0.04097276264591441,2.826411696733876,,,,,0.0,1.4,12.4,,2.7,,,,,0.0,1.3,11.2,,2.4,38.0,0.85,0.65,42.0,18.0,1.8,18.0,22.0,6.0
2026,4,,2026-10-04,13:00,00-0036244,Colby Parkinson,colby parkinson,LAR,PHI,TE,LOW TARGET,False,,,,,,,,3,30,8,0.2,0.7,0.1,8,18,8.15,8.14,3.02,14.05,-0.854,50.02,59.37,63.8,50.0,1.0,0.55,0.97,1.0,1.0,Neutral,0.952,0.891,0.88,1.0,0.952,0.88,0.88,0.952,-10.9,-12.0,0.0,-4.8,-12.0,-12.0,-4.8,0.007801556420233465,7.782101167315177e-05,0.0,0.03317120622568094,2.170201325129542,20.66155747445899,20.694728680684673,0.04097276264591441,5.875844746442788,,,,,0.0,2.1,20.0,,5.7,,,,,0.0,1.8,17.6,,5.4,38.0,0.85,0.65,42.0,18.0,1.8,18.0,22.0,6.0
2026,4,,2026-10-04,09:30,00-0039912,Ben Sinnott,ben sinnott,WAS,IND,TE,LOW TARGET,True,,,,,,,,2,16,8,0.2,0.7,0.1,8,18,2.71,2.25,1.58,4.92,-0.675,54.67,56.58,63.8,50.0,1.0,0.55,0.97,1.0,1.0,Favorable,1.093,1.12,0.903,1.0,1.093,1.12,1.12,1.093,12.0,-9.7,0.0,9.3,12.0,12.0,9.3,0.007801556420233465,7.782101167315177e-05,0.0,0.03317120622568094,1.0570650361311842,9.70894663702057,9.742117843246252,0.04097276264591441,2.6113554196775994,,,,,0.0,1.0,9.4,,2.5,,,,,0.0,1.1,10.5,,2.7,38.0,0.85,0.65,42.0,18.0,1.8,18.0,22.0,6.0
2026,4,,2026-10-04,13:00,00-0039530,Brevyn Spann-Ford,brevyn spann ford,DAL,HOU,TE,LOW TARGET,False,,,,,,,,3,27,8,0.2,0.7,0.1,8,18,2.29,1.87,0.0,3.57,-0.308,55.08,55.98,63.7,50.0,1.0,0.55,0.97,1.0,1.0,Neutral,0.935,0.943,0.88,1.0,0.935,1.016,0.98,0.935,-5.7,-12.0,0.0,-6.5,1.6,-2.0,-6.5,0.007801556420233465,7.782101167315177e-05,0.0,0.03317120622568094,0.8537439128100608,9.376411024484957,9.409582230710638,0.04097276264591441,2.086233726555906,,,,,0.0,0.8,9.1,,2.0,,,,,0.0,0.8,8.9,,1.9,38.0,0.85,0.65,42.0,18.0,1.8,18.0,22.0,6.0
2026,4,,2026-10-04,16:25,00-0036637,Noah Gray,noah gray,KC,LV,TE,LOW TARGET,False,,,,,,,,3,30,8,0.2,0.7,0.1,8,18,2.99,2.74,0.9,5.62,0.167,52.23,56.86,63.3,50.0,1.0,0.55,1.02,1.0,1.0,Neutral,0.962,0.942,0.88,1.0,0.962,0.9,0.88,0.962,-5.8,-12.0,0.0,-3.8,-10.0,-12.0,-3.8,0.007801556420233465,7.782101167315177e-05,0.0,-0.06154143745248,1.8763753809587704,19.12671346789085,19.06517203043837,-0.053739881032246535,4.4733160108106045,,,,,-0.1,1.9,19.5,,4.6,,,,,-0.1,1.7,17.2,,4.4,38.0,0.85,0.65,42.0,18.0,1.8,18.0,22.0,6.0
2026,4,,2026-10-04,13:00,00-0034798,Durham Smythe,durham smythe,BAL,TEN,TE,LOW TARGET,True,,,,,,,,2,21,8,0.2,0.7,0.1,8,18,0.88,0.82,0.0,1.5,-0.576,54.81,55.24,63.3,50.0,1.0,0.55,0.97,1.0,1.0,Neutral,1.014,1.025,0.932,1.0,1.014,0.966,0.906,1.014,2.5,-6.8,0.0,1.4,-3.4,-9.4,1.4,0.007801556420233465,7.782101167315177e-05,0.0,0.03317120622568094,0.7075412266073747,5.106089494163425,5.139260700389106,0.04097276264591441,1.321545895868075,,,,,0.0,0.7,5.0,,1.3,,,,,0.0,0.7,4.5,,1.3,38.0,0.85,0.65,42.0,18.0,1.8,18.0,22.0,6.0
2026,4,,2026-10-04,13:00,00-0036290,Cole Kmet,cole kmet,CHI,NYJ,TE,LOW TARGET,True,,,,,,,,3,32,8,0.2,0.7,0.1,8,18,4.07,3.82,2.55,5.75,-0.087,51.61,57.11,63.2,50.0,1.0,0.55,0.99,1.0,1.0,Neutral,0.981,0.939,1.12,1.0,0.981,1.003,0.975,0.981,-6.1,12.0,0.0,-1.9,0.3,-2.5,-1.9,0.007801556420233465,7.782101167315177e-05,0.0,0.03317120622568094,1.862846526146545,20.30341476298063,20.33658596920631,0.04097276264591441,5.020316441182976,,,,,0.0,1.8,20.1,,5.0,,,,,0.0,1.8,19.6,,4.9,38.0,0.85,0.65,42.0,18.0,1.8,18.0,22.0,6.0
2026,4,,2026-10-04,13:00,00-0040737,Terrance Ferguson,terrance ferguson,LAR,PHI,TE,LOW TARGET,False,,,,,,,,3,11,8,0.2,0.7,0.1,8,17,6.56,6.99,0.0,12.58,-0.293,48.44,58.07,62.8,50.0,1.0,0.55,0.97,1.0,1.0,Neutral,0.952,0.891,0.88,1.0,0.952,0.88,0.88,0.952,-10.9,-12.0,0.0,-4.8,-12.0,-12.0,-4.8,0.007801556420233465,7.782101167315177e-05,0.0,0.03317120622568094,1.4806148196809674,21.85050507857901,21.88367628480469,0.04097276264591441,5.510879229201408,,,,,0.0,1.4,21.2,,5.3,,,,,0.0,1.2,18.7,,5.0,38.0,0.85,0.65,42.0,18.0,1.8,18.0,22.0,6.0
2026,4,,2026-10-04,13:00,00-0037805,Jeremy Ruckert,jeremy ruckert,NYJ,CHI,TE,LOW TARGET,False,,,,,,,,3,28,8,0.2,0.7,0.1,8,18,4.74,4.82,2.23,3.52,1.0,49.58,57.16,62.8,50.0,1.0,0.55,1.03,1.0,1.0,Neutral,1.028,1.015,1.022,1.0,1.028,1.027,0.952,1.028,1.5,2.2,0.0,2.8,2.7,-4.8,2.8,0.007801556420233465,7.782101167315177e-05,0.0,0.03317120622568094,1.9135729726391204,13.853232351306282,13.886403557531963,0.04097276264591441,4.130863356185535,,,,,0.0,2.0,14.3,,4.3,,,,,0.0,2.1,13.6,,4.4,38.0,0.85,0.65,42.0,18.0,1.8,18.0,22.0,6.0
2026,4,,2026-10-04,09:30,00-0033217,Mo Alie-Cox,mo alie cox,IND,WAS,TE,LOW TARGET,False,,,,,,,,1,23,8,0.2,0.7,0.1,8,18,3.61,3.54,0.0,4.0,1.0,50.47,56.18,62.6,50.0,1.0,0.55,1.03,1.0,1.0,Favorable,1.116,1.12,1.12,1.0,1.116,0.957,1.12,1.116,12.0,12.0,0.0,11.6,-4.3,12.0,11.6,0.007801556420233465,7.782101167315177e-05,0.0,0.03317120622568094,1.2139933252333865,13.256761430922321,13.289932637148002,0.04097276264591441,3.022511828486182,,,,,0.0,1.3,13.7,,3.1,,,,,0.0,1.2,15.3,,3.5,38.0,0.85,0.65,42.0,18.0,1.8,18.0,22.0,6.0
2026,4,,2026-10-04,16:05,00-0035249,Josh Oliver,josh oliver,MIN,MIA,TE,LOW TARGET,True,,,,,,,,3,24,8,0.2,0.7,0.1,8,18,3.85,3.83,2.55,4.38,-0.283,50.12,55.66,62.3,50.0,1.0,0.55,0.97,1.0,1.0,Neutral,1.03,0.999,1.109,1.0,1.03,1.12,1.12,1.03,-0.1,10.9,0.0,3.0,12.0,12.0,3.0,0.007801556420233465,7.782101167315177e-05,0.0,0.03317120622568094,1.4022720754686582,16.371503572838375,16.404674779064056,0.04097276264591441,4.344992065640332,,,,,0.0,1.4,15.9,,4.2,,,,,0.0,1.6,17.8,,4.3,38.0,0.85,0.65,42.0,18.0,1.8,18.0,22.0,6.0
2026,4,,2026-10-04,09:30,00-0036628,John Bates,john bates,WAS,IND,TE,LOW TARGET,True,,,,,,,,2,23,8,0.2,0.7,0.1,8,18,2.96,2.89,1.2,3.0,1.0,50.59,55.33,62.3,50.0,1.0,0.55,1.03,1.0,1.0,Favorable,1.093,1.12,0.903,1.0,1.093,1.12,1.12,1.093,12.0,-9.7,0.0,9.3,12.0,12.0,9.3,0.007801556420233465,7.782101167315177e-05,0.0,0.03317120622568094,1.0932705697280223,10.279008748821811,10.312179955047492,0.04097276264591441,2.4316817889604905,,,,,0.0,1.1,10.6,,2.5,,,,,0.0,1.2,11.9,,2.7,38.0,0.85,0.65,42.0,18.0,1.8,18.0,22.0,6.0
2026,4,,2026-10-04,16:25,00-0038783,Nate Adkins,nate adkins,DEN,SF,TE,LOW TARGET,False,,,,,,,,3,21,8,0.2,0.7,0.1,8,18,4.78,5.06,0.0,8.43,1.0,48.62,55.32,61.8,50.0,1.0,0.55,1.03,1.0,1.0,Neutral,1.018,1.019,0.947,1.0,1.018,1.12,1.055,1.018,1.9,-5.3,0.0,1.8,12.0,5.5,1.8,0.007801556420233465,7.782101167315177e-05,0.0,0.433171206225681,1.2161126551788033,11.063232351306285,11.496403557531965,0.4409727626459145,4.254403038725219,,,,,0.4,1.3,11.4,,4.4,,,,,0.4,1.5,12.0,,4.5,38.0,0.85,0.65,42.0,18.0,1.8,18.0,22.0,6.0
2026,4,,2026-10-04,13:00,00-0040194,Jackson Hawes,jackson hawes,BUF,NE,TE,LOW TARGET,True,,,,,,,,1,13,8,0.2,0.7,0.1,8,18,3.24,2.89,1.67,5.27,-0.5,52.87,55.5,61.7,50.0,1.0,0.55,0.97,1.0,1.0,Tough,0.908,0.89,0.888,1.0,0.908,0.993,0.97,0.908,-11.0,-11.2,0.0,-9.2,-0.7,-3.0,-9.2,0.007801556420233465,7.782101167315177e-05,0.0,0.03317120622568094,1.096845255911404,11.965320263394196,11.998491469619877,0.04097276264591441,3.342926848249028,,,,,0.0,1.1,11.6,,3.2,,,,,0.0,1.1,11.3,,2.9,38.0,0.85,0.65,42.0,18.0,1.8,18.0,22.0,6.0
2026,4,,2026-10-04,16:25,00-0037112,Jake Tonges,jake tonges,SF,DEN,TE,LOW TARGET,True,,,,,,,,0,12,8,0.2,0.7,0.1,8,18,9.33,7.15,3.5,15.38,-0.427,56.62,62.31,61.6,50.0,1.0,0.572,0.97,1.0,1.0,Neutral,0.982,0.963,0.88,1.0,0.982,1.092,1.12,0.982,-3.7,-12.0,0.0,-1.8,9.2,12.0,-1.8,0.00975194552529183,9.727626459143971e-05,0.0,0.04146400778210117,2.941569390402075,25.78299065558307,25.82445466336517,0.05121595330739301,7.9900221966749205,,,,,0.0,2.9,25.0,,7.8,,,,,0.0,3.2,28.0,,7.7,38.0,0.85,0.65,42.0,18.0,1.8,18.0,22.0,6.0
2026,4,,2026-10-04,13:00,00-0038115,Daniel Bellinger,daniel bellinger,TEN,BAL,TE,LOW TARGET,False,,,,,,,,3,25,8,0.2,0.7,0.1,8,18,3.49,3.81,0.0,4.33,-0.752,47.8,55.34,61.6,50.0,1.0,0.55,0.97,1.0,1.0,Neutral,1.005,1.085,0.88,1.0,1.005,0.913,0.898,1.005,8.5,-12.0,0.0,0.5,-8.7,-10.2,0.5,0.007801556420233465,7.782101167315177e-05,0.0,0.03317120622568094,1.4244936075597556,16.652565684639615,16.685736890865297,0.04097276264591441,3.631145895868076,,,,,0.0,1.4,16.2,,3.5,,,,,0.0,1.3,14.5,,3.5,38.0,0.85,0.65,42.0,18.0,1.8,18.0,22.0,6.0
2026,4,,2026-10-04,16:25,00-0037539,Lucas Krull,lucas krull,DEN,SF,TE,LOW TARGET,False,,,,,,,,0,12,8,0.2,0.7,0.1,8,18,2.7,1.67,1.53,4.35,-0.639,61.77,58.97,61.5,50.0,1.0,0.55,0.97,1.0,1.0,Neutral,1.018,1.019,0.947,1.0,1.018,1.12,1.055,1.018,1.9,-5.3,0.0,1.8,12.0,5.5,1.8,0.00975194552529183,9.727626459143971e-05,0.0,0.04146400778210117,1.774902723735409,14.345490655583067,14.386954663365168,0.05121595330739301,3.3386964390991634,,,,,0.0,1.7,13.9,,3.2,,,,,0.0,1.9,14.7,,3.3,38.0,0.85,0.65,42.0,18.0,1.8,18.0,22.0,6.0
2026,4,,2026-10-04,09:30,00-0039686,Colson Yankoff,colson yankoff,WAS,IND,TE,LOW TARGET,True,,,,,,,,3,14,8,0.2,0.7,0.1,8,15,0.97,1.0,0.0,1.65,0.4,49.88,53.92,61.5,50.0,1.0,0.55,1.03,1.0,1.0,Favorable,1.093,1.12,0.903,1.0,1.093,1.12,1.12,1.093,12.0,-9.7,0.0,9.3,12.0,12.0,9.3,0.007801556420233465,7.782101167315177e-05,0.0,0.03317120622568094,0.5082005672667153,4.523745171819102,4.556916378044783,0.04097276264591441,1.0639708042929834,,,,,0.0,0.5,4.7,,1.1,,,,,0.0,0.6,5.3,,1.2,38.0,0.85,0.65,42.0,18.0,1.8,18.0,22.0,6.0
2026,4,,2026-10-04,13:00,00-0038589,Josh Whyle,josh whyle,GB,TB,TE,LOW TARGET,False,,,,,,,,0,21,8,0.2,0.7,0.1,8,18,2.73,2.97,0.83,4.12,-0.241,47.87,54.63,61.3,50.0,1.0,0.55,0.971,1.0,1.0,Neutral,0.999,1.063,1.013,1.0,0.999,1.106,1.095,0.999,6.3,1.3,0.0,-0.1,10.6,9.5,-0.1,0.00975194552529183,9.727626459143971e-05,0.0,0.04146400778210117,1.587402723735409,13.778445201037616,13.819909208819718,0.05121595330739301,3.767110941263666,,,,,0.0,1.5,13.4,,3.7,,,,,0.0,1.7,14.7,,3.7,38.0,0.85,0.65,42.0,18.0,1.8,18.0,22.0,6.0
2026,4,,2026-10-04,16:25,00-0034270,Tyler Conklin,tyler conklin,LAC,SEA,TE,LOW TARGET,False,,,,,,,,0,22,8,0.2,0.7,0.1,8,18,4.67,5.5,1.53,7.8,0.035,45.95,55.5,61.2,50.0,1.0,0.55,1.004,1.0,1.0,Tough,0.922,0.88,0.88,1.0,0.922,1.099,1.046,0.922,-12.0,-12.0,0.0,-7.8,9.9,4.6,-7.8,0.00975194552529183,9.727626459143971e-05,0.0,0.13886660518469857,2.4778248016574866,23.934235244327652,24.07310184951235,0.14861855070999042,6.055687781090505,,,,,0.1,2.5,24.0,,6.1,,,,,0.1,2.7,25.1,,5.6,38.0,0.85,0.65,42.0,18.0,1.8,18.0,22.0,6.0
2026,4,,2026-10-04,13:00,00-0039041,Elijah Higgins,elijah higgins,ARI,NYG,TE,LOW TARGET,False,,,,,,,,2,32,8,0.2,0.7,0.1,8,18,4.12,4.91,0.75,5.2,-0.379,45.66,55.76,61.2,50.0,1.0,0.55,0.97,1.0,1.0,Neutral,1.012,0.991,1.009,1.0,1.012,0.977,0.91,1.012,-0.9,0.9,0.0,1.2,-2.3,-9.0,1.2,0.007801556420233465,7.782101167315177e-05,0.0,0.03317120622568094,1.7966790914307234,16.136296867435316,16.169468073660997,0.04097276264591441,3.6278174012444193,,,,,0.0,1.7,15.7,,3.5,,,,,0.0,1.7,14.3,,3.5,38.0,0.85,0.65,42.0,18.0,1.8,18.0,22.0,6.0
2026,4,,2026-10-04,13:00,00-0037086,Grant Calcaterra,grant calcaterra,PHI,LAR,TE,LOW TARGET,True,,,,,,,,0,24,8,0.2,0.7,0.1,8,18,3.07,3.44,0.98,2.9,1.0,47.22,54.38,61.1,50.0,1.0,0.55,1.03,1.0,1.0,Neutral,1.0,1.0,1.0,1.0,1.0,1.0,1.0,1.0,0.0,0.0,0.0,0.0,0.0,0.0,0.0,0.00975194552529183,9.727626459143971e-05,0.0,0.04146400778210117,1.427076636778887,15.285419838718774,15.326883846500875,0.05121595330739301,3.6120371834996896,,,,,0.0,1.5,15.7,,3.7,,,,,0.0,1.5,15.7,,3.7,38.0,0.85,0.65,42.0,18.0,1.8,18.0,22.0,6.0
2026,4,,2026-10-04,16:25,00-0038046,Charlie Kolar,charlie kolar,LAC,SEA,TE,LOW TARGET,False,,,,,,,,2,23,8,0.2,0.7,0.1,8,18,1.81,1.97,0.0,2.82,-0.105,47.88,53.73,61.0,50.0,1.0,0.55,0.987,1.0,1.0,Tough,0.922,0.88,0.88,1.0,0.922,1.099,1.046,0.922,-12.0,-12.0,0.0,-7.8,9.9,4.6,-7.8,0.007801556420233465,7.782101167315177e-05,0.0,0.07506843942726198,1.1947386668482933,13.076919533689118,13.151987973116379,0.08286999584749545,3.136498276820457,,,,,0.1,1.2,12.9,,3.1,,,,,0.1,1.3,13.5,,2.9,38.0,0.85,0.65,42.0,18.0,1.8,18.0,22.0,6.0
2026,4,,2026-10-04,13:00,00-0039814,Erick All,erick all,CIN,JAC,TE,LOW TARGET,True,,,,,,,,1,8,8,0.2,0.7,0.1,8,9,3.62,1.97,2.88,5.45,1.0,64.83,60.55,60.4,50.0,1.0,0.55,1.03,1.0,1.0,Neutral,1.0,1.0,1.0,1.0,1.0,1.0,1.0,1.0,0.0,0.0,0.0,0.0,0.0,0.0,0.0,0.007801556420233465,7.782101167315177e-05,0.0,0.03317120622568094,2.1770650361311845,16.588946637020573,16.622117843246254,0.04097276264591441,3.939355419677599,,,,,0.0,2.2,17.1,,4.1,,,,,0.0,2.2,17.1,,4.1,38.0,0.85,0.65,42.0,18.0,1.8,18.0,22.0,6.0
2026,4,,2026-10-04,16:05,00-0037348,Tanner Conner,tanner conner,MIA,MIN,TE,LOW TARGET,False,,,,,,,,0,12,8,0.2,0.7,0.1,8,9,2.13,1.5,1.35,3.65,0.185,58.76,57.8,60.3,50.0,1.0,0.55,1.022,1.0,1.0,Tough,0.927,0.88,0.88,1.0,0.927,0.88,0.898,0.927,-12.0,-12.0,0.0,-7.3,-12.0,-10.2,-7.3,0.00975194552529183,9.727626459143971e-05,0.0,0.04146400778210117,1.166948178280863,11.038672473764887,11.080136481546988,0.05121595330739301,2.400060075462799,,,,,0.0,1.2,11.3,,2.5,,,,,0.0,1.1,10.1,,2.3,38.0,0.85,0.65,42.0,18.0,1.8,18.0,22.0,6.0
2026,4,,2026-10-04,13:00,00-0036590,Quintin Morris,quintin morris,JAC,CIN,TE,LOW TARGET,False,,,,,,,,2,21,8,0.2,0.7,0.1,8,18,2.17,2.54,0.0,2.8,0.673,46.08,53.19,60.3,50.0,1.0,0.55,1.03,1.0,1.0,Neutral,1.053,1.091,0.972,1.0,1.053,1.12,1.12,1.053,9.1,-2.8,0.0,5.3,12.0,12.0,5.3,0.007801556420233465,7.782101167315177e-05,0.0,0.03317120622568094,0.7651602742264223,6.606565684639617,6.639736890865298,0.04097276264591441,1.9549268482490276,,,,,0.0,0.8,6.8,,2.0,,,,,0.0,0.9,7.6,,2.1,38.0,0.85,0.65,42.0,18.0,1.8,18.0,22.0,6.0
2026,4,,2026-10-04,13:00,00-0037475,Stone Smartt,stone smartt,NYJ,CHI,TE,LOW TARGET,False,,,,,,,,0,15,8,0.2,0.7,0.1,8,18,2.9,3.24,0.0,4.9,1.0,47.25,55.09,60.1,50.0,1.0,0.55,1.03,1.0,1.0,Neutral,1.028,1.015,1.022,1.0,1.028,1.027,0.952,1.028,1.5,2.2,0.0,2.8,2.7,-4.8,2.8,0.00975194552529183,9.727626459143971e-05,0.0,0.04146400778210117,1.6915693904020759,17.87070710579952,17.91217111358162,0.05121595330739301,3.498360941263666,,,,,0.0,1.7,18.4,,3.6,,,,,0.0,1.7,17.5,,3.7,38.0,0.85,0.65,42.0,18.0,1.8,18.0,22.0,6.0
2026,4,,2026-10-04,13:00,00-0039648,David Martin-Robinson,david martin robinson,TEN,BAL,TE,LOW TARGET,False,,,,,,,,0,15,8,0.2,0.7,0.1,8,18,0.93,1.03,0.0,1.68,0.9,49.27,53.75,60.1,50.0,1.0,0.55,1.03,1.0,1.0,Neutral,1.005,1.085,0.88,1.0,1.005,0.913,0.898,1.005,8.5,-12.0,0.0,0.5,-8.7,-10.2,0.5,0.00975194552529183,9.727626459143971e-05,0.0,0.04146400778210117,0.5951408189735039,5.379040439132853,5.420504446914954,0.05121595330739301,1.5694323698350938,,,,,0.0,0.6,5.5,,1.6,,,,,0.0,0.5,4.9,,1.6,38.0,0.85,0.65,42.0,18.0,1.8,18.0,22.0,6.0
2026,4,,2026-10-04,13:00,00-0037004,Hunter Long,hunter long,ARI,NYG,TE,LOW TARGET,False,,,,,,,,3,18,8,0.2,0.7,0.1,8,17,2.22,2.86,0.98,3.67,-0.835,43.75,53.62,59.9,50.0,1.0,0.55,0.97,1.0,1.0,Neutral,1.012,0.991,1.009,1.0,1.012,0.977,0.91,1.012,-0.9,0.9,0.0,1.2,-2.3,-9.0,1.2,0.007801556420233465,7.782101167315177e-05,0.0,0.03317120622568094,1.1275785748800171,8.82489434943887,8.85806555566455,0.04097276264591441,2.8781696120212032,,,,,0.0,1.1,8.6,,2.8,,,,,0.0,1.1,7.8,,2.8,38.0,0.85,0.65,42.0,18.0,1.8,18.0,22.0,6.0
2026,4,,2026-10-04,13:00,00-0033439,Pharaoh Brown,pharaoh brown,ARI,NYG,TE,LOW TARGET,False,,,,,,,,0,15,8,0.2,0.7,0.1,8,18,0.63,1.08,0.0,1.73,0.9,47.99,53.15,59.5,50.0,1.0,0.55,1.03,1.0,1.0,Neutral,1.012,0.991,1.009,1.0,1.012,0.977,0.91,1.012,-0.9,0.9,0.0,1.2,-2.3,-9.0,1.2,0.00975194552529183,9.727626459143971e-05,0.0,0.04146400778210117,0.833236057068742,6.218326153418566,6.259790161200668,0.05121595330739301,1.4533609412636652,,,,,0.0,0.9,6.4,,1.5,,,,,0.0,0.9,5.8,,1.5,38.0,0.85,0.65,42.0,18.0,1.8,18.0,22.0,6.0
2026,4,,2026-10-04,16:25,00-0033576,Eric Saubert,eric saubert,SEA,LAC,TE,LOW TARGET,True,,,,,,,,3,21,8,0.2,0.7,0.1,8,18,2.25,3.03,0.0,2.25,0.66,42.63,52.83,59.3,50.0,1.0,0.55,1.03,1.0,1.0,Tough,0.919,0.901,0.88,1.0,0.919,0.88,0.883,0.919,-9.9,-12.0,0.0,-8.1,-12.0,-11.7,-8.1,0.007801556420233465,7.782101167315177e-05,0.0,0.03317120622568094,0.8703983694645174,6.537041875115805,6.570213081341486,0.04097276264591441,2.479879229201409,,,,,0.0,0.9,6.7,,2.6,,,,,0.0,0.8,5.9,,2.4,38.0,0.85,0.65,42.0,18.0,1.8,18.0,22.0,6.0
2026,4,,2026-10-04,16:25,00-0037654,Tucker Fisk,tucker fisk,LAC,SEA,TE,LOW TARGET,False,,,,,,,,0,11,8,0.2,0.7,0.1,8,17,1.3,0.86,0.75,1.85,0.026,60.21,56.8,59.0,50.0,1.0,0.55,1.003,1.0,1.0,Tough,0.922,0.88,0.88,1.0,0.922,1.099,1.046,0.922,-12.0,-12.0,0.0,-7.8,9.9,4.6,-7.8,0.00975194552529183,9.727626459143971e-05,0.0,0.04146400778210117,0.9567209055535905,7.578066413158825,7.619530420940927,0.05121595330739301,1.8437721966749205,,,,,0.0,1.0,7.6,,1.8,,,,,0.0,1.1,7.9,,1.7,38.0,0.85,0.65,42.0,18.0,1.8,18.0,22.0,6.0
2026,4,,2026-10-04,13:00,00-0036032,Sean McKeon,sean mckeon,DAL,HOU,TE,LOW TARGET,False,,,,,,,,0,0,8,0.2,0.7,0.1,8,13,0.0,0.0,0.0,0.0,0.0,100.0,65.38,58.7,50.0,1.0,0.55,1.0,1.0,1.0,Neutral,0.935,0.943,0.88,1.0,0.935,1.016,0.98,0.935,-5.7,-12.0,0.0,-6.5,1.6,-2.0,-6.5,0.07801556420233463,0.0007782101167315176,0.0,0.3317120622568093,2.1992217898832687,22.460894941634237,22.79260700389105,0.409727626459144,5.479268482490272,,,,,0.3,2.2,22.5,,5.5,,,,,0.3,2.2,22.0,,5.1,38.0,0.85,0.65,42.0,18.0,1.8,18.0,22.0,6.0
2026,4,,2026-10-04,13:00,00-0039737,Tip Reiman,tip reiman,ARI,NYG,TE,LOW TARGET,False,,,,,,,,0,11,8,0.2,0.7,0.1,8,15,1.6,1.18,0.0,2.5,-0.324,57.52,56.89,58.4,50.0,1.0,0.55,0.97,1.0,1.0,Neutral,1.012,0.991,1.009,1.0,1.012,0.977,0.91,1.012,-0.9,0.9,0.0,1.2,-2.3,-9.0,1.2,0.00975194552529183,9.727626459143971e-05,0.0,0.04146400778210117,1.0521754510081358,7.653066413158825,7.694530420940927,0.05121595330739301,1.946726742129466,,,,,0.0,1.0,7.4,,1.9,,,,,0.0,1.0,6.7,,1.9,38.0,0.85,0.65,42.0,18.0,1.8,18.0,22.0,6.0
2026,4,,2026-10-04,13:00,00-0037306,John FitzPatrick,john fitzpatrick,GB,TB,TE,LOW TARGET,False,,,,,,,,0,12,8,0.2,0.7,0.1,8,18,1.92,1.7,1.05,2.42,1.0,53.12,56.14,58.2,50.0,1.0,0.55,1.03,1.0,1.0,Neutral,0.999,1.063,1.013,1.0,0.999,1.106,1.095,0.999,6.3,1.3,0.0,-0.1,10.6,9.5,-0.1,0.00975194552529183,9.727626459143971e-05,0.0,0.04146400778210117,1.2540693904020754,8.703445201037615,8.744909208819717,0.05121595330739301,2.6059312875840113,,,,,0.0,1.3,9.0,,2.7,,,,,0.0,1.4,9.9,,2.7,38.0,0.85,0.65,42.0,18.0,1.8,18.0,22.0,6.0
2026,4,,2026-10-04,13:00,00-0032394,Nick Vannett,nick vannett,TEN,BAL,TE,LOW TARGET,False,,,,,,,,0,12,8,0.2,0.7,0.1,8,18,3.67,3.26,1.55,5.4,1.0,52.96,55.66,58.0,50.0,1.0,0.55,1.03,1.0,1.0,Neutral,1.005,1.085,0.88,1.0,1.005,0.913,0.898,1.005,8.5,-12.0,0.0,0.5,-8.7,-10.2,0.5,0.00975194552529183,9.727626459143971e-05,0.0,0.04146400778210117,1.4320996934323784,12.546248231340643,12.587712239122745,0.05121595330739301,4.077332802735527,,,,,0.0,1.5,12.9,,4.2,,,,,0.0,1.4,11.6,,4.2,38.0,0.85,0.65,42.0,18.0,1.8,18.0,22.0,6.0
2026,4,,2026-10-04,16:25,00-0040739,Elijah Arroyo,elijah arroyo,SEA,LAC,TE,LOW TARGET,True,,,,,,,,1,13,8,0.2,0.7,0.1,8,14,2.22,3.15,0.0,3.58,-0.1,41.34,53.2,57.9,50.0,1.0,0.55,0.988,1.0,1.0,Tough,0.919,0.901,0.88,1.0,0.919,0.88,0.883,0.919,-9.9,-12.0,0.0,-8.1,-12.0,-11.7,-8.1,0.007801556420233465,7.782101167315177e-05,0.0,0.03317120622568094,1.1622298712960195,14.146089494163425,14.179260700389106,0.04097276264591441,2.9186960790182583,,,,,0.0,1.1,14.0,,2.9,,,,,0.0,1.0,12.4,,2.7,38.0,0.85,0.65,42.0,18.0,1.8,18.0,22.0,6.0
2026,4,,2026-10-04,09:30,00-0037292,Andrew Ogletree,andrew ogletree,IND,WAS,TE,LOW TARGET,False,,,,,,,,2,23,8,0.2,0.7,0.1,8,18,1.42,2.63,0.0,1.88,-0.802,35.06,50.44,56.4,50.0,1.0,0.55,0.97,1.0,1.0,Favorable,1.116,1.12,1.12,1.0,1.116,0.957,1.12,1.116,12.0,12.0,0.0,11.6,-4.3,12.0,11.6,0.007801556420233465,7.782101167315177e-05,0.0,0.03317120622568094,0.595416250134572,6.024745620645638,6.0579168268713195,0.04097276264591441,1.6593892988419128,,,,,0.0,0.6,5.8,,1.6,,,,,0.0,0.6,6.5,,1.8,38.0,0.85,0.65,42.0,18.0,1.8,18.0,22.0,6.0
2026,4,,2026-10-04,13:00,00-0036876,Kylen Granson,kylen granson,PHI,LAR,TE,LOW TARGET,True,,,,,,,,0,28,8,0.2,0.7,0.1,8,18,1.39,2.65,0.0,0.35,1.0,34.47,50.54,56.3,50.0,1.0,0.55,1.03,1.0,1.0,Neutral,1.0,1.0,1.0,1.0,1.0,1.0,1.0,1.0,0.0,0.0,0.0,0.0,0.0,0.0,0.0,0.00975194552529183,9.727626459143971e-05,0.0,0.04146400778210117,0.9524820888147737,9.40979440738682,9.45125841516892,0.05121595330739301,2.022706179358903,,,,,0.0,1.0,9.7,,2.1,,,,,0.0,1.0,9.7,,2.1,38.0,0.85,0.65,42.0,18.0,1.8,18.0,22.0,6.0
2026,4,,2026-10-04,16:25,00-0036887,Luke Farrell,luke farrell,SF,DEN,TE,LOW TARGET,True,,,,,,,,3,25,8,0.2,0.7,0.1,8,18,1.39,2.63,0.0,1.95,0.867,34.51,50.09,56.2,50.0,1.0,0.55,1.03,1.0,1.0,Neutral,0.982,0.963,0.88,1.0,0.982,1.092,1.12,0.982,-3.7,-12.0,0.0,-1.8,9.2,12.0,-1.8,0.007801556420233465,7.782101167315177e-05,0.0,0.03317120622568094,0.9141126551788032,7.141899017972949,7.17507022419863,0.04097276264591441,2.061698276820456,,,,,0.0,0.9,7.4,,2.1,,,,,0.0,1.0,8.3,,2.1,38.0,0.85,0.65,42.0,18.0,1.8,18.0,22.0,6.0
2026,4,,2026-10-04,20:20,00-0034073,Ross Dwelley,ross dwelley,DET,CAR,TE,LOW TARGET,False,,,,,,,,0,8,8,0.2,0.7,0.1,8,16,0.59,0.69,0.0,1.32,0.9,59.32,56.38,54.9,50.0,1.0,0.55,1.03,1.0,1.0,Neutral,0.992,0.913,0.88,1.0,0.992,0.94,1.055,0.992,-8.7,-12.0,0.0,-0.8,-6.0,5.5,-0.8,0.00975194552529183,9.727626459143971e-05,0.0,0.04146400778210117,0.6499027237354086,4.240647581989995,4.2821115897720965,0.05121595330739301,1.2032121317398556,,,,,0.0,0.7,4.4,,1.2,,,,,0.0,0.7,4.6,,1.2,38.0,0.85,0.65,42.0,18.0,1.8,18.0,22.0,6.0
2026,4,,2026-10-04,13:00,00-0036232,Harrison Bryant,harrison bryant,HOU,DAL,TE,LOW TARGET,True,,,,,,,,0,11,8,0.2,0.7,0.1,8,18,1.57,1.82,0.0,3.98,-0.789,46.27,54.43,54.6,50.0,1.0,0.55,0.97,1.0,1.0,Neutral,1.062,1.086,1.12,1.0,1.062,1.027,1.005,1.062,8.6,12.0,0.0,6.2,2.7,0.5,6.2,0.00975194552529183,9.727626459143971e-05,0.0,0.04146400778210117,1.0885390873717724,9.312157322249735,9.353621330031837,0.05121595330739301,2.148999469402193,,,,,0.0,1.1,9.0,,2.1,,,,,0.0,1.1,9.0,,2.2,38.0,0.85,0.65,42.0,18.0,1.8,18.0,22.0,6.0
2026,4,,2026-10-04,16:25,00-0034830,Hayden Hurst,hayden hurst,LAC,SEA,TE,LOW TARGET,False,,,,,,,,0,7,8,0.2,0.7,0.1,8,18,2.04,1.44,1.58,3.42,-0.485,58.56,57.92,54.1,50.0,1.0,0.55,0.97,1.0,1.0,Tough,0.922,0.88,0.88,1.0,0.922,1.099,1.046,0.922,-12.0,-12.0,0.0,-7.8,9.9,4.6,-7.8,0.00975194552529183,9.727626459143971e-05,0.0,0.04146400778210117,1.1677598665925515,10.25404043913285,10.295504446914952,0.05121595330739301,2.322408560311284,,,,,0.0,1.1,9.9,,2.3,,,,,0.0,1.2,10.4,,2.1,38.0,0.85,0.65,42.0,18.0,1.8,18.0,22.0,6.0
2026,4,,2026-10-04,09:30,00-0038394,Will Mallory,will mallory,IND,WAS,TE,LOW TARGET,False,,,,,,,,0,8,8,0.2,0.7,0.1,8,18,1.26,1.01,0.0,1.77,0.229,55.36,55.8,53.7,50.0,1.0,0.55,1.027,1.0,1.0,Favorable,1.116,1.12,1.12,1.0,1.116,0.957,1.12,1.116,12.0,12.0,0.0,11.6,-4.3,12.0,11.6,0.00975194552529183,9.727626459143971e-05,0.0,0.04146400778210117,0.8284741523068372,8.258504724847135,8.299968732629237,0.05121595330739301,1.7835692745969984,,,,,0.0,0.9,8.5,,1.8,,,,,0.0,0.9,9.5,,2.0,38.0,0.85,0.65,42.0,18.0,1.8,18.0,22.0,6.0
2026,4,,2026-10-04,13:00,00-0036332,Josiah Deguara,josiah deguara,ARI,NYG,TE,LOW TARGET,False,,,,,,,,0,14,8,0.2,0.7,0.1,8,18,1.88,3.59,0.0,0.4,1.0,34.44,49.93,53.6,50.0,1.0,0.55,1.03,1.0,1.0,Neutral,1.012,0.991,1.009,1.0,1.012,0.977,0.91,1.012,-0.9,0.9,0.0,1.2,-2.3,-9.0,1.2,0.00975194552529183,9.727626459143971e-05,0.0,0.04146400778210117,0.6581444819771668,5.174370109462522,5.215834117244624,0.05121595330739301,1.8405404284431521,,,,,0.0,0.7,5.3,,1.9,,,,,0.0,0.7,4.8,,1.9,38.0,0.85,0.65,42.0,18.0,1.8,18.0,22.0,6.0
2026,4,,2026-10-04,16:05,00-0038809,Ben Sims,ben sims,MIN,MIA,TE,LOW TARGET,True,,,,,,,,0,7,8,0.2,0.7,0.1,8,18,1.89,1.44,1.2,2.12,1.0,56.82,57.04,53.3,50.0,1.0,0.55,1.03,1.0,1.0,Neutral,1.03,0.999,1.109,1.0,1.03,1.12,1.12,1.03,-0.1,10.9,0.0,3.0,12.0,12.0,3.0,0.00975194552529183,9.727626459143971e-05,0.0,0.04146400778210117,1.1141884380211229,10.932611867704281,10.974075875486383,0.05121595330739301,2.3366942745969985,,,,,0.0,1.1,11.3,,2.4,,,,,0.0,1.2,12.7,,2.5,38.0,0.85,0.65,42.0,18.0,1.8,18.0,22.0,6.0
2026,4,,2026-10-04,13:00,00-0036250,Tyler Davis,tyler davis,GB,TB,TE,LOW TARGET,False,,,,,,,,0,0,8,0.2,0.7,0.1,8,18,0.06,0.2,0.0,0.0,0.0,83.54,61.39,52.9,50.0,1.0,0.55,1.0,1.0,1.0,Neutral,0.999,1.063,1.013,1.0,0.999,1.106,1.095,0.999,6.3,1.3,0.0,-0.1,10.6,9.5,-0.1,0.07801556420233463,0.0007782101167315176,0.0,0.3317120622568093,2.1992217898832687,22.460894941634237,22.79260700389105,0.409727626459144,5.479268482490272,,,,,0.3,2.2,22.5,,5.5,,,,,0.3,2.4,24.6,,5.5,38.0,0.85,0.65,42.0,18.0,1.8,18.0,22.0,6.0
2026,4,,2026-10-04,13:00,00-0031484,Chris Manhertz,chris manhertz,NYG,ARI,TE,LOW TARGET,True,,,,,,,,0,12,8,0.2,0.7,0.1,8,18,1.27,1.94,0.0,2.3,-1.0,39.56,50.94,52.8,50.0,1.0,0.55,0.97,1.0,1.0,Neutral,1.066,1.05,1.12,1.0,1.066,1.12,1.12,1.066,5.0,12.0,0.0,6.6,12.0,12.0,6.6,0.00975194552529183,9.727626459143971e-05,0.0,0.04146400778210117,0.5836148449475298,5.758369443461857,5.799833451243958,0.05121595330739301,1.6750600754627993,,,,,0.0,0.6,5.6,,1.6,,,,,0.0,0.7,6.3,,1.7,38.0,0.85,0.65,42.0,18.0,1.8,18.0,22.0,6.0
2026,4,,2026-10-04,13:00,00-0033895,Gerald Everett,gerald everett,CHI,NYJ,TE,LOW TARGET,True,,,,,,,,0,10,8,0.2,0.7,0.1,8,18,0.95,1.22,0.0,1.52,-0.4,44.96,53.04,52.5,50.0,1.0,0.55,0.97,1.0,1.0,Neutral,0.981,0.939,1.12,1.0,0.981,1.003,0.975,0.981,-6.1,12.0,0.0,-1.9,0.3,-2.5,-1.9,0.00975194552529183,9.727626459143971e-05,0.0,0.04146400778210117,0.8915693904020753,5.8909452010376135,5.932409208819715,0.05121595330739301,1.6099085603112842,,,,,0.0,0.9,5.7,,1.6,,,,,0.0,0.9,5.6,,1.6,38.0,0.85,0.65,42.0,18.0,1.8,18.0,22.0,6.0
2026,4,,2026-10-04,20:20,00-0037282,James Mitchell,james mitchell,CAR,DET,TE,LOW TARGET,True,,,,,,,,0,2,8,0.2,0.7,0.1,8,18,2.79,1.07,2.0,3.48,0.643,72.22,60.37,52.2,50.0,1.0,0.55,1.03,1.0,1.0,Neutral,1.069,1.095,1.12,1.0,1.069,1.12,1.12,1.069,9.5,12.0,0.0,6.9,12.0,12.0,6.9,0.00975194552529183,9.727626459143971e-05,0.0,0.04146400778210117,1.3999027237354087,13.93261186770428,13.974075875486381,0.05121595330739301,2.922408560311284,,,,,0.0,1.4,14.4,,3.0,,,,,0.0,1.6,16.1,,3.2,38.0,0.85,0.65,42.0,18.0,1.8,18.0,22.0,6.0
2026,4,,2026-10-04,16:25,00-0037569,Peyton Hendershot,peyton hendershot,KC,LV,TE,LOW TARGET,False,,,,,,,,0,5,8,0.2,0.7,0.1,8,18,2.12,1.45,1.2,2.42,0.547,59.43,56.84,51.3,50.0,1.0,0.55,1.03,1.0,1.0,Neutral,0.962,0.942,0.88,1.0,0.962,0.9,0.88,0.962,-5.8,-12.0,0.0,-3.8,-10.0,-12.0,-3.8,0.00975194552529183,9.727626459143971e-05,0.0,0.04146400778210117,1.2999027237354086,13.682611867704281,13.724075875486383,0.05121595330739301,2.797408560311284,,,,,0.0,1.3,14.1,,2.9,,,,,0.0,1.2,12.4,,2.8,38.0,0.85,0.65,42.0,18.0,1.8,18.0,22.0,6.0
2026,4,,2026-10-04,13:00,00-0037755,Jelani Woods,jelani woods,NYJ,CHI,TE,LOW TARGET,False,,,,,,,,1,2,8,0.2,0.7,0.1,8,18,3.08,2.16,1.77,4.83,-0.688,58.76,59.1,50.8,50.0,1.0,0.55,0.97,1.0,1.0,Neutral,1.028,1.015,1.022,1.0,1.028,1.027,0.952,1.028,1.5,2.2,0.0,2.8,2.7,-4.8,2.8,0.007801556420233465,7.782101167315177e-05,0.0,0.03317120622568094,0.919922178988327,8.246089494163426,8.279260700389107,0.04097276264591441,1.8479268482490274,,,,,0.0,0.9,8.0,,1.8,,,,,0.0,0.9,7.6,,1.9,38.0,0.85,0.65,42.0,18.0,1.8,18.0,22.0,6.0
2026,4,,2026-10-04,13:00,00-0036510,Kenny Yeboah,kenny yeboah,NYJ,CHI,TE,LOW TARGET,False,,,,,,,,0,7,8,0.2,0.7,0.1,8,18,2.34,2.71,0.0,4.2,-0.579,46.36,53.96,49.4,50.0,1.0,0.55,0.97,1.0,1.0,Neutral,1.028,1.015,1.022,1.0,1.028,1.027,0.952,1.028,1.5,2.2,0.0,2.8,2.7,-4.8,2.8,0.00975194552529183,9.727626459143971e-05,0.0,0.04146400778210117,0.8999027237354087,8.771897581989995,8.813361589772096,0.05121595330739301,2.5491942745969984,,,,,0.0,0.9,8.5,,2.5,,,,,0.0,0.9,8.1,,2.6,38.0,0.85,0.65,42.0,18.0,1.8,18.0,22.0,6.0
2026,4,,2026-10-04,20:20,00-0033455,Anthony Firkser,anthony firkser,DET,CAR,TE,LOW TARGET,False,,,,,,,,0,6,8,0.2,0.7,0.1,8,18,2.36,2.53,1.05,2.4,1.0,48.31,55.3,49.2,50.0,1.0,0.55,1.03,1.0,1.0,Neutral,0.992,0.913,0.88,1.0,0.992,0.94,1.055,0.992,-8.7,-12.0,0.0,-0.8,-6.0,5.5,-0.8,0.00975194552529183,9.727626459143971e-05,0.0,0.04146400778210117,1.5665693904020757,10.924278534370947,10.965742542153048,0.05121595330739301,2.7882418936446176,,,,,0.0,1.6,11.3,,2.9,,,,,0.0,1.5,11.9,,2.9,38.0,0.85,0.65,42.0,18.0,1.8,18.0,22.0,6.0
2026,4,,2026-10-04,13:00,00-0031273,Cameron Brate,cameron brate,TB,GB,TE,LOW TARGET,True,,,,,,,,0,0,8,0.2,0.7,0.1,8,15,4.24,2.35,2.88,5.17,-0.097,64.35,63.76,49.1,50.0,1.0,0.55,0.988,1.0,1.0,Neutral,0.966,0.916,0.903,1.0,0.966,1.008,0.88,0.966,-8.4,-9.7,0.0,-3.4,0.8,-12.0,-3.4,0.07801556420233463,0.0007782101167315176,0.0,0.3317120622568093,2.1992217898832687,22.460894941634237,22.79260700389105,0.409727626459144,5.479268482490272,,,,,0.3,2.2,22.2,,5.4,,,,,0.3,2.2,19.5,,5.2,38.0,0.85,0.65,42.0,18.0,1.8,18.0,22.0,6.0
2026,4,,2026-10-04,13:00,00-0039631,Cam Grandy,cam grandy,CIN,JAC,TE,LOW TARGET,True,,,,,,,,0,6,6,0.2,0.7,0.1,6,18,1.69,0.65,1.23,1.85,-0.22,54.22,50.04,48.6,50.0,1.0,0.55,0.974,1.0,1.0,Neutral,1.0,1.0,1.0,1.0,1.0,1.0,1.0,1.0,0.0,0.0,0.0,0.0,0.0,0.0,0.0,0.00975194552529183,9.727626459143971e-05,0.0,0.04146400778210117,1.2582360570687419,7.774278534370948,7.81574254215305,0.05121595330739301,2.164908560311284,,,,,0.0,1.2,7.6,,2.1,,,,,0.0,1.2,7.6,,2.1,38.0,0.85,0.65,42.0,18.0,1.8,18.0,22.0,6.0
2026,4,,2026-10-04,13:00,00-0036556,Brevin Jordan,brevin jordan,HOU,DAL,TE,LOW TARGET,True,,,,,,,,0,2,8,0.2,0.7,0.1,8,17,4.45,3.35,1.77,7.22,-0.074,57.06,58.11,47.5,50.0,1.0,0.55,0.991,1.0,1.0,Neutral,1.062,1.086,1.12,1.0,1.062,1.027,1.005,1.062,8.6,12.0,0.0,6.2,2.7,0.5,6.2,0.00975194552529183,9.727626459143971e-05,0.0,0.04146400778210117,1.1499027237354087,6.0576118677042805,6.099075875486382,0.05121595330739301,1.8849085603112843,,,,,0.0,1.1,6.0,,1.9,,,,,0.0,1.1,6.0,,2.0,38.0,0.85,0.65,42.0,18.0,1.8,18.0,22.0,6.0
2026,4,,2026-10-04,16:25,00-0035562,Jesper Horsted,jesper horsted,LV,KC,TE,LOW TARGET,True,,,,,,,,0,0,8,0.2,0.7,0.1,8,15,0.19,0.47,0.0,0.0,-0.467,67.8,57.31,47.4,50.0,1.0,0.55,0.97,1.0,1.0,Tough,0.886,0.881,0.88,1.0,0.886,0.964,0.9,0.886,-11.9,-12.0,0.0,-11.4,-3.6,-10.0,-11.4,0.07801556420233463,0.0007782101167315176,0.0,0.3317120622568093,2.1992217898832687,22.460894941634237,22.79260700389105,0.409727626459144,5.479268482490272,,,,,0.3,2.1,21.8,,5.3,,,,,0.3,2.0,19.6,,4.7,38.0,0.85,0.65,42.0,18.0,1.8,18.0,22.0,6.0
2026,4,,2026-10-04,13:00,00-0034193,Kevin Rader,kevin rader,TEN,BAL,TE,LOW TARGET,False,,,,,,,,0,0,8,0.2,0.7,0.1,8,18,0.26,0.59,0.0,0.0,0.533,62.84,56.62,45.9,50.0,1.0,0.55,1.03,1.0,1.0,Neutral,1.005,1.085,0.88,1.0,1.005,0.913,0.898,1.005,8.5,-12.0,0.0,0.5,-8.7,-10.2,0.5,0.07801556420233463,0.0007782101167315176,0.0,0.3317120622568093,2.1992217898832687,22.460894941634237,22.79260700389105,0.409727626459144,5.479268482490272,,,,,0.3,2.3,23.1,,5.6,,,,,0.3,2.1,20.7,,5.6,38.0,0.85,0.65,42.0,18.0,1.8,18.0,22.0,6.0
2026,4,,2026-10-04,13:00,00-0030108,Ryan Griffin,ryan griffin,CHI,NYJ,TE,LOW TARGET,True,,,,,,,,0,0,8,0.2,0.7,0.1,8,17,0.43,0.61,0.0,1.12,-0.1,62.23,56.61,45.7,50.0,1.0,0.55,0.988,1.0,1.0,Neutral,0.981,0.939,1.12,1.0,0.981,1.003,0.975,0.981,-6.1,12.0,0.0,-1.9,0.3,-2.5,-1.9,0.07801556420233463,0.0007782101167315176,0.0,0.3317120622568093,2.1992217898832687,22.460894941634237,22.79260700389105,0.409727626459144,5.479268482490272,,,,,0.3,2.2,22.2,,5.4,,,,,0.3,2.2,21.6,,5.3,38.0,0.85,0.65,42.0,18.0,1.8,18.0,22.0,6.0
2026,4,,2026-10-04,09:30,00-0031260,Logan Thomas,logan thomas,WAS,IND,TE,LOW TARGET,True,,,,,,,,0,0,8,0.2,0.7,0.1,8,18,5.54,4.49,1.98,8.85,1.0,55.21,60.58,45.5,50.0,1.0,0.55,1.03,1.0,1.0,Favorable,1.093,1.12,0.903,1.0,1.093,1.12,1.12,1.093,12.0,-9.7,0.0,9.3,12.0,12.0,9.3,0.07801556420233463,0.0007782101167315176,0.0,0.3317120622568093,2.1992217898832687,22.460894941634237,22.79260700389105,0.409727626459144,5.479268482490272,,,,,0.3,2.3,23.1,,5.6,,,,,0.3,2.6,25.9,,6.1,38.0,0.85,0.65,42.0,18.0,1.8,18.0,22.0,6.0
2026,4,,2026-10-04,16:25,00-0031690,Eric Tomlinson,eric tomlinson,LAC,SEA,TE,LOW TARGET,False,,,,,,,,0,5,8,0.2,0.7,0.1,8,18,2.46,3.59,0.0,4.15,-0.603,40.65,52.26,44.8,50.0,1.0,0.55,0.97,1.0,1.0,Tough,0.922,0.88,0.88,1.0,0.922,1.099,1.046,0.922,-12.0,-12.0,0.0,-7.8,9.9,4.6,-7.8,0.00975194552529183,9.727626459143971e-05,0.0,0.04146400778210117,0.6999027237354086,4.53261186770428,4.574075875486382,0.05121595330739301,1.282408560311284,,,,,0.0,0.7,4.4,,1.2,,,,,0.0,0.8,4.6,,1.1,38.0,0.85,0.65,42.0,18.0,1.8,18.0,22.0,6.0
2026,4,,2026-10-04,13:00,00-0037311,Ko Kieft,ko kieft,TB,GB,TE,LOW TARGET,True,,,,,,,,1,5,8,0.2,0.7,0.1,8,18,0.51,1.85,0.0,0.0,0.0,35.04,48.88,44.6,50.0,1.0,0.55,1.0,1.0,1.0,Neutral,0.966,0.916,0.903,1.0,0.966,1.008,0.88,0.966,-8.4,-9.7,0.0,-3.4,0.8,-12.0,-3.4,0.007801556420233465,7.782101167315177e-05,0.0,0.03317120622568094,0.21992217898832692,2.2460894941634244,2.2792607003891057,0.04097276264591441,0.5479268482490274,,,,,0.0,0.2,2.2,,0.5,,,,,0.0,0.2,1.9,,0.5,38.0,0.85,0.65,42.0,18.0,1.8,18.0,22.0,6.0
2026,4,,2026-10-04,09:30,00-0037078,Cole Turner,cole turner,WAS,IND,TE,LOW TARGET,True,,,,,,,,0,0,8,0.2,0.7,0.1,8,16,2.67,2.06,1.57,3.95,-0.277,56.43,57.0,44.4,50.0,1.0,0.55,0.97,1.0,1.0,Favorable,1.093,1.12,0.903,1.0,1.093,1.12,1.12,1.093,12.0,-9.7,0.0,9.3,12.0,12.0,9.3,0.07801556420233463,0.0007782101167315176,0.0,0.3317120622568093,2.1992217898832687,22.460894941634237,22.79260700389105,0.409727626459144,5.479268482490272,,,,,0.3,2.1,21.8,,5.3,,,,,0.3,2.4,24.4,,5.8,38.0,0.85,0.65,42.0,18.0,1.8,18.0,22.0,6.0
2026,4,,2026-10-04,13:00,00-0034011,Dan Arnold,dan arnold,JAC,CIN,TE,LOW TARGET,False,,,,,,,,0,0,8,0.2,0.7,0.1,8,17,1.57,1.19,1.12,2.75,-0.106,56.95,56.27,44.2,50.0,1.0,0.55,0.987,1.0,1.0,Neutral,1.053,1.091,0.972,1.0,1.053,1.12,1.12,1.053,9.1,-2.8,0.0,5.3,12.0,12.0,5.3,0.07801556420233463,0.0007782101167315176,0.0,0.3317120622568093,2.1992217898832687,22.460894941634237,22.79260700389105,0.409727626459144,5.479268482490272,,,,,0.3,2.2,22.2,,5.4,,,,,0.3,2.5,24.9,,5.7,38.0,0.85,0.65,42.0,18.0,1.8,18.0,22.0,6.0
2026,4,,2026-10-04,16:25,00-0035329,Donald Parham,donald parham,LAC,SEA,TE,LOW TARGET,False,,,,,,,,0,0,8,0.2,0.7,0.1,8,18,5.74,5.29,1.58,10.6,0.378,52.02,59.01,44.1,50.0,1.0,0.55,1.03,1.0,1.0,Tough,0.922,0.88,0.88,1.0,0.922,1.099,1.046,0.922,-12.0,-12.0,0.0,-7.8,9.9,4.6,-7.8,0.07801556420233463,0.0007782101167315176,0.0,0.3317120622568093,2.1992217898832687,22.460894941634237,22.79260700389105,0.409727626459144,5.479268482490272,,,,,0.3,2.3,23.1,,5.6,,,,,0.3,2.5,24.2,,5.2,38.0,0.85,0.65,42.0,18.0,1.8,18.0,22.0,6.0
2026,4,,2026-10-04,13:00,00-0033879,O.J. Howard,oj howard,HOU,DAL,TE,LOW TARGET,True,,,,,,,,0,0,8,0.2,0.7,0.1,8,17,1.99,1.77,0.0,3.8,-0.191,53.0,57.18,43.6,50.0,1.0,0.55,0.977,1.0,1.0,Neutral,1.062,1.086,1.12,1.0,1.062,1.027,1.005,1.062,8.6,12.0,0.0,6.2,2.7,0.5,6.2,0.07801556420233463,0.0007782101167315176,0.0,0.3317120622568093,2.1992217898832687,22.460894941634237,22.79260700389105,0.409727626459144,5.479268482490272,,,,,0.3,2.1,21.9,,5.4,,,,,0.3,2.2,22.0,,5.7,38.0,0.85,0.65,42.0,18.0,1.8,18.0,22.0,6.0
2026,4,,2026-10-04,16:25,00-0036423,Albert Okwuegbunam,albert okwuegbunam,LV,KC,TE,LOW TARGET,True,,,,,,,,0,1,8,0.2,0.7,0.1,8,18,4.32,4.94,0.0,8.38,-0.5,46.65,57.09,43.2,50.0,1.0,0.805,0.97,1.0,1.0,Tough,0.886,0.881,0.88,1.0,0.886,0.964,0.9,0.886,-11.9,-12.0,0.0,-11.4,-3.6,-10.0,-11.4,0.00975194552529183,9.727626459143971e-05,0.0,0.04146400778210117,4.6499027237354085,34.30761186770428,34.349075875486385,0.05121595330739301,8.209908560311284,,,,,0.0,4.5,33.3,,8.0,,,,,0.0,4.3,30.0,,7.1,38.0,0.85,0.65,42.0,18.0,1.8,18.0,22.0,6.0
2026,4,,2026-10-04,16:25,00-0040058,Nick Kallerup,nick kallerup,SEA,LAC,TE,LOW TARGET,True,,,,,,,,0,4,4,0.2,0.7,0.1,4,15,0.0,0.0,0.0,0.0,0.0,50.0,45.25,43.1,50.0,1.0,0.55,1.0,1.0,1.0,Tough,0.919,0.901,0.88,1.0,0.919,0.88,0.883,0.919,-9.9,-12.0,0.0,-8.1,-12.0,-11.7,-8.1,0.00975194552529183,9.727626459143971e-05,0.0,0.04146400778210117,0.27490272373540864,2.80761186770428,2.8490758754863816,0.05121595330739301,0.6849085603112841,,,,,0.0,0.3,2.8,,0.7,,,,,0.0,0.3,2.5,,0.6,38.0,0.85,0.65,42.0,18.0,1.8,18.0,22.0,6.0
2026,4,,2026-10-04,16:25,00-0035547,Joseph Fortson,joseph fortson,KC,LV,TE,LOW TARGET,False,,,,,,,,0,3,8,0.2,0.7,0.1,8,15,1.61,2.18,0.0,2.35,-0.758,42.45,52.87,43.0,50.0,1.0,0.55,0.97,1.0,1.0,Neutral,0.962,0.942,0.88,1.0,0.962,0.9,0.88,0.962,-5.8,-12.0,0.0,-3.8,-10.0,-12.0,-3.8,0.00975194552529183,9.727626459143971e-05,0.0,0.04146400778210117,0.44156939040207527,3.6409452010376135,3.682409208819715,0.05121595330739301,0.9349085603112841,,,,,0.0,0.4,3.5,,0.9,,,,,0.0,0.4,3.1,,0.9,38.0,0.85,0.65,42.0,18.0,1.8,18.0,22.0,6.0
2026,4,,2026-10-04,16:25,00-0038590,Justin Shorter,justin shorter,LV,KC,TE,LOW TARGET,True,,,,,,,,0,4,4,0.2,0.7,0.1,4,13,0.0,0.0,0.0,0.0,0.0,50.0,45.0,43.0,50.0,1.0,0.55,1.0,1.0,1.0,Tough,0.886,0.881,0.88,1.0,0.886,0.964,0.9,0.886,-11.9,-12.0,0.0,-11.4,-3.6,-10.0,-11.4,0.00975194552529183,9.727626459143971e-05,0.0,0.04146400778210117,0.27490272373540864,2.80761186770428,2.8490758754863816,0.05121595330739301,0.6849085603112841,,,,,0.0,0.3,2.8,,0.7,,,,,0.0,0.3,2.5,,0.6,38.0,0.85,0.65,42.0,18.0,1.8,18.0,22.0,6.0
2026,4,,2026-10-04,16:25,00-0024243,Marcedes Lewis,marcedes lewis,DEN,SF,TE,LOW TARGET,False,,,,,,,,0,6,8,0.2,0.7,0.1,8,18,0.88,1.98,0.0,1.25,-0.4,33.51,48.89,42.9,50.0,1.0,0.55,0.97,1.0,1.0,Neutral,1.018,1.019,0.947,1.0,1.018,1.12,1.055,1.018,1.9,-5.3,0.0,1.8,12.0,5.5,1.8,0.00975194552529183,9.727626459143971e-05,0.0,0.04146400778210117,0.408236057068742,3.074278534370947,3.1157425421530487,0.05121595330739301,0.8449085603112841,,,,,0.0,0.4,3.0,,0.8,,,,,0.0,0.4,3.2,,0.8,38.0,0.85,0.65,42.0,18.0,1.8,18.0,22.0,6.0
2026,4,,2026-10-04,16:05,00-0040509,Ben Yurosek,ben yurosek,MIN,MIA,TE,LOW TARGET,True,,,,,,,,0,6,6,0.2,0.7,0.1,6,18,0.68,0.86,0.0,1.12,0.133,40.33,44.39,42.8,50.0,1.0,0.55,1.016,1.0,1.0,Neutral,1.03,0.999,1.109,1.0,1.03,1.12,1.12,1.03,-0.1,10.9,0.0,3.0,12.0,12.0,3.0,0.00975194552529183,9.727626459143971e-05,0.0,0.04146400778210117,0.6165693904020753,5.3492785343709475,5.390742542153049,0.05121595330739301,1.2807418936446175,,,,,0.0,0.6,5.4,,1.3,,,,,0.0,0.7,6.0,,1.3,38.0,0.85,0.65,42.0,18.0,1.8,18.0,22.0,6.0
2026,4,,2026-10-04,13:00,00-0036424,Brycen Hopkins,brycen hopkins,LAR,PHI,TE,LOW TARGET,False,,,,,,,,0,0,8,0.2,0.7,0.1,8,18,2.92,2.75,1.12,4.0,1.0,51.46,55.46,42.5,50.0,1.0,0.55,1.03,1.0,1.0,Neutral,0.952,0.891,0.88,1.0,0.952,0.88,0.88,0.952,-10.9,-12.0,0.0,-4.8,-12.0,-12.0,-4.8,0.07801556420233463,0.0007782101167315176,0.0,0.3317120622568093,2.1992217898832687,22.460894941634237,22.79260700389105,0.409727626459144,5.479268482490272,,,,,0.3,2.3,23.1,,5.6,,,,,0.3,2.0,20.3,,5.3,38.0,0.85,0.65,42.0,18.0,1.8,18.0,22.0,6.0
2026,4,,2026-10-04,20:20,00-0036534,Shane Zylstra,shane zylstra,DET,CAR,TE,LOW TARGET,False,,,,,,,,0,3,8,0.2,0.7,0.1,8,18,4.62,7.29,1.05,4.1,-0.7,38.78,53.66,42.4,50.0,1.0,0.55,0.97,1.0,1.0,Neutral,0.992,0.913,0.88,1.0,0.992,0.94,1.055,0.992,-8.7,-12.0,0.0,-0.8,-6.0,5.5,-0.8,0.00975194552529183,9.727626459143971e-05,0.0,0.04146400778210117,1.8165693904020754,17.55761186770428,17.59907587548638,0.05121595330739301,3.7015752269779507,,,,,0.0,1.8,17.0,,3.6,,,,,0.0,1.7,17.9,,3.6,38.0,0.85,0.65,42.0,18.0,1.8,18.0,22.0,6.0
2026,4,,2026-10-04,13:00,00-0032134,C.J. Uzomah,cj uzomah,PHI,LAR,TE,LOW TARGET,True,,,,,,,,0,2,8,0.2,0.7,0.1,8,17,1.1,1.36,0.0,2.95,-1.0,44.75,53.03,42.4,50.0,1.0,0.55,0.97,1.0,1.0,Neutral,1.0,1.0,1.0,1.0,1.0,1.0,1.0,1.0,0.0,0.0,0.0,0.0,0.0,0.0,0.0,0.00975194552529183,9.727626459143971e-05,0.0,0.04146400778210117,0.27490272373540864,2.80761186770428,2.8490758754863816,0.05121595330739301,0.6849085603112841,,,,,0.0,0.3,2.7,,0.7,,,,,0.0,0.3,2.7,,0.7,38.0,0.85,0.65,42.0,18.0,1.8,18.0,22.0,6.0
2026,4,,2026-10-04,16:25,00-0032725,Stephen Anderson,stephen anderson,LAC,SEA,TE,LOW TARGET,False,,,,,,,,0,0,8,0.2,0.7,0.1,8,16,0.4,0.96,0.0,0.0,0.9,51.06,54.29,42.0,50.0,1.0,0.55,1.03,1.0,1.0,Tough,0.922,0.88,0.88,1.0,0.922,1.099,1.046,0.922,-12.0,-12.0,0.0,-7.8,9.9,4.6,-7.8,0.07801556420233463,0.0007782101167315176,0.0,0.3317120622568093,2.1992217898832687,22.460894941634237,22.79260700389105,0.409727626459144,5.479268482490272,,,,,0.3,2.3,23.1,,5.6,,,,,0.3,2.5,24.2,,5.2,38.0,0.85,0.65,42.0,18.0,1.8,18.0,22.0,6.0
2026,4,,2026-10-04,20:20,00-0035956,Giovanni Ricci,giovanni ricci,DET,CAR,TE,LOW TARGET,False,,,,,,,,0,2,8,0.2,0.7,0.1,8,18,0.82,1.29,0.0,1.35,-1.0,43.59,51.9,41.7,50.0,1.0,0.55,0.97,1.0,1.0,Neutral,0.992,0.913,0.88,1.0,0.992,0.94,1.055,0.992,-8.7,-12.0,0.0,-0.8,-6.0,5.5,-0.8,0.00975194552529183,9.727626459143971e-05,0.0,0.04146400778210117,0.27490272373540864,2.80761186770428,2.8490758754863816,0.05121595330739301,0.6849085603112841,,,,,0.0,0.3,2.7,,0.7,,,,,0.0,0.3,2.8,,0.7,38.0,0.85,0.65,42.0,18.0,1.8,18.0,22.0,6.0
2026,4,,2026-10-04,13:00,00-0036145,Lawrence Cager,lawrence cager,NYG,ARI,TE,LOW TARGET,True,,,,,,,,0,0,8,0.2,0.7,0.1,8,18,4.02,4.48,1.42,5.0,-0.468,47.29,55.53,41.5,50.0,1.0,0.55,0.97,1.0,1.0,Neutral,1.066,1.05,1.12,1.0,1.066,1.12,1.12,1.066,5.0,12.0,0.0,6.6,12.0,12.0,6.6,0.07801556420233463,0.0007782101167315176,0.0,0.3317120622568093,2.1992217898832687,22.460894941634237,22.79260700389105,0.409727626459144,5.479268482490272,,,,,0.3,2.1,21.8,,5.3,,,,,0.3,2.4,24.4,,5.6,38.0,0.85,0.65,42.0,18.0,1.8,18.0,22.0,6.0
2026,4,,2026-10-04,13:00,00-0034970,Irv Smith,irv smith,CIN,JAC,TE,LOW TARGET,True,,,,,,,,0,0,8,0.2,0.7,0.1,8,18,2.96,3.3,1.12,3.97,-0.5,47.27,55.28,41.4,50.0,1.0,0.55,0.97,1.0,1.0,Neutral,1.0,1.0,1.0,1.0,1.0,1.0,1.0,1.0,0.0,0.0,0.0,0.0,0.0,0.0,0.0,0.07801556420233463,0.0007782101167315176,0.0,0.3317120622568093,2.1992217898832687,22.460894941634237,22.79260700389105,0.409727626459144,5.479268482490272,,,,,0.3,2.1,21.8,,5.3,,,,,0.3,2.1,21.8,,5.3,38.0,0.85,0.65,42.0,18.0,1.8,18.0,22.0,6.0
2026,4,,2026-10-04,20:20,00-0036438,Stephen Sullivan,stephen sullivan,CAR,DET,TE,LOW TARGET,True,,,,,,,,0,1,8,0.2,0.7,0.1,8,18,1.35,1.81,0.0,2.45,-1.0,42.69,54.58,41.3,50.0,1.0,0.55,0.97,1.0,1.0,Neutral,1.069,1.095,1.12,1.0,1.069,1.12,1.12,1.069,9.5,12.0,0.0,6.9,12.0,12.0,6.9,0.00975194552529183,9.727626459143971e-05,0.0,0.04146400778210117,0.27490272373540864,2.80761186770428,2.8490758754863816,0.05121595330739301,0.6849085603112841,,,,,0.0,0.3,2.7,,0.7,,,,,0.0,0.3,3.0,,0.7,38.0,0.85,0.65,42.0,18.0,1.8,18.0,22.0,6.0
2026,4,,2026-10-04,13:00,00-0039754,Devin Culp,devin culp,TB,GB,TE,LOW TARGET,True,,,,,,,,0,6,6,0.2,0.7,0.1,6,18,3.28,3.64,0.0,7.1,-0.449,35.57,43.37,41.2,50.0,1.0,0.55,0.97,1.0,1.0,Neutral,0.966,0.916,0.903,1.0,0.966,1.008,0.88,0.966,-8.4,-9.7,0.0,-3.4,0.8,-12.0,-3.4,0.00975194552529183,9.727626459143971e-05,0.0,0.04146400778210117,0.9499027237354086,12.290945201037614,12.332409208819715,0.05121595330739301,3.558241893644617,,,,,0.0,0.9,11.9,,3.5,,,,,0.0,0.9,10.5,,3.4,38.0,0.85,0.65,42.0,18.0,1.8,18.0,22.0,6.0
2026,4,,2026-10-04,13:00,00-0035345,Chris Myarick,chris myarick,NYG,ARI,TE,LOW TARGET,True,,,,,,,,0,0,8,0.2,0.7,0.1,8,14,1.38,1.5,0.0,2.33,-0.459,47.85,53.29,40.8,50.0,1.0,0.55,0.97,1.0,1.0,Neutral,1.066,1.05,1.12,1.0,1.066,1.12,1.12,1.066,5.0,12.0,0.0,6.6,12.0,12.0,6.6,0.07801556420233463,0.0007782101167315176,0.0,0.3317120622568093,2.1992217898832687,22.460894941634237,22.79260700389105,0.409727626459144,5.479268482490272,,,,,0.3,2.1,21.8,,5.3,,,,,0.3,2.4,24.4,,5.6,38.0,0.85,0.65,42.0,18.0,1.8,18.0,22.0,6.0
2026,4,,2026-10-04,13:00,00-0035771,Mitchell Wilcox,mitchell wilcox,CIN,JAC,TE,LOW TARGET,True,,,,,,,,0,0,8,0.2,0.7,0.1,8,18,1.2,1.33,0.0,1.75,-0.778,47.54,53.56,40.8,50.0,1.0,0.55,0.97,1.0,1.0,Neutral,1.0,1.0,1.0,1.0,1.0,1.0,1.0,1.0,0.0,0.0,0.0,0.0,0.0,0.0,0.0,0.07801556420233463,0.0007782101167315176,0.0,0.3317120622568093,2.1992217898832687,22.460894941634237,22.79260700389105,0.409727626459144,5.479268482490272,,,,,0.3,2.1,21.8,,5.3,,,,,0.3,2.1,21.8,,5.3,38.0,0.85,0.65,42.0,18.0,1.8,18.0,22.0,6.0
2026,4,,2026-10-04,13:00,00-0035259,Trevon Wesco,trevon wesco,TEN,BAL,TE,LOW TARGET,False,,,,,,,,0,0,8,0.2,0.7,0.1,8,17,0.5,1.07,0.0,0.33,-1.0,48.35,52.96,40.8,50.0,1.0,0.55,0.97,1.0,1.0,Neutral,1.005,1.085,0.88,1.0,1.005,0.913,0.898,1.005,8.5,-12.0,0.0,0.5,-8.7,-10.2,0.5,0.07801556420233463,0.0007782101167315176,0.0,0.3317120622568093,2.1992217898832687,22.460894941634237,22.79260700389105,0.409727626459144,5.479268482490272,,,,,0.3,2.1,21.8,,5.3,,,,,0.3,1.9,19.6,,5.3,38.0,0.85,0.65,42.0,18.0,1.8,18.0,22.0,6.0
2026,4,,2026-10-04,09:30,00-0037168,Armani Rogers,armani rogers,WAS,IND,TE,LOW TARGET,True,,,,,,,,0,0,8,0.2,0.7,0.1,8,18,1.38,1.9,0.0,2.32,-0.679,42.0,52.15,38.9,50.0,1.0,0.55,0.97,1.0,1.0,Favorable,1.093,1.12,0.903,1.0,1.093,1.12,1.12,1.093,12.0,-9.7,0.0,9.3,12.0,12.0,9.3,0.07801556420233463,0.0007782101167315176,0.0,0.3317120622568093,2.1992217898832687,22.460894941634237,22.79260700389105,0.409727626459144,5.479268482490272,,,,,0.3,2.1,21.8,,5.3,,,,,0.3,2.4,24.4,,5.8,38.0,0.85,0.65,42.0,18.0,1.8,18.0,22.0,6.0
2026,4,,2026-10-04,16:25,00-0037011,Tre' McKitty,tre mckitty,LAC,SEA,TE,LOW TARGET,False,,,,,,,,0,0,8,0.2,0.7,0.1,8,18,0.99,1.42,0.0,1.85,-1.0,41.39,52.23,38.7,50.0,1.0,0.55,0.97,1.0,1.0,Tough,0.922,0.88,0.88,1.0,0.922,1.099,1.046,0.922,-12.0,-12.0,0.0,-7.8,9.9,4.6,-7.8,0.07801556420233463,0.0007782101167315176,0.0,0.3317120622568093,2.1992217898832687,22.460894941634237,22.79260700389105,0.409727626459144,5.479268482490272,,,,,0.3,2.1,21.8,,5.3,,,,,0.3,2.3,22.8,,4.9,38.0,0.85,0.65,42.0,18.0,1.8,18.0,22.0,6.0
2026,4,,2026-10-04,13:00,00-0041032,Kenyon Sadiq,kenyon sadiq,NYJ,CHI,TE,REGULAR TARGET,False,,,,,,,,3,0,3,0.2,0.7,0.1,3,3,14.6,8.9,7.55,17.45,1.0,23.29,40.28,36.9,50.0,1.0,0.659,1.03,1.0,1.0,Neutral,1.028,1.015,1.022,1.0,1.028,1.027,0.952,1.028,1.5,2.2,0.0,2.8,2.7,-4.8,2.8,0.026005188067444875,0.00025940337224383917,0.0,0.4915230683713173,3.7806929775801366,47.26474275832252,47.75626582669384,0.5175282564387622,11.556581557655488,,,,,0.5,3.9,48.7,,11.9,,,,,0.5,4.0,46.4,,12.2,38.0,0.85,0.65,42.0,18.0,1.8,18.0,22.0,6.0
2026,4,,2026-10-04,13:00,00-0035624,N'Keal Harry,nkeal harry,CHI,NYJ,TE,LOW TARGET,True,,,,,,,,0,0,6,0.2,0.7,0.1,6,18,3.78,2.91,1.88,5.08,-0.292,42.36,46.77,36.8,50.0,1.0,0.55,0.97,1.0,1.0,Neutral,0.981,0.939,1.12,1.0,0.981,1.003,0.975,0.981,-6.1,12.0,0.0,-1.9,0.3,-2.5,-1.9,0.07801556420233463,0.0007782101167315176,0.0,0.3317120622568093,2.1992217898832687,22.460894941634237,22.79260700389105,0.409727626459144,5.479268482490272,,,,,0.3,2.1,21.8,,5.3,,,,,0.3,2.1,21.3,,5.2,38.0,0.85,0.65,42.0,18.0,1.8,18.0,22.0,6.0
2026,4,,2026-10-04,16:05,00-0032214,Tyler Kroft,tyler kroft,MIA,MIN,TE,LOW TARGET,False,,,,,,,,0,0,7,0.2,0.7,0.1,7,16,1.23,1.45,0.0,2.15,-0.05,40.22,47.46,36.5,50.0,1.0,0.55,0.994,1.0,1.0,Tough,0.927,0.88,0.88,1.0,0.927,0.88,0.898,0.927,-12.0,-12.0,0.0,-7.3,-12.0,-10.2,-7.3,0.07801556420233463,0.0007782101167315176,0.0,0.3317120622568093,2.1992217898832687,22.460894941634237,22.79260700389105,0.409727626459144,5.479268482490272,,,,,0.3,2.2,22.3,,5.4,,,,,0.3,1.9,20.0,,5.0,38.0,0.85,0.65,42.0,18.0,1.8,18.0,22.0,6.0
2026,4,,2026-10-04,16:25,00-0032062,Blake Bell,blake bell,KC,LV,TE,LOW TARGET,False,,,,,,,,0,0,8,0.2,0.7,0.1,8,18,1.32,2.52,0.0,1.32,1.0,34.39,50.73,36.4,50.0,1.0,0.55,1.03,1.0,1.0,Neutral,0.962,0.942,0.88,1.0,0.962,0.9,0.88,0.962,-5.8,-12.0,0.0,-3.8,-10.0,-12.0,-3.8,0.07801556420233463,0.0007782101167315176,0.0,0.3317120622568093,2.1992217898832687,22.460894941634237,22.79260700389105,0.409727626459144,5.479268482490272,,,,,0.3,2.3,23.1,,5.6,,,,,0.3,2.1,20.3,,5.4,38.0,0.85,0.65,42.0,18.0,1.8,18.0,22.0,6.0
2026,4,,2026-10-04,13:00,00-0040363,Keleki Latu,keleki latu,BUF,NE,TE,LOW TARGET,True,,,,,,,,2,3,5,0.2,0.7,0.1,5,18,1.38,2.4,0.0,1.4,-0.7,22.82,35.38,36.1,50.0,1.0,0.55,0.97,1.0,1.0,Tough,0.908,0.89,0.888,1.0,0.908,0.993,0.97,0.908,-11.0,-11.2,0.0,-9.2,-0.7,-3.0,-9.2,0.007801556420233465,7.782101167315177e-05,0.0,0.03317120622568094,1.3532555123216603,13.112756160830092,13.145927367055773,0.04097276264591441,2.7679268482490276,,,,,0.0,1.3,12.7,,2.7,,,,,0.0,1.3,12.3,,2.5,38.0,0.85,0.65,42.0,18.0,1.8,18.0,22.0,6.0
2026,4,,2026-10-04,13:00,00-0039305,Jack Westover,jack westover,NE,BUF,TE,LOW TARGET,False,,,,,,,,0,4,4,0.2,0.7,0.1,4,18,0.36,0.48,0.0,0.25,0.5,33.8,37.9,36.1,50.0,1.0,0.55,1.03,1.0,1.0,Neutral,0.946,0.88,0.88,1.0,0.946,0.88,0.88,0.946,-12.0,-12.0,0.0,-5.4,-12.0,-12.0,-5.4,0.00975194552529183,9.727626459143971e-05,0.0,0.04146400778210117,0.5874027237354087,2.80761186770428,2.8490758754863816,0.05121595330739301,0.9974085603112841,,,,,0.0,0.6,2.9,,1.0,,,,,0.0,0.5,2.6,,0.9,38.0,0.85,0.65,42.0,18.0,1.8,18.0,22.0,6.0
2026,4,,2026-10-04,13:00,00-0037031,Nikola Kalinic,nikola kalinic,CHI,NYJ,TE,LOW TARGET,True,,,,,,,,0,2,3,0.2,0.7,0.1,3,18,0.0,0.0,0.0,0.0,0.0,37.5,40.0,35.4,50.0,1.0,0.55,1.0,1.0,1.0,Neutral,0.981,0.939,1.12,1.0,0.981,1.003,0.975,0.981,-6.1,12.0,0.0,-1.9,0.3,-2.5,-1.9,0.00975194552529183,9.727626459143971e-05,0.0,0.04146400778210117,0.27490272373540864,2.80761186770428,2.8490758754863816,0.05121595330739301,0.6849085603112841,,,,,0.0,0.3,2.8,,0.7,,,,,0.0,0.3,2.7,,0.7,38.0,0.85,0.65,42.0,18.0,1.8,18.0,22.0,6.0
2026,4,,2026-10-04,16:05,00-0041524,Will Kacmarek,will kacmarek,MIA,MIN,TE,LOW TARGET,False,,,,,,,,3,0,3,0.2,0.7,0.1,3,3,0.47,0.66,0.0,0.7,0.0,22.59,30.98,33.0,50.0,1.0,0.55,1.0,1.0,1.0,Tough,0.927,0.88,0.88,1.0,0.927,0.88,0.898,0.927,-12.0,-12.0,0.0,-7.3,-12.0,-10.2,-7.3,0.026005188067444875,0.00025940337224383917,0.0,0.11057068741893643,0.9552961521833117,8.375853869433634,8.48642455685257,0.1365758754863813,2.1375339386078687,,,,,0.1,1.0,8.4,,2.1,,,,,0.1,0.9,7.5,,1.9,38.0,0.85,0.65,42.0,18.0,1.8,18.0,22.0,6.0
2026,4,,2026-10-04,13:00,00-0031598,Nick Boyle,nick boyle,BAL,TEN,TE,LOW TARGET,True,,,,,,,,0,0,3,0.2,0.7,0.1,3,16,0.0,0.0,0.0,0.0,0.0,37.5,40.0,32.9,50.0,1.0,0.55,1.0,1.0,1.0,Neutral,1.014,1.025,0.932,1.0,1.014,0.966,0.906,1.014,2.5,-6.8,0.0,1.4,-3.4,-9.4,1.4,0.07801556420233463,0.0007782101167315176,0.0,0.3317120622568093,2.1992217898832687,22.460894941634237,22.79260700389105,0.409727626459144,5.479268482490272,,,,,0.3,2.2,22.5,,5.5,,,,,0.3,2.1,20.4,,5.6,38.0,0.85,0.65,42.0,18.0,1.8,18.0,22.0,6.0
2026,4,,2026-10-04,13:00,00-0039420,Jaheim Bell,jaheim bell,NE,BUF,TE,LOW TARGET,False,,,,,,,,0,4,4,0.2,0.7,0.1,4,18,1.19,1.32,0.0,1.55,0.9,23.7,33.1,31.7,50.0,1.0,0.55,1.03,1.0,1.0,Neutral,0.946,0.88,0.88,1.0,0.946,0.88,0.88,0.946,-12.0,-12.0,0.0,-5.4,-12.0,-12.0,-5.4,0.00975194552529183,9.727626459143971e-05,0.0,0.04146400778210117,0.7124027237354087,8.870111867704281,8.911575875486383,0.05121595330739301,1.7286585603112843,,,,,0.0,0.7,9.1,,1.8,,,,,0.0,0.6,8.0,,1.7,38.0,0.85,0.65,42.0,18.0,1.8,18.0,22.0,6.0
2026,4,,2026-10-04,13:00,00-0036194,Devin Asiasi,devin asiasi,CIN,JAC,TE,LOW TARGET,True,,,,,,,,0,0,5,0.2,0.7,0.1,5,16,0.71,1.13,0.0,0.0,1.0,29.35,38.29,30.2,50.0,1.0,0.55,1.03,1.0,1.0,Neutral,1.0,1.0,1.0,1.0,1.0,1.0,1.0,1.0,0.0,0.0,0.0,0.0,0.0,0.0,0.0,0.07801556420233463,0.0007782101167315176,0.0,0.3317120622568093,2.1992217898832687,22.460894941634237,22.79260700389105,0.409727626459144,5.479268482490272,,,,,0.3,2.3,23.1,,5.6,,,,,0.3,2.3,23.1,,5.6,38.0,0.85,0.65,42.0,18.0,1.8,18.0,22.0,6.0
2026,4,,2026-10-04,13:00,00-0027981,Kyle Rudolph,kyle rudolph,TB,GB,TE,LOW TARGET,True,,,,,,,,0,0,5,0.2,0.7,0.1,5,18,2.84,3.24,0.0,2.2,1.0,29.18,38.42,30.2,50.0,1.0,0.55,1.03,1.0,1.0,Neutral,0.966,0.916,0.903,1.0,0.966,1.008,0.88,0.966,-8.4,-9.7,0.0,-3.4,0.8,-12.0,-3.4,0.07801556420233463,0.0007782101167315176,0.0,0.3317120622568093,2.1992217898832687,22.460894941634237,22.79260700389105,0.409727626459144,5.479268482490272,,,,,0.3,2.3,23.1,,5.6,,,,,0.3,2.3,20.3,,5.4,38.0,0.85,0.65,42.0,18.0,1.8,18.0,22.0,6.0
2026,4,,2026-10-04,16:25,00-0040488,Carter Runyon,carter runyon,LV,KC,TE,LOW TARGET,True,,,,,,,,0,3,3,0.2,0.7,0.1,3,16,0.25,0.51,0.0,0.65,-1.0,24.83,31.88,30.2,50.0,1.0,0.55,0.97,1.0,1.0,Tough,0.886,0.881,0.88,1.0,0.886,0.964,0.9,0.886,-11.9,-12.0,0.0,-11.4,-3.6,-10.0,-11.4,0.00975194552529183,9.727626459143971e-05,0.0,0.04146400778210117,0.44156939040207527,3.30761186770428,3.3490758754863816,0.05121595330739301,0.9015752269779508,,,,,0.0,0.4,3.2,,0.9,,,,,0.0,0.4,2.9,,0.8,38.0,0.85,0.65,42.0,18.0,1.8,18.0,22.0,6.0
2026,4,,2026-10-04,13:00,00-0038498,E.J. Jenkins,ej jenkins,PHI,LAR,TE,LOW TARGET,True,,,,,,,,1,3,4,0.2,0.7,0.1,4,18,1.65,3.16,0.0,1.93,-1.0,17.15,29.2,29.7,50.0,1.0,0.55,0.97,1.0,1.0,Neutral,1.0,1.0,1.0,1.0,1.0,1.0,1.0,1.0,0.0,0.0,0.0,0.0,0.0,0.0,0.0,0.007801556420233465,7.782101167315177e-05,0.0,0.03317120622568094,0.4532555123216602,3.8794228274967577,3.912594033722439,0.04097276264591441,2.3445935149156942,,,,,0.0,0.4,3.8,,2.3,,,,,0.0,0.4,3.8,,2.3,38.0,0.85,0.65,42.0,18.0,1.8,18.0,22.0,6.0
2026,4,,2026-10-04,16:25,00-0039824,Jared Wiley,jared wiley,KC,LV,TE,LOW TARGET,False,,,,,,,,0,3,3,0.2,0.7,0.1,3,18,0.79,0.76,0.7,1.55,-1.0,21.3,30.11,28.6,50.0,1.0,0.55,0.97,1.0,1.0,Neutral,0.962,0.942,0.88,1.0,0.962,0.9,0.88,0.962,-5.8,-12.0,0.0,-3.8,-10.0,-12.0,-3.8,0.00975194552529183,9.727626459143971e-05,0.0,0.04146400778210117,0.733236057068742,5.1409452010376135,5.182409208819715,0.05121595330739301,1.376575226977951,,,,,0.0,0.7,5.0,,1.3,,,,,0.0,0.6,4.4,,1.3,38.0,0.85,0.65,42.0,18.0,1.8,18.0,22.0,6.0
2026,4,,2026-10-04,16:25,00-0038920,John Shenker,john shenker,LV,KC,TE,LOW TARGET,True,,,,,,,,0,3,3,0.2,0.7,0.1,3,16,0.57,0.8,0.0,0.85,0.0,20.82,29.46,28.2,50.0,1.0,0.55,1.0,1.0,1.0,Tough,0.886,0.881,0.88,1.0,0.886,0.964,0.9,0.886,-11.9,-12.0,0.0,-11.4,-3.6,-10.0,-11.4,0.00975194552529183,9.727626459143971e-05,0.0,0.04146400778210117,0.5665693904020752,4.849278534370947,4.890742542153048,0.05121595330739301,1.1807418936446175,,,,,0.0,0.6,4.8,,1.2,,,,,0.0,0.6,4.3,,1.1,38.0,0.85,0.65,42.0,18.0,1.8,18.0,22.0,6.0
2026,4,,2026-10-04,16:25,00-0031384,Richard Rodgers,richard rodgers,LAC,SEA,TE,LOW TARGET,False,,,,,,,,0,0,3,0.2,0.7,0.1,3,10,0.67,0.7,0.0,0.7,1.0,22.07,32.05,25.8,50.0,1.0,0.55,1.03,1.0,1.0,Tough,0.922,0.88,0.88,1.0,0.922,1.099,1.046,0.922,-12.0,-12.0,0.0,-7.8,9.9,4.6,-7.8,0.07801556420233463,0.0007782101167315176,0.0,0.3317120622568093,2.1992217898832687,22.460894941634237,22.79260700389105,0.409727626459144,5.479268482490272,,,,,0.3,2.3,23.1,,5.6,,,,,0.3,2.5,24.2,,5.2,38.0,0.85,0.65,42.0,18.0,1.8,18.0,22.0,6.0
2026,4,,2026-10-04,13:00,00-0031558,Maxx Williams,maxx williams,ARI,NYG,TE,LOW TARGET,False,,,,,,,,0,0,3,0.2,0.7,0.1,3,16,1.36,1.38,0.85,2.4,-1.0,18.57,28.88,23.7,50.0,1.0,0.55,0.97,1.0,1.0,Neutral,1.012,0.991,1.009,1.0,1.012,0.977,0.91,1.012,-0.9,0.9,0.0,1.2,-2.3,-9.0,1.2,0.07801556420233463,0.0007782101167315176,0.0,0.3317120622568093,2.1992217898832687,22.460894941634237,22.79260700389105,0.409727626459144,5.479268482490272,,,,,0.3,2.1,21.8,,5.3,,,,,0.3,2.1,19.8,,5.4,38.0,0.85,0.65,42.0,18.0,1.8,18.0,22.0,6.0
2026,4,,2026-10-04,13:00,00-0036646,Simi Fehoko,simi fehoko,ARI,NYG,WR,LOW TARGET,False,,,,,,,,2,13,8,0.2,0.7,0.1,8,10,0.0,0.0,0.0,0.0,0.0,100.0,65.0,78.5,50.0,1.0,0.55,1.0,1.0,1.0,Neutral,1.012,0.991,1.009,1.0,1.012,1.038,1.026,1.012,-0.9,0.9,0.0,1.2,3.8,2.6,1.2,0.0039038161993769477,8.761682242990656e-05,0.0,0.09885124610591901,0.49399038461538464,7.389947280134198,7.488798526240116,0.10275506230529596,1.3677148634076206,,,,,0.1,0.5,7.4,,1.4,,,,,0.1,0.5,7.6,,1.4,38.0,0.85,0.65,42.0,18.0,1.8,18.0,22.0,6.0
2026,4,,2026-10-04,13:00,00-0039589,Kameron Johnson,kameron johnson,TB,GB,WR,LOW TARGET,True,,,,,,,,3,21,8,0.2,0.7,0.1,8,18,0.0,0.0,0.0,0.0,0.0,100.0,65.12,78.5,50.0,1.0,0.55,1.0,1.0,1.0,Neutral,0.966,0.916,0.903,1.0,0.966,1.007,0.947,0.966,-8.4,-9.7,0.0,-3.4,0.7,-5.3,-3.4,0.0039038161993769477,8.761682242990656e-05,0.0,0.814565531820205,0.3869940476190477,5.312621272808189,6.127186804628395,0.8184693480195819,1.315985925678683,,,,,0.8,0.4,5.3,,1.3,,,,,0.8,0.4,5.0,,1.3,38.0,0.85,0.65,42.0,18.0,1.8,18.0,22.0,6.0
2026,4,,2026-10-04,16:25,00-0038519,Nikko Remigio,nikko remigio,KC,LV,WR,LOW TARGET,False,,,,,,,,3,19,8,0.2,0.7,0.1,8,18,0.0,0.0,0.0,0.0,0.0,100.0,65.0,78.5,50.0,1.0,0.55,1.0,1.0,1.0,Neutral,0.962,0.942,0.88,1.0,0.962,1.026,0.986,0.962,-5.8,-12.0,0.0,-3.8,2.6,-1.4,-3.8,0.0039038161993769477,8.761682242990656e-05,0.0,0.46551791277258564,0.3470942982456141,5.281242826692902,5.746760739465487,0.4694217289719626,1.0466149983603872,,,,,0.5,0.3,5.3,,1.0,,,,,0.5,0.3,5.2,,1.0,38.0,0.85,0.65,42.0,18.0,1.8,18.0,22.0,6.0
2026,4,,2026-10-04,20:20,00-0035544,Tom Kennedy,tom kennedy,DET,CAR,WR,LOW TARGET,False,,,,,,,,3,9,8,0.2,0.7,0.1,8,18,0.0,0.0,0.0,0.0,0.0,100.0,65.0,77.2,50.0,1.0,0.55,1.0,1.0,1.0,Neutral,0.992,0.913,0.88,1.0,0.992,0.89,0.88,0.992,-8.7,-12.0,0.0,-0.8,-11.0,-12.0,-0.8,0.0039038161993769477,8.761682242990656e-05,0.0,0.09885124610591901,0.5371527777777779,5.770716510903428,5.869567757009347,0.10275506230529596,1.248954179646937,,,,,0.1,0.5,5.8,,1.2,,,,,0.1,0.4,5.1,,1.2,38.0,0.85,0.65,42.0,18.0,1.8,18.0,22.0,6.0
2026,4,,2026-10-04,16:25,00-0038543,Jaxon Smith-Njigba,jaxon smith njigba,SEA,LAC,WR,HIGH TARGET,True,,,,,,,,3,34,8,0.2,0.7,0.1,8,18,26.94,9.71,17.77,29.91,0.92,73.5,78.12,77.1,50.0,1.0,1.18,1.03,1.0,1.0,Tough,0.919,0.901,0.88,1.0,0.919,0.945,0.916,0.919,-9.9,-12.0,0.0,-8.1,-5.5,-8.4,-8.1,1.8613013206557052,8.761682242990656e-05,0.0,1.447514347710197,6.711170263559971,93.30631620532665,94.75383055303686,3.3088156683659022,21.036266801665445,,,,,1.5,6.9,96.1,,21.7,,,,,1.4,6.5,88.0,,19.9,38.0,0.85,0.65,42.0,18.0,2.47,33.44,22.0,6.0
2026,4,,2026-10-04,20:20,00-0036963,Amon-Ra St. Brown,amon ra st brown,DET,CAR,WR,HIGH TARGET,False,,,,,,,,3,34,8,0.2,0.7,0.1,8,18,22.79,10.58,14.08,30.32,0.544,68.29,78.53,76.0,50.0,1.0,1.18,1.03,1.0,1.0,Neutral,0.992,0.913,0.88,1.0,0.992,0.89,0.88,0.992,-8.7,-12.0,0.0,-0.8,-11.0,-12.0,-0.8,0.09748670389991171,0.013456600779649157,0.0,0.4111507113465608,6.443739654952892,73.42388686995615,73.83503758130271,0.5086374152464725,18.524509735202493,,,,,0.4,6.6,75.6,,19.1,,,,,0.4,5.9,66.5,,18.9,38.0,0.85,0.65,42.0,18.0,2.24,25.27,22.0,6.0
2026,4,,2026-10-04,13:00,00-0036900,Ja'Marr Chase,jamarr chase,CIN,JAC,WR,HIGH TARGET,True,,,,,,,,3,33,8,0.2,0.7,0.1,8,18,20.06,8.07,17.47,24.85,-0.204,71.31,74.87,75.3,50.0,1.0,1.18,0.976,1.0,1.0,Neutral,1.0,1.0,1.0,1.0,1.0,1.0,1.0,1.0,0.0,0.0,0.0,0.0,0.0,0.0,0.0,0.0039038161993769477,8.761682242990656e-05,0.0,1.0319951854998586,7.106534090909093,83.96232906501601,84.99432425051585,1.0358990016992355,20.030270016587775,,,,,1.0,6.9,81.9,,19.5,,,,,1.0,6.9,81.9,,19.5,38.0,0.85,0.65,42.0,18.0,2.62,31.12,22.0,6.0
2026,4,,2026-10-04,13:00,00-0039075,Puka Nacua,puka nacua,LAR,PHI,WR,HIGH TARGET,False,,,,,,,,1,27,8,0.2,0.7,0.1,8,18,24.21,11.47,15.07,29.85,-0.509,67.84,77.17,75.3,50.0,1.0,1.18,0.97,1.0,1.0,Neutral,0.952,0.891,0.88,1.0,0.952,0.966,0.959,0.952,-10.9,-12.0,0.0,-4.8,-3.4,-4.1,-4.8,0.0039038161993769477,8.761682242990656e-05,0.0,4.111101958356632,6.7391470797720805,90.3259871661741,94.43708912453074,4.11500577455601,18.825079535772293,,,,,4.0,6.5,87.6,91.6,18.3,,,,,3.8,6.3,84.0,87.2,17.4,38.0,0.85,0.65,42.0,18.0,2.39,31.92,29.65,6.0
2026,4,,2026-10-04,13:00,00-0038606,Parker Washington,parker washington,JAC,CIN,WR,REGULAR TARGET,False,,,,,,,,3,30,8,0.2,0.7,0.1,8,18,16.44,5.78,11.82,19.4,-0.247,74.0,72.01,74.8,50.0,1.0,0.803,0.97,1.0,1.0,Neutral,1.053,1.091,0.972,1.0,1.053,0.88,0.88,1.053,9.1,-2.8,0.0,5.3,-12.0,-12.0,5.3,0.0039038161993769477,8.761682242990656e-05,0.0,0.06781676334729833,3.5022321428571432,49.31777726624005,49.385594029587345,0.07172057954667528,11.094371804168011,,,,,0.1,3.4,47.9,,10.8,,,,,0.1,3.0,42.2,,11.4,38.0,0.85,0.65,42.0,18.0,1.8,18.0,22.0,6.0
2026,4,,2026-10-04,09:30,00-0038997,Josh Downs,josh downs,IND,WAS,WR,REGULAR TARGET,False,,,,,,,,3,30,8,0.2,0.7,0.1,8,18,9.88,3.27,6.15,12.03,0.216,75.11,71.18,74.7,50.0,1.0,0.942,1.026,1.0,1.0,Favorable,1.116,1.12,1.12,1.0,1.116,1.12,1.12,1.116,12.0,12.0,0.0,11.6,12.0,12.0,11.6,0.0039038161993769477,8.761682242990656e-05,0.0,0.23080526909442478,4.169686986863712,47.207596642266324,47.43840191136075,0.23470908529380172,10.230095942099043,,,,,0.2,4.3,48.4,,10.5,,,,,0.2,4.8,54.2,,11.7,38.0,0.85,0.65,42.0,18.0,1.82,20.6,22.0,6.0
2026,4,,2026-10-04,13:00,00-0036309,Darnell Mooney,darnell mooney,NYG,ARI,WR,LOW TARGET,True,,,,,,,,3,31,8,0.2,0.7,0.1,8,18,5.12,1.27,4.62,5.75,0.101,80.09,66.66,74.2,50.0,1.0,0.686,1.012,1.0,1.0,Neutral,1.066,1.05,1.12,1.0,1.066,0.965,0.973,1.066,5.0,12.0,0.0,6.6,-3.5,-2.7,6.6,0.0039038161993769477,8.761682242990656e-05,0.0,0.9559941032487763,2.6638911290322587,39.17888855391418,40.134882657162954,0.9598979194481533,7.45254660156194,,,,,1.0,2.7,39.7,,7.5,,,,,1.1,2.6,38.6,,8.0,38.0,0.85,0.65,42.0,18.0,1.8,18.0,22.0,6.0
2026,4,,2026-10-04,13:00,00-0036554,Nico Collins,nico collins,HOU,DAL,WR,REGULAR TARGET,True,,,,,,,,1,27,8,0.2,0.7,0.1,8,18,16.34,6.26,9.6,22.0,-0.349,72.31,71.23,74.1,50.0,1.0,1.144,0.97,1.0,1.0,Neutral,1.062,1.086,1.12,1.0,1.062,1.041,1.081,1.062,8.6,12.0,0.0,6.2,4.1,8.1,6.2,0.0039038161993769477,8.761682242990656e-05,0.0,1.9620991093537825,5.153676994301995,72.10205554224245,74.06415465159625,1.9660029255531595,16.030236230928992,,,,,1.9,5.0,69.9,,15.5,,,,,2.0,5.2,75.6,,16.5,38.0,0.85,0.65,42.0,18.0,1.98,28.73,22.0,6.0
2026,4,,2026-10-04,13:00,00-0036410,Tee Higgins,tee higgins,CIN,JAC,WR,REGULAR TARGET,True,,,,,,,,3,27,8,0.2,0.7,0.1,8,18,15.47,5.74,9.65,19.27,0.035,72.93,70.9,74.1,50.0,1.0,1.024,1.004,1.0,1.0,Neutral,1.0,1.0,1.0,1.0,1.0,1.0,1.0,1.0,0.0,0.0,0.0,0.0,0.0,0.0,0.0,0.0039038161993769477,8.761682242990656e-05,0.0,0.09885124610591901,4.592097832722834,65.28435102453795,65.38320227064386,0.10275506230529596,15.192503223195983,,,,,0.1,4.6,65.6,,15.3,,,,,0.1,4.6,65.6,,15.3,38.0,0.85,0.65,42.0,18.0,1.8,24.93,22.0,6.0
2026,4,,2026-10-04,13:00,00-0034928,Steven Sims,steven sims,ARI,NYG,WR,LOW TARGET,False,,,,,,,,0,12,8,0.2,0.7,0.1,8,18,0.0,0.0,0.0,0.0,0.0,100.0,65.26,73.6,50.0,1.0,0.55,1.0,1.0,1.0,Neutral,1.012,0.991,1.009,1.0,1.012,1.038,1.026,1.012,-0.9,0.9,0.0,1.2,3.8,2.6,1.2,0.004879770249221185,0.00010952102803738319,0.0,0.12356405763239876,0.32421875000000006,4.088395638629285,4.211959696261682,0.12844382788161995,0.9014705023364488,,,,,0.1,0.3,4.1,,0.9,,,,,0.1,0.3,4.2,,0.9,38.0,0.85,0.65,42.0,18.0,1.8,18.0,22.0,6.0
2026,4,,2026-10-04,16:25,00-0039067,Rashee Rice,rashee rice,KC,LV,WR,HIGH TARGET,False,,,,,,,,3,12,8,0.2,0.7,0.1,8,17,14.56,6.57,9.88,17.88,-0.223,68.91,71.74,73.4,50.0,1.0,1.167,0.973,1.0,1.0,Neutral,0.962,0.942,0.88,1.0,0.962,1.026,0.986,0.962,-5.8,-12.0,0.0,-3.8,2.6,-1.4,-3.8,0.0039038161993769477,8.761682242990656e-05,0.0,1.3261239733786463,5.74920183982684,67.13759962778656,68.4637236011652,1.3300277895780233,15.77929328498604,,,,,1.3,5.6,65.3,,15.4,,,,,1.3,5.7,64.4,,14.8,38.0,0.85,0.65,42.0,18.0,2.17,24.47,22.0,6.0
2026,4,,2026-10-04,13:00,00-0038559,Michael Wilson,michael wilson,ARI,NYG,WR,HIGH TARGET,False,,,,,,,,3,33,8,0.2,0.7,0.1,8,18,17.35,9.07,12.55,22.15,-0.254,65.68,73.66,73.4,50.0,1.0,1.041,0.97,1.0,1.0,Neutral,1.012,0.991,1.009,1.0,1.012,1.038,1.026,1.012,-0.9,0.9,0.0,1.2,3.8,2.6,1.2,0.0039038161993769477,8.761682242990656e-05,0.0,0.24335882186349478,4.478341450216451,51.407513047699965,51.65087186956347,0.24726263806287171,11.858641228708986,,,,,0.2,4.3,49.9,,11.5,,,,,0.2,4.5,51.2,,11.6,38.0,0.85,0.65,42.0,18.0,1.8,19.46,22.0,6.0
2026,4,,2026-10-04,16:05,00-0033040,Tyreek Hill,tyreek hill,MIA,MIN,WR,REGULAR TARGET,False,,,,,,,,0,21,8,0.2,0.7,0.1,8,18,12.32,4.93,7.4,16.15,0.444,71.41,69.95,73.3,50.0,1.0,0.977,1.03,1.0,1.0,Tough,0.927,0.88,0.88,1.0,0.927,0.88,0.882,0.927,-12.0,-12.0,0.0,-7.3,-12.0,-11.8,-7.3,0.004879770249221185,0.00010952102803738319,0.0,1.8390402481085897,4.651004464285715,55.754467067200736,57.5935073153093,1.843920018357811,12.348553835669783,,,,,1.9,4.8,57.4,,12.7,,,,,1.8,4.2,50.6,,11.8,38.0,0.85,0.65,42.0,18.0,1.8,19.23,22.0,6.0
2026,4,,2026-10-04,13:00,00-0039064,Zay Flowers,zay flowers,BAL,TEN,WR,REGULAR TARGET,True,,,,,,,,2,34,8,0.2,0.7,0.1,8,18,19.06,7.64,14.8,22.4,0.424,71.39,69.69,73.2,50.0,1.0,0.91,1.03,1.0,1.0,Neutral,1.014,1.025,0.932,1.0,1.014,1.073,1.093,1.014,2.5,-6.8,0.0,1.4,7.3,9.3,1.4,0.0039038161993769477,8.761682242990656e-05,0.0,5.360806937473376,4.550284090909091,71.17476540318764,76.535572340661,5.364710753672753,13.871543094000556,,,,,5.5,4.7,73.3,78.8,14.3,,,,,5.6,5.0,80.1,79.9,14.5,38.0,0.85,0.65,42.0,18.0,1.9,30.44,27.17,6.0
2026,4,,2026-10-04,13:00,00-0038124,Christian Watson,christian watson,GB,TB,WR,REGULAR TARGET,False,,,,,,,,3,24,8,0.2,0.7,0.1,8,18,18.64,9.13,12.05,23.18,1.0,67.12,70.62,72.5,50.0,1.0,0.815,1.03,1.0,1.0,Neutral,0.999,1.063,1.013,1.0,0.999,0.992,0.957,0.999,6.3,1.3,0.0,-0.1,-0.8,-4.3,-0.1,0.0039038161993769477,8.761682242990656e-05,0.0,0.911532405526209,3.3857725155279508,58.06683452332579,58.978366928852004,0.9154362217255859,12.404416567500629,,,,,0.9,3.5,59.8,,12.8,,,,,0.9,3.5,57.2,,12.8,38.0,0.85,0.65,42.0,18.0,1.8,21.74,22.0,6.0
2026,4,,2026-10-04,16:25,00-0036877,Jaelon Darden,jaelon darden,SEA,LAC,WR,LOW TARGET,True,,,,,,,,0,11,8,0.2,0.7,0.1,8,18,0.0,0.0,0.0,0.0,0.0,100.0,65.0,72.2,50.0,1.0,0.55,1.0,1.0,1.0,Tough,0.919,0.901,0.88,1.0,0.919,0.945,0.916,0.919,-9.9,-12.0,0.0,-8.1,-5.5,-8.4,-8.1,0.004879770249221185,0.00010952102803738319,0.0,0.12356405763239876,0.3764914772727273,4.402032002265648,4.525596059898047,0.12844382788161995,0.9851068659728125,,,,,0.1,0.4,4.4,,1.0,,,,,0.1,0.4,4.0,,0.9,38.0,0.85,0.65,42.0,18.0,1.8,18.0,22.0,6.0
2026,4,,2026-10-04,13:00,00-0034960,Jakobi Meyers,jakobi meyers,JAC,CIN,WR,REGULAR TARGET,False,,,,,,,,3,31,8,0.2,0.7,0.1,8,18,11.05,4.95,8.43,12.85,0.367,69.07,68.37,72.1,50.0,1.0,0.945,1.03,1.0,1.0,Neutral,1.053,1.091,0.972,1.0,1.053,0.88,0.88,1.053,9.1,-2.8,0.0,5.3,-12.0,-12.0,5.3,0.0039038161993769477,8.761682242990656e-05,0.0,0.9472997868125242,4.654705261136713,53.77062434500481,54.717924131817334,0.9512036030119012,11.980374558551185,,,,,1.0,4.8,55.4,,12.3,,,,,1.1,4.2,48.8,,13.0,38.0,0.85,0.65,42.0,18.0,1.8,18.54,22.0,6.0
2026,4,,2026-10-04,13:00,00-0035676,A.J. Brown,aj brown,NE,BUF,WR,HIGH TARGET,False,,,,,,,,1,28,8,0.2,0.7,0.1,8,18,15.76,8.42,11.88,20.12,-0.433,65.17,70.82,72.1,50.0,1.0,0.968,0.97,1.0,1.0,Neutral,0.946,0.88,0.88,1.0,0.946,0.935,0.904,0.946,-12.0,-12.0,0.0,-5.4,-6.5,-9.6,-5.4,0.0039038161993769477,8.761682242990656e-05,0.0,0.09885124610591901,4.554613095238097,59.7032561934431,59.802107439549026,0.10275506230529596,12.759668465361223,,,,,0.1,4.4,57.9,,12.4,,,,,0.1,4.1,52.3,,11.7,38.0,0.85,0.65,42.0,18.0,1.8,19.87,22.0,6.0
2026,4,,2026-10-04,13:00,00-0033555,Mack Hollins,mack hollins,NE,BUF,WR,REGULAR TARGET,False,,,,,,,,3,31,8,0.2,0.7,0.1,8,18,9.1,4.05,5.22,11.28,0.011,69.2,67.96,72.0,50.0,1.0,0.629,1.001,1.0,1.0,Neutral,0.946,0.88,0.88,1.0,0.946,0.935,0.904,0.946,-12.0,-12.0,0.0,-5.4,-6.5,-9.6,-5.4,0.0039038161993769477,8.761682242990656e-05,0.0,0.20723834288011256,3.0365178571428575,37.84767503624905,38.05491337912917,0.2111421590794895,7.795240917998191,,,,,0.2,3.0,37.9,,7.8,,,,,0.2,2.8,34.3,,7.4,38.0,0.85,0.65,42.0,18.0,1.8,18.0,22.0,6.0
2026,4,,2026-10-04,13:00,00-0037740,Garrett Wilson,garrett wilson,NYJ,CHI,WR,HIGH TARGET,False,,,,,,,,3,24,8,0.2,0.7,0.1,8,18,15.5,8.86,11.5,21.25,1.0,63.63,70.75,71.7,50.0,1.0,1.18,1.03,1.0,1.0,Neutral,1.028,1.015,1.022,1.0,1.028,0.958,1.042,1.028,1.5,2.2,0.0,2.8,-4.2,4.2,2.8,0.0039038161993769477,8.761682242990656e-05,0.0,0.18761936204794802,5.651559265010353,62.91491940945416,63.102538771502104,0.19152317824732498,14.959535615119679,,,,,0.2,5.8,64.8,,15.4,,,,,0.2,5.6,67.5,,15.8,38.0,0.85,0.65,42.0,18.0,2.13,25.65,22.0,6.0
2026,4,,2026-10-04,16:25,00-0031408,Mike Evans,mike evans,SF,DEN,WR,REGULAR TARGET,True,,,,,,,,3,22,8,0.2,0.7,0.1,8,18,11.33,5.12,7.65,14.8,0.193,68.85,67.59,71.7,50.0,1.0,0.999,1.023,1.0,1.0,Neutral,0.982,0.963,0.88,1.0,0.982,0.986,0.912,0.982,-3.7,-12.0,0.0,-1.8,-1.4,-8.8,-1.8,0.0039038161993769477,8.761682242990656e-05,0.0,0.09885124610591901,4.259375,55.12612776631469,55.22497901242061,0.10275506230529596,13.20022402091678,,,,,0.1,4.4,56.4,,13.5,,,,,0.1,4.3,51.4,,13.3,38.0,0.85,0.65,42.0,18.0,1.8,19.53,22.0,6.0
2026,4,,2026-10-04,13:00,00-0040735,Luther Burden III,luther burden iii,CHI,NYJ,WR,REGULAR TARGET,True,,,,,,,,3,15,8,0.2,0.7,0.1,8,18,13.18,7.07,7.57,15.75,-0.286,65.09,69.77,71.7,50.0,1.0,0.749,0.97,1.0,1.0,Neutral,0.981,0.939,1.12,1.0,0.981,0.954,0.897,0.981,-6.1,12.0,0.0,-1.9,-4.6,-10.3,-1.9,0.0039038161993769477,8.761682242990656e-05,0.0,2.8198036270583002,3.7527083333333335,47.711668891855815,50.53147251891412,2.823707443257677,10.003081163773922,,,,,2.7,3.6,46.3,,9.7,,,,,2.6,3.4,41.5,,9.5,38.0,0.85,0.65,42.0,18.0,1.8,18.0,22.0,6.0
2026,4,,2026-10-04,13:00,00-0040129,Emeka Egbuka,emeka egbuka,TB,GB,WR,REGULAR TARGET,True,,,,,,,,3,17,8,0.2,0.7,0.1,8,18,7.84,3.65,4.62,10.6,1.0,68.26,67.41,71.5,50.0,1.0,0.984,1.03,1.0,1.0,Neutral,0.966,0.916,0.903,1.0,0.966,1.007,0.947,0.966,-8.4,-9.7,0.0,-3.4,0.7,-5.3,-3.4,0.0039038161993769477,8.761682242990656e-05,0.0,0.11061595198827191,3.5547181372549024,47.79140978821436,47.902025740202625,0.11451976818764886,9.993294749208095,,,,,0.1,3.7,49.2,,10.3,,,,,0.1,3.7,46.6,,9.9,38.0,0.85,0.65,42.0,18.0,1.8,18.0,22.0,6.0
2026,4,,2026-10-04,16:05,00-0039880,Malik Washington,malik washington,MIA,MIN,WR,REGULAR TARGET,False,,,,,,,,3,31,8,0.2,0.7,0.1,8,18,7.58,3.7,3.5,10.42,0.111,67.2,67.56,71.3,50.0,1.0,0.629,1.013,1.0,1.0,Tough,0.927,0.88,0.88,1.0,0.927,0.88,0.882,0.927,-12.0,-12.0,0.0,-7.3,-12.0,-11.8,-7.3,0.0039038161993769477,8.761682242990656e-05,0.0,4.077192259930804,2.8365178571428573,26.37492542027363,30.452117680204434,4.081096076130181,6.81296442030234,,,,,4.1,2.9,26.7,30.9,6.9,,,,,3.8,2.6,23.5,28.6,6.4,38.0,0.85,0.65,42.0,18.0,1.8,18.0,22.0,6.0
2026,4,,2026-10-04,09:30,00-0031588,Stefon Diggs,stefon diggs,WAS,IND,WR,REGULAR TARGET,True,,,,,,,,3,25,8,0.2,0.7,0.1,8,18,13.91,7.12,6.88,21.8,-0.148,66.14,67.59,71.1,50.0,1.0,0.903,0.982,1.0,1.0,Favorable,1.093,1.12,0.903,1.0,1.093,1.12,1.12,1.093,12.0,-9.7,0.0,9.3,12.0,12.0,9.3,0.23790381619937695,8.761682242990656e-05,0.0,0.21685124610591902,4.742041666666668,54.13014508233201,54.34699632843792,0.454755062305296,12.58151735425011,,,,,0.2,4.7,53.2,,12.4,,,,,0.2,5.3,59.6,,13.6,38.0,0.85,0.65,42.0,18.0,2.01,22.65,22.0,6.0
2026,4,,2026-10-04,09:30,00-0035659,Terry McLaurin,terry mclaurin,WAS,IND,WR,REGULAR TARGET,True,,,,,,,,3,27,8,0.2,0.7,0.1,8,18,10.51,5.35,7.07,12.45,0.027,66.28,67.43,71.0,50.0,1.0,0.939,1.003,1.0,1.0,Favorable,1.093,1.12,0.903,1.0,1.093,1.12,1.12,1.093,12.0,-9.7,0.0,9.3,12.0,12.0,9.3,0.0039038161993769477,8.761682242990656e-05,0.0,0.13531848257315549,4.101865842490843,57.55219799238491,57.687516474958066,0.13922229877253245,12.906491827184585,,,,,0.1,4.1,57.7,,12.9,,,,,0.1,4.6,64.6,,14.1,38.0,0.85,0.65,42.0,18.0,1.8,24.55,22.0,6.0
2026,4,,2026-10-04,13:00,00-0036358,CeeDee Lamb,ceedee lamb,DAL,HOU,WR,REGULAR TARGET,False,,,,,,,,3,28,8,0.2,0.7,0.1,8,18,16.87,9.96,10.72,18.62,1.0,62.88,69.17,70.9,50.0,1.0,1.18,1.03,1.0,1.0,Neutral,0.935,0.943,0.88,1.0,0.935,0.895,0.938,0.935,-5.7,-12.0,0.0,-6.5,-10.5,-6.2,-6.5,0.0039038161993769477,8.761682242990656e-05,0.0,1.4020258492805222,5.966517857142858,82.27071651090344,83.67274236018396,1.4059296654798992,16.933239893932654,,,,,1.4,6.1,84.7,,17.4,,,,,1.3,5.5,79.4,,16.3,38.0,0.85,0.65,42.0,18.0,2.09,30.17,22.0,6.0
2026,4,,2026-10-04,13:00,00-0038117,Wan'Dale Robinson,wandale robinson,TEN,BAL,WR,HIGH TARGET,False,,,,,,,,3,33,8,0.2,0.7,0.1,8,18,13.28,8.42,7.9,19.6,-0.33,61.19,70.14,70.9,50.0,1.0,1.111,0.97,1.0,1.0,Neutral,1.005,1.085,0.88,1.0,1.005,1.12,1.12,1.005,8.5,-12.0,0.0,0.5,12.0,12.0,0.5,0.0039038161993769477,8.761682242990656e-05,0.0,0.46343457943925237,5.16083603896104,48.973043350730265,49.436477930169524,0.46733839563862933,11.712120665938423,,,,,0.4,5.0,47.5,,11.4,,,,,0.4,5.6,53.2,,11.5,38.0,0.85,0.65,42.0,18.0,2.13,20.22,22.0,6.0
2026,4,,2026-10-04,20:20,00-0037240,Jameson Williams,jameson williams,DET,CAR,WR,REGULAR TARGET,False,,,,,,,,3,32,8,0.2,0.7,0.1,8,18,10.91,5.88,7.8,14.38,-0.27,64.98,67.82,70.9,50.0,1.0,0.815,0.97,1.0,1.0,Neutral,0.992,0.913,0.88,1.0,0.992,0.89,0.88,0.992,-8.7,-12.0,0.0,-0.8,-11.0,-12.0,-0.8,0.0039038161993769477,8.761682242990656e-05,0.0,1.3718351170736611,3.693783602150538,58.775660827339685,60.14749594441334,1.375738933273038,11.764022984050417,,,,,1.3,3.6,57.0,,11.4,,,,,1.3,3.2,50.2,,11.3,38.0,0.85,0.65,42.0,18.0,1.8,19.08,22.0,6.0
2026,4,,2026-10-04,13:00,00-0031381,Davante Adams,davante adams,LAR,PHI,WR,HIGH TARGET,False,,,,,,,,3,28,8,0.2,0.7,0.1,8,18,18.0,11.52,7.05,22.15,0.653,60.99,70.15,70.8,50.0,1.0,1.18,1.03,1.0,1.0,Neutral,0.952,0.891,0.88,1.0,0.952,0.966,0.959,0.952,-10.9,-12.0,0.0,-4.8,-3.4,-4.1,-4.8,0.0039038161993769477,8.761682242990656e-05,0.0,0.09885124610591901,5.074454365079365,75.29690698709392,75.39575823319984,0.10275506230529596,17.183319259012016,,,,,0.1,5.2,77.6,,17.7,,,,,0.1,5.0,74.4,,16.9,38.0,0.85,0.65,42.0,18.0,1.9,28.27,22.0,6.0
2026,4,,2026-10-04,16:25,00-0035719,Deebo Samuel Sr.,deebo samuel sr,SF,DEN,WR,LOW TARGET,True,,,,,,,,3,31,8,0.2,0.7,0.1,8,18,10.12,4.91,6.5,12.33,0.822,67.32,66.03,70.7,50.0,1.0,0.714,1.03,1.0,1.0,Neutral,0.982,0.963,0.88,1.0,0.982,0.986,0.912,0.982,-3.7,-12.0,0.0,-1.8,-1.4,-8.8,-1.8,0.0039038161993769477,8.761682242990656e-05,0.0,6.546316683893939,3.480204493087557,45.650163515511714,52.19648019940566,6.550220500093316,10.964051977906026,,,,,6.7,3.6,47.0,53.8,11.3,,,,,6.6,3.5,42.9,52.8,11.1,38.0,0.85,0.65,42.0,18.0,1.8,18.0,22.0,6.0
2026,4,,2026-10-04,13:00,00-0037261,Khalil Shakir,khalil shakir,BUF,NE,WR,LOW TARGET,True,,,,,,,,3,31,8,0.2,0.7,0.1,8,18,6.97,3.39,5.5,9.53,-0.387,67.3,65.53,70.5,50.0,1.0,0.816,0.97,1.0,1.0,Tough,0.908,0.89,0.888,1.0,0.908,0.932,0.88,0.908,-11.0,-11.2,0.0,-9.2,-6.8,-12.0,-9.2,0.0039038161993769477,8.761682242990656e-05,0.0,0.2853028590091448,3.9986069508448545,41.91830483655627,42.20360769556542,0.2892066752085218,9.323167185279296,,,,,0.3,3.9,40.7,,9.0,,,,,0.3,3.6,35.8,,8.2,38.0,0.85,0.65,42.0,18.0,1.8,18.0,22.0,6.0
2026,4,,2026-10-04,16:25,00-0040134,Pat Bryant,pat bryant,DEN,SF,WR,LOW TARGET,False,,,,,,,,3,13,8,0.2,0.7,0.1,8,18,8.37,4.02,7.17,10.2,0.03,67.53,64.96,70.4,50.0,1.0,0.55,1.004,1.0,1.0,Neutral,1.018,1.019,0.947,1.0,1.018,1.023,0.971,1.018,1.9,-5.3,0.0,1.8,2.3,-2.9,1.8,0.0039038161993769477,8.761682242990656e-05,0.0,1.1655179127725859,2.5137706043956047,31.841961932148852,33.00747984492144,1.1694217289719628,7.001267976960734,,,,,1.2,2.5,32.0,,7.0,,,,,1.2,2.6,31.1,,7.1,38.0,0.85,0.65,42.0,18.0,1.8,18.0,22.0,6.0
2026,4,,2026-10-04,13:00,00-0036912,DeVonta Smith,devonta smith,PHI,LAR,WR,REGULAR TARGET,True,,,,,,,,3,30,8,0.2,0.7,0.1,8,18,12.41,7.48,7.53,13.43,0.678,62.39,68.05,70.3,50.0,1.0,0.995,1.03,1.0,1.0,Neutral,1.0,1.0,1.0,1.0,1.0,1.0,1.0,1.0,0.0,0.0,0.0,0.0,0.0,0.0,0.0,0.0039038161993769477,8.761682242990656e-05,0.0,0.11908113116339028,4.9140548029556665,61.62070009054218,61.73978122170558,0.12298494736276723,13.152187896122031,,,,,0.1,5.1,63.5,,13.5,,,,,0.1,5.1,63.5,,13.5,38.0,0.85,0.65,42.0,18.0,1.94,24.13,22.0,6.0
2026,4,,2026-10-04,13:00,00-0035535,Darius Slayton,darius slayton,NYG,ARI,WR,REGULAR TARGET,True,,,,,,,,0,30,8,0.2,0.7,0.1,8,18,8.0,4.08,5.02,11.62,-0.371,66.24,65.52,70.3,50.0,1.0,0.629,0.97,1.0,1.0,Neutral,1.066,1.05,1.12,1.0,1.066,0.965,0.973,1.066,5.0,12.0,0.0,6.6,-3.5,-2.7,6.6,0.004879770249221185,0.00010952102803738319,0.0,0.5500008392415942,2.5038164511494254,36.093855408744226,36.643856247985816,0.5548806094908154,6.938625674750242,,,,,0.5,2.4,35.0,,6.7,,,,,0.5,2.3,34.1,,7.1,38.0,0.85,0.65,42.0,18.0,1.8,18.0,22.0,6.0
2026,4,,2026-10-04,13:00,00-0040170,Elic Ayomanor,elic ayomanor,TEN,BAL,WR,LOW TARGET,False,,,,,,,,3,16,8,0.2,0.7,0.1,8,18,7.43,3.51,6.67,8.83,-0.374,67.88,64.54,70.3,50.0,1.0,0.698,0.97,1.0,1.0,Neutral,1.005,1.085,0.88,1.0,1.005,1.12,1.12,1.005,8.5,-12.0,0.0,0.5,12.0,12.0,0.5,0.0039038161993769477,8.761682242990656e-05,0.0,0.09885124610591901,2.291041666666667,31.977383177570093,32.07623442367602,0.10275506230529596,6.872081163773922,,,,,0.1,2.2,31.0,,6.7,,,,,0.1,2.5,34.7,,6.7,38.0,0.85,0.65,42.0,18.0,1.8,18.0,22.0,6.0
2026,4,,2026-10-04,13:00,00-0037247,George Pickens,george pickens,DAL,HOU,WR,REGULAR TARGET,False,,,,,,,,3,31,8,0.2,0.7,0.1,8,18,10.66,6.6,6.17,12.65,-0.219,61.78,68.09,70.2,50.0,1.0,1.097,0.974,1.0,1.0,Neutral,0.935,0.943,0.88,1.0,0.935,0.895,0.938,0.935,-5.7,-12.0,0.0,-6.5,-10.5,-6.2,-6.5,0.0039038161993769477,8.761682242990656e-05,0.0,0.04207705255753192,4.935166090629801,68.43873494408315,68.4808119966407,0.04598086875690887,13.647446755171767,,,,,0.0,4.8,66.6,,13.3,,,,,0.0,4.3,62.5,,12.4,38.0,0.85,0.65,42.0,18.0,1.8,23.75,22.0,6.0
2026,4,,2026-10-04,20:20,00-0040124,Tetairoa McMillan,tetairoa mcmillan,CAR,DET,WR,REGULAR TARGET,True,,,,,,,,3,17,8,0.2,0.7,0.1,8,18,9.68,5.67,4.3,13.15,-0.12,63.06,67.11,70.1,50.0,1.0,0.958,0.986,1.0,1.0,Neutral,1.069,1.095,1.12,1.0,1.069,1.053,1.089,1.069,9.5,12.0,0.0,6.9,5.3,8.9,6.9,0.0039038161993769477,8.761682242990656e-05,0.0,0.09885124610591901,3.7457195378151265,55.10597561454489,55.204826860650805,0.10275506230529596,11.189856373857955,,,,,0.1,3.7,54.3,,11.0,,,,,0.1,3.9,59.1,,11.8,38.0,0.85,0.65,42.0,18.0,1.8,22.46,22.0,6.0
2026,4,,2026-10-04,13:00,00-0036415,Van Jefferson,van jefferson,TEN,BAL,WR,LOW TARGET,False,,,,,,,,0,29,8,0.2,0.7,0.1,8,18,5.34,2.42,3.55,5.88,0.602,68.87,63.51,70.1,50.0,1.0,0.55,1.03,1.0,1.0,Neutral,1.005,1.085,0.88,1.0,1.005,1.12,1.12,1.005,8.5,-12.0,0.0,0.5,12.0,12.0,0.5,0.004879770249221185,0.00010952102803738319,0.0,0.12356405763239876,1.9603024938423648,23.79005820020564,23.913622257838036,0.12844382788161995,5.017572719085217,,,,,0.1,2.0,24.5,,5.2,,,,,0.1,2.2,27.4,,5.2,38.0,0.85,0.65,42.0,18.0,1.8,18.0,22.0,6.0
2026,4,,2026-10-04,13:00,00-0039451,Isaiah Williams,isaiah williams,NYJ,CHI,WR,LOW TARGET,False,,,,,,,,3,23,8,0.2,0.7,0.1,8,18,6.82,3.42,5.65,10.5,-0.271,66.58,64.54,70.0,50.0,1.0,0.55,0.97,1.0,1.0,Neutral,1.028,1.015,1.022,1.0,1.028,0.958,1.042,1.028,1.5,2.2,0.0,2.8,-4.2,4.2,2.8,0.0039038161993769477,8.761682242990656e-05,0.0,2.2045165952495296,1.8630640645586298,15.517093322497631,17.721609917747163,2.2084204114489063,4.196433318865208,,,,,2.1,1.8,15.1,,4.1,,,,,2.2,1.7,15.7,,4.2,38.0,0.85,0.65,42.0,18.0,1.8,18.0,22.0,6.0
2026,4,,2026-10-04,13:00,00-0039146,Jayden Reed,jayden reed,GB,TB,WR,LOW TARGET,False,,,,,,,,2,22,8,0.2,0.7,0.1,8,18,6.92,3.51,5.07,9.6,-0.461,66.35,64.55,69.9,50.0,1.0,0.565,0.97,1.0,1.0,Neutral,0.999,1.063,1.013,1.0,0.999,0.992,0.957,0.999,6.3,1.3,0.0,-0.1,-0.8,-4.3,-0.1,0.0039038161993769477,8.761682242990656e-05,0.0,5.324825272079944,2.880154220779221,36.47461261479954,41.79943788687948,5.328729088279322,8.416111466804225,,,,,5.2,2.8,35.4,40.5,8.2,,,,,5.2,2.8,33.9,40.5,8.2,38.0,0.85,0.65,42.0,18.0,1.8,18.0,22.0,6.0
2026,4,,2026-10-04,16:25,00-0040727,Tre Harris,tre harris,LAC,SEA,WR,LOW TARGET,False,,,,,,,,3,16,8,0.2,0.7,0.1,8,18,6.99,3.63,4.38,8.28,0.491,65.8,64.88,69.9,50.0,1.0,0.55,1.03,1.0,1.0,Tough,0.922,0.88,0.88,1.0,0.922,0.9,0.88,0.922,-12.0,-12.0,0.0,-7.8,-10.0,-12.0,-7.8,0.0039038161993769477,8.761682242990656e-05,0.0,0.6763512461059192,2.3917559523809526,30.131549844236762,30.807901090342682,0.6802550623052962,5.837390687583445,,,,,0.7,2.5,31.0,,6.0,,,,,0.6,2.2,27.3,,5.5,38.0,0.85,0.65,42.0,18.0,1.8,18.0,22.0,6.0
2026,4,,2026-10-04,09:30,00-0030279,Keenan Allen,keenan allen,IND,WAS,WR,REGULAR TARGET,False,,,,,,,,3,32,8,0.2,0.7,0.1,8,18,8.67,5.53,4.58,9.7,0.278,61.06,67.02,69.6,50.0,1.0,1.007,1.03,1.0,1.0,Favorable,1.116,1.12,1.12,1.0,1.116,1.12,1.12,1.116,12.0,12.0,0.0,11.6,12.0,12.0,11.6,0.0039038161993769477,8.761682242990656e-05,0.0,0.09885124610591901,4.427049731182797,43.68217004392954,43.78102129003546,0.10275506230529596,10.73448957391217,,,,,0.1,4.6,45.0,,11.1,,,,,0.1,5.2,50.4,,12.4,38.0,0.85,0.65,42.0,18.0,1.98,19.15,22.0,6.0
2026,4,,2026-10-04,13:00,00-0038618,Xavier Hutchinson,xavier hutchinson,HOU,DAL,WR,REGULAR TARGET,True,,,,,,,,3,30,8,0.2,0.7,0.1,8,18,6.25,3.78,2.3,7.15,0.086,62.32,66.03,69.5,50.0,1.0,0.559,1.01,1.0,1.0,Neutral,1.062,1.086,1.12,1.0,1.062,1.041,1.081,1.062,8.6,12.0,0.0,6.2,4.1,8.1,6.2,0.0039038161993769477,8.761682242990656e-05,0.0,1.1186542017709435,2.0619037356321845,26.13817135491,27.256825556680944,1.1225580179703205,5.384155055399537,,,,,1.1,2.1,26.4,,5.4,,,,,1.2,2.2,28.5,,5.7,38.0,0.85,0.65,42.0,18.0,1.8,18.0,22.0,6.0
2026,4,,2026-10-04,13:00,00-0039893,Brian Thomas Jr.,brian thomas jr,JAC,CIN,WR,LOW TARGET,False,,,,,,,,3,31,8,0.2,0.7,0.1,8,18,7.18,4.06,6.2,8.85,-0.194,63.89,64.45,69.3,50.0,1.0,0.883,0.977,1.0,1.0,Neutral,1.053,1.091,0.972,1.0,1.053,0.88,0.88,1.053,9.1,-2.8,0.0,5.3,-12.0,-12.0,5.3,0.0039038161993769477,8.761682242990656e-05,0.0,1.5762706009446286,3.6618020353302607,51.8611619794134,53.43743258035804,1.5801744171440055,10.79490604856655,,,,,1.5,3.6,50.7,,10.5,,,,,1.6,3.2,44.6,,11.1,38.0,0.85,0.65,42.0,18.0,1.8,18.0,22.0,6.0
2026,4,,2026-10-04,13:00,00-0039890,Adonai Mitchell,adonai mitchell,NYJ,CHI,WR,REGULAR TARGET,False,,,,,,,,2,33,8,0.2,0.7,0.1,8,18,9.01,6.53,4.75,13.57,-0.288,57.99,67.4,69.0,50.0,1.0,0.742,0.97,1.0,1.0,Neutral,1.028,1.015,1.022,1.0,1.028,0.958,1.042,1.028,1.5,2.2,0.0,2.8,-4.2,4.2,2.8,0.3493583616539225,8.761682242990656e-05,0.0,0.020820943075615984,2.5502570346320352,32.90496975765668,32.9257907007323,0.3701793047295384,6.2318777005704575,,,,,0.0,2.5,31.9,,6.0,,,,,0.0,2.4,33.2,,6.2,38.0,0.85,0.65,42.0,18.0,1.8,18.0,22.0,6.0
2026,4,,2026-10-04,16:25,00-0039915,Ladd McConkey,ladd mcconkey,LAC,SEA,WR,LOW TARGET,False,,,,,,,,3,32,8,0.2,0.7,0.1,8,18,9.61,5.59,4.07,14.0,0.621,63.22,63.78,68.8,50.0,1.0,0.867,1.03,1.0,1.0,Tough,0.922,0.88,0.88,1.0,0.922,0.9,0.88,0.922,-12.0,-12.0,0.0,-7.8,-10.0,-12.0,-7.8,0.0039038161993769477,8.761682242990656e-05,0.0,0.09885124610591901,4.18906970046083,56.13837204085734,56.237223286963264,0.10275506230529596,11.9137887290581,,,,,0.1,4.3,57.8,,12.3,,,,,0.1,3.9,50.9,,11.3,38.0,0.85,0.65,42.0,18.0,1.8,19.34,22.0,6.0
2026,4,,2026-10-04,13:00,00-0039919,Rome Odunze,rome odunze,CHI,NYJ,WR,REGULAR TARGET,True,,,,,,,,3,29,8,0.2,0.7,0.1,8,18,7.33,4.7,5.27,7.62,0.273,60.94,65.23,68.8,50.0,1.0,0.867,1.03,1.0,1.0,Neutral,0.981,0.939,1.12,1.0,0.981,0.954,0.897,0.981,-6.1,12.0,0.0,-1.9,-4.6,-10.3,-1.9,0.0039038161993769477,8.761682242990656e-05,0.0,0.3663389308349831,3.1912305008210184,46.32482160121542,46.6911605320504,0.37024274703436005,9.315733052115466,,,,,0.4,3.3,47.7,,9.6,,,,,0.4,3.1,42.8,,9.4,38.0,0.85,0.65,42.0,18.0,1.8,18.0,22.0,6.0
2026,4,,2026-10-04,13:00,00-0040130,Jayden Higgins,jayden higgins,HOU,DAL,WR,LOW TARGET,True,,,,,,,,0,17,8,0.2,0.7,0.1,8,18,8.97,5.22,5.48,12.07,0.544,63.22,63.68,68.8,50.0,1.0,0.6,1.03,1.0,1.0,Neutral,1.062,1.086,1.12,1.0,1.062,1.041,1.081,1.062,8.6,12.0,0.0,6.2,4.1,8.1,6.2,0.004879770249221185,0.00010952102803738319,0.0,0.12356405763239876,2.492417279411765,32.7152338739234,32.8387979315558,0.12844382788161995,7.950735208218801,,,,,0.1,2.6,33.7,,8.2,,,,,0.1,2.7,36.4,,8.7,38.0,0.85,0.65,42.0,18.0,1.8,18.0,22.0,6.0
2026,4,,2026-10-04,13:00,00-0032464,Kalif Raymond,kalif raymond,CHI,NYJ,WR,LOW TARGET,True,,,,,,,,3,27,8,0.2,0.7,0.1,8,18,11.23,6.69,5.03,16.25,0.792,62.68,64.02,68.8,50.0,1.0,0.55,1.03,1.0,1.0,Neutral,0.981,0.939,1.12,1.0,0.981,0.954,0.897,0.981,-6.1,12.0,0.0,-1.9,-4.6,-10.3,-1.9,0.0039038161993769477,8.761682242990656e-05,0.0,0.5794780267326998,2.5600669006919015,31.372059612246534,31.951537638979232,0.5833818429320767,7.183117793810553,,,,,0.6,2.6,32.3,,7.4,,,,,0.6,2.5,29.0,,7.3,38.0,0.85,0.65,42.0,18.0,1.8,18.0,22.0,6.0
2026,4,,2026-10-04,16:25,00-0039916,Ricky Pearsall,ricky pearsall,SF,DEN,WR,REGULAR TARGET,True,,,,,,,,0,20,8,0.2,0.7,0.1,8,18,9.19,6.16,3.25,14.03,1.0,59.89,65.26,68.6,50.0,1.0,0.724,1.03,1.0,1.0,Neutral,0.982,0.963,0.88,1.0,0.982,0.986,0.912,0.982,-3.7,-12.0,0.0,-1.8,-1.4,-8.8,-1.8,0.004879770249221185,0.00010952102803738319,0.0,1.3505377418429252,3.430139802631579,47.583790375471395,48.934328117314315,1.3554175120921466,9.178312607599606,,,,,1.4,3.5,49.0,,9.5,,,,,1.4,3.5,44.7,,9.3,38.0,0.85,0.65,42.0,18.0,1.8,18.0,22.0,6.0
2026,4,,2026-10-04,13:00,00-0037156,Irvin Charles,irvin charles,NYJ,CHI,WR,LOW TARGET,False,,,,,,,,0,8,8,0.2,0.7,0.1,8,18,0.0,0.0,0.0,0.0,0.0,100.0,65.21,68.6,50.0,1.0,0.55,1.0,1.0,1.0,Neutral,1.028,1.015,1.022,1.0,1.028,0.958,1.042,1.028,1.5,2.2,0.0,2.8,-4.2,4.2,2.8,0.004879770249221185,0.00010952102803738319,0.0,0.12356405763239876,0.32421875000000006,4.088395638629285,4.211959696261682,0.12844382788161995,0.9014705023364488,,,,,0.1,0.3,4.1,,0.9,,,,,0.1,0.3,4.3,,0.9,38.0,0.85,0.65,42.0,18.0,1.8,18.0,22.0,6.0
2026,4,,2026-10-04,13:00,00-0039410,Ryan Flournoy,ryan flournoy,DAL,HOU,WR,REGULAR TARGET,False,,,,,,,,3,24,8,0.2,0.7,0.1,8,18,8.85,6.02,5.85,10.3,-0.47,59.52,65.41,68.5,50.0,1.0,0.573,0.97,1.0,1.0,Neutral,0.935,0.943,0.88,1.0,0.935,0.895,0.938,0.935,-5.7,-12.0,0.0,-6.5,-10.5,-6.2,-6.5,0.0039038161993769477,8.761682242990656e-05,0.0,0.8318222605986727,2.5057518115942035,26.788832452932414,27.62065471353109,0.8357260767980497,6.248459010564813,,,,,0.8,2.4,26.0,,6.1,,,,,0.7,2.1,24.4,,5.7,38.0,0.85,0.65,42.0,18.0,1.8,18.0,22.0,6.0
2026,4,,2026-10-04,20:20,00-0039491,Jalen Coker,jalen coker,CAR,DET,WR,REGULAR TARGET,True,,,,,,,,3,22,8,0.2,0.7,0.1,8,18,13.94,9.76,6.72,16.88,0.864,58.84,65.15,68.3,50.0,1.0,0.663,1.03,1.0,1.0,Neutral,1.069,1.095,1.12,1.0,1.069,1.053,1.089,1.069,9.5,12.0,0.0,6.9,5.3,8.9,6.9,0.5961116084071693,8.761682242990656e-05,0.0,0.09885124610591901,3.4450892857142863,42.623963264150184,42.72281451025611,0.6949628545130883,9.382786791479548,,,,,0.1,3.5,43.9,,9.7,,,,,0.1,3.7,47.8,,10.4,38.0,0.85,0.65,42.0,18.0,1.8,18.16,22.0,6.0
2026,4,,2026-10-04,13:00,00-0033921,Chris Godwin Jr.,chris godwin jr,TB,GB,WR,LOW TARGET,True,,,,,,,,3,16,8,0.2,0.7,0.1,8,18,9.46,6.09,7.38,11.38,-0.327,60.84,63.6,68.2,50.0,1.0,0.83,0.97,1.0,1.0,Neutral,0.966,0.916,0.903,1.0,0.966,1.007,0.947,0.966,-8.4,-9.7,0.0,-3.4,0.7,-5.3,-3.4,0.0039038161993769477,8.761682242990656e-05,0.0,1.0831369603916334,4.292470238095239,48.189645082332,49.27278204272363,1.0870407765910104,11.089593068535825,,,,,1.1,4.2,46.7,,10.8,,,,,1.1,4.2,44.2,,10.4,38.0,0.85,0.65,42.0,18.0,1.8,18.0,22.0,6.0
2026,4,,2026-10-04,16:05,00-0036322,Justin Jefferson,justin jefferson,MIN,MIA,WR,REGULAR TARGET,True,,,,,,,,3,34,8,0.2,0.7,0.1,8,18,12.26,9.2,4.95,15.47,0.125,57.13,65.91,68.1,50.0,1.0,1.055,1.015,1.0,1.0,Neutral,1.03,0.999,1.109,1.0,1.03,0.937,0.88,1.03,-0.1,10.9,0.0,3.0,-6.3,-12.0,3.0,0.34508028678761227,8.761682242990656e-05,0.0,0.3138245081380046,4.7230622930990585,63.83575343476388,64.1495779429019,0.6589047949256169,13.032304998762461,,,,,0.3,4.8,64.8,,13.2,,,,,0.3,4.5,57.0,,13.6,38.0,0.85,0.65,42.0,18.0,1.8,21.66,22.0,6.0
2026,4,,2026-10-04,16:25,00-0039894,Xavier Worthy,xavier worthy,KC,LV,WR,LOW TARGET,False,,,,,,,,3,30,8,0.2,0.7,0.1,8,17,6.47,4.14,4.6,9.22,0.906,60.97,63.49,68.1,50.0,1.0,0.755,1.03,1.0,1.0,Neutral,0.962,0.942,0.88,1.0,0.962,1.026,0.986,0.962,-5.8,-12.0,0.0,-3.8,2.6,-1.4,-3.8,0.0039038161993769477,8.761682242990656e-05,0.0,4.397931705876036,3.262067939244664,35.17475591977043,39.57268762564646,4.401835522075412,8.887629603839603,,,,,4.5,3.4,36.2,40.8,9.2,,,,,4.3,3.5,35.7,39.2,8.9,38.0,0.85,0.65,42.0,18.0,1.8,18.0,22.0,6.0
2026,4,,2026-10-04,16:25,00-0033908,Cooper Kupp,cooper kupp,SEA,LAC,WR,LOW TARGET,True,,,,,,,,3,28,8,0.2,0.7,0.1,8,18,7.27,4.25,4.68,10.07,0.799,63.09,62.15,68.1,50.0,1.0,0.706,1.03,1.0,1.0,Tough,0.919,0.901,0.88,1.0,0.919,0.945,0.916,0.919,-9.9,-12.0,0.0,-8.1,-5.5,-8.4,-8.1,0.0039038161993769477,8.761682242990656e-05,0.0,0.24170838896306188,3.3776289682539686,40.178653018839945,40.42036140780301,0.24561220516243884,9.058795449488207,,,,,0.2,3.5,41.4,,9.3,,,,,0.2,3.3,37.9,,8.5,38.0,0.85,0.65,42.0,18.0,1.8,18.0,22.0,6.0
2026,4,,2026-10-04,20:20,00-0037614,John Metchie III,john metchie iii,CAR,DET,WR,LOW TARGET,True,,,,,,,,2,23,8,0.2,0.7,0.1,8,18,5.37,3.35,4.1,7.17,-0.032,61.55,63.12,68.1,50.0,1.0,0.55,0.996,1.0,1.0,Neutral,1.069,1.095,1.12,1.0,1.069,1.053,1.089,1.069,9.5,12.0,0.0,6.9,5.3,8.9,6.9,0.0039038161993769477,8.761682242990656e-05,0.0,-0.05450843768854744,2.352203910220215,22.28460696827215,22.230098530583607,-0.05060462148917049,6.112141958052109,,,,,-0.1,2.3,22.2,,6.1,,,,,-0.1,2.4,24.2,,6.5,38.0,0.85,0.65,42.0,18.0,1.8,18.0,22.0,6.0
2026,4,,2026-10-04,13:00,00-0038621,DeMario Douglas,demario douglas,NE,BUF,WR,LOW TARGET,False,,,,,,,,3,32,8,0.2,0.7,0.1,8,18,3.74,2.17,1.82,5.25,0.612,63.32,61.77,68.0,50.0,1.0,0.563,1.03,1.0,1.0,Neutral,0.946,0.88,0.88,1.0,0.946,0.935,0.904,0.946,-12.0,-12.0,0.0,-5.4,-6.5,-9.6,-5.4,0.0039038161993769477,8.761682242990656e-05,0.0,0.9278835041704351,2.542804339477727,30.706305988630007,31.634189492800438,0.931787320369812,6.604051785893738,,,,,1.0,2.6,31.6,,6.8,,,,,0.9,2.4,28.6,,6.4,38.0,0.85,0.65,42.0,18.0,1.8,18.0,22.0,6.0
2026,4,,2026-10-04,16:25,00-0034348,Courtland Sutton,courtland sutton,DEN,SF,WR,REGULAR TARGET,False,,,,,,,,3,33,8,0.2,0.7,0.1,8,18,8.93,7.06,4.9,14.3,-0.462,55.86,66.02,67.9,50.0,1.0,0.993,0.97,1.0,1.0,Neutral,1.018,1.019,0.947,1.0,1.018,1.023,0.971,1.018,1.9,-5.3,0.0,1.8,2.3,-2.9,1.8,0.47094927074483156,0.01618610167091476,0.0,0.09885124610591901,4.0739312770562774,53.84439075332767,53.94324199943359,0.5698005168507506,11.603448588016345,,,,,0.1,4.0,52.2,,11.3,,,,,0.1,4.1,50.7,,11.5,38.0,0.85,0.65,42.0,18.0,1.8,19.27,22.0,6.0
2026,4,,2026-10-04,13:00,00-0038608,Kayshon Boutte,kayshon boutte,HOU,DAL,WR,LOW TARGET,True,,,,,,,,3,29,8,0.2,0.7,0.1,8,18,5.0,2.9,3.4,4.98,0.264,63.31,61.13,67.8,50.0,1.0,0.55,1.03,1.0,1.0,Neutral,1.062,1.086,1.12,1.0,1.062,1.041,1.081,1.062,8.6,12.0,0.0,6.2,4.1,8.1,6.2,0.0039038161993769477,8.761682242990656e-05,0.0,0.09885124610591901,2.5165178571428575,36.33245706919571,36.43130831530163,0.10275506230529596,7.750010556220555,,,,,0.1,2.6,37.4,,8.0,,,,,0.1,2.7,40.4,,8.5,38.0,0.85,0.65,42.0,18.0,1.8,18.0,22.0,6.0
2026,4,,2026-10-04,13:00,00-0039901,Keon Coleman,keon coleman,BUF,NE,WR,LOW TARGET,True,,,,,,,,3,25,8,0.2,0.7,0.1,8,18,6.97,4.18,3.68,9.75,-0.154,62.52,61.77,67.8,50.0,1.0,0.621,0.982,1.0,1.0,Tough,0.908,0.89,0.888,1.0,0.908,0.932,0.88,0.908,-11.0,-11.2,0.0,-9.2,-6.8,-12.0,-9.2,0.0039038161993769477,8.761682242990656e-05,0.0,0.35085124610591906,2.6967083333333335,36.7896212728082,37.140472518914116,0.354755062305296,7.9476002113929685,,,,,0.3,2.6,36.1,,7.8,,,,,0.3,2.4,31.8,,7.1,38.0,0.85,0.65,42.0,18.0,1.8,18.0,22.0,6.0
2026,4,,2026-10-04,16:25,00-0032775,Demarcus Robinson,demarcus robinson,SF,DEN,WR,LOW TARGET,True,,,,,,,,2,31,8,0.2,0.7,0.1,8,18,6.69,3.7,4.2,7.38,0.187,64.36,60.58,67.8,50.0,1.0,0.55,1.022,1.0,1.0,Neutral,0.982,0.963,0.88,1.0,0.982,0.986,0.912,0.982,-3.7,-12.0,0.0,-1.8,-1.4,-8.8,-1.8,0.0039038161993769477,8.761682242990656e-05,0.0,0.27691576223495123,1.953199884792627,27.468228031640756,27.74514379387571,0.2808195784343282,6.173480549334597,,,,,0.3,2.0,28.1,,6.3,,,,,0.3,2.0,25.6,,6.2,38.0,0.85,0.65,42.0,18.0,1.8,18.0,22.0,6.0
2026,4,,2026-10-04,13:00,00-0038977,Tank Dell,tank dell,HOU,DAL,WR,REGULAR TARGET,True,,,,,,,,0,14,8,0.2,0.7,0.1,8,16,11.3,6.32,7.75,14.78,0.102,64.16,66.58,67.7,50.0,1.0,0.79,1.012,1.0,1.0,Neutral,1.062,1.086,1.12,1.0,1.062,1.041,1.081,1.062,8.6,12.0,0.0,6.2,4.1,8.1,6.2,0.004879770249221185,0.00010952102803738319,0.0,2.355706914775255,3.5302627060439566,48.15158245181611,50.50728936659136,2.3605866850244768,9.948585886951832,,,,,2.4,3.6,48.7,,10.1,,,,,2.5,3.7,52.6,,10.7,38.0,0.85,0.65,42.0,18.0,1.8,19.99,22.0,6.0
2026,4,,2026-10-04,16:25,00-0038563,Tre Tucker,tre tucker,LV,KC,WR,REGULAR TARGET,True,,,,,,,,3,34,8,0.2,0.7,0.1,8,18,9.07,6.69,4.62,9.53,0.453,57.55,64.27,67.6,50.0,1.0,0.717,1.03,1.0,1.0,Tough,0.886,0.881,0.88,1.0,0.886,0.962,0.88,0.886,-11.9,-12.0,0.0,-11.4,-3.8,-12.0,-11.4,0.0039038161993769477,8.761682242990656e-05,0.0,2.0304020482449565,3.2033271263050676,41.91128182793935,43.94168387618429,2.0343058644443337,9.177955113353754,,,,,2.1,3.3,43.2,,9.5,,,,,1.9,3.2,38.0,,8.4,38.0,0.85,0.65,42.0,18.0,1.8,18.0,22.0,6.0
2026,4,,2026-10-04,16:25,00-0035602,Alex Bachman,alex bachman,LV,KC,WR,LOW TARGET,True,,,,,,,,0,16,8,0.2,0.7,0.1,8,18,0.19,0.46,0.0,0.0,0.433,68.42,57.36,67.5,50.0,1.0,0.55,1.03,1.0,1.0,Tough,0.886,0.881,0.88,1.0,0.886,0.962,0.88,0.886,-11.9,-12.0,0.0,-11.4,-3.8,-12.0,-11.4,0.004879770249221185,0.00010952102803738319,0.0,0.12356405763239876,0.5585937500000001,5.916520638629284,6.040084696261683,0.12844382788161995,1.3186580023364487,,,,,0.1,0.6,6.1,,1.4,,,,,0.1,0.6,5.4,,1.2,38.0,0.85,0.65,42.0,18.0,1.8,18.0,22.0,6.0
2026,4,,2026-10-04,16:25,00-0036613,Jaylen Waddle,jaylen waddle,DEN,SF,WR,REGULAR TARGET,False,,,,,,,,3,31,8,0.2,0.7,0.1,8,18,8.94,7.53,3.75,13.68,0.68,54.28,64.7,67.0,50.0,1.0,0.866,1.03,1.0,1.0,Neutral,1.018,1.019,0.947,1.0,1.018,1.023,0.971,1.018,1.9,-5.3,0.0,1.8,2.3,-2.9,1.8,0.21035542910260271,8.761682242990656e-05,0.0,2.501216837503769,3.7593442780337942,51.134126649152286,53.63534348665605,2.711572266606371,10.696780088505102,,,,,2.6,3.9,52.7,,11.0,,,,,2.6,4.0,51.2,,11.2,38.0,0.85,0.65,42.0,18.0,1.8,19.46,22.0,6.0
2026,4,,2026-10-04,13:00,00-0034521,Allen Lazard,allen lazard,NYJ,CHI,WR,LOW TARGET,False,,,,,,,,0,21,8,0.2,0.7,0.1,8,18,1.62,0.93,1.45,1.92,-0.486,63.39,59.09,67.0,50.0,1.0,0.55,0.97,1.0,1.0,Neutral,1.028,1.015,1.022,1.0,1.028,0.958,1.042,1.028,1.5,2.2,0.0,2.8,-4.2,4.2,2.8,0.004879770249221185,0.00010952102803738319,0.0,0.12356405763239876,2.002194940476191,24.779467067200716,24.903031124833117,0.12844382788161995,6.0128395499554985,,,,,0.1,1.9,24.0,,5.8,,,,,0.1,1.8,25.0,,6.0,38.0,0.85,0.65,42.0,18.0,1.8,18.0,22.0,6.0
2026,4,,2026-10-04,13:00,00-0040667,Matthew Golden,matthew golden,GB,TB,WR,REGULAR TARGET,False,,,,,,,,3,14,8,0.2,0.7,0.1,8,18,8.92,7.6,1.45,11.23,1.0,54.0,64.65,66.9,50.0,1.0,0.649,1.03,1.0,1.0,Neutral,0.999,1.063,1.013,1.0,0.999,0.992,0.957,0.999,6.3,1.3,0.0,-0.1,-0.8,-4.3,-0.1,0.0039038161993769477,8.761682242990656e-05,0.0,2.0131369603916336,2.5538804945054947,36.80551504570197,38.81865200609361,2.0170407765910103,7.132018892711651,,,,,2.1,2.6,37.9,,7.3,,,,,2.1,2.6,36.3,,7.3,38.0,0.85,0.65,42.0,18.0,1.8,18.0,22.0,6.0
2026,4,,2026-10-04,13:00,00-0033009,Tyler Boyd,tyler boyd,TEN,BAL,WR,LOW TARGET,False,,,,,,,,0,15,8,0.2,0.7,0.1,8,18,4.81,2.9,2.98,6.1,-0.332,62.41,61.89,66.6,50.0,1.0,0.55,0.97,1.0,1.0,Neutral,1.005,1.085,0.88,1.0,1.005,1.12,1.12,1.005,8.5,-12.0,0.0,0.5,12.0,12.0,0.5,0.004879770249221185,0.00010952102803738319,0.0,0.2985640576323988,2.5456473214285715,26.724109924343573,27.02267398197597,0.30344382788162,5.403970502336449,,,,,0.3,2.5,25.9,,5.2,,,,,0.3,2.8,29.0,,5.2,38.0,0.85,0.65,42.0,18.0,1.8,18.0,22.0,6.0
2026,4,,2026-10-04,16:25,00-0032211,Tyler Lockett,tyler lockett,LV,KC,WR,LOW TARGET,True,,,,,,,,0,34,8,0.2,0.7,0.1,8,18,4.74,3.27,1.98,7.55,-0.016,59.17,60.79,66.6,50.0,1.0,0.55,0.998,1.0,1.0,Tough,0.886,0.881,0.88,1.0,0.886,0.962,0.88,0.886,-11.9,-12.0,0.0,-11.4,-3.8,-12.0,-11.4,0.004879770249221185,0.00010952102803738319,0.0,0.12356405763239876,2.2653952205882355,24.59240633381645,24.71597039144885,0.12844382788161995,5.338235208218803,,,,,0.1,2.3,24.5,,5.3,,,,,0.1,2.2,21.6,,4.7,38.0,0.85,0.65,42.0,18.0,1.8,18.0,22.0,6.0
2026,4,,2026-10-04,13:00,00-0040582,Arian Smith,arian smith,NYJ,CHI,WR,LOW TARGET,False,,,,,,,,2,13,8,0.2,0.7,0.1,8,18,0.39,0.57,0.0,0.93,-0.433,63.59,58.03,66.6,50.0,1.0,0.55,0.97,1.0,1.0,Neutral,1.028,1.015,1.022,1.0,1.028,0.958,1.042,1.028,1.5,2.2,0.0,2.8,-4.2,4.2,2.8,0.0039038161993769477,8.761682242990656e-05,0.0,1.148851246105919,0.590144230769231,5.820716510903428,6.969567757009346,1.152755062305296,1.41194563263839,,,,,1.1,0.6,5.6,,1.4,,,,,1.1,0.6,5.8,,1.4,38.0,0.85,0.65,42.0,18.0,1.8,18.0,22.0,6.0
2026,4,,2026-10-04,16:25,00-0038544,Quentin Johnston,quentin johnston,LAC,SEA,WR,REGULAR TARGET,False,,,,,,,,3,28,8,0.2,0.7,0.1,8,18,7.81,6.36,2.7,12.18,-0.655,55.12,63.17,66.5,50.0,1.0,0.858,0.97,1.0,1.0,Tough,0.922,0.88,0.88,1.0,0.922,0.9,0.88,0.922,-12.0,-12.0,0.0,-7.8,-10.0,-12.0,-7.8,0.0039038161993769477,8.761682242990656e-05,0.0,0.8790099762646493,3.405406746031746,45.477065717252636,46.35607569351729,0.8829137924640262,10.421414497107254,,,,,0.9,3.3,44.1,,10.1,,,,,0.8,3.0,38.8,,9.3,38.0,0.85,0.65,42.0,18.0,1.8,18.0,22.0,6.0
2026,4,,2026-10-04,13:00,00-0037816,Romeo Doubs,romeo doubs,NE,BUF,WR,LOW TARGET,False,,,,,,,,3,29,8,0.2,0.7,0.1,8,18,8.39,5.96,4.2,12.15,-0.401,58.49,61.06,66.5,50.0,1.0,0.703,0.97,1.0,1.0,Neutral,0.946,0.88,0.88,1.0,0.946,0.935,0.904,0.946,-12.0,-12.0,0.0,-5.4,-6.5,-9.6,-5.4,0.0039038161993769477,8.761682242990656e-05,0.0,0.09885124610591901,3.1667641625615763,46.01201371944202,46.11086496554794,0.10275506230529596,9.456389866565383,,,,,0.1,3.1,44.6,,9.2,,,,,0.1,2.9,40.3,,8.7,38.0,0.85,0.65,42.0,18.0,1.8,18.0,22.0,6.0
2026,4,,2026-10-04,13:00,00-0035662,Marquise Brown,marquise brown,PHI,LAR,WR,LOW TARGET,True,,,,,,,,1,18,8,0.2,0.7,0.1,8,18,4.98,3.37,1.93,8.35,-0.376,59.66,60.15,66.5,50.0,1.0,0.55,0.97,1.0,1.0,Neutral,1.0,1.0,1.0,1.0,1.0,1.0,1.0,1.0,0.0,0.0,0.0,0.0,0.0,0.0,0.0,0.0039038161993769477,8.761682242990656e-05,0.0,2.49885124610592,2.265910947712418,28.09620670698186,30.59505795308778,2.5027550623052965,6.587516271150207,,,,,2.4,2.2,27.3,,6.4,,,,,2.4,2.2,27.3,,6.4,38.0,0.85,0.65,42.0,18.0,1.8,18.0,22.0,6.0
2026,4,,2026-10-04,16:25,00-0040729,Jack Bech,jack bech,LV,KC,WR,LOW TARGET,True,,,,,,,,2,14,8,0.2,0.7,0.1,8,18,5.61,3.78,3.5,7.47,-0.248,59.73,60.18,66.5,50.0,1.0,0.55,0.97,1.0,1.0,Tough,0.886,0.881,0.88,1.0,0.886,0.962,0.88,0.886,-11.9,-12.0,0.0,-11.4,-3.8,-12.0,-11.4,0.0039038161993769477,8.761682242990656e-05,0.0,0.09885124610591901,1.7890453296703297,20.190496730683652,20.28934797678957,0.10275506230529596,4.285681896374655,,,,,0.1,1.7,19.6,,4.2,,,,,0.1,1.6,17.2,,3.7,38.0,0.85,0.65,42.0,18.0,1.8,18.0,22.0,6.0
2026,4,,2026-10-04,13:00,00-0032385,Sterling Shepard,sterling shepard,NYJ,CHI,WR,LOW TARGET,False,,,,,,,,1,26,8,0.2,0.7,0.1,8,18,4.11,2.85,1.73,6.45,-0.691,59.05,60.34,66.4,50.0,1.0,0.55,0.97,1.0,1.0,Neutral,1.028,1.015,1.022,1.0,1.028,0.958,1.042,1.028,1.5,2.2,0.0,2.8,-4.2,4.2,2.8,0.0039038161993769477,8.761682242990656e-05,0.0,2.1311589384136114,2.379682692307693,22.538101126288048,24.669260064701657,2.135062754612988,5.626222555715315,,,,,2.1,2.3,21.9,,5.5,,,,,2.2,2.2,22.8,,5.7,38.0,0.85,0.65,42.0,18.0,1.8,18.0,22.0,6.0
2026,4,,2026-10-04,13:00,00-0039337,Malik Nabers,malik nabers,NYG,ARI,WR,REGULAR TARGET,True,,,,,,,,3,19,8,0.2,0.7,0.1,8,18,10.5,10.37,3.83,14.03,-0.52,50.31,65.2,66.2,50.0,1.0,1.18,0.97,1.0,1.0,Neutral,1.066,1.05,1.12,1.0,1.066,0.965,0.973,1.066,5.0,12.0,0.0,6.6,-3.5,-2.7,6.6,0.0039038161993769477,8.761682242990656e-05,0.0,0.17253545663223482,5.499224624060152,62.17723280163023,62.349768258262465,0.1764392728316118,13.999396953247606,,,,,0.2,5.3,60.3,,13.6,,,,,0.2,5.1,58.7,,14.5,38.0,0.85,0.65,42.0,18.0,1.94,22.31,22.0,6.0
2026,4,,2026-10-04,16:05,00-0036259,Jauan Jennings,jauan jennings,MIN,MIA,WR,LOW TARGET,True,,,,,,,,2,30,8,0.2,0.7,0.1,8,18,9.24,7.08,5.9,15.85,-0.824,56.64,61.46,66.2,50.0,1.0,0.772,0.97,1.0,1.0,Neutral,1.03,0.999,1.109,1.0,1.03,0.937,0.88,1.03,-0.1,10.9,0.0,3.0,-6.3,-12.0,3.0,0.0039038161993769477,8.761682242990656e-05,0.0,0.09885124610591901,3.3974045566502467,39.2558725043353,39.35472375044122,0.10275506230529596,9.677031902690176,,,,,0.1,3.3,38.1,,9.4,,,,,0.1,3.1,33.5,,9.7,38.0,0.85,0.65,42.0,18.0,1.8,18.0,22.0,6.0
2026,4,,2026-10-04,13:00,00-0030431,Robert Woods,robert woods,HOU,DAL,WR,LOW TARGET,True,,,,,,,,0,14,8,0.2,0.7,0.1,8,18,3.06,1.53,1.62,3.95,1.0,66.67,61.26,66.2,50.0,1.0,0.55,1.03,1.0,1.0,Neutral,1.062,1.086,1.12,1.0,1.062,1.041,1.081,1.062,8.6,12.0,0.0,6.2,4.1,8.1,6.2,0.004879770249221185,0.00010952102803738319,0.0,0.12356405763239876,1.66899896978022,17.845263770497414,17.968827828129815,0.12844382788161995,3.443366106732054,,,,,0.1,1.7,18.4,,3.5,,,,,0.1,1.8,19.9,,3.7,38.0,0.85,0.65,42.0,18.0,1.8,18.0,22.0,6.0
2026,4,,2026-10-04,09:30,00-0039816,Anthony Gould,anthony gould,IND,WAS,WR,LOW TARGET,False,,,,,,,,2,19,8,0.2,0.7,0.1,8,18,0.31,0.55,0.0,0.33,0.433,64.48,56.53,66.2,50.0,1.0,0.55,1.03,1.0,1.0,Favorable,1.116,1.12,1.12,1.0,1.116,1.12,1.12,1.116,12.0,12.0,0.0,11.6,12.0,12.0,11.6,0.0039038161993769477,8.761682242990656e-05,0.0,0.09885124610591901,0.38569078947368424,4.211067388096411,4.3099186342023295,0.10275506230529596,0.9415272790621415,,,,,0.1,0.4,4.3,,1.0,,,,,0.1,0.4,4.8,,1.1,38.0,0.85,0.65,42.0,18.0,1.8,18.0,22.0,6.0
2026,4,,2026-10-04,16:25,00-0038976,Marvin Mims Jr.,marvin mims jr,DEN,SF,WR,LOW TARGET,False,,,,,,,,1,32,8,0.2,0.7,0.1,8,18,3.89,2.74,2.3,6.35,-0.671,58.63,59.85,66.1,50.0,1.0,0.55,0.97,1.0,1.0,Neutral,1.018,1.019,0.947,1.0,1.018,1.023,0.971,1.018,1.9,-5.3,0.0,1.8,2.3,-2.9,1.8,0.0039038161993769477,8.761682242990656e-05,0.0,2.9046980202994677,2.0156250000000004,21.76547457541956,24.670172595719027,2.9086018364988444,5.82321269219174,,,,,2.8,2.0,21.1,,5.6,,,,,2.9,2.0,20.5,,5.7,38.0,0.85,0.65,42.0,18.0,1.8,18.0,22.0,6.0
2026,4,,2026-10-04,13:00,00-0038496,Xavier Gipson,xavier gipson,PHI,LAR,WR,LOW TARGET,True,,,,,,,,0,23,8,0.2,0.7,0.1,8,18,0.45,0.59,0.0,0.7,0.0,62.93,56.43,65.8,50.0,1.0,0.55,1.0,1.0,1.0,Neutral,1.0,1.0,1.0,1.0,1.0,1.0,1.0,1.0,0.0,0.0,0.0,0.0,0.0,0.0,0.0,0.004879770249221185,0.00010952102803738319,0.0,0.35083678490512604,0.6107800148221345,5.569126863925727,5.919963648830853,0.35571655515434725,1.5515199094510737,,,,,0.4,0.6,5.6,,1.6,,,,,0.4,0.6,5.6,,1.6,38.0,0.85,0.65,42.0,18.0,1.8,18.0,22.0,6.0
2026,4,,2026-10-04,09:30,00-0033591,Noah Brown,noah brown,WAS,IND,WR,LOW TARGET,True,,,,,,,,0,15,8,0.2,0.7,0.1,8,18,4.63,3.21,2.65,5.85,-0.634,59.11,61.48,65.6,50.0,1.0,0.611,0.97,1.0,1.0,Favorable,1.093,1.12,0.903,1.0,1.093,1.12,1.12,1.093,12.0,-9.7,0.0,9.3,12.0,12.0,9.3,0.004879770249221185,0.00010952102803738319,0.0,0.12356405763239876,2.528980654761905,33.59791944815309,33.72148350578549,0.12844382788161995,6.364327645193593,,,,,0.1,2.5,32.6,,6.2,,,,,0.1,2.8,36.5,,6.8,38.0,0.85,0.65,42.0,18.0,1.8,18.0,22.0,6.0
2026,4,,2026-10-04,13:00,00-0034827,DJ Moore,dj moore,BUF,NE,WR,REGULAR TARGET,True,,,,,,,,3,34,8,0.2,0.7,0.1,8,18,10.1,9.35,1.42,21.23,0.307,51.93,62.55,65.5,50.0,1.0,0.866,1.03,1.0,1.0,Tough,0.908,0.89,0.888,1.0,0.908,0.932,0.88,0.908,-11.0,-11.2,0.0,-9.2,-6.8,-12.0,-9.2,0.0531016771619438,0.024686547303713332,0.0,3.262665862861712,3.8661995480010187,46.21146008105876,49.47412594392048,3.3157675400236557,10.935841031357318,,,,,3.4,4.0,47.6,51.0,11.3,,,,,3.1,3.7,41.9,46.3,10.3,38.0,0.85,0.65,42.0,18.0,1.8,18.0,22.0,6.0
2026,4,,2026-10-04,13:00,00-0038619,Andrei Iosivas,andrei iosivas,CIN,JAC,WR,LOW TARGET,True,,,,,,,,2,32,8,0.2,0.7,0.1,8,18,3.74,2.75,2.67,4.8,-0.295,57.58,58.82,65.4,50.0,1.0,0.55,0.97,1.0,1.0,Neutral,1.0,1.0,1.0,1.0,1.0,1.0,1.0,1.0,0.0,0.0,0.0,0.0,0.0,0.0,0.0,0.0039038161993769477,8.761682242990656e-05,0.0,0.4595367299768869,2.037687211981567,25.011269506295136,25.470806236272022,0.46344054617626385,5.621709235970542,,,,,0.4,2.0,24.3,,5.5,,,,,0.4,2.0,24.3,,5.5,38.0,0.85,0.65,42.0,18.0,1.8,18.0,22.0,6.0
2026,4,,2026-10-04,16:05,00-0038994,Jordan Addison,jordan addison,MIN,MIA,WR,LOW TARGET,True,,,,,,,,3,29,8,0.2,0.7,0.1,8,18,7.89,6.83,3.52,10.77,0.275,53.59,60.98,65.3,50.0,1.0,0.842,1.03,1.0,1.0,Neutral,1.03,0.999,1.109,1.0,1.03,0.937,0.88,1.03,-0.1,10.9,0.0,3.0,-6.3,-12.0,3.0,0.0039038161993769477,8.761682242990656e-05,0.0,3.069540901278333,3.2932830459770113,47.20790862913004,50.27744953040837,3.0734447174777095,10.880847994644201,,,,,3.2,3.4,48.6,51.8,11.2,,,,,3.3,3.2,42.8,53.4,11.5,38.0,0.85,0.65,42.0,18.0,1.8,18.0,22.0,6.0
2026,4,,2026-10-04,16:25,00-0038573,Derius Davis,derius davis,LAC,SEA,WR,LOW TARGET,False,,,,,,,,3,26,8,0.2,0.7,0.1,8,18,0.32,0.63,0.0,0.33,-0.567,61.18,56.35,65.3,50.0,1.0,0.55,0.97,1.0,1.0,Tough,0.922,0.88,0.88,1.0,0.922,0.9,0.88,0.922,-12.0,-12.0,0.0,-7.8,-10.0,-12.0,-7.8,0.0039038161993769477,8.761682242990656e-05,0.0,0.9299281691828422,0.6489134615384616,6.401178049364966,7.331106218547808,0.9338319853822191,1.8299456326383898,,,,,0.9,0.6,6.2,,1.8,,,,,0.8,0.5,5.5,,1.7,38.0,0.85,0.65,42.0,18.0,1.8,18.0,22.0,6.0
2026,4,,2026-10-04,09:30,00-0037664,Alec Pierce,alec pierce,IND,WAS,WR,LOW TARGET,False,,,,,,,,2,31,8,0.2,0.7,0.1,8,18,11.9,10.54,2.48,19.5,0.522,53.02,61.09,65.2,50.0,1.0,0.639,1.03,1.0,1.0,Favorable,1.116,1.12,1.12,1.0,1.116,1.12,1.12,1.116,12.0,12.0,0.0,11.6,12.0,12.0,11.6,0.0039038161993769477,8.761682242990656e-05,0.0,0.09885124610591901,2.587577764976958,50.6310851744979,50.72993642060381,0.10275506230529596,9.639609581592662,,,,,0.1,2.7,52.2,,9.9,,,,,0.1,3.0,58.5,,11.0,38.0,0.85,0.65,42.0,18.0,1.8,22.23,22.0,6.0
2026,4,,2026-10-04,20:20,00-0039342,Xavier Legette,xavier legette,CAR,DET,WR,LOW TARGET,True,,,,,,,,2,30,8,0.2,0.7,0.1,8,18,3.77,2.96,1.25,5.38,0.447,55.99,59.17,65.2,50.0,1.0,0.631,1.03,1.0,1.0,Neutral,1.069,1.095,1.12,1.0,1.069,1.053,1.089,1.069,9.5,12.0,0.0,6.9,5.3,8.9,6.9,0.0039038161993769477,8.761682242990656e-05,0.0,0.498851246105919,2.41681342364532,31.677481699737587,32.176332945843505,0.502755062305296,6.6420499650875495,,,,,0.5,2.5,32.6,,6.8,,,,,0.5,2.6,35.5,,7.3,38.0,0.85,0.65,42.0,18.0,1.8,18.0,22.0,6.0
2026,4,,2026-10-04,16:05,00-0034418,Cedrick Wilson Jr.,cedrick wilson jr,MIA,MIN,WR,LOW TARGET,False,,,,,,,,0,19,8,0.2,0.7,0.1,8,18,2.06,1.5,1.57,3.12,-0.291,57.84,58.02,65.2,50.0,1.0,0.55,0.97,1.0,1.0,Tough,0.927,0.88,0.88,1.0,0.927,0.88,0.882,0.927,-12.0,-12.0,0.0,-7.3,-12.0,-11.8,-7.3,0.9719850334071161,0.04616215260698475,0.0,0.12356405763239876,1.4667626096491229,15.494097393015249,15.617661450647647,1.095549091039515,3.631163484792589,,,,,0.1,1.4,15.0,,3.5,,,,,0.1,1.2,13.2,,3.2,38.0,0.85,0.65,42.0,18.0,1.8,18.0,22.0,6.0
2026,4,,2026-10-04,20:20,00-0040669,Isaac TeSlaa,isaac teslaa,DET,CAR,WR,LOW TARGET,False,,,,,,,,3,14,8,0.2,0.7,0.1,8,18,6.73,5.39,2.1,10.97,-0.555,55.56,59.35,65.1,50.0,1.0,0.55,0.97,1.0,1.0,Neutral,0.992,0.913,0.88,1.0,0.992,0.89,0.88,0.992,-8.7,-12.0,0.0,-0.8,-11.0,-12.0,-0.8,0.0039038161993769477,8.761682242990656e-05,0.0,0.09885124610591901,1.5839171245421249,24.62602786621478,24.7248791123207,0.10275506230529596,6.060370541063299,,,,,0.1,1.5,23.9,,5.9,,,,,0.1,1.3,21.0,,5.9,38.0,0.85,0.65,42.0,18.0,1.8,18.0,22.0,6.0
2026,4,,2026-10-04,16:25,00-0037545,Rashid Shaheed,rashid shaheed,SEA,LAC,WR,LOW TARGET,True,,,,,,,,3,24,8,0.2,0.7,0.1,8,18,5.48,4.66,1.7,9.85,-0.033,54.05,59.86,65.0,50.0,1.0,0.69,0.996,1.0,1.0,Tough,0.919,0.901,0.88,1.0,0.919,0.945,0.916,0.919,-9.9,-12.0,0.0,-8.1,-5.5,-8.4,-8.1,0.0039038161993769477,8.761682242990656e-05,0.0,3.3901555939320063,2.8589609213250524,34.68034384009598,38.07049943402799,3.394059410131383,7.966217809736654,,,,,3.4,2.8,34.5,37.9,7.9,,,,,3.1,2.6,31.6,34.8,7.3,38.0,0.85,0.65,42.0,18.0,1.8,18.0,22.0,6.0
2026,4,,2026-10-04,13:00,00-0038393,Dontayvion Wicks,dontayvion wicks,PHI,LAR,WR,LOW TARGET,True,,,,,,,,3,30,8,0.2,0.7,0.1,8,18,8.78,7.7,2.83,13.12,1.0,53.29,60.35,65.0,50.0,1.0,0.6,1.03,1.0,1.0,Neutral,1.0,1.0,1.0,1.0,1.0,1.0,1.0,1.0,0.0,0.0,0.0,0.0,0.0,0.0,0.0,0.0039038161993769477,8.761682242990656e-05,0.0,0.28643745300247075,2.506961206896552,31.7526212728082,32.03905872581067,0.2903412692018477,6.951179685941411,,,,,0.3,2.6,32.7,,7.2,,,,,0.3,2.6,32.7,,7.2,38.0,0.85,0.65,42.0,18.0,1.8,18.0,22.0,6.0
2026,4,,2026-10-04,13:00,00-0032398,Chris Moore,chris moore,BAL,TEN,WR,LOW TARGET,True,,,,,,,,3,10,8,0.2,0.7,0.1,8,18,3.9,2.91,1.2,6.58,1.0,57.24,57.75,64.9,50.0,1.0,0.55,1.03,1.0,1.0,Neutral,1.014,1.025,0.932,1.0,1.014,1.073,1.093,1.014,2.5,-6.8,0.0,1.4,7.3,9.3,1.4,0.0039038161993769477,8.761682242990656e-05,0.0,0.5788512461059191,1.2127083333333337,19.917383177570095,20.496234423676015,0.5827550623052961,4.358604973297731,,,,,0.6,1.2,20.5,,4.5,,,,,0.6,1.3,22.4,,4.6,38.0,0.85,0.65,42.0,18.0,1.8,18.0,22.0,6.0
2026,4,,2026-10-04,13:00,00-0039855,Jalen McMillan,jalen mcmillan,TB,GB,WR,LOW TARGET,True,,,,,,,,1,17,8,0.2,0.7,0.1,8,18,9.35,8.47,3.23,18.55,-0.278,52.48,60.42,64.8,50.0,1.0,0.55,0.97,1.0,1.0,Neutral,0.966,0.916,0.903,1.0,0.966,1.007,0.947,0.966,-8.4,-9.7,0.0,-3.4,0.7,-5.3,-3.4,0.0039038161993769477,8.761682242990656e-05,0.0,1.8267924225765075,2.4534926470588236,32.12586356972697,33.95265599230347,1.8306962387758845,8.016249931280925,,,,,1.8,2.4,31.2,,7.8,,,,,1.7,2.4,29.5,,7.5,38.0,0.85,0.65,42.0,18.0,1.8,18.0,22.0,6.0
2026,4,,2026-10-04,13:00,00-0036988,Josh Palmer,josh palmer,BUF,NE,WR,LOW TARGET,True,,,,,,,,2,27,8,0.2,0.7,0.1,8,18,5.2,4.19,1.95,5.67,1.0,55.35,58.38,64.7,50.0,1.0,0.55,1.03,1.0,1.0,Tough,0.908,0.89,0.888,1.0,0.908,0.932,0.88,0.908,-11.0,-11.2,0.0,-9.2,-6.8,-12.0,-9.2,0.0039038161993769477,8.761682242990656e-05,0.0,0.09885124610591901,1.9776086182336183,32.886060426247354,32.98491167235327,0.10275506230529596,6.819178029870788,,,,,0.1,2.0,33.9,,7.0,,,,,0.1,1.9,29.8,,6.4,38.0,0.85,0.65,42.0,18.0,1.8,18.0,22.0,6.0
2026,4,,2026-10-04,16:25,00-0034272,Marquez Valdes-Scantling,marquez valdes scantling,LAC,SEA,WR,LOW TARGET,False,,,,,,,,1,22,8,0.2,0.7,0.1,8,18,3.88,3.42,1.2,5.92,0.286,53.15,59.84,64.7,50.0,1.0,0.55,1.03,1.0,1.0,Tough,0.922,0.88,0.88,1.0,0.922,0.9,0.88,0.922,-12.0,-12.0,0.0,-7.8,-10.0,-12.0,-7.8,0.0039038161993769477,8.761682242990656e-05,0.0,0.2235265707812437,1.3918425324675325,19.79279443298135,20.016321003762595,0.22743038698062065,4.414423155115912,,,,,0.2,1.4,20.4,,4.5,,,,,0.2,1.3,18.0,,4.1,38.0,0.85,0.65,42.0,18.0,1.8,18.0,22.0,6.0
2026,4,,2026-10-04,13:00,00-0040138,Jaylin Noel,jaylin noel,HOU,DAL,WR,LOW TARGET,True,,,,,,,,3,17,8,0.2,0.7,0.1,8,18,5.02,4.19,1.72,5.88,0.018,54.5,58.43,64.5,50.0,1.0,0.55,1.002,1.0,1.0,Neutral,1.062,1.086,1.12,1.0,1.062,1.041,1.081,1.062,8.6,12.0,0.0,6.2,4.1,8.1,6.2,0.0039038161993769477,8.761682242990656e-05,0.0,2.223746204089113,1.6434436274509803,21.155625474488865,23.379371678577975,2.2276500202884897,4.640048950888768,,,,,2.2,1.6,21.2,,4.7,,,,,2.3,1.7,22.9,,5.0,38.0,0.85,0.65,42.0,18.0,1.8,18.0,22.0,6.0
2026,4,,2026-10-04,16:25,00-0033857,JuJu Smith-Schuster,juju smith schuster,KC,LV,WR,LOW TARGET,False,,,,,,,,0,28,8,0.2,0.7,0.1,8,18,2.0,1.63,0.0,2.48,1.0,55.02,57.4,64.2,50.0,1.0,0.55,1.03,1.0,1.0,Neutral,0.962,0.942,0.88,1.0,0.962,1.026,0.986,0.962,-5.8,-12.0,0.0,-3.8,2.6,-1.4,-3.8,0.004879770249221185,0.00010952102803738319,0.0,0.12356405763239876,1.8648933531746028,20.691570241803888,20.815134299436284,0.12844382788161995,4.5548435182094655,,,,,0.1,1.9,21.3,,4.7,,,,,0.1,1.9,21.0,,4.5,38.0,0.85,0.65,42.0,18.0,1.8,18.0,22.0,6.0
2026,4,,2026-10-04,13:00,00-0031544,Amari Cooper,amari cooper,BUF,NE,WR,LOW TARGET,True,,,,,,,,0,13,8,0.2,0.7,0.1,8,18,8.82,5.85,3.65,14.82,1.0,60.12,63.34,64.1,50.0,1.0,0.828,1.03,1.0,1.0,Tough,0.908,0.89,0.888,1.0,0.908,0.932,0.88,0.908,-11.0,-11.2,0.0,-9.2,-6.8,-12.0,-9.2,0.004879770249221185,0.00010952102803738319,0.0,0.12356405763239876,3.19921875,41.64128025401389,41.7648443116463,0.12844382788161995,9.08945127156722,,,,,0.1,3.3,42.9,,9.4,,,,,0.1,3.1,37.8,,8.5,38.0,0.85,0.65,42.0,18.0,1.8,18.0,22.0,6.0
2026,4,,2026-10-04,13:00,00-0040705,Chimere Dike,chimere dike,TEN,BAL,WR,LOW TARGET,False,,,,,,,,3,17,8,0.2,0.7,0.1,8,18,5.15,4.79,1.6,10.9,-0.896,51.84,58.5,63.9,50.0,1.0,0.55,0.97,1.0,1.0,Neutral,1.005,1.085,0.88,1.0,1.005,1.12,1.12,1.005,8.5,-12.0,0.0,0.5,12.0,12.0,0.5,0.0039038161993769477,8.761682242990656e-05,0.0,0.586351246105919,2.5103553921568627,23.045156286813793,23.631507532919713,0.590255062305296,6.639527242205293,,,,,0.6,2.4,22.4,,6.4,,,,,0.6,2.7,25.1,,6.4,38.0,0.85,0.65,42.0,18.0,1.8,18.0,22.0,6.0
2026,4,,2026-10-04,13:00,00-0039849,Marvin Harrison Jr.,marvin harrison jr,ARI,NYG,WR,LOW TARGET,False,,,,,,,,3,29,8,0.2,0.7,0.1,8,18,6.34,6.57,1.8,13.25,-0.261,49.1,60.07,63.8,50.0,1.0,0.8,0.97,1.0,1.0,Neutral,1.012,0.991,1.009,1.0,1.012,1.038,1.026,1.012,-0.9,0.9,0.0,1.2,3.8,2.6,1.2,0.0039038161993769477,8.761682242990656e-05,0.0,0.09885124610591901,3.0686525041050907,44.131471847520835,44.23032309362676,0.10275506230529596,9.237711705645843,,,,,0.1,3.0,42.8,,9.0,,,,,0.1,3.1,43.9,,9.1,38.0,0.85,0.65,42.0,18.0,1.8,18.0,22.0,6.0
2026,4,,2026-10-04,13:00,00-0033307,Kendrick Bourne,kendrick bourne,ARI,NYG,WR,LOW TARGET,False,,,,,,,,3,26,8,0.2,0.7,0.1,8,18,4.86,4.75,2.33,4.58,1.0,50.59,58.42,63.5,50.0,1.0,0.55,1.03,1.0,1.0,Neutral,1.012,0.991,1.009,1.0,1.012,1.038,1.026,1.012,-0.9,0.9,0.0,1.2,3.8,2.6,1.2,0.0039038161993769477,8.761682242990656e-05,0.0,0.2299281691828421,2.6107156593406593,32.315507719694644,32.545435888877485,0.23383198538221903,6.110103874396633,,,,,0.2,2.7,33.3,,6.3,,,,,0.2,2.8,34.2,,6.4,38.0,0.85,0.65,42.0,18.0,1.8,18.0,22.0,6.0
2026,4,,2026-10-04,13:00,00-0039392,Jha'Quan Jackson,jhaquan jackson,TEN,BAL,WR,LOW TARGET,False,,,,,,,,0,12,8,0.2,0.7,0.1,8,13,0.15,0.42,0.0,0.0,-0.433,70.5,58.42,63.5,50.0,1.0,0.55,0.97,1.0,1.0,Neutral,1.005,1.085,0.88,1.0,1.005,1.12,1.12,1.005,8.5,-12.0,0.0,0.5,12.0,12.0,0.5,0.004879770249221185,0.00010952102803738319,0.0,-0.283632912064571,0.405658143939394,4.739910790144436,4.456277878079864,-0.27875314181534977,1.007341714457661,,,,,-0.3,0.4,4.6,,1.0,,,,,-0.3,0.4,5.2,,1.0,38.0,0.85,0.65,42.0,18.0,1.8,18.0,22.0,6.0
2026,4,,2026-10-04,13:00,00-0040237,Tez Johnson,tez johnson,TB,GB,WR,LOW TARGET,True,,,,,,,,3,15,8,0.2,0.7,0.1,8,18,2.31,2.09,0.68,3.38,-0.088,52.51,56.87,63.4,50.0,1.0,0.55,0.989,1.0,1.0,Neutral,0.966,0.916,0.903,1.0,0.966,1.007,0.947,0.966,-8.4,-9.7,0.0,-3.4,0.7,-5.3,-3.4,0.0039038161993769477,8.761682242990656e-05,0.0,1.0702798175344908,1.7193750000000005,21.528811748998667,22.59909156653316,1.0741836337338675,5.452700211392971,,,,,1.1,1.7,21.3,,5.4,,,,,1.1,1.7,20.2,,5.2,38.0,0.85,0.65,42.0,18.0,1.8,18.0,22.0,6.0
2026,4,,2026-10-04,13:00,00-0034837,Calvin Ridley,calvin ridley,TEN,BAL,WR,LOW TARGET,False,,,,,,,,2,24,8,0.2,0.7,0.1,8,18,5.19,5.24,2.67,6.3,-0.699,49.74,58.21,63.2,50.0,1.0,0.723,0.97,1.0,1.0,Neutral,1.005,1.085,0.88,1.0,1.005,1.12,1.12,1.005,8.5,-12.0,0.0,0.5,12.0,12.0,0.5,0.0039038161993769477,8.761682242990656e-05,0.0,1.4481266084247597,2.686704192546584,43.75006433699039,45.198190945415156,1.4520304246241367,7.993686753836033,,,,,1.4,2.6,42.4,,7.8,,,,,1.4,2.9,47.5,,7.8,38.0,0.85,0.65,42.0,18.0,1.8,18.05,22.0,6.0
2026,4,,2026-10-04,16:25,00-0038104,Tyquan Thornton,tyquan thornton,KC,LV,WR,LOW TARGET,False,,,,,,,,3,16,8,0.2,0.7,0.1,8,18,4.66,4.32,0.0,6.8,0.585,51.88,56.71,63.2,50.0,1.0,0.55,1.03,1.0,1.0,Neutral,0.962,0.942,0.88,1.0,0.962,1.026,0.986,0.962,-5.8,-12.0,0.0,-3.8,2.6,-1.4,-3.8,0.0039038161993769477,8.761682242990656e-05,0.0,0.09885124610591901,1.6990178571428574,32.56178793947486,32.660639185580784,0.10275506230529596,5.809926401869159,,,,,0.1,1.7,33.5,,6.0,,,,,0.1,1.7,33.0,,5.8,38.0,0.85,0.65,42.0,18.0,1.8,18.0,22.0,6.0
2026,4,,2026-10-04,09:30,00-0037742,Treylon Burks,treylon burks,WAS,IND,WR,LOW TARGET,True,,,,,,,,2,13,8,0.2,0.7,0.1,8,18,3.54,3.46,0.0,5.62,0.761,50.51,57.07,63.0,50.0,1.0,0.55,1.03,1.0,1.0,Favorable,1.093,1.12,0.903,1.0,1.093,1.12,1.12,1.093,12.0,-9.7,0.0,9.3,12.0,12.0,9.3,0.0039038161993769477,8.761682242990656e-05,0.0,0.1296204768751498,1.3373969780219783,14.462474752661672,14.59209522953682,0.13352429307452676,4.1247478304405885,,,,,0.1,1.4,14.9,,4.2,,,,,0.1,1.6,16.7,,4.6,38.0,0.85,0.65,42.0,18.0,1.8,18.0,22.0,6.0
2026,4,,2026-10-04,13:00,00-0034775,Christian Kirk,christian kirk,HOU,DAL,WR,LOW TARGET,True,,,,,,,,0,19,8,0.2,0.7,0.1,8,18,4.34,4.9,1.53,6.62,-0.515,46.99,59.19,62.9,50.0,1.0,0.698,0.97,1.0,1.0,Neutral,1.062,1.086,1.12,1.0,1.062,1.041,1.081,1.062,8.6,12.0,0.0,6.2,4.1,8.1,6.2,0.004879770249221185,0.00010952102803738319,0.0,0.12356405763239876,2.723341557017543,29.704623708804718,29.828187766437118,0.12844382788161995,6.401689800582063,,,,,0.1,2.6,28.8,,6.2,,,,,0.1,2.7,31.1,,6.6,38.0,0.85,0.65,42.0,18.0,1.8,18.0,22.0,6.0
2026,4,,2026-10-04,13:00,00-0033251,Zach Pascal,zach pascal,ARI,NYG,WR,LOW TARGET,False,,,,,,,,0,3,8,0.2,0.7,0.1,8,17,0.0,0.0,0.0,0.0,0.0,100.0,66.59,62.9,50.0,1.0,0.55,1.0,1.0,1.0,Neutral,1.012,0.991,1.009,1.0,1.012,1.038,1.026,1.012,-0.9,0.9,0.0,1.2,3.8,2.6,1.2,0.004879770249221185,0.00010952102803738319,0.0,0.12356405763239876,0.32421875000000006,4.088395638629285,4.211959696261682,0.12844382788161995,0.9014705023364488,,,,,0.1,0.3,4.1,,0.9,,,,,0.1,0.3,4.2,,0.9,38.0,0.85,0.65,42.0,18.0,1.8,18.0,22.0,6.0
2026,4,,2026-10-04,13:00,00-0036196,Gabe Davis,gabe davis,BUF,NE,WR,LOW TARGET,True,,,,,,,,0,16,8,0.2,0.7,0.1,8,18,4.91,5.13,1.45,4.82,0.641,48.91,57.76,62.8,50.0,1.0,0.55,1.03,1.0,1.0,Tough,0.908,0.89,0.888,1.0,0.908,0.932,0.88,0.908,-11.0,-11.2,0.0,-9.2,-6.8,-12.0,-9.2,0.004879770249221185,0.00010952102803738319,0.0,0.12356405763239876,2.0242187500000006,22.766520638629284,22.890084696261685,0.12844382788161995,5.413033002336449,,,,,0.1,2.1,23.4,,5.6,,,,,0.1,2.0,20.6,,5.1,38.0,0.85,0.65,42.0,18.0,1.8,18.0,22.0,6.0
2026,4,,2026-10-04,13:00,00-0033282,Curtis Samuel,curtis samuel,BUF,NE,WR,LOW TARGET,True,,,,,,,,0,20,8,0.2,0.7,0.1,8,18,4.01,3.89,1.48,5.57,-0.312,50.81,56.42,62.8,50.0,1.0,0.55,0.97,1.0,1.0,Tough,0.908,0.89,0.888,1.0,0.908,0.932,0.88,0.908,-11.0,-11.2,0.0,-9.2,-6.8,-12.0,-9.2,0.004879770249221185,0.00010952102803738319,0.0,0.6669851102639777,1.9669819078947373,18.957474585997705,19.62445969626168,0.6718648805131989,4.669694186546977,,,,,0.6,1.9,18.4,,4.5,,,,,0.5,1.8,16.2,,4.1,38.0,0.85,0.65,42.0,18.0,1.8,18.0,22.0,6.0
2026,4,,2026-10-04,13:00,00-0036980,Elijah Moore,elijah moore,BUF,NE,WR,LOW TARGET,True,,,,,,,,0,26,8,0.2,0.7,0.1,8,18,2.76,2.84,0.52,4.38,1.0,49.23,56.86,62.6,50.0,1.0,0.602,1.03,1.0,1.0,Tough,0.908,0.89,0.888,1.0,0.908,0.932,0.88,0.908,-11.0,-11.2,0.0,-9.2,-6.8,-12.0,-9.2,0.004879770249221185,0.00010952102803738319,0.0,1.1120255960939371,2.4342187500000003,24.448395638629286,25.560421234723222,1.1169053663431583,5.564008963874911,,,,,1.1,2.5,25.2,,5.7,,,,,1.0,2.3,22.2,,5.2,38.0,0.85,0.65,42.0,18.0,1.8,18.0,22.0,6.0
2026,4,,2026-10-04,13:00,00-0037801,KaVontae Turpin,kavontae turpin,DAL,HOU,WR,LOW TARGET,False,,,,,,,,3,32,8,0.2,0.7,0.1,8,18,4.89,4.89,1.52,5.95,-0.49,50.0,56.55,62.6,50.0,1.0,0.55,0.97,1.0,1.0,Neutral,0.935,0.943,0.88,1.0,0.935,0.895,0.938,0.935,-5.7,-12.0,0.0,-6.5,-10.5,-6.2,-6.5,0.0039038161993769477,8.761682242990656e-05,0.0,5.302297866689638,1.6090389784946237,22.49310514377593,27.79540301046557,5.306201682889014,5.6989653803637825,,,,,5.1,1.6,21.8,27.0,5.5,,,,,4.8,1.4,20.4,25.2,5.1,38.0,0.85,0.65,42.0,18.0,1.8,18.0,22.0,6.0
2026,4,,2026-10-04,16:25,00-0037291,Jalen Nailor,jalen nailor,LV,KC,WR,LOW TARGET,True,,,,,,,,3,32,8,0.2,0.7,0.1,8,18,4.79,5.25,1.42,6.47,0.291,47.7,57.56,62.4,50.0,1.0,0.55,1.03,1.0,1.0,Tough,0.886,0.881,0.88,1.0,0.886,0.962,0.88,0.886,-11.9,-12.0,0.0,-11.4,-3.8,-12.0,-11.4,0.0039038161993769477,8.761682242990656e-05,0.0,0.32385124610591914,1.760968701996928,24.958984560058575,25.282835806164492,0.3277550623052961,5.675387231362247,,,,,0.3,1.8,25.7,,5.8,,,,,0.3,1.7,22.6,,5.1,38.0,0.85,0.65,42.0,18.0,1.8,18.0,22.0,6.0
2026,4,,2026-10-04,13:00,00-0040534,Ke'Shawn Williams,keshawn williams,CIN,JAC,WR,LOW TARGET,True,,,,,,,,1,11,8,0.2,0.7,0.1,8,18,0.38,0.57,0.0,0.3,0.767,63.85,56.74,62.4,50.0,1.0,0.55,1.03,1.0,1.0,Neutral,1.0,1.0,1.0,1.0,1.0,1.0,1.0,1.0,0.0,0.0,0.0,0.0,0.0,0.0,0.0,0.0039038161993769477,8.761682242990656e-05,0.0,0.9970330642877372,0.3448295454545455,3.697989238176155,4.695022302463892,1.0009368804871142,0.9391764018691591,,,,,1.0,0.4,3.8,,1.0,,,,,1.0,0.4,3.8,,1.0,38.0,0.85,0.65,42.0,18.0,1.8,18.0,22.0,6.0
2026,4,,2026-10-04,13:00,00-0033943,Josh Reynolds,josh reynolds,NYJ,CHI,WR,LOW TARGET,False,,,,,,,,0,13,8,0.2,0.7,0.1,8,18,3.78,2.87,0.0,5.6,1.0,56.84,60.81,62.3,50.0,1.0,0.55,1.03,1.0,1.0,Neutral,1.028,1.015,1.022,1.0,1.028,0.958,1.042,1.028,1.5,2.2,0.0,2.8,-4.2,4.2,2.8,0.004879770249221185,0.00010952102803738319,0.0,0.12356405763239876,1.8915264423076923,21.852818715552363,21.976382773184763,0.12844382788161995,4.764451271567219,,,,,0.1,1.9,22.5,,4.9,,,,,0.1,1.8,23.4,,5.0,38.0,0.85,0.65,42.0,18.0,1.8,18.0,22.0,6.0
2026,4,,2026-10-04,16:25,00-0035406,Lil'Jordan Humphrey,liljordan humphrey,DEN,SF,WR,LOW TARGET,False,,,,,,,,1,21,8,0.2,0.7,0.1,8,18,4.08,4.5,0.0,6.65,-0.672,47.55,57.17,62.3,50.0,1.0,0.55,0.97,1.0,1.0,Neutral,1.018,1.019,0.947,1.0,1.018,1.023,0.971,1.018,1.9,-5.3,0.0,1.8,2.3,-2.9,1.8,0.0039038161993769477,8.761682242990656e-05,0.0,0.09885124610591901,1.6846130952380955,18.101668891855812,18.200520137961732,0.10275506230529596,4.039985925678684,,,,,0.1,1.6,17.6,,3.9,,,,,0.1,1.6,17.1,,4.0,38.0,0.85,0.65,42.0,18.0,1.8,18.0,22.0,6.0
2026,4,,2026-10-04,13:00,00-0036331,Devin Duvernay,devin duvernay,ARI,NYG,WR,LOW TARGET,False,,,,,,,,3,30,8,0.2,0.7,0.1,8,18,0.24,0.88,0.0,0.0,0.0,53.32,53.66,62.3,50.0,1.0,0.55,1.0,1.0,1.0,Neutral,1.012,0.991,1.009,1.0,1.012,1.038,1.026,1.012,-0.9,0.9,0.0,1.2,3.8,2.6,1.2,0.0039038161993769477,8.761682242990656e-05,0.0,0.1112650392093673,0.523742816091954,5.5762337522827385,5.6874987914921045,0.11516885540874425,1.217337321409389,,,,,0.1,0.5,5.6,,1.2,,,,,0.1,0.5,5.7,,1.2,38.0,0.85,0.65,42.0,18.0,1.8,18.0,22.0,6.0
2026,4,,2026-10-04,20:20,00-0040218,Jimmy Horn Jr.,jimmy horn jr,CAR,DET,WR,LOW TARGET,True,,,,,,,,1,10,8,0.2,0.7,0.1,8,18,1.8,0.99,1.5,2.5,-0.143,64.66,58.73,62.2,50.0,1.0,0.55,0.983,1.0,1.0,Neutral,1.069,1.095,1.12,1.0,1.069,1.053,1.089,1.069,9.5,12.0,0.0,6.9,5.3,8.9,6.9,0.0039038161993769477,8.761682242990656e-05,0.0,4.558851246105919,0.9927083333333334,9.990716510903429,14.549567757009347,4.562755062305296,2.572509735202493,,,,,4.5,1.0,9.8,14.3,2.5,,,,,4.8,1.1,10.7,15.3,2.7,38.0,0.85,0.65,42.0,18.0,1.8,18.0,22.0,6.0
2026,4,,2026-10-04,13:00,00-0034487,Trent Sherfield,trent sherfield,ARI,NYG,WR,LOW TARGET,False,,,,,,,,0,17,8,0.2,0.7,0.1,8,18,0.91,0.94,0.0,1.38,0.833,51.52,54.41,62.1,50.0,1.0,0.55,1.03,1.0,1.0,Neutral,1.012,0.991,1.009,1.0,1.012,1.038,1.026,1.012,-0.9,0.9,0.0,1.2,3.8,2.6,1.2,0.004879770249221185,0.00010952102803738319,0.0,0.12356405763239876,0.8600643382352943,8.92019710921752,9.043761166849919,0.12844382788161995,2.163143296454096,,,,,0.1,0.9,9.2,,2.2,,,,,0.1,0.9,9.4,,2.2,38.0,0.85,0.65,42.0,18.0,1.8,18.0,22.0,6.0
2026,4,,2026-10-04,16:25,00-0039868,Troy Franklin,troy franklin,DEN,SF,WR,LOW TARGET,False,,,,,,,,3,33,8,0.2,0.7,0.1,8,18,5.08,5.67,2.45,6.92,-0.552,47.23,56.72,62.0,50.0,1.0,0.596,0.97,1.0,1.0,Neutral,1.018,1.019,0.947,1.0,1.018,1.023,0.971,1.018,1.9,-5.3,0.0,1.8,2.3,-2.9,1.8,0.0039038161993769477,8.761682242990656e-05,0.0,0.678342588097261,2.5354843073593076,29.46787560181252,30.146218189909778,0.682246404296638,6.874571964639722,,,,,0.7,2.5,28.6,,6.7,,,,,0.7,2.6,27.8,,6.8,38.0,0.85,0.65,42.0,18.0,1.8,18.0,22.0,6.0
2026,4,,2026-10-04,13:00,00-0030564,DeAndre Hopkins,deandre hopkins,BAL,TEN,WR,LOW TARGET,True,,,,,,,,0,33,8,0.2,0.7,0.1,8,18,2.65,2.89,0.0,4.28,-0.069,47.85,56.1,61.9,50.0,1.0,0.55,0.992,1.0,1.0,Neutral,1.014,1.025,0.932,1.0,1.014,1.073,1.093,1.014,2.5,-6.8,0.0,1.4,7.3,9.3,1.4,0.004879770249221185,0.00010952102803738319,0.0,0.12356405763239876,2.19921875,26.934513062871705,27.058077120504105,0.12844382788161995,6.000002699306147,,,,,0.1,2.2,26.7,,6.0,,,,,0.1,2.4,29.2,,6.1,38.0,0.85,0.65,42.0,18.0,1.8,18.0,22.0,6.0
2026,4,,2026-10-04,13:00,00-0040131,Kyle Williams,kyle williams,NE,BUF,WR,LOW TARGET,False,,,,,,,,3,14,8,0.2,0.7,0.1,8,18,3.79,4.06,0.38,6.33,-0.646,48.23,55.49,61.8,50.0,1.0,0.55,0.97,1.0,1.0,Neutral,0.946,0.88,0.88,1.0,0.946,0.935,0.904,0.946,-12.0,-12.0,0.0,-5.4,-6.5,-9.6,-5.4,0.0039038161993769477,8.761682242990656e-05,0.0,0.38566443291910585,0.977323717948718,18.51064325083017,18.896307683749274,0.3895682491184828,4.020370541063299,,,,,0.4,0.9,18.0,,3.9,,,,,0.4,0.8,16.3,,3.7,38.0,0.85,0.65,42.0,18.0,1.8,18.0,22.0,6.0
2026,4,,2026-10-04,09:30,00-0039355,Luke McCaffrey,luke mccaffrey,WAS,IND,WR,LOW TARGET,True,,,,,,,,1,22,8,0.2,0.7,0.1,8,17,4.54,4.89,0.0,10.15,-0.669,48.14,54.67,61.4,50.0,1.0,0.55,0.97,1.0,1.0,Favorable,1.093,1.12,0.903,1.0,1.093,1.12,1.12,1.093,12.0,-9.7,0.0,9.3,12.0,12.0,9.3,0.0039038161993769477,8.761682242990656e-05,0.0,0.09885124610591901,1.1269074675324677,15.240846381033299,15.339697627139218,0.10275506230529596,3.567540038232796,,,,,0.1,1.1,14.8,,3.5,,,,,0.1,1.2,16.6,,3.8,38.0,0.85,0.65,42.0,18.0,1.8,18.0,22.0,6.0
2026,4,,2026-10-04,13:00,00-0031236,Brandin Cooks,brandin cooks,BUF,NE,WR,LOW TARGET,True,,,,,,,,0,23,8,0.2,0.7,0.1,8,18,4.11,4.94,0.98,4.0,0.27,45.41,56.13,61.3,50.0,1.0,0.55,1.03,1.0,1.0,Tough,0.908,0.89,0.888,1.0,0.908,0.932,0.88,0.908,-11.0,-11.2,0.0,-9.2,-6.8,-12.0,-9.2,0.004879770249221185,0.00010952102803738319,0.0,-0.012799578731237661,2.137459856719368,24.60766441333285,24.594864834601605,-0.007919808482016472,5.224345996407596,,,,,-0.0,2.2,25.3,,5.4,,,,,-0.0,2.1,22.3,,4.9,38.0,0.85,0.65,42.0,18.0,1.8,18.0,22.0,6.0
2026,4,,2026-10-04,13:00,00-0038090,Skyy Moore,skyy moore,GB,TB,WR,LOW TARGET,False,,,,,,,,3,20,8,0.2,0.7,0.1,8,18,1.97,2.26,0.0,2.77,1.0,46.55,55.33,61.3,50.0,1.0,0.55,1.03,1.0,1.0,Neutral,0.999,1.063,1.013,1.0,0.999,0.992,0.957,0.999,6.3,1.3,0.0,-0.1,-0.8,-4.3,-0.1,0.0039038161993769477,8.761682242990656e-05,0.0,0.614114404000656,0.863685776942356,9.97836062117912,10.592475025179775,0.6180182202000329,2.047777905628558,,,,,0.6,0.9,10.3,,2.1,,,,,0.6,0.9,9.9,,2.1,38.0,0.85,0.65,42.0,18.0,1.8,18.0,22.0,6.0
2026,4,,2026-10-04,16:05,00-0034646,Brandon Powell,brandon powell,MIN,MIA,WR,LOW TARGET,True,,,,,,,,0,16,8,0.2,0.7,0.1,8,18,0.7,0.99,0.0,1.9,-1.0,50.16,53.13,61.3,50.0,1.0,0.55,0.97,1.0,1.0,Neutral,1.03,0.999,1.109,1.0,1.03,0.937,0.88,1.03,-0.1,10.9,0.0,3.0,-6.3,-12.0,3.0,0.004879770249221185,0.00010952102803738319,0.0,0.12356405763239876,0.67734375,7.725895638629284,7.849459696261682,0.12844382788161995,1.6183455023364488,,,,,0.1,0.7,7.5,,1.6,,,,,0.1,0.7,6.6,,1.6,38.0,0.85,0.65,42.0,18.0,1.8,18.0,22.0,6.0
2026,4,,2026-10-04,13:00,00-0034407,Ray-Ray McCloud,ray ray mccloud,NYG,ARI,WR,LOW TARGET,True,,,,,,,,0,23,8,0.2,0.7,0.1,8,18,2.83,3.45,0.22,5.03,-0.851,45.05,55.84,61.1,50.0,1.0,0.591,0.97,1.0,1.0,Neutral,1.066,1.05,1.12,1.0,1.066,0.965,0.973,1.066,5.0,12.0,0.0,6.6,-3.5,-2.7,6.6,0.004879770249221185,0.00010952102803738319,0.0,2.764374334312241,2.731333374505929,30.653118958787392,33.41749329309963,2.769254104561462,6.372419118937241,,,,,2.7,2.6,29.7,,6.2,,,,,2.9,2.5,28.9,,6.6,38.0,0.85,0.65,42.0,18.0,1.8,18.0,22.0,6.0
2026,4,,2026-10-04,16:05,00-0040154,Tai Felton,tai felton,MIN,MIA,WR,LOW TARGET,True,,,,,,,,1,12,8,0.2,0.7,0.1,8,18,0.5,0.81,0.0,0.4,-0.133,55.23,54.92,60.8,50.0,1.0,0.55,0.984,1.0,1.0,Neutral,1.03,0.999,1.109,1.0,1.03,0.937,0.88,1.03,-0.1,10.9,0.0,3.0,-6.3,-12.0,3.0,0.0039038161993769477,8.761682242990656e-05,0.0,0.09885124610591901,0.450284090909091,4.826777116964034,4.925628363069952,0.10275506230529596,1.0676915533843105,,,,,0.1,0.4,4.7,,1.1,,,,,0.1,0.4,4.1,,1.1,38.0,0.85,0.65,42.0,18.0,1.8,18.0,22.0,6.0
2026,4,,2026-10-04,13:00,00-0036849,Tutu Atwell,tutu atwell,LAR,PHI,WR,LOW TARGET,False,,,,,,,,1,23,8,0.2,0.7,0.1,8,18,3.94,4.82,0.0,4.47,-0.784,44.93,54.89,60.7,50.0,1.0,0.55,0.97,1.0,1.0,Neutral,0.952,0.891,0.88,1.0,0.952,0.966,0.959,0.952,-10.9,-12.0,0.0,-4.8,-3.4,-4.1,-4.8,0.0039038161993769477,8.761682242990656e-05,0.0,0.24549156231145264,1.7305212450592886,27.94107224212873,28.186563804440183,0.24939537851082957,4.906433318865208,,,,,0.2,1.7,27.1,,4.8,,,,,0.2,1.6,26.0,,4.6,38.0,0.85,0.65,42.0,18.0,1.8,18.0,22.0,6.0
2026,4,,2026-10-04,13:00,00-0040590,Konata Mumpfield,konata mumpfield,LAR,PHI,WR,LOW TARGET,False,,,,,,,,3,10,8,0.2,0.7,0.1,8,18,4.98,6.98,0.0,4.0,1.0,41.63,56.7,60.6,50.0,1.0,0.55,1.03,1.0,1.0,Neutral,0.952,0.891,0.88,1.0,0.952,0.966,0.959,0.952,-10.9,-12.0,0.0,-4.8,-3.4,-4.1,-4.8,0.0039038161993769477,8.761682242990656e-05,0.0,0.09885124610591901,1.4336607142857145,19.70785936804629,19.80671061415221,0.10275506230529596,4.390604973297731,,,,,0.1,1.5,20.3,,4.5,,,,,0.1,1.4,19.5,,4.3,38.0,0.85,0.65,42.0,18.0,1.8,18.0,22.0,6.0
2026,4,,2026-10-04,13:00,00-0036550,Rashod Bateman,rashod bateman,BAL,TEN,WR,LOW TARGET,True,,,,,,,,3,29,8,0.2,0.7,0.1,8,18,5.53,7.5,0.0,4.65,1.0,42.43,55.95,60.5,50.0,1.0,0.55,1.03,1.0,1.0,Neutral,1.014,1.025,0.932,1.0,1.014,1.073,1.093,1.014,2.5,-6.8,0.0,1.4,7.3,9.3,1.4,0.0039038161993769477,8.761682242990656e-05,0.0,0.09885124610591901,2.3364685960591136,33.72350797231558,33.822359218421504,0.10275506230529596,7.7711353509660395,,,,,0.1,2.4,34.7,,8.0,,,,,0.1,2.6,37.9,,8.1,38.0,0.85,0.65,42.0,18.0,1.8,18.0,22.0,6.0
2026,4,,2026-10-04,20:20,00-0033589,David Moore,david moore,CAR,DET,WR,LOW TARGET,True,,,,,,,,1,18,8,0.2,0.7,0.1,8,18,2.93,3.66,0.9,4.9,-0.745,44.45,54.19,60.3,50.0,1.0,0.55,0.97,1.0,1.0,Neutral,1.069,1.095,1.12,1.0,1.069,1.053,1.089,1.069,9.5,12.0,0.0,6.9,5.3,8.9,6.9,0.0039038161993769477,8.761682242990656e-05,0.0,0.7655179127725857,1.49859068627451,16.82888644554395,17.594404358316535,0.7694217289719627,4.182875748274389,,,,,0.7,1.5,16.3,,4.1,,,,,0.7,1.6,17.8,,4.4,38.0,0.85,0.65,42.0,18.0,1.8,18.0,22.0,6.0
2026,4,,2026-10-04,13:00,00-0039062,Jonathan Mingo,jonathan mingo,DAL,HOU,WR,LOW TARGET,False,,,,,,,,1,19,8,0.2,0.7,0.1,8,18,1.31,1.57,0.0,2.53,-0.429,45.4,53.5,60.2,50.0,1.0,0.55,0.97,1.0,1.0,Neutral,0.935,0.943,0.88,1.0,0.935,0.895,0.938,0.935,-5.7,-12.0,0.0,-6.5,-10.5,-6.2,-6.5,0.0039038161993769477,8.761682242990656e-05,0.0,0.211131947860305,1.015515350877193,11.391769142482376,11.602901090342682,0.21503576405968194,2.258544822921791,,,,,0.2,1.0,11.1,,2.2,,,,,0.2,0.9,10.4,,2.1,38.0,0.85,0.65,42.0,18.0,1.8,18.0,22.0,6.0
2026,4,,2026-10-04,13:00,00-0036427,Tyler Johnson,tyler johnson,NYJ,CHI,WR,LOW TARGET,False,,,,,,,,0,20,8,0.2,0.7,0.1,8,18,4.06,5.25,0.0,6.15,-0.877,43.59,54.29,60.1,50.0,1.0,0.55,0.97,1.0,1.0,Neutral,1.028,1.015,1.022,1.0,1.028,0.958,1.042,1.028,1.5,2.2,0.0,2.8,-4.2,4.2,2.8,0.004879770249221185,0.00010952102803738319,0.0,0.12356405763239876,1.8544819078947368,24.22852721757665,24.35209127520905,0.12844382788161995,5.053641554968029,,,,,0.1,1.8,23.5,,4.9,,,,,0.1,1.7,24.5,,5.0,38.0,0.85,0.65,42.0,18.0,1.8,18.0,22.0,6.0
2026,4,,2026-10-04,13:00,00-0039751,Jordan Whittington,jordan whittington,LAR,PHI,WR,LOW TARGET,False,,,,,,,,1,29,8,0.2,0.7,0.1,8,18,1.19,1.44,0.0,2.08,-0.591,45.35,52.79,60.0,50.0,1.0,0.55,0.97,1.0,1.0,Neutral,0.952,0.891,0.88,1.0,0.952,0.966,0.959,0.952,-10.9,-12.0,0.0,-4.8,-3.4,-4.1,-4.8,0.0039038161993769477,8.761682242990656e-05,0.0,0.6796394234458206,1.346567118226601,15.008893850804904,15.688533274250725,0.6835432396451976,3.0402650718198982,,,,,0.7,1.3,14.6,,2.9,,,,,0.7,1.3,14.0,,2.8,38.0,0.85,0.65,42.0,18.0,1.8,18.0,22.0,6.0
2026,4,,2026-10-04,13:00,00-0035645,Gunner Olszewski,gunner olszewski,NYG,ARI,WR,LOW TARGET,True,,,,,,,,0,16,8,0.2,0.7,0.1,8,18,5.02,6.71,0.0,6.34,1.0,42.81,54.23,59.9,50.0,1.0,0.55,1.03,1.0,1.0,Neutral,1.066,1.05,1.12,1.0,1.066,0.965,0.973,1.066,5.0,12.0,0.0,6.6,-3.5,-2.7,6.6,2.1705047702492215,0.06573452102803738,0.0,0.12356405763239876,1.0804687499999999,14.832145638629283,14.955709696261682,2.29406882788162,3.4187205023364493,,,,,0.1,1.1,15.3,,3.5,,,,,0.1,1.1,14.9,,3.7,38.0,0.85,0.65,42.0,18.0,1.8,18.0,22.0,6.0
2026,4,,2026-10-04,13:00,00-0033891,Zay Jones,zay jones,ARI,NYG,WR,LOW TARGET,False,,,,,,,,0,12,8,0.2,0.7,0.1,8,18,5.32,4.39,2.45,8.62,1.0,54.82,59.03,59.8,50.0,1.0,0.55,1.03,1.0,1.0,Neutral,1.012,0.991,1.009,1.0,1.012,1.038,1.026,1.012,-0.9,0.9,0.0,1.2,3.8,2.6,1.2,0.004879770249221185,0.00010952102803738319,0.0,0.12356405763239876,1.9018702651515147,26.508850184083833,26.63241424171623,0.12844382788161995,4.721167472033418,,,,,0.1,2.0,27.3,,4.9,,,,,0.1,2.1,28.0,,5.0,38.0,0.85,0.65,42.0,18.0,1.8,18.0,22.0,6.0
2026,4,,2026-10-04,16:25,00-0037272,Montrell Washington,montrell washington,KC,LV,WR,LOW TARGET,False,,,,,,,,0,1,8,0.2,0.7,0.1,8,16,0.0,0.0,0.0,0.0,0.0,100.0,65.0,59.8,50.0,1.0,0.55,1.0,1.0,1.0,Neutral,0.962,0.942,0.88,1.0,0.962,1.026,0.986,0.962,-5.8,-12.0,0.0,-3.8,2.6,-1.4,-3.8,0.004879770249221185,0.00010952102803738319,0.0,0.12356405763239876,0.32421875000000006,4.088395638629285,4.211959696261682,0.12844382788161995,0.9014705023364488,,,,,0.1,0.3,4.1,,0.9,,,,,0.1,0.3,4.0,,0.9,38.0,0.85,0.65,42.0,18.0,1.8,18.0,22.0,6.0
2026,4,,2026-10-04,09:30,00-0040164,Jaylin Lane,jaylin lane,WAS,IND,WR,LOW TARGET,True,,,,,,,,3,15,8,0.2,0.7,0.1,8,16,1.63,1.99,0.0,2.5,-0.25,45.03,52.31,59.7,50.0,1.0,0.55,0.97,1.0,1.0,Favorable,1.093,1.12,0.903,1.0,1.093,1.12,1.12,1.093,12.0,-9.7,0.0,9.3,12.0,12.0,9.3,0.0039038161993769477,8.761682242990656e-05,0.0,0.38551791277258574,1.065089285714286,15.400240320427239,15.785758233199827,0.3894217289719627,3.3456525923453504,,,,,0.4,1.0,14.9,,3.2,,,,,0.4,1.1,16.7,,3.5,38.0,0.85,0.65,42.0,18.0,1.8,18.0,22.0,6.0
2026,4,,2026-10-04,13:00,00-0037666,Jalen Tolbert,jalen tolbert,DAL,HOU,WR,LOW TARGET,False,,,,,,,,0,29,8,0.2,0.7,0.1,8,18,3.07,4.32,0.0,3.73,-0.536,41.53,54.26,59.6,50.0,1.0,0.55,0.97,1.0,1.0,Neutral,0.935,0.943,0.88,1.0,0.935,0.895,0.938,0.935,-5.7,-12.0,0.0,-6.5,-10.5,-6.2,-6.5,0.004879770249221185,0.00010952102803738319,0.0,0.12356405763239876,2.156423183497537,26.49603110660958,26.61959516424198,0.12844382788161995,6.3648325713019664,,,,,0.1,2.1,25.7,,6.2,,,,,0.1,1.9,24.1,,5.8,38.0,0.85,0.65,42.0,18.0,1.8,18.0,22.0,6.0
2026,4,,2026-10-04,13:00,00-0033375,Tim Patrick,tim patrick,JAC,CIN,WR,LOW TARGET,False,,,,,,,,0,28,8,0.2,0.7,0.1,8,18,4.48,6.29,1.05,5.15,-0.833,41.63,54.31,59.6,50.0,1.0,0.55,0.97,1.0,1.0,Neutral,1.053,1.091,0.972,1.0,1.053,0.88,0.88,1.053,9.1,-2.8,0.0,5.3,-12.0,-12.0,5.3,0.004879770249221185,0.00010952102803738319,0.0,0.12356405763239876,1.7438616071428572,21.02391151164516,21.14747556927756,0.12844382788161995,5.284506216622162,,,,,0.1,1.7,20.4,,5.1,,,,,0.1,1.5,18.0,,5.4,38.0,0.85,0.65,42.0,18.0,1.8,18.0,22.0,6.0
2026,4,,2026-10-04,13:00,00-0035500,Greg Dortch,greg dortch,BUF,NE,WR,LOW TARGET,True,,,,,,,,3,29,8,0.2,0.7,0.1,8,18,4.92,7.01,0.0,8.85,-1.0,41.26,54.54,59.6,50.0,1.0,0.55,0.97,1.0,1.0,Tough,0.908,0.89,0.888,1.0,0.908,0.932,0.88,0.908,-11.0,-11.2,0.0,-9.2,-6.8,-12.0,-9.2,0.0039038161993769477,8.761682242990656e-05,0.0,1.2313635613768552,1.8702124384236456,16.519731289228552,17.75109485060541,1.2352673775762322,4.926324185120392,,,,,1.2,1.8,16.0,,4.8,,,,,1.1,1.7,14.1,,4.4,38.0,0.85,0.65,42.0,18.0,1.8,18.0,22.0,6.0
2026,4,,2026-10-04,16:25,00-0035891,Cody White,cody white,LV,KC,WR,LOW TARGET,True,,,,,,,,3,10,8,0.2,0.7,0.1,8,16,4.54,5.87,0.0,4.18,1.0,43.59,53.05,59.6,50.0,1.0,0.55,1.03,1.0,1.0,Tough,0.886,0.881,0.88,1.0,0.886,0.962,0.88,0.886,-11.9,-12.0,0.0,-11.4,-3.8,-12.0,-11.4,0.0039038161993769477,8.761682242990656e-05,0.0,0.09885124610591901,0.8079464285714286,13.271668891855809,13.370520137961728,0.10275506230529596,4.001271639964398,,,,,0.1,0.8,13.7,,4.1,,,,,0.1,0.8,12.1,,3.6,38.0,0.85,0.65,42.0,18.0,1.8,18.0,22.0,6.0
2026,4,,2026-10-04,13:00,00-0034386,Justin Watson,justin watson,HOU,DAL,WR,LOW TARGET,True,,,,,,,,0,18,8,0.2,0.7,0.1,8,18,3.29,4.49,0.0,5.42,-0.613,42.32,53.48,59.5,50.0,1.0,0.55,0.97,1.0,1.0,Neutral,1.062,1.086,1.12,1.0,1.062,1.041,1.081,1.062,8.6,12.0,0.0,6.2,4.1,8.1,6.2,0.004879770249221185,0.00010952102803738319,0.0,0.12356405763239876,1.4647416258169936,18.6651930242502,18.788757081882597,0.12844382788161995,4.171241744166514,,,,,0.1,1.4,18.1,,4.0,,,,,0.1,1.5,19.6,,4.2,38.0,0.85,0.65,42.0,18.0,1.8,18.0,22.0,6.0
2026,4,,2026-10-04,13:00,00-0038938,Jalin Hyatt,jalin hyatt,NYG,ARI,WR,LOW TARGET,True,,,,,,,,0,16,8,0.2,0.7,0.1,8,18,1.31,1.87,0.0,2.38,-0.191,41.15,53.94,59.4,50.0,1.0,0.55,0.977,1.0,1.0,Neutral,1.066,1.05,1.12,1.0,1.066,0.965,0.973,1.066,5.0,12.0,0.0,6.6,-3.5,-2.7,6.6,0.004879770249221185,0.00010952102803738319,0.0,0.12356405763239876,1.05546875,9.532145638629284,9.655709696261683,0.12844382788161995,2.1770955023364493,,,,,0.1,1.0,9.3,,2.1,,,,,0.1,1.0,9.0,,2.2,38.0,0.85,0.65,42.0,18.0,1.8,18.0,22.0,6.0
2026,4,,2026-10-04,16:25,00-0036527,DJ Turner,dj turner,LV,KC,WR,LOW TARGET,True,,,,,,,,0,13,8,0.2,0.7,0.1,8,18,3.8,3.79,1.88,5.75,-0.686,50.03,57.13,59.1,50.0,1.0,0.55,0.97,1.0,1.0,Tough,0.886,0.881,0.88,1.0,0.886,0.962,0.88,0.886,-11.9,-12.0,0.0,-11.4,-3.8,-12.0,-11.4,0.004879770249221185,0.00010952102803738319,0.0,2.0081794422477834,1.478064903846154,15.420126407860055,17.428305850107837,2.0130592124970046,4.1269512715672185,,,,,1.9,1.4,15.0,,4.0,,,,,1.7,1.3,13.2,,3.5,38.0,0.85,0.65,42.0,18.0,1.8,18.0,22.0,6.0
2026,4,,2026-10-04,13:00,00-0031549,Nelson Agholor,nelson agholor,BAL,TEN,WR,LOW TARGET,True,,,,,,,,0,13,8,0.2,0.7,0.1,8,18,3.9,3.79,2.25,4.83,-0.851,50.74,56.07,58.9,50.0,1.0,0.55,0.97,1.0,1.0,Neutral,1.014,1.025,0.932,1.0,1.014,1.073,1.093,1.014,2.5,-6.8,0.0,1.4,7.3,9.3,1.4,0.004879770249221185,0.00010952102803738319,0.0,0.12356405763239876,1.2184495192307692,19.05954948478313,19.183113542415526,0.12844382788161995,4.215893579259526,,,,,0.1,1.2,18.5,,4.1,,,,,0.1,1.3,20.2,,4.2,38.0,0.85,0.65,42.0,18.0,1.8,18.0,22.0,6.0
2026,4,,2026-10-04,16:05,00-0036182,Nick Westbrook-Ikhine,nick westbrook ikhine,MIA,MIN,WR,LOW TARGET,False,,,,,,,,0,27,8,0.2,0.7,0.1,8,18,1.2,1.7,0.0,3.15,-1.0,41.36,52.5,58.8,50.0,1.0,0.55,0.97,1.0,1.0,Tough,0.927,0.88,0.88,1.0,0.927,0.88,0.882,0.927,-12.0,-12.0,0.0,-7.3,-12.0,-11.8,-7.3,0.004879770249221185,0.00010952102803738319,0.0,0.12356405763239876,1.587395388176638,20.53212783236148,20.65569188999388,0.12844382788161995,5.129533180399126,,,,,0.1,1.5,19.9,,5.0,,,,,0.1,1.3,17.6,,4.6,38.0,0.85,0.65,42.0,18.0,1.8,18.0,22.0,6.0
2026,4,,2026-10-04,13:00,00-0037132,Britain Covey,britain covey,PHI,LAR,WR,LOW TARGET,True,,,,,,,,3,11,8,0.2,0.7,0.1,8,18,0.53,1.36,0.0,0.0,-1.0,42.43,51.54,58.7,50.0,1.0,0.55,0.97,1.0,1.0,Neutral,1.0,1.0,1.0,1.0,1.0,1.0,1.0,1.0,0.0,0.0,0.0,0.0,0.0,0.0,0.0,0.0039038161993769477,8.761682242990656e-05,0.0,0.09885124610591901,0.7393750000000001,6.570716510903428,6.669567757009347,0.10275506230529596,1.531176401869159,,,,,0.1,0.7,6.4,,1.5,,,,,0.1,0.7,6.4,,1.5,38.0,0.85,0.65,42.0,18.0,1.8,18.0,22.0,6.0
2026,4,,2026-10-04,13:00,00-0040075,LaJohntay Wester,lajohntay wester,BAL,TEN,WR,LOW TARGET,True,,,,,,,,3,14,8,0.2,0.7,0.1,8,18,0.91,1.39,0.0,0.6,1.0,41.88,51.56,58.6,50.0,1.0,0.55,1.03,1.0,1.0,Neutral,1.014,1.025,0.932,1.0,1.014,1.073,1.093,1.014,2.5,-6.8,0.0,1.4,7.3,9.3,1.4,0.0039038161993769477,8.761682242990656e-05,0.0,0.09885124610591901,0.402232142857143,4.775478415665333,4.8743296617712515,0.10275506230529596,1.0145097352024925,,,,,0.1,0.4,4.9,,1.0,,,,,0.1,0.4,5.4,,1.0,38.0,0.85,0.65,42.0,18.0,1.8,18.0,22.0,6.0
2026,4,,2026-10-04,13:00,00-0035399,Stanley Morgan,stanley morgan,CIN,JAC,WR,LOW TARGET,True,,,,,,,,0,0,8,0.2,0.7,0.1,8,15,0.0,0.0,0.0,0.0,0.0,100.0,65.12,58.5,50.0,1.0,0.588,1.0,1.0,1.0,Neutral,1.0,1.0,1.0,1.0,1.0,1.0,1.0,1.0,0.0,0.0,0.0,0.0,0.0,0.0,0.0,0.03903816199376947,0.0008761682242990654,0.0,0.98851246105919,2.59375,32.70716510903427,33.69567757009346,1.0275506230529594,7.211764018691589,,,,,1.0,2.6,32.7,,7.2,,,,,1.0,2.6,32.7,,7.2,38.0,0.85,0.65,42.0,18.0,1.8,18.0,22.0,6.0
2026,4,,2026-10-04,13:00,00-0026293,Matthew Slater,matthew slater,NE,BUF,WR,LOW TARGET,False,,,,,,,,0,0,8,0.2,0.7,0.1,8,18,0.0,0.0,0.0,0.0,0.0,100.0,65.0,58.5,50.0,1.0,0.588,1.0,1.0,1.0,Neutral,0.946,0.88,0.88,1.0,0.946,0.935,0.904,0.946,-12.0,-12.0,0.0,-5.4,-6.5,-9.6,-5.4,0.03903816199376947,0.0008761682242990654,0.0,0.98851246105919,2.59375,32.70716510903427,33.69567757009346,1.0275506230529594,7.211764018691589,,,,,1.0,2.6,32.7,,7.2,,,,,0.9,2.4,29.6,,6.8,38.0,0.85,0.65,42.0,18.0,1.8,18.0,22.0,6.0
2026,4,,2026-10-04,16:25,00-0038752,Jake Bobo,jake bobo,SEA,LAC,WR,LOW TARGET,True,,,,,,,,0,17,8,0.2,0.7,0.1,8,18,1.53,2.19,0.0,2.02,-0.871,41.14,51.21,58.3,50.0,1.0,0.55,0.97,1.0,1.0,Tough,0.919,0.901,0.88,1.0,0.919,0.945,0.916,0.919,-9.9,-12.0,0.0,-8.1,-5.5,-8.4,-8.1,0.004879770249221185,0.00010952102803738319,0.0,0.12356405763239876,0.9832261029411764,9.596667697452814,9.720231755085212,0.12844382788161995,2.4697609435129193,,,,,0.1,1.0,9.3,,2.4,,,,,0.1,0.9,8.5,,2.2,38.0,0.85,0.65,42.0,18.0,1.8,18.0,22.0,6.0
2026,4,,2026-10-04,13:00,00-0036133,James Proche,james proche,TEN,BAL,WR,LOW TARGET,False,,,,,,,,0,15,8,0.2,0.7,0.1,8,18,1.52,2.09,0.0,1.7,-0.684,42.04,53.48,58.2,50.0,1.0,0.55,0.97,1.0,1.0,Neutral,1.005,1.085,0.88,1.0,1.005,1.12,1.12,1.005,8.5,-12.0,0.0,0.5,12.0,12.0,0.5,0.004879770249221185,0.00010952102803738319,0.0,0.12356405763239876,0.8885044642857144,9.530062305295951,9.65362636292835,0.12844382788161995,2.00992288328883,,,,,0.1,0.9,9.2,,1.9,,,,,0.1,1.0,10.3,,1.9,38.0,0.85,0.65,42.0,18.0,1.8,18.0,22.0,6.0
2026,4,,2026-10-04,13:00,00-0038359,Xavier Smith,xavier smith,LAR,PHI,WR,LOW TARGET,False,,,,,,,,3,30,8,0.2,0.7,0.1,8,18,2.37,3.79,0.0,3.12,-1.0,38.42,52.07,57.9,50.0,1.0,0.55,0.97,1.0,1.0,Neutral,0.952,0.891,0.88,1.0,0.952,0.966,0.959,0.952,-10.9,-12.0,0.0,-4.8,-3.4,-4.1,-4.8,0.0039038161993769477,8.761682242990656e-05,0.0,0.6947133150714363,0.8274209770114943,12.402440648834462,13.097153963905898,0.6986171312708133,2.2619809995703086,,,,,0.7,0.8,12.0,,2.2,,,,,0.7,0.8,11.5,,2.1,38.0,0.85,0.65,42.0,18.0,1.8,18.0,22.0,6.0
2026,4,,2026-10-04,20:20,00-0038840,Brycen Tremayne,brycen tremayne,CAR,DET,WR,LOW TARGET,True,,,,,,,,3,17,8,0.2,0.7,0.1,8,18,2.82,4.69,0.0,1.18,1.0,37.55,51.93,57.7,50.0,1.0,0.55,1.03,1.0,1.0,Neutral,1.069,1.095,1.12,1.0,1.069,1.053,1.089,1.069,9.5,12.0,0.0,6.9,5.3,8.9,6.9,0.0039038161993769477,8.761682242990656e-05,0.0,0.09885124610591901,1.2116509103641457,17.346066650959454,17.444917897065373,0.10275506230529596,3.0809873262389074,,,,,0.1,1.2,17.9,,3.2,,,,,0.1,1.3,19.5,,3.4,38.0,0.85,0.65,42.0,18.0,1.8,18.0,22.0,6.0
2026,4,,2026-10-04,16:25,00-0036261,Brandon Aiyuk,brandon aiyuk,SF,DEN,WR,REGULAR TARGET,True,,,,,,,,0,7,8,0.2,0.7,0.1,8,18,8.77,6.05,5.33,8.68,0.313,59.16,66.28,57.6,50.0,1.0,0.92,1.03,1.0,1.0,Neutral,0.982,0.963,0.88,1.0,0.982,0.986,0.912,0.982,-3.7,-12.0,0.0,-1.8,-1.4,-8.8,-1.8,0.004879770249221185,0.00010952102803738319,0.0,0.12356405763239876,3.4313616071428568,52.12410992434358,52.24767398197598,0.12844382788161995,8.812184788050734,,,,,0.1,3.5,53.7,,9.1,,,,,0.1,3.5,49.0,,8.9,38.0,0.85,0.65,42.0,18.0,1.8,18.62,22.0,6.0
2026,4,,2026-10-04,13:00,00-0038679,Tyrell Shavers,tyrell shavers,BUF,NE,WR,LOW TARGET,True,,,,,,,,0,12,8,0.2,0.7,0.1,8,17,5.48,5.52,2.38,5.62,-0.531,49.79,56.64,57.6,50.0,1.0,0.55,0.97,1.0,1.0,Tough,0.908,0.89,0.888,1.0,0.908,0.932,0.88,0.908,-11.0,-11.2,0.0,-9.2,-6.8,-12.0,-9.2,0.004879770249221185,0.00010952102803738319,0.0,0.12356405763239876,1.587476325757576,27.75695624468989,27.88052030232229,0.12844382788161995,5.304311411427358,,,,,0.1,1.5,26.9,,5.1,,,,,0.1,1.4,23.7,,4.6,38.0,0.85,0.65,42.0,18.0,1.8,18.0,22.0,6.0
2026,4,,2026-10-04,13:00,00-0039792,Devontez Walker,devontez walker,BAL,TEN,WR,LOW TARGET,True,,,,,,,,2,11,8,0.2,0.7,0.1,8,18,3.2,4.49,0.0,4.42,1.0,41.63,52.4,57.6,50.0,1.0,0.55,1.03,1.0,1.0,Neutral,1.014,1.025,0.932,1.0,1.014,1.073,1.093,1.014,2.5,-6.8,0.0,1.4,7.3,9.3,1.4,0.0039038161993769477,8.761682242990656e-05,0.0,0.09885124610591901,0.7783360389610391,16.60188534207226,16.70073658817818,0.10275506230529596,4.002345233037991,,,,,0.1,0.8,17.1,,4.1,,,,,0.1,0.9,18.7,,4.2,38.0,0.85,0.65,42.0,18.0,1.8,18.0,22.0,6.0
2026,4,,2026-10-04,13:00,00-0035140,Mecole Hardman,mecole hardman,BUF,NE,WR,LOW TARGET,True,,,,,,,,0,14,8,0.2,0.7,0.1,8,18,1.35,1.66,0.0,2.38,-1.0,44.76,53.52,57.6,50.0,1.0,0.55,0.97,1.0,1.0,Tough,0.908,0.89,0.888,1.0,0.908,0.932,0.88,0.908,-11.0,-11.2,0.0,-9.2,-6.8,-12.0,-9.2,0.004879770249221185,0.00010952102803738319,0.0,4.072739881808224,1.0577352335164836,9.429054979288626,13.50179486109685,4.077619652057445,2.9018825902485372,,,,,4.0,1.0,9.1,13.1,2.8,,,,,3.6,0.9,8.0,11.9,2.5,38.0,0.85,0.65,42.0,18.0,1.8,18.0,22.0,6.0
2026,4,,2026-10-04,16:05,00-0038824,Ryan Miller,ryan miller,MIA,MIN,WR,LOW TARGET,False,,,,,,,,2,18,8,0.2,0.7,0.1,8,17,3.23,5.25,0.0,2.67,1.0,38.13,50.91,57.4,50.0,1.0,0.55,1.03,1.0,1.0,Tough,0.927,0.88,0.88,1.0,0.927,0.88,0.882,0.927,-12.0,-12.0,0.0,-7.3,-12.0,-11.8,-7.3,0.0039038161993769477,8.761682242990656e-05,0.0,0.09885124610591901,1.0525589402427642,15.0312207125841,15.130071958690019,0.10275506230529596,3.6567973169018395,,,,,0.1,1.1,15.5,,3.8,,,,,0.1,1.0,13.7,,3.5,38.0,0.85,0.65,42.0,18.0,1.8,18.0,22.0,6.0
2026,4,,2026-10-04,09:30,00-0036626,Dyami Brown,dyami brown,WAS,IND,WR,LOW TARGET,True,,,,,,,,3,26,8,0.2,0.7,0.1,8,18,1.14,2.16,0.0,2.38,1.0,34.6,52.96,57.3,50.0,1.0,0.55,1.03,1.0,1.0,Favorable,1.093,1.12,0.903,1.0,1.093,1.12,1.12,1.093,12.0,-9.7,0.0,9.3,12.0,12.0,9.3,0.0039038161993769477,8.761682242990656e-05,0.0,1.7385435537982268,1.860195512820513,18.864562664749585,20.60310621854781,1.7424473699976037,4.072017427510185,,,,,1.8,1.9,19.4,,4.2,,,,,2.0,2.1,21.7,,4.6,38.0,0.85,0.65,42.0,18.0,1.8,18.0,22.0,6.0
2026,4,,2026-10-04,13:00,00-0038640,Jalen Brooks,jalen brooks,ARI,NYG,WR,LOW TARGET,False,,,,,,,,2,17,8,0.2,0.7,0.1,8,18,1.03,1.74,0.0,2.38,-1.0,37.11,50.87,57.1,50.0,1.0,0.55,0.97,1.0,1.0,Neutral,1.012,0.991,1.009,1.0,1.012,1.038,1.026,1.012,-0.9,0.9,0.0,1.2,3.8,2.6,1.2,0.0039038161993769477,8.761682242990656e-05,0.0,0.09885124610591901,0.8483455882352943,12.261892981491664,12.360744227597582,0.10275506230529596,2.4827940489279823,,,,,0.1,0.8,11.9,,2.4,,,,,0.1,0.8,12.2,,2.4,38.0,0.85,0.65,42.0,18.0,1.8,18.0,22.0,6.0
2026,4,,2026-10-04,13:00,00-0040024,Darius Cooper,darius cooper,PHI,LAR,WR,LOW TARGET,True,,,,,,,,3,6,8,0.2,0.7,0.1,8,18,3.68,3.75,1.05,5.25,-0.159,49.52,55.36,57.0,50.0,1.0,0.55,0.981,1.0,1.0,Neutral,1.0,1.0,1.0,1.0,1.0,1.0,1.0,1.0,0.0,0.0,0.0,0.0,0.0,0.0,0.0,0.0039038161993769477,8.761682242990656e-05,0.0,0.09885124610591901,1.5727083333333336,17.397383177570095,17.496234423676015,0.10275506230529596,3.84717640186916,,,,,0.1,1.5,17.1,,3.8,,,,,0.1,1.5,17.1,,3.8,38.0,0.85,0.65,42.0,18.0,1.8,18.0,22.0,6.0
2026,4,,2026-10-04,16:25,00-0040648,Tory Horton,tory horton,SEA,LAC,WR,LOW TARGET,True,,,,,,,,1,8,8,0.2,0.7,0.1,8,9,8.89,7.76,1.5,14.22,0.919,53.39,58.72,56.8,50.0,1.0,0.55,1.03,1.0,1.0,Tough,0.919,0.901,0.88,1.0,0.919,0.945,0.916,0.919,-9.9,-12.0,0.0,-8.1,-5.5,-8.4,-8.1,0.0039038161993769477,8.761682242990656e-05,0.0,0.09885124610591901,2.055803571428572,27.542145082332002,27.64099632843792,0.10275506230529596,8.223319259012017,,,,,0.1,2.1,28.4,,8.5,,,,,0.1,2.0,26.0,,7.8,38.0,0.85,0.65,42.0,18.0,1.8,18.0,22.0,6.0
2026,4,,2026-10-04,16:25,00-0040581,Dont'e Thornton Jr.,donte thornton jr,LV,KC,WR,LOW TARGET,True,,,,,,,,0,11,8,0.2,0.7,0.1,8,18,1.32,1.26,0.0,2.17,0.395,51.09,56.71,56.7,50.0,1.0,0.55,1.03,1.0,1.0,Tough,0.886,0.881,0.88,1.0,0.886,0.962,0.88,0.886,-11.9,-12.0,0.0,-11.4,-3.8,-12.0,-11.4,0.004879770249221185,0.00010952102803738319,0.0,0.12356405763239876,1.0787642045454546,12.924759274992919,13.048323332625317,0.12844382788161995,2.5396523205182673,,,,,0.1,1.1,13.3,,2.6,,,,,0.1,1.1,11.7,,2.3,38.0,0.85,0.65,42.0,18.0,1.8,18.0,22.0,6.0
2026,4,,2026-10-04,16:25,00-0034854,KhaDarel Hodge,khadarel hodge,SF,DEN,WR,LOW TARGET,True,,,,,,,,3,19,8,0.2,0.7,0.1,8,18,0.89,1.77,0.0,0.7,0.933,36.07,50.51,56.7,50.0,1.0,0.55,1.03,1.0,1.0,Neutral,0.982,0.963,0.88,1.0,0.982,0.986,0.912,0.982,-3.7,-12.0,0.0,-1.8,-1.4,-8.8,-1.8,0.0039038161993769477,8.761682242990656e-05,0.0,0.09885124610591901,0.6927083333333334,10.04089194949992,10.139743195605838,0.10275506230529596,1.9999483316937205,,,,,0.1,0.7,10.3,,2.1,,,,,0.1,0.7,9.4,,2.1,38.0,0.85,0.65,42.0,18.0,1.8,18.0,22.0,6.0
2026,4,,2026-10-04,16:25,00-0037093,Dareke Young,dareke young,LV,KC,WR,LOW TARGET,True,,,,,,,,3,15,8,0.2,0.7,0.1,8,18,0.93,1.7,0.0,0.93,1.0,37.09,49.92,56.7,50.0,1.0,0.55,1.03,1.0,1.0,Tough,0.886,0.881,0.88,1.0,0.886,0.962,0.88,0.886,-11.9,-12.0,0.0,-11.4,-3.8,-12.0,-11.4,0.0039038161993769477,8.761682242990656e-05,0.0,0.09885124610591901,0.4308035714285715,7.653573653760571,7.752424899866489,0.10275506230529596,1.330890687583445,,,,,0.1,0.4,7.9,,1.4,,,,,0.1,0.4,7.0,,1.2,38.0,0.85,0.65,42.0,18.0,1.8,18.0,22.0,6.0
2026,4,,2026-10-04,13:00,00-0037091,Bo Melton,bo melton,GB,TB,WR,LOW TARGET,False,,,,,,,,3,26,8,0.2,0.7,0.1,8,18,1.63,3.11,0.0,2.6,-0.545,34.48,50.88,56.5,50.0,1.0,0.55,0.97,1.0,1.0,Neutral,0.999,1.063,1.013,1.0,0.999,0.992,0.957,0.999,6.3,1.3,0.0,-0.1,-0.8,-4.3,-0.1,0.0039038161993769477,8.761682242990656e-05,0.0,2.3930050922597657,0.6113163919413921,9.305515045701961,11.698520137961728,2.3969089084591424,2.1146284165211737,,,,,2.3,0.6,9.0,,2.1,,,,,2.3,0.6,8.6,,2.1,38.0,0.85,0.65,42.0,18.0,1.8,18.0,22.0,6.0
2026,4,,2026-10-04,09:30,00-0035021,Ashton Dulin,ashton dulin,IND,WAS,WR,LOW TARGET,False,,,,,,,,1,25,8,0.2,0.7,0.1,8,18,1.04,1.99,0.0,0.7,-1.0,34.48,50.09,56.2,50.0,1.0,0.55,0.97,1.0,1.0,Favorable,1.116,1.12,1.12,1.0,1.116,1.12,1.12,1.116,12.0,12.0,0.0,11.6,12.0,12.0,11.6,0.0039038161993769477,8.761682242990656e-05,0.0,2.553851246105919,0.46337500000000004,8.066716510903428,10.620567757009347,2.557755062305296,1.746276401869159,,,,,2.5,0.4,7.8,,1.7,,,,,2.8,0.4,8.7,,1.9,38.0,0.85,0.65,42.0,18.0,1.8,18.0,22.0,6.0
2026,4,,2026-10-04,13:00,00-0038465,Malik Heath,malik heath,GB,TB,WR,LOW TARGET,False,,,,,,,,0,12,8,0.2,0.7,0.1,8,18,2.44,2.68,0.0,5.0,1.0,47.65,54.27,56.1,50.0,1.0,0.55,1.03,1.0,1.0,Neutral,0.999,1.063,1.013,1.0,0.999,0.992,0.957,0.999,6.3,1.3,0.0,-0.1,-0.8,-4.3,-0.1,0.004879770249221185,0.00010952102803738319,0.0,0.12356405763239876,1.3886126893939394,16.736122911356556,16.859686968988957,0.12844382788161995,3.9010917144576616,,,,,0.1,1.4,17.2,,4.0,,,,,0.1,1.4,16.5,,4.0,38.0,0.85,0.65,42.0,18.0,1.8,18.0,22.0,6.0
2026,4,,2026-10-04,13:00,00-0038576,Charlie Jones,charlie jones,CIN,JAC,WR,LOW TARGET,True,,,,,,,,0,21,8,0.2,0.7,0.1,8,18,0.61,1.82,0.0,0.0,-1.0,35.51,49.11,56.0,50.0,1.0,0.55,0.97,1.0,1.0,Neutral,1.0,1.0,1.0,1.0,1.0,1.0,1.0,1.0,0.0,0.0,0.0,0.0,0.0,0.0,0.0,0.004879770249221185,0.00010952102803738319,0.0,0.12356405763239876,0.34802827380952384,4.207443257676903,4.331007315309302,0.12844382788161995,1.4371847880507347,,,,,0.1,0.3,4.1,,1.4,,,,,0.1,0.3,4.1,,1.4,38.0,0.85,0.65,42.0,18.0,1.8,18.0,22.0,6.0
2026,4,,2026-10-04,16:25,00-0039365,Jacob Cowing,jacob cowing,SF,DEN,WR,LOW TARGET,True,,,,,,,,3,15,8,0.2,0.7,0.1,8,18,0.76,1.93,0.0,0.0,-1.0,34.09,49.97,56.0,50.0,1.0,0.55,0.97,1.0,1.0,Neutral,0.982,0.963,0.88,1.0,0.982,0.986,0.912,0.982,-3.7,-12.0,0.0,-1.8,-1.4,-8.8,-1.8,0.0039038161993769477,8.761682242990656e-05,0.0,0.5655179127725858,0.4746130952380953,7.318335558522476,7.883853471295061,0.5694217289719627,1.3878430685358258,,,,,0.5,0.5,7.1,,1.3,,,,,0.5,0.5,6.5,,1.3,38.0,0.85,0.65,42.0,18.0,1.8,18.0,22.0,6.0
2026,4,,2026-10-04,13:00,00-0040009,Savion Williams,savion williams,GB,TB,WR,LOW TARGET,False,,,,,,,,0,12,8,0.2,0.7,0.1,8,16,2.06,2.42,0.22,2.73,-0.54,45.99,54.23,55.7,50.0,1.0,0.55,0.97,1.0,1.0,Neutral,0.999,1.063,1.013,1.0,0.999,0.992,0.957,0.999,6.3,1.3,0.0,-0.1,-0.8,-4.3,-0.1,0.004879770249221185,0.00010952102803738319,0.0,2.472048906117247,1.0477035984848486,10.241804729538377,12.713853635655623,2.476928676366468,2.766811411427358,,,,,2.4,1.0,9.9,,2.7,,,,,2.4,1.0,9.5,,2.7,38.0,0.85,0.65,42.0,18.0,1.8,18.0,22.0,6.0
2026,4,,2026-10-04,16:05,00-0036620,Dee Eskridge,dee eskridge,MIA,MIN,WR,LOW TARGET,False,,,,,,,,0,16,8,0.2,0.7,0.1,8,17,0.66,1.97,0.0,0.0,-1.0,33.7,49.17,55.6,50.0,1.0,0.55,0.97,1.0,1.0,Tough,0.927,0.88,0.88,1.0,0.927,0.88,0.882,0.927,-12.0,-12.0,0.0,-7.3,-12.0,-11.8,-7.3,0.004879770249221185,0.00010952102803738319,0.0,0.12356405763239876,0.65546875,9.216520638629286,9.340084696261684,0.12844382788161995,1.7455330023364486,,,,,0.1,0.6,8.9,,1.7,,,,,0.1,0.5,7.8,,1.6,38.0,0.85,0.65,42.0,18.0,1.8,18.0,22.0,6.0
2026,4,,2026-10-04,13:00,00-0039650,Bryce Oliver,bryce oliver,TEN,BAL,WR,LOW TARGET,False,,,,,,,,0,10,8,0.2,0.7,0.1,8,18,1.51,1.3,0.0,2.52,-0.023,53.72,55.29,55.5,50.0,1.0,0.55,0.997,1.0,1.0,Neutral,1.005,1.085,0.88,1.0,1.005,1.12,1.12,1.005,8.5,-12.0,0.0,0.5,12.0,12.0,0.5,0.004879770249221185,0.00010952102803738319,0.0,0.12356405763239876,0.9242187500000001,12.45506230529595,12.578626362928349,0.12844382788161995,2.338137169003115,,,,,0.1,0.9,12.4,,2.3,,,,,0.1,1.0,13.9,,2.3,38.0,0.85,0.65,42.0,18.0,1.8,18.0,22.0,6.0
2026,4,,2026-10-04,13:00,00-0031235,Odell Beckham Jr.,odell beckham jr,NYG,ARI,WR,LOW TARGET,True,,,,,,,,1,8,8,0.2,0.7,0.1,8,17,1.62,1.6,0.0,3.4,-0.571,50.28,56.27,55.1,50.0,1.0,0.55,0.97,1.0,1.0,Neutral,1.066,1.05,1.12,1.0,1.066,0.965,0.973,1.066,5.0,12.0,0.0,6.6,-3.5,-2.7,6.6,0.0039038161993769477,8.761682242990656e-05,0.0,0.09885124610591901,1.0629464285714287,8.099287939474857,8.198139185580777,0.10275506230529596,2.0076049732977306,,,,,0.1,1.0,7.9,,1.9,,,,,0.1,1.0,7.7,,2.0,38.0,0.85,0.65,42.0,18.0,1.8,18.0,22.0,6.0
2026,4,,2026-10-04,13:00,00-0035216,Diontae Johnson,diontae johnson,HOU,DAL,WR,LOW TARGET,True,,,,,,,,0,11,8,0.2,0.7,0.1,8,18,5.15,7.2,1.2,9.38,-0.867,41.71,58.19,55.0,50.0,1.0,0.746,0.97,1.0,1.0,Neutral,1.062,1.086,1.12,1.0,1.062,1.041,1.081,1.062,8.6,12.0,0.0,6.2,4.1,8.1,6.2,0.004879770249221185,0.00010952102803738319,0.0,0.5599276939960351,2.608309659090909,29.68385018408383,30.243777878079868,0.5648074642452564,7.016015956881904,,,,,0.5,2.5,28.8,,6.8,,,,,0.5,2.6,31.1,,7.2,38.0,0.85,0.65,42.0,18.0,1.8,18.0,22.0,6.0
2026,4,,2026-10-04,13:00,00-0039052,Trey Palmer,trey palmer,TB,GB,WR,LOW TARGET,True,,,,,,,,0,15,8,0.2,0.7,0.1,8,18,1.0,1.88,0.0,0.7,1.0,34.73,50.17,55.0,50.0,1.0,0.55,1.03,1.0,1.0,Neutral,0.966,0.916,0.903,1.0,0.966,1.007,0.947,0.966,-8.4,-9.7,0.0,-3.4,0.7,-5.3,-3.4,0.004879770249221185,0.00010952102803738319,0.0,0.12356405763239876,0.9635044642857146,13.39672897196262,13.520293029595017,0.12844382788161995,2.735875264241211,,,,,0.1,1.0,13.8,,2.8,,,,,0.1,1.0,13.1,,2.7,38.0,0.85,0.65,42.0,18.0,1.8,18.0,22.0,6.0
2026,4,,2026-10-04,16:05,00-0040506,Myles Price,myles price,MIN,MIA,WR,LOW TARGET,True,,,,,,,,3,16,8,0.2,0.7,0.1,8,17,1.07,2.3,0.0,0.0,1.0,31.8,48.24,54.7,50.0,1.0,0.55,1.03,1.0,1.0,Neutral,1.03,0.999,1.109,1.0,1.03,0.937,0.88,1.03,-0.1,10.9,0.0,3.0,-6.3,-12.0,3.0,0.0039038161993769477,8.761682242990656e-05,0.0,0.09885124610591901,0.2593750000000001,3.2707165109034277,3.3695677570093463,0.10275506230529596,1.2926049732977307,,,,,0.1,0.3,3.4,,1.3,,,,,0.1,0.3,3.0,,1.3,38.0,0.85,0.65,42.0,18.0,1.8,18.0,22.0,6.0
2026,4,,2026-10-04,13:00,00-0039521,Xavier Weaver,xavier weaver,ARI,NYG,WR,LOW TARGET,False,,,,,,,,0,9,8,0.2,0.7,0.1,8,18,2.09,1.87,0.0,3.6,0.537,52.68,56.53,54.5,50.0,1.0,0.55,1.03,1.0,1.0,Neutral,1.012,0.991,1.009,1.0,1.012,1.038,1.026,1.012,-0.9,0.9,0.0,1.2,3.8,2.6,1.2,0.004879770249221185,0.00010952102803738319,0.0,0.12356405763239876,1.1610243055555556,12.289784527518174,12.41334858515057,0.12844382788161995,2.558414946780893,,,,,0.1,1.2,12.7,,2.6,,,,,0.1,1.2,13.0,,2.6,38.0,0.85,0.65,42.0,18.0,1.8,18.0,22.0,6.0
2026,4,,2026-10-04,13:00,00-0038839,Mitchell Tinsley,mitchell tinsley,CIN,JAC,WR,LOW TARGET,True,,,,,,,,0,8,8,0.2,0.7,0.1,8,16,3.71,3.55,1.42,5.23,-0.588,51.14,58.44,53.7,50.0,1.0,0.55,0.97,1.0,1.0,Neutral,1.0,1.0,1.0,1.0,1.0,1.0,1.0,1.0,0.0,0.0,0.0,0.0,0.0,0.0,0.0,0.004879770249221185,0.00010952102803738319,0.0,0.12356405763239876,1.212611607142857,16.976788495772144,17.10035255340454,0.12844382788161995,4.150131216622163,,,,,0.1,1.2,16.5,,4.0,,,,,0.1,1.2,16.5,,4.0,38.0,0.85,0.65,42.0,18.0,1.8,18.0,22.0,6.0
2026,4,,2026-10-04,13:00,00-0034419,Braxton Berrios,braxton berrios,NYG,ARI,WR,LOW TARGET,True,,,,,,,,3,10,8,0.2,0.7,0.1,8,18,0.98,2.65,0.0,0.23,-1.0,27.4,48.2,53.6,50.0,1.0,0.55,0.97,1.0,1.0,Neutral,1.066,1.05,1.12,1.0,1.066,0.965,0.973,1.066,5.0,12.0,0.0,6.6,-3.5,-2.7,6.6,0.0039038161993769477,8.761682242990656e-05,0.0,0.09885124610591901,0.7727083333333334,6.484049844236761,6.58290109034268,0.10275506230529596,1.5558430685358258,,,,,0.1,0.7,6.3,,1.5,,,,,0.1,0.7,6.1,,1.6,38.0,0.85,0.65,42.0,18.0,1.8,18.0,22.0,6.0
2026,4,,2026-10-04,13:00,00-0040563,Efton Chism III,efton chism iii,NE,BUF,WR,LOW TARGET,False,,,,,,,,2,8,8,0.2,0.7,0.1,8,18,2.7,3.93,0.0,2.43,-0.413,40.7,51.81,53.4,50.0,1.0,0.55,0.97,1.0,1.0,Neutral,0.946,0.88,0.88,1.0,0.946,0.935,0.904,0.946,-12.0,-12.0,0.0,-5.4,-6.5,-9.6,-5.4,2.289618101913663,8.761682242990656e-05,0.0,0.09885124610591901,0.8129464285714287,12.245716510903426,12.344567757009345,2.388469348019582,2.949390687583445,,,,,0.1,0.8,11.9,,2.9,,,,,0.1,0.7,10.8,,2.7,38.0,0.85,0.65,42.0,18.0,1.8,18.0,22.0,6.0
2026,4,,2026-10-04,13:00,00-0036635,Ihmir Smith-Marsette,ihmir smith marsette,NYG,ARI,WR,LOW TARGET,True,,,,,,,,0,15,8,0.2,0.7,0.1,8,18,0.98,2.22,0.0,0.0,1.0,31.08,47.77,53.1,50.0,1.0,0.55,1.03,1.0,1.0,Neutral,1.066,1.05,1.12,1.0,1.066,0.965,0.973,1.066,5.0,12.0,0.0,6.6,-3.5,-2.7,6.6,0.004879770249221185,0.00010952102803738319,0.0,0.12356405763239876,0.32421875000000006,4.088395638629285,4.211959696261682,0.12844382788161995,1.3800419309078775,,,,,0.1,0.3,4.2,,1.4,,,,,0.1,0.3,4.1,,1.5,38.0,0.85,0.65,42.0,18.0,1.8,18.0,22.0,6.0
2026,4,,2026-10-04,13:00,00-0036497,Tim Jones,tim jones,JAC,CIN,WR,LOW TARGET,False,,,,,,,,0,10,8,0.2,0.7,0.1,8,18,1.07,1.2,0.0,2.2,0.133,47.24,52.88,53.0,50.0,1.0,0.55,1.016,1.0,1.0,Neutral,1.053,1.091,0.972,1.0,1.053,0.88,0.88,1.053,9.1,-2.8,0.0,5.3,-12.0,-12.0,5.3,0.004879770249221185,0.00010952102803738319,0.0,0.12356405763239876,0.6825520833333334,9.021728971962618,9.145293029595015,0.12844382788161995,1.7531371690031154,,,,,0.1,0.7,9.2,,1.8,,,,,0.1,0.6,8.1,,1.9,38.0,0.85,0.65,42.0,18.0,1.8,18.0,22.0,6.0
2026,4,,2026-10-04,13:00,00-0039907,Ja'Lynn Polk,jalynn polk,NE,BUF,WR,LOW TARGET,False,,,,,,,,0,14,8,0.2,0.7,0.1,8,17,0.96,2.18,0.0,0.42,-1.0,31.45,49.89,52.8,50.0,1.0,0.55,0.97,1.0,1.0,Neutral,0.946,0.88,0.88,1.0,0.946,0.935,0.904,0.946,-12.0,-12.0,0.0,-5.4,-6.5,-9.6,-5.4,0.004879770249221185,0.00010952102803738319,0.0,0.12356405763239876,0.9258671016483517,8.37410992434357,8.49767398197597,0.12844382788161995,2.5827891836551307,,,,,0.1,0.9,8.1,,2.5,,,,,0.1,0.8,7.3,,2.4,38.0,0.85,0.65,42.0,18.0,1.8,18.0,22.0,6.0
2026,4,,2026-10-04,16:25,00-0040184,KeAndre Lambert-Smith,keandre lambert smith,LAC,SEA,WR,LOW TARGET,False,,,,,,,,0,10,8,0.2,0.7,0.1,8,18,2.33,2.92,0.0,2.6,-0.34,44.42,54.01,52.7,50.0,1.0,0.55,0.97,1.0,1.0,Tough,0.922,0.88,0.88,1.0,0.922,0.9,0.88,0.922,-12.0,-12.0,0.0,-7.8,-10.0,-12.0,-7.8,0.004879770249221185,0.00010952102803738319,0.0,0.12356405763239876,0.8658854166666666,9.85506230529595,9.978626362928349,0.12844382788161995,2.619803835669782,,,,,0.1,0.8,9.6,,2.5,,,,,0.1,0.7,8.4,,2.3,38.0,0.85,0.65,42.0,18.0,1.8,18.0,22.0,6.0
2026,4,,2026-10-04,09:30,00-0032951,Laquon Treadwell,laquon treadwell,IND,WAS,WR,LOW TARGET,False,,,,,,,,3,6,8,0.2,0.7,0.1,8,18,2.02,3.32,0.0,0.75,1.0,37.82,50.88,52.3,50.0,1.0,0.55,1.03,1.0,1.0,Favorable,1.116,1.12,1.12,1.0,1.116,1.12,1.12,1.116,12.0,12.0,0.0,11.6,12.0,12.0,11.6,0.0039038161993769477,8.761682242990656e-05,0.0,0.09885124610591901,0.5546130952380953,9.242145082332,9.34099632843792,0.10275506230529596,1.6135573542501114,,,,,0.1,0.6,9.5,,1.7,,,,,0.1,0.7,10.6,,1.9,38.0,0.85,0.65,42.0,18.0,1.8,18.0,22.0,6.0
2026,4,,2026-10-04,13:00,00-0036176,Mason Kinsey,mason kinsey,TEN,BAL,WR,LOW TARGET,False,,,,,,,,0,12,8,0.2,0.7,0.1,8,18,1.04,1.69,0.0,0.6,0.667,38.05,50.49,52.2,50.0,1.0,0.55,1.03,1.0,1.0,Neutral,1.005,1.085,0.88,1.0,1.005,1.12,1.12,1.005,8.5,-12.0,0.0,0.5,12.0,12.0,0.5,0.004879770249221185,0.00010952102803738319,0.0,0.12356405763239876,0.6215672348484849,9.592183517417162,9.71574757504956,0.12844382788161995,1.7491977750637215,,,,,0.1,0.6,9.9,,1.8,,,,,0.1,0.7,11.1,,1.8,38.0,0.85,0.65,42.0,18.0,1.8,18.0,22.0,6.0
2026,4,,2026-10-04,16:25,00-0036387,Jalen Reagor,jalen reagor,LAC,SEA,WR,LOW TARGET,False,,,,,,,,0,7,8,0.2,0.7,0.1,8,18,2.24,2.12,0.75,4.38,-0.143,51.44,57.09,51.9,50.0,1.0,0.55,0.983,1.0,1.0,Tough,0.922,0.88,0.88,1.0,0.922,0.9,0.88,0.922,-12.0,-12.0,0.0,-7.8,-10.0,-12.0,-7.8,0.004879770249221185,0.00010952102803738319,0.0,-0.19786451379617268,1.1813616071428572,14.07053849577214,13.872673981975968,-0.19298474354695147,2.5818276451935915,,,,,-0.2,1.2,13.8,,2.5,,,,,-0.2,1.1,12.1,,2.3,38.0,0.85,0.65,42.0,18.0,1.8,18.0,22.0,6.0
2026,4,,2026-10-04,13:00,00-0038821,Rakim Jarrett,rakim jarrett,TB,GB,WR,LOW TARGET,True,,,,,,,,0,8,8,0.2,0.7,0.1,8,17,2.21,2.23,1.2,3.25,-0.471,49.69,54.47,51.7,50.0,1.0,0.55,0.97,1.0,1.0,Neutral,0.966,0.916,0.903,1.0,0.966,1.007,0.947,0.966,-8.4,-9.7,0.0,-3.4,0.7,-5.3,-3.4,0.004879770249221185,0.00010952102803738319,0.0,0.12356405763239876,1.16796875,14.945538495772142,15.069102553404543,0.12844382788161995,2.830934788050735,,,,,0.1,1.1,14.5,,2.7,,,,,0.1,1.1,13.7,,2.6,38.0,0.85,0.65,42.0,18.0,1.8,18.0,22.0,6.0
2026,4,,2026-10-04,13:00,00-0039236,Johnny Wilson,johnny wilson,PHI,LAR,WR,LOW TARGET,True,,,,,,,,0,10,8,0.2,0.7,0.1,8,18,1.98,2.85,0.0,2.77,-0.28,40.96,53.34,51.6,50.0,1.0,0.55,0.97,1.0,1.0,Neutral,1.0,1.0,1.0,1.0,1.0,1.0,1.0,1.0,0.0,0.0,0.0,0.0,0.0,0.0,0.0,0.004879770249221185,0.00010952102803738319,0.0,0.12356405763239876,0.8575520833333334,8.146728971962618,8.270293029595015,0.12844382788161995,2.3906371690031154,,,,,0.1,0.8,7.9,,2.3,,,,,0.1,0.8,7.9,,2.3,38.0,0.85,0.65,42.0,18.0,1.8,18.0,22.0,6.0
2026,4,,2026-10-04,13:00,00-0040277,Jahdae Walker,jahdae walker,CHI,NYJ,WR,LOW TARGET,True,,,,,,,,1,6,7,0.2,0.7,0.1,7,18,5.84,4.42,0.0,8.6,1.0,49.78,52.44,50.9,50.0,1.0,0.55,1.03,1.0,1.0,Neutral,0.981,0.939,1.12,1.0,0.981,0.954,0.897,0.981,-6.1,12.0,0.0,-1.9,-4.6,-10.3,-1.9,0.0039038161993769477,8.761682242990656e-05,0.0,0.09885124610591901,1.3393750000000002,16.53071651090343,16.62956775700935,0.10275506230529596,6.08717640186916,,,,,0.1,1.4,17.0,,6.3,,,,,0.1,1.3,15.2,,6.2,38.0,0.85,0.65,42.0,18.0,1.8,18.0,22.0,6.0
2026,4,,2026-10-04,13:00,00-0036165,Isaiah Hodgins,isaiah hodgins,NYG,ARI,WR,LOW TARGET,True,,,,,,,,0,8,8,0.2,0.7,0.1,8,18,3.46,4.32,1.4,4.02,-0.868,44.53,55.66,50.9,50.0,1.0,0.55,0.97,1.0,1.0,Neutral,1.066,1.05,1.12,1.0,1.066,0.965,0.973,1.066,5.0,12.0,0.0,6.6,-3.5,-2.7,6.6,0.004879770249221185,0.00010952102803738319,0.0,0.12356405763239876,1.5027901785714284,16.458931352915,16.5824954105474,0.12844382788161995,3.9331669309078774,,,,,0.1,1.5,16.0,,3.8,,,,,0.1,1.4,15.6,,4.1,38.0,0.85,0.65,42.0,18.0,1.8,18.0,22.0,6.0
2026,4,,2026-10-04,13:00,00-0036936,Rondale Moore,rondale moore,ARI,NYG,WR,LOW TARGET,False,,,,,,,,0,0,8,0.2,0.7,0.1,8,18,6.09,2.91,4.83,8.03,0.98,67.65,64.87,50.4,50.0,1.0,0.588,1.03,1.0,1.0,Neutral,1.012,0.991,1.009,1.0,1.012,1.038,1.026,1.012,-0.9,0.9,0.0,1.2,3.8,2.6,1.2,0.03903816199376947,0.0008761682242990654,0.0,0.98851246105919,2.59375,32.70716510903427,33.69567757009346,1.0275506230529594,7.211764018691589,,,,,1.0,2.7,33.7,,7.4,,,,,1.0,2.8,34.6,,7.5,38.0,0.85,0.65,42.0,18.0,1.8,18.0,22.0,6.0
2026,4,,2026-10-04,16:25,00-0036268,Laviska Shenault Jr.,laviska shenault jr,SEA,LAC,WR,LOW TARGET,True,,,,,,,,0,10,8,0.2,0.7,0.1,8,18,1.33,1.96,0.0,2.2,-0.667,40.42,50.64,50.4,50.0,1.0,0.55,0.97,1.0,1.0,Tough,0.919,0.901,0.88,1.0,0.919,0.945,0.916,0.919,-9.9,-12.0,0.0,-8.1,-5.5,-8.4,-8.1,0.004879770249221185,0.00010952102803738319,0.0,0.17356405763239874,0.6825520833333334,7.005062305295951,7.178626362928349,0.17844382788161994,2.1064705023364487,,,,,0.2,0.7,6.8,,2.0,,,,,0.2,0.7,6.2,,1.8,38.0,0.85,0.65,42.0,18.0,1.8,18.0,22.0,6.0
2026,4,,2026-10-04,13:00,00-0037387,Jalen Virgil,jalen virgil,BUF,NE,WR,LOW TARGET,True,,,,,,,,0,3,8,0.2,0.7,0.1,8,18,0.16,0.53,0.0,0.0,0.0,65.16,56.65,50.2,50.0,1.0,0.55,1.0,1.0,1.0,Tough,0.908,0.89,0.888,1.0,0.908,0.932,0.88,0.908,-11.0,-11.2,0.0,-9.2,-6.8,-12.0,-9.2,0.004879770249221185,0.00010952102803738319,0.0,0.12356405763239876,0.32421875000000006,4.088395638629285,4.211959696261682,0.12844382788161995,0.9014705023364488,,,,,0.1,0.3,4.1,,0.9,,,,,0.1,0.3,3.6,,0.8,38.0,0.85,0.65,42.0,18.0,1.8,18.0,22.0,6.0
2026,4,,2026-10-04,16:25,00-0036955,Terrace Marshall Jr.,terrace marshall jr,LV,KC,WR,LOW TARGET,True,,,,,,,,0,5,8,0.2,0.7,0.1,8,18,1.48,1.33,0.0,1.8,0.774,52.59,55.51,49.1,50.0,1.0,0.55,1.03,1.0,1.0,Tough,0.886,0.881,0.88,1.0,0.886,0.962,0.88,0.886,-11.9,-12.0,0.0,-11.4,-3.8,-12.0,-11.4,0.004879770249221185,0.00010952102803738319,0.0,0.12356405763239876,0.8867187500000002,13.138395638629287,13.261959696261684,0.12844382788161995,2.368970502336449,,,,,0.1,0.9,13.5,,2.4,,,,,0.1,0.9,11.9,,2.1,38.0,0.85,0.65,42.0,18.0,1.8,18.0,22.0,6.0
2026,4,,2026-10-04,13:00,00-0035876,Andre Baccellia,andre baccellia,ARI,NYG,WR,LOW TARGET,False,,,,,,,,0,4,8,0.2,0.7,0.1,8,18,0.84,0.76,0.0,1.62,-0.581,56.74,55.88,49.0,50.0,1.0,0.55,0.97,1.0,1.0,Neutral,1.012,0.991,1.009,1.0,1.012,1.038,1.026,1.012,-0.9,0.9,0.0,1.2,3.8,2.6,1.2,0.004879770249221185,0.00010952102803738319,0.0,0.12356405763239876,0.69921875,5.463395638629284,5.586959696261682,0.12844382788161995,1.4139705023364486,,,,,0.1,0.7,5.3,,1.4,,,,,0.1,0.7,5.4,,1.4,38.0,0.85,0.65,42.0,18.0,1.8,18.0,22.0,6.0
2026,4,,2026-10-04,16:25,00-0032128,Chris Conley,chris conley,SF,DEN,WR,LOW TARGET,True,,,,,,,,0,9,8,0.2,0.7,0.1,8,18,2.14,3.71,0.0,0.57,1.0,36.61,51.79,48.6,50.0,1.0,0.55,1.03,1.0,1.0,Neutral,0.982,0.963,0.88,1.0,0.982,0.986,0.912,0.982,-3.7,-12.0,0.0,-1.8,-1.4,-8.8,-1.8,0.004879770249221185,0.00010952102803738319,0.0,0.12356405763239876,1.0638020833333335,14.175201194184842,14.298765251817239,0.12844382788161995,2.6497343912253375,,,,,0.1,1.1,14.6,,2.7,,,,,0.1,1.1,13.3,,2.7,38.0,0.85,0.65,42.0,18.0,1.8,18.0,22.0,6.0
2026,4,,2026-10-04,09:30,00-0034054,River Cracraft,river cracraft,WAS,IND,WR,LOW TARGET,True,,,,,,,,0,7,8,0.2,0.7,0.1,8,18,2.05,2.61,0.0,2.65,0.345,43.98,53.18,48.5,50.0,1.0,0.55,1.03,1.0,1.0,Favorable,1.093,1.12,0.903,1.0,1.093,1.12,1.12,1.093,12.0,-9.7,0.0,9.3,12.0,12.0,9.3,0.004879770249221185,0.00010952102803738319,0.0,0.12356405763239876,1.217075892857143,12.695538495772142,12.81910255340454,0.12844382788161995,2.655041930907877,,,,,0.1,1.3,13.1,,2.7,,,,,0.1,1.5,14.7,,3.0,38.0,0.85,0.65,42.0,18.0,1.8,18.0,22.0,6.0
2026,4,,2026-10-04,13:00,00-0039810,Jermaine Burton,jermaine burton,CIN,JAC,WR,LOW TARGET,True,,,,,,,,0,8,8,0.2,0.7,0.1,8,17,1.28,1.94,0.0,2.85,-1.0,39.6,52.32,48.3,50.0,1.0,0.55,0.97,1.0,1.0,Neutral,1.0,1.0,1.0,1.0,1.0,1.0,1.0,1.0,0.0,0.0,0.0,0.0,0.0,0.0,0.0,0.004879770249221185,0.00010952102803738319,0.0,0.12356405763239876,0.6545758928571429,11.941074210057858,12.064638267690256,0.12844382788161995,2.017095502336449,,,,,0.1,0.6,11.6,,2.0,,,,,0.1,0.6,11.6,,2.0,38.0,0.85,0.65,42.0,18.0,1.8,18.0,22.0,6.0
2026,4,,2026-10-04,13:00,00-0034411,Russell Gage,russell gage,TB,GB,WR,REGULAR TARGET,True,,,,,,,,0,0,8,0.2,0.7,0.1,8,18,10.31,6.74,5.72,10.75,-0.239,60.45,64.03,48.2,50.0,1.0,0.588,0.971,1.0,1.0,Neutral,0.966,0.916,0.903,1.0,0.966,1.007,0.947,0.966,-8.4,-9.7,0.0,-3.4,0.7,-5.3,-3.4,0.03903816199376947,0.0008761682242990654,0.0,0.98851246105919,2.59375,32.70716510903427,33.69567757009346,1.0275506230529594,7.211764018691589,,,,,1.0,2.5,31.8,,7.0,,,,,1.0,2.5,30.1,,6.8,38.0,0.85,0.65,42.0,18.0,1.8,18.0,22.0,6.0
2026,4,,2026-10-04,09:30,00-0036345,K.J. Osborn,kj osborn,WAS,IND,WR,LOW TARGET,True,,,,,,,,0,7,8,0.2,0.7,0.1,8,18,2.38,3.55,0.0,3.45,-1.0,40.17,54.08,47.9,50.0,1.0,0.55,0.97,1.0,1.0,Favorable,1.093,1.12,0.903,1.0,1.093,1.12,1.12,1.093,12.0,-9.7,0.0,9.3,12.0,12.0,9.3,0.004879770249221185,0.00010952102803738319,0.0,0.12356405763239876,0.9849330357142857,9.784824210057856,9.908388267690254,0.12844382788161995,2.881827645193592,,,,,0.1,1.0,9.5,,2.8,,,,,0.1,1.1,10.6,,3.1,38.0,0.85,0.65,42.0,18.0,1.8,18.0,22.0,6.0
2026,4,,2026-10-04,16:25,00-0037745,Velus Jones Jr.,velus jones jr,SEA,LAC,WR,LOW TARGET,True,,,,,,,,0,7,8,0.2,0.7,0.1,8,18,0.82,1.37,0.0,0.72,1.0,42.17,52.43,47.8,50.0,1.0,0.55,1.03,1.0,1.0,Tough,0.919,0.901,0.88,1.0,0.919,0.945,0.916,0.919,-9.9,-12.0,0.0,-8.1,-5.5,-8.4,-8.1,0.004879770249221185,0.00010952102803738319,0.0,6.623564057632399,0.3956473214285715,4.659824210057856,11.283388267690254,6.628443827881621,1.6800419309078776,,,,,6.8,0.4,4.8,11.6,1.7,,,,,6.2,0.4,4.4,10.7,1.6,38.0,0.85,0.65,42.0,18.0,1.8,18.0,22.0,6.0
2026,4,,2026-10-04,13:00,00-0031547,DeVante Parker,devante parker,NE,BUF,WR,LOW TARGET,False,,,,,,,,0,0,8,0.2,0.7,0.1,8,18,5.79,3.84,2.25,9.65,-0.459,60.11,62.47,47.5,50.0,1.0,0.588,0.97,1.0,1.0,Neutral,0.946,0.88,0.88,1.0,0.946,0.935,0.904,0.946,-12.0,-12.0,0.0,-5.4,-6.5,-9.6,-5.4,0.03903816199376947,0.0008761682242990654,0.0,0.98851246105919,2.59375,32.70716510903427,33.69567757009346,1.0275506230529594,7.211764018691589,,,,,1.0,2.5,31.7,,7.0,,,,,0.9,2.3,28.7,,6.6,38.0,0.85,0.65,42.0,18.0,1.8,18.0,22.0,6.0
2026,4,,2026-10-04,13:00,00-0036254,Collin Johnson,collin johnson,CHI,NYJ,WR,LOW TARGET,True,,,,,,,,0,6,7,0.2,0.7,0.1,7,18,0.43,0.77,0.0,0.8,0.533,49.47,49.89,47.3,50.0,1.0,0.55,1.03,1.0,1.0,Neutral,0.981,0.939,1.12,1.0,0.981,0.954,0.897,0.981,-6.1,12.0,0.0,-1.9,-4.6,-10.3,-1.9,0.004879770249221185,0.00010952102803738319,0.0,0.12356405763239876,0.4825520833333334,5.038395638629284,5.1619596962616825,0.12844382788161995,1.154803835669782,,,,,0.1,0.5,5.2,,1.2,,,,,0.1,0.5,4.7,,1.2,38.0,0.85,0.65,42.0,18.0,1.8,18.0,22.0,6.0
2026,4,,2026-10-04,09:30,00-0031941,Jamison Crowder,jamison crowder,WAS,IND,WR,LOW TARGET,True,,,,,,,,0,5,8,0.2,0.7,0.1,8,18,4.31,5.18,0.0,5.55,1.0,45.4,55.02,47.1,50.0,1.0,0.55,1.03,1.0,1.0,Favorable,1.093,1.12,0.903,1.0,1.093,1.12,1.12,1.093,12.0,-9.7,0.0,9.3,12.0,12.0,9.3,0.004879770249221185,0.00010952102803738319,0.0,0.12356405763239876,1.8242187500000002,16.23839563862928,16.361959696261682,0.12844382788161995,5.716470502336449,,,,,0.1,1.9,16.7,,5.9,,,,,0.1,2.1,18.7,,6.4,38.0,0.85,0.65,42.0,18.0,1.8,18.0,22.0,6.0
2026,4,,2026-10-04,13:00,00-0036841,Austin Trammell,austin trammell,JAC,CIN,WR,LOW TARGET,False,,,,,,,,0,7,8,0.2,0.7,0.1,8,18,1.45,2.24,0.0,3.05,-1.0,39.23,52.69,47.1,50.0,1.0,0.55,0.97,1.0,1.0,Neutral,1.053,1.091,0.972,1.0,1.053,0.88,0.88,1.053,9.1,-2.8,0.0,5.3,-12.0,-12.0,5.3,0.004879770249221185,0.00010952102803738319,0.0,0.12356405763239876,0.8063616071428572,12.106252781486427,12.229816839118827,0.12844382788161995,2.1853990737650197,,,,,0.1,0.8,11.7,,2.1,,,,,0.1,0.7,10.3,,2.2,38.0,0.85,0.65,42.0,18.0,1.8,18.0,22.0,6.0
2026,4,,2026-10-04,13:00,00-0034279,Equanimeous St. Brown,equanimeous st brown,CHI,NYJ,WR,LOW TARGET,True,,,,,,,,0,0,8,0.2,0.7,0.1,8,18,2.4,1.32,1.38,3.3,0.841,64.57,58.48,47.0,50.0,1.0,0.588,1.03,1.0,1.0,Neutral,0.981,0.939,1.12,1.0,0.981,0.954,0.897,0.981,-6.1,12.0,0.0,-1.9,-4.6,-10.3,-1.9,0.03903816199376947,0.0008761682242990654,0.0,0.98851246105919,2.59375,32.70716510903427,33.69567757009346,1.0275506230529594,7.211764018691589,,,,,1.0,2.7,33.7,,7.4,,,,,1.0,2.6,30.2,,7.3,38.0,0.85,0.65,42.0,18.0,1.8,18.0,22.0,6.0
2026,4,,2026-10-04,20:20,00-0034983,Hunter Renfrow,hunter renfrow,CAR,DET,WR,LOW TARGET,True,,,,,,,,0,6,8,0.2,0.7,0.1,8,18,4.48,7.11,1.27,3.02,-0.783,38.64,55.91,47.0,50.0,1.0,0.55,0.97,1.0,1.0,Neutral,1.069,1.095,1.12,1.0,1.069,1.053,1.089,1.069,9.5,12.0,0.0,6.9,5.3,8.9,6.9,0.004879770249221185,0.00010952102803738319,0.0,0.12356405763239876,2.22421875,15.33006230529595,15.453626362928349,0.12844382788161995,5.225637169003116,,,,,0.1,2.2,14.9,,5.1,,,,,0.1,2.3,16.2,,5.5,38.0,0.85,0.65,42.0,18.0,1.8,18.0,22.0,6.0
2026,4,,2026-10-04,09:30,00-0032688,Robbie Chosen,robbie chosen,WAS,IND,WR,LOW TARGET,True,,,,,,,,0,4,8,0.2,0.7,0.1,8,17,2.48,2.69,0.0,3.65,1.0,48.01,56.06,46.9,50.0,1.0,0.55,1.03,1.0,1.0,Favorable,1.093,1.12,0.903,1.0,1.093,1.12,1.12,1.093,12.0,-9.7,0.0,9.3,12.0,12.0,9.3,0.004879770249221185,0.00010952102803738319,0.0,0.12356405763239876,1.4492187500000002,15.713395638629285,15.836959696261685,0.12844382788161995,3.1889705023364487,,,,,0.1,1.5,16.2,,3.3,,,,,0.1,1.7,18.1,,3.6,38.0,0.85,0.65,42.0,18.0,1.8,18.0,22.0,6.0
2026,4,,2026-10-04,20:20,00-0031428,Allen Robinson,allen robinson,DET,CAR,WR,LOW TARGET,False,,,,,,,,0,6,8,0.2,0.7,0.1,8,18,1.51,2.05,0.0,2.05,1.0,42.41,52.99,46.8,50.0,1.0,0.55,1.03,1.0,1.0,Neutral,0.992,0.913,0.88,1.0,0.992,0.89,0.88,0.992,-8.7,-12.0,0.0,-0.8,-11.0,-12.0,-0.8,0.004879770249221185,0.00010952102803738319,0.0,0.12356405763239876,0.8242187500000001,9.838395638629285,9.961959696261683,0.12844382788161995,1.9764705023364488,,,,,0.1,0.8,10.1,,2.0,,,,,0.1,0.7,8.9,,2.0,38.0,0.85,0.65,42.0,18.0,1.8,18.0,22.0,6.0
2026,4,,2026-10-04,13:00,00-0035341,Trenton Irwin,trenton irwin,CIN,JAC,WR,LOW TARGET,True,,,,,,,,0,6,8,0.2,0.7,0.1,8,18,1.09,1.5,0.0,1.52,-1.0,42.11,53.16,46.8,50.0,1.0,0.55,0.97,1.0,1.0,Neutral,1.0,1.0,1.0,1.0,1.0,1.0,1.0,1.0,0.0,0.0,0.0,0.0,0.0,0.0,0.0,0.004879770249221185,0.00010952102803738319,0.0,0.12356405763239876,0.6492187500000001,5.663395638629284,5.7869596962616825,0.12844382788161995,1.3839705023364488,,,,,0.1,0.6,5.5,,1.3,,,,,0.1,0.6,5.5,,1.3,38.0,0.85,0.65,42.0,18.0,1.8,18.0,22.0,6.0
2026,4,,2026-10-04,16:25,00-0035864,Kendall Hinton,kendall hinton,DEN,SF,WR,LOW TARGET,False,,,,,,,,0,0,8,0.2,0.7,0.1,8,17,5.45,4.08,2.02,9.05,-0.62,57.2,61.32,46.3,50.0,1.0,0.588,0.97,1.0,1.0,Neutral,1.018,1.019,0.947,1.0,1.018,1.023,0.971,1.018,1.9,-5.3,0.0,1.8,2.3,-2.9,1.8,0.03903816199376947,0.0008761682242990654,0.0,0.98851246105919,2.59375,32.70716510903427,33.69567757009346,1.0275506230529594,7.211764018691589,,,,,1.0,2.5,31.7,,7.0,,,,,1.0,2.6,30.8,,7.1,38.0,0.85,0.65,42.0,18.0,1.8,18.0,22.0,6.0
2026,4,,2026-10-04,16:25,00-0034777,DJ Chark,dj chark,LAC,SEA,WR,LOW TARGET,False,,,,,,,,0,4,8,0.2,0.7,0.1,8,18,5.58,7.24,2.57,5.35,0.204,43.51,57.06,46.2,50.0,1.0,0.55,1.024,1.0,1.0,Tough,0.922,0.88,0.88,1.0,0.922,0.9,0.88,0.922,-12.0,-12.0,0.0,-7.8,-10.0,-12.0,-7.8,0.004879770249221185,0.00010952102803738319,0.0,0.12356405763239876,1.1367187500000002,10.088395638629285,10.211959696261683,0.12844382788161995,4.188970502336449,,,,,0.1,1.2,10.3,,4.3,,,,,0.1,1.1,9.1,,4.0,38.0,0.85,0.65,42.0,18.0,1.8,18.0,22.0,6.0
2026,4,,2026-10-04,13:00,00-0033871,Corey Davis,corey davis,NYJ,CHI,WR,LOW TARGET,False,,,,,,,,0,0,8,0.2,0.7,0.1,8,18,4.83,3.89,2.35,7.28,-0.24,55.42,61.79,46.1,50.0,1.0,0.588,0.971,1.0,1.0,Neutral,1.028,1.015,1.022,1.0,1.028,0.958,1.042,1.028,1.5,2.2,0.0,2.8,-4.2,4.2,2.8,0.03903816199376947,0.0008761682242990654,0.0,0.98851246105919,2.59375,32.70716510903427,33.69567757009346,1.0275506230529594,7.211764018691589,,,,,1.0,2.5,31.8,,7.0,,,,,1.0,2.4,33.1,,7.2,38.0,0.85,0.65,42.0,18.0,1.8,18.0,22.0,6.0
2026,4,,2026-10-04,13:00,00-0031325,Sammy Watkins,sammy watkins,BAL,TEN,WR,LOW TARGET,True,,,,,,,,0,0,8,0.2,0.7,0.1,8,18,4.97,3.54,1.75,7.75,0.183,58.4,59.66,46.0,50.0,1.0,0.588,1.022,1.0,1.0,Neutral,1.014,1.025,0.932,1.0,1.014,1.073,1.093,1.014,2.5,-6.8,0.0,1.4,7.3,9.3,1.4,0.03903816199376947,0.0008761682242990654,0.0,0.98851246105919,2.59375,32.70716510903427,33.69567757009346,1.0275506230529594,7.211764018691589,,,,,1.0,2.7,33.4,,7.4,,,,,1.0,2.9,36.5,,7.5,38.0,0.85,0.65,42.0,18.0,1.8,18.0,22.0,6.0
2026,4,,2026-10-04,16:25,00-0033292,Trent Taylor,trent taylor,SF,DEN,WR,LOW TARGET,True,,,,,,,,0,2,8,0.2,0.7,0.1,8,18,0.38,0.8,0.0,0.0,0.7,55.42,54.32,45.6,50.0,1.0,0.55,1.03,1.0,1.0,Neutral,0.982,0.963,0.88,1.0,0.982,0.986,0.912,0.982,-3.7,-12.0,0.0,-1.8,-1.4,-8.8,-1.8,0.004879770249221185,0.00010952102803738319,0.0,0.12356405763239876,0.9492187500000001,10.963395638629285,11.086959696261683,0.12844382788161995,2.2139705023364487,,,,,0.1,1.0,11.3,,2.3,,,,,0.1,1.0,10.3,,2.3,38.0,0.85,0.65,42.0,18.0,1.8,18.0,22.0,6.0
2026,4,,2026-10-04,16:25,00-0036959,Michael Bandy,michael bandy,DEN,SF,WR,LOW TARGET,False,,,,,,,,0,4,8,0.2,0.7,0.1,8,17,2.68,3.11,0.0,2.8,1.0,46.27,53.01,45.3,50.0,1.0,0.55,1.03,1.0,1.0,Neutral,1.018,1.019,0.947,1.0,1.018,1.023,0.971,1.018,1.9,-5.3,0.0,1.8,2.3,-2.9,1.8,0.004879770249221185,0.00010952102803738319,0.0,0.12356405763239876,1.32421875,15.463395638629287,15.586959696261683,0.12844382788161995,4.53897050233645,,,,,0.1,1.4,15.9,,4.7,,,,,0.1,1.4,15.4,,4.8,38.0,0.85,0.65,42.0,18.0,1.8,18.0,22.0,6.0
2026,4,,2026-10-04,09:30,00-0034366,Keke Coutee,keke coutee,IND,WAS,WR,LOW TARGET,False,,,,,,,,0,0,7,0.2,0.7,0.1,7,18,0.16,0.37,0.0,0.0,0.333,63.89,53.54,44.9,50.0,1.0,0.588,1.03,1.0,1.0,Favorable,1.116,1.12,1.12,1.0,1.116,1.12,1.12,1.116,12.0,12.0,0.0,11.6,12.0,12.0,11.6,0.03903816199376947,0.0008761682242990654,0.0,0.98851246105919,2.59375,32.70716510903427,33.69567757009346,1.0275506230529594,7.211764018691589,,,,,1.0,2.7,33.7,,7.4,,,,,1.1,3.0,37.7,,8.3,38.0,0.85,0.65,42.0,18.0,1.8,18.0,22.0,6.0
2026,4,,2026-10-04,13:00,00-0038941,Tyler Scott,tyler scott,CHI,NYJ,WR,LOW TARGET,True,,,,,,,,0,4,8,0.2,0.7,0.1,8,18,1.62,2.19,0.0,2.53,-1.0,42.55,53.06,44.4,50.0,1.0,0.55,0.97,1.0,1.0,Neutral,0.981,0.939,1.12,1.0,0.981,0.954,0.897,0.981,-6.1,12.0,0.0,-1.9,-4.6,-10.3,-1.9,0.004879770249221185,0.00010952102803738319,0.0,0.12356405763239876,0.44921875000000006,4.713395638629285,4.836959696261682,0.12844382788161995,1.0889705023364489,,,,,0.1,0.4,4.6,,1.1,,,,,0.1,0.4,4.1,,1.1,38.0,0.85,0.65,42.0,18.0,1.8,18.0,22.0,6.0
2026,4,,2026-10-04,13:00,00-0037273,Kyle Philips,kyle philips,TEN,BAL,WR,LOW TARGET,False,,,,,,,,0,0,8,0.2,0.7,0.1,8,18,4.2,3.62,1.38,6.33,-0.755,53.72,58.35,44.3,50.0,1.0,0.588,0.97,1.0,1.0,Neutral,1.005,1.085,0.88,1.0,1.005,1.12,1.12,1.005,8.5,-12.0,0.0,0.5,12.0,12.0,0.5,0.03903816199376947,0.0008761682242990654,0.0,0.98851246105919,2.59375,32.70716510903427,33.69567757009346,1.0275506230529594,7.211764018691589,,,,,1.0,2.5,31.7,,7.0,,,,,1.0,2.8,35.5,,7.0,38.0,0.85,0.65,42.0,18.0,1.8,18.0,22.0,6.0
2026,4,,2026-10-04,13:00,00-0035639,Parris Campbell,parris campbell,DAL,HOU,WR,LOW TARGET,False,,,,,,,,0,5,8,0.2,0.7,0.1,8,18,2.41,3.85,0.0,3.35,-1.0,38.52,52.09,44.2,50.0,1.0,0.55,0.97,1.0,1.0,Neutral,0.935,0.943,0.88,1.0,0.935,0.895,0.938,0.935,-5.7,-12.0,0.0,-6.5,-10.5,-6.2,-6.5,0.004879770249221185,0.00010952102803738319,0.0,0.12356405763239876,1.07421875,7.725895638629285,7.849459696261683,0.12844382788161995,2.840220502336449,,,,,0.1,1.0,7.5,,2.8,,,,,0.1,0.9,7.0,,2.6,38.0,0.85,0.65,42.0,18.0,1.8,18.0,22.0,6.0
2026,4,,2026-10-04,20:20,00-0029293,Marvin Jones,marvin jones,DET,CAR,WR,LOW TARGET,False,,,,,,,,0,0,8,0.2,0.7,0.1,8,18,3.95,3.74,1.32,6.1,-0.68,51.39,59.22,44.0,50.0,1.0,0.588,0.97,1.0,1.0,Neutral,0.992,0.913,0.88,1.0,0.992,0.89,0.88,0.992,-8.7,-12.0,0.0,-0.8,-11.0,-12.0,-0.8,0.03903816199376947,0.0008761682242990654,0.0,0.98851246105919,2.59375,32.70716510903427,33.69567757009346,1.0275506230529594,7.211764018691589,,,,,1.0,2.5,31.7,,7.0,,,,,1.0,2.2,27.9,,6.9,38.0,0.85,0.65,42.0,18.0,1.8,18.0,22.0,6.0
2026,4,,2026-10-04,13:00,00-0038728,Jared Wayne,jared wayne,HOU,DAL,WR,LOW TARGET,True,,,,,,,,3,1,4,0.2,0.7,0.1,4,8,3.63,1.18,2.8,4.33,0.339,37.72,45.73,44.0,50.0,1.0,0.55,1.03,1.0,1.0,Neutral,1.062,1.086,1.12,1.0,1.062,1.041,1.081,1.062,8.6,12.0,0.0,6.2,4.1,8.1,6.2,0.0039038161993769477,8.761682242990656e-05,0.0,0.09885124610591901,1.9260416666666667,21.832621272808193,21.931472518914113,0.10275506230529596,4.244033544726302,,,,,0.1,2.0,22.5,,4.4,,,,,0.1,2.1,24.3,,4.7,38.0,0.85,0.65,42.0,18.0,1.8,18.0,22.0,6.0
2026,4,,2026-10-04,13:00,00-0032543,Alex Erickson,alex erickson,NE,BUF,WR,LOW TARGET,False,,,,,,,,0,3,8,0.2,0.7,0.1,8,18,4.0,5.4,0.0,5.9,-1.0,42.52,54.97,43.9,50.0,1.0,0.55,0.97,1.0,1.0,Neutral,0.946,0.88,0.88,1.0,0.946,0.935,0.904,0.946,-12.0,-12.0,0.0,-5.4,-6.5,-9.6,-5.4,0.004879770249221185,0.00010952102803738319,0.0,0.12356405763239876,0.32421875000000006,4.088395638629285,4.211959696261682,0.12844382788161995,0.9014705023364488,,,,,0.1,0.3,4.0,,0.9,,,,,0.1,0.3,3.6,,0.9,38.0,0.85,0.65,42.0,18.0,1.8,18.0,22.0,6.0
2026,4,,2026-10-04,16:25,00-0034286,Richie James,richie james,KC,LV,WR,LOW TARGET,False,,,,,,,,0,0,8,0.2,0.7,0.1,8,18,2.88,2.54,1.05,2.9,1.0,53.08,56.08,43.2,50.0,1.0,0.588,1.03,1.0,1.0,Neutral,0.962,0.942,0.88,1.0,0.962,1.026,0.986,0.962,-5.8,-12.0,0.0,-3.8,2.6,-1.4,-3.8,0.03903816199376947,0.0008761682242990654,0.0,0.98851246105919,2.59375,32.70716510903427,33.69567757009346,1.0275506230529594,7.211764018691589,,,,,1.0,2.7,33.7,,7.4,,,,,1.0,2.8,33.2,,7.1,38.0,0.85,0.65,42.0,18.0,1.8,18.0,22.0,6.0
2026,4,,2026-10-04,13:00,00-0036255,Denzel Mims,denzel mims,NYJ,CHI,WR,LOW TARGET,False,,,,,,,,0,0,8,0.2,0.7,0.1,8,17,3.02,2.93,1.58,5.75,0.158,50.76,57.36,43.1,50.0,1.0,0.588,1.019,1.0,1.0,Neutral,1.028,1.015,1.022,1.0,1.028,0.958,1.042,1.028,1.5,2.2,0.0,2.8,-4.2,4.2,2.8,0.03903816199376947,0.0008761682242990654,0.0,0.98851246105919,2.59375,32.70716510903427,33.69567757009346,1.0275506230529594,7.211764018691589,,,,,1.0,2.6,33.3,,7.3,,,,,1.0,2.5,34.7,,7.5,38.0,0.85,0.65,42.0,18.0,1.8,18.0,22.0,6.0
2026,4,,2026-10-04,13:00,00-0027942,A.J. Green,aj green,ARI,NYG,WR,LOW TARGET,False,,,,,,,,0,0,8,0.2,0.7,0.1,8,18,6.04,6.49,1.12,9.25,0.652,48.19,57.61,42.6,50.0,1.0,0.588,1.03,1.0,1.0,Neutral,1.012,0.991,1.009,1.0,1.012,1.038,1.026,1.012,-0.9,0.9,0.0,1.2,3.8,2.6,1.2,0.03903816199376947,0.0008761682242990654,0.0,0.98851246105919,2.59375,32.70716510903427,33.69567757009346,1.0275506230529594,7.211764018691589,,,,,1.0,2.7,33.7,,7.4,,,,,1.0,2.8,34.6,,7.5,38.0,0.85,0.65,42.0,18.0,1.8,18.0,22.0,6.0
2026,4,,2026-10-04,13:00,00-0039853,Javon Baker,javon baker,NE,BUF,WR,LOW TARGET,False,,,,,,,,0,6,6,0.2,0.7,0.1,6,18,0.52,0.94,0.0,0.0,0.733,38.72,44.27,42.4,50.0,1.0,0.55,1.03,1.0,1.0,Neutral,0.946,0.88,0.88,1.0,0.946,0.935,0.904,0.946,-12.0,-12.0,0.0,-5.4,-6.5,-9.6,-5.4,0.004879770249221185,0.00010952102803738319,0.0,0.12356405763239876,0.5325520833333334,6.588395638629285,6.711959696261683,0.12844382788161995,1.3598038356697821,,,,,0.1,0.5,6.8,,1.4,,,,,0.1,0.5,6.1,,1.3,38.0,0.85,0.65,42.0,18.0,1.8,18.0,22.0,6.0
2026,4,,2026-10-04,09:30,00-0036991,Amari Rodgers,amari rodgers,IND,WAS,WR,LOW TARGET,False,,,,,,,,0,0,8,0.2,0.7,0.1,8,18,4.18,4.52,0.0,4.83,-0.652,48.04,57.04,42.3,50.0,1.0,0.588,0.97,1.0,1.0,Favorable,1.116,1.12,1.12,1.0,1.116,1.12,1.12,1.116,12.0,12.0,0.0,11.6,12.0,12.0,11.6,0.03903816199376947,0.0008761682242990654,0.0,0.98851246105919,2.59375,32.70716510903427,33.69567757009346,1.0275506230529594,7.211764018691589,,,,,1.0,2.5,31.7,,7.0,,,,,1.1,2.8,35.5,,7.8,38.0,0.85,0.65,42.0,18.0,1.8,18.0,22.0,6.0
2026,4,,2026-10-04,16:25,00-0035414,Jalen Guyton,jalen guyton,LAC,SEA,WR,LOW TARGET,False,,,,,,,,0,0,8,0.2,0.7,0.1,8,16,3.7,4.0,1.48,5.03,-0.535,48.03,56.94,42.3,50.0,1.0,0.588,0.97,1.0,1.0,Tough,0.922,0.88,0.88,1.0,0.922,0.9,0.88,0.922,-12.0,-12.0,0.0,-7.8,-10.0,-12.0,-7.8,0.03903816199376947,0.0008761682242990654,0.0,0.98851246105919,2.59375,32.70716510903427,33.69567757009346,1.0275506230529594,7.211764018691589,,,,,1.0,2.5,31.7,,7.0,,,,,0.9,2.2,27.9,,6.5,38.0,0.85,0.65,42.0,18.0,1.8,18.0,22.0,6.0
2026,4,,2026-10-04,20:20,00-0036233,Donovan Peoples-Jones,donovan peoples jones,DET,CAR,WR,LOW TARGET,False,,,,,,,,0,0,8,0.2,0.7,0.1,8,18,1.73,1.63,0.0,2.25,1.0,51.45,54.62,42.2,50.0,1.0,0.588,1.03,1.0,1.0,Neutral,0.992,0.913,0.88,1.0,0.992,0.89,0.88,0.992,-8.7,-12.0,0.0,-0.8,-11.0,-12.0,-0.8,0.03903816199376947,0.0008761682242990654,0.0,0.98851246105919,2.59375,32.70716510903427,33.69567757009346,1.0275506230529594,7.211764018691589,,,,,1.0,2.7,33.7,,7.4,,,,,1.0,2.4,29.7,,7.3,38.0,0.85,0.65,42.0,18.0,1.8,18.0,22.0,6.0
2026,4,,2026-10-04,16:25,00-0032208,Phillip Dorsett,phillip dorsett,DEN,SF,WR,LOW TARGET,False,,,,,,,,0,0,8,0.2,0.7,0.1,8,17,2.47,2.67,0.0,3.95,-0.611,48.09,56.63,42.2,50.0,1.0,0.588,0.97,1.0,1.0,Neutral,1.018,1.019,0.947,1.0,1.018,1.023,0.971,1.018,1.9,-5.3,0.0,1.8,2.3,-2.9,1.8,0.03903816199376947,0.0008761682242990654,0.0,0.98851246105919,2.59375,32.70716510903427,33.69567757009346,1.0275506230529594,7.211764018691589,,,,,1.0,2.5,31.7,,7.0,,,,,1.0,2.6,30.8,,7.1,38.0,0.85,0.65,42.0,18.0,1.8,18.0,22.0,6.0
2026,4,,2026-10-04,20:20,00-0035976,Dan Chisena,dan chisena,CAR,DET,WR,LOW TARGET,True,,,,,,,,0,4,7,0.2,0.7,0.1,7,18,1.1,1.24,0.0,1.7,1.0,41.12,47.89,41.9,50.0,1.0,0.55,1.03,1.0,1.0,Neutral,1.069,1.095,1.12,1.0,1.069,1.053,1.089,1.069,9.5,12.0,0.0,6.9,5.3,8.9,6.9,0.004879770249221185,0.00010952102803738319,0.0,0.12356405763239876,0.8867187500000002,11.150895638629285,11.274459696261681,0.12844382788161995,2.1702205023364485,,,,,0.1,0.9,11.5,,2.2,,,,,0.1,0.9,12.5,,2.4,38.0,0.85,0.65,42.0,18.0,1.8,18.0,22.0,6.0
2026,4,,2026-10-04,20:20,00-0036572,Shi Smith,shi smith,CAR,DET,WR,LOW TARGET,True,,,,,,,,0,0,8,0.2,0.7,0.1,8,18,5.36,5.87,2.03,5.88,0.504,47.69,55.89,41.8,50.0,1.0,0.588,1.03,1.0,1.0,Neutral,1.069,1.095,1.12,1.0,1.069,1.053,1.089,1.069,9.5,12.0,0.0,6.9,5.3,8.9,6.9,0.03903816199376947,0.0008761682242990654,0.0,0.98851246105919,2.59375,32.70716510903427,33.69567757009346,1.0275506230529594,7.211764018691589,,,,,1.0,2.7,33.7,,7.4,,,,,1.1,2.8,36.7,,7.9,38.0,0.85,0.65,42.0,18.0,1.8,18.0,22.0,6.0
2026,4,,2026-10-04,09:30,00-0034104,Cam Sims,cam sims,WAS,IND,WR,LOW TARGET,True,,,,,,,,0,0,8,0.2,0.7,0.1,8,18,1.26,1.25,0.0,2.62,-0.257,50.19,54.39,41.8,50.0,1.0,0.588,0.97,1.0,1.0,Favorable,1.093,1.12,0.903,1.0,1.093,1.12,1.12,1.093,12.0,-9.7,0.0,9.3,12.0,12.0,9.3,0.03903816199376947,0.0008761682242990654,0.0,0.98851246105919,2.59375,32.70716510903427,33.69567757009346,1.0275506230529594,7.211764018691589,,,,,1.0,2.5,31.7,,7.0,,,,,1.1,2.8,35.5,,7.7,38.0,0.85,0.65,42.0,18.0,1.8,18.0,22.0,6.0
2026,4,,2026-10-04,13:00,00-0036271,Quez Watkins,quez watkins,PHI,LAR,WR,LOW TARGET,True,,,,,,,,0,0,8,0.2,0.7,0.1,8,18,6.33,8.13,1.8,4.22,1.0,43.77,58.3,41.8,50.0,1.0,0.588,1.03,1.0,1.0,Neutral,1.0,1.0,1.0,1.0,1.0,1.0,1.0,1.0,0.0,0.0,0.0,0.0,0.0,0.0,0.0,0.03903816199376947,0.0008761682242990654,0.0,0.98851246105919,2.59375,32.70716510903427,33.69567757009346,1.0275506230529594,7.211764018691589,,,,,1.0,2.7,33.7,,7.4,,,,,1.0,2.7,33.7,,7.4,38.0,0.85,0.65,42.0,18.0,1.8,18.0,22.0,6.0
2026,4,,2026-10-04,13:00,00-0027944,Julio Jones,julio jones,PHI,LAR,WR,LOW TARGET,True,,,,,,,,0,0,8,0.2,0.7,0.1,8,18,5.01,5.76,1.45,4.42,1.0,46.51,56.12,41.6,50.0,1.0,0.588,1.03,1.0,1.0,Neutral,1.0,1.0,1.0,1.0,1.0,1.0,1.0,1.0,0.0,0.0,0.0,0.0,0.0,0.0,0.0,0.03903816199376947,0.0008761682242990654,0.0,0.98851246105919,2.59375,32.70716510903427,33.69567757009346,1.0275506230529594,7.211764018691589,,,,,1.0,2.7,33.7,,7.4,,,,,1.0,2.7,33.7,,7.4,38.0,0.85,0.65,42.0,18.0,1.8,18.0,22.0,6.0
2026,4,,2026-10-04,13:00,00-0032200,Ty Montgomery,ty montgomery,NE,BUF,WR,LOW TARGET,False,,,,,,,,0,0,8,0.2,0.7,0.1,8,14,0.79,1.08,0.0,1.6,0.967,48.11,53.97,41.1,50.0,1.0,0.588,1.03,1.0,1.0,Neutral,0.946,0.88,0.88,1.0,0.946,0.935,0.904,0.946,-12.0,-12.0,0.0,-5.4,-6.5,-9.6,-5.4,0.03903816199376947,0.0008761682242990654,0.0,0.98851246105919,2.59375,32.70716510903427,33.69567757009346,1.0275506230529594,7.211764018691589,,,,,1.0,2.7,33.7,,7.4,,,,,0.9,2.5,30.5,,7.0,38.0,0.85,0.65,42.0,18.0,1.8,18.0,22.0,6.0
2026,4,,2026-10-04,13:00,00-0041042,Malachi Fields,malachi fields,NYG,ARI,WR,LOW TARGET,True,,,,,,,,3,0,3,0.2,0.7,0.1,3,3,4.38,0.49,4.2,4.75,-0.133,33.72,43.98,41.0,50.0,1.0,0.55,0.984,1.0,1.0,Neutral,1.066,1.05,1.12,1.0,1.066,0.965,0.973,1.066,5.0,12.0,0.0,6.6,-3.5,-2.7,6.6,0.013012720664589823,0.0002920560747663551,0.0,0.32950415368639663,2.1979166666666665,26.77540424269396,27.10490839638036,0.34251687435098643,5.324556260198784,,,,,0.3,2.2,26.3,,5.2,,,,,0.3,2.1,25.6,,5.5,38.0,0.85,0.65,42.0,18.0,1.8,18.0,22.0,6.0
2026,4,,2026-10-04,13:00,00-0034764,Michael Gallup,michael gallup,DAL,HOU,WR,LOW TARGET,False,,,,,,,,0,0,8,0.2,0.7,0.1,8,18,4.34,5.27,1.42,8.03,-0.733,45.16,55.3,40.9,50.0,1.0,0.588,0.97,1.0,1.0,Neutral,0.935,0.943,0.88,1.0,0.935,0.895,0.938,0.935,-5.7,-12.0,0.0,-6.5,-10.5,-6.2,-6.5,0.03903816199376947,0.0008761682242990654,0.0,0.98851246105919,2.59375,32.70716510903427,33.69567757009346,1.0275506230529594,7.211764018691589,,,,,1.0,2.5,31.7,,7.0,,,,,0.9,2.2,29.7,,6.5,38.0,0.85,0.65,42.0,18.0,1.8,18.0,22.0,6.0
2026,4,,2026-10-04,13:00,00-0041438,Carnell Tate,carnell tate,TEN,BAL,WR,REGULAR TARGET,False,,,,,,,,3,0,3,0.2,0.7,0.1,3,3,9.0,2.76,6.75,9.8,0.513,28.69,46.55,40.8,50.0,1.0,0.872,1.03,1.0,1.0,Neutral,1.005,1.085,0.88,1.0,1.005,1.12,1.12,1.005,8.5,-12.0,0.0,0.5,12.0,12.0,0.5,0.013012720664589823,0.0002920560747663551,0.0,0.32950415368639663,3.943948412698412,40.14048360777332,40.46998776145971,0.34251687435098643,8.407095942738465,,,,,0.3,4.1,41.3,,8.7,,,,,0.3,4.6,46.3,,8.7,38.0,0.85,0.65,42.0,18.0,1.8,18.0,22.0,6.0
2026,4,,2026-10-04,16:05,00-0036326,Chase Claypool,chase claypool,MIA,MIN,WR,LOW TARGET,False,,,,,,,,0,0,8,0.2,0.7,0.1,8,18,0.82,1.1,0.0,1.6,-0.5,47.61,53.58,40.8,50.0,1.0,0.588,0.97,1.0,1.0,Tough,0.927,0.88,0.88,1.0,0.927,0.88,0.882,0.927,-12.0,-12.0,0.0,-7.3,-12.0,-11.8,-7.3,0.03903816199376947,0.0008761682242990654,0.0,0.98851246105919,2.59375,32.70716510903427,33.69567757009346,1.0275506230529594,7.211764018691589,,,,,1.0,2.5,31.7,,7.0,,,,,0.9,2.2,28.0,,6.5,38.0,0.85,0.65,42.0,18.0,1.8,18.0,22.0,6.0
2026,4,,2026-10-04,16:25,00-0040646,Jalen Royals,jalen royals,KC,LV,WR,LOW TARGET,False,,,,,,,,3,2,5,0.2,0.7,0.1,5,18,3.07,3.28,0.0,2.4,1.0,30.22,39.26,40.8,50.0,1.0,0.55,1.03,1.0,1.0,Neutral,0.962,0.942,0.88,1.0,0.962,1.026,0.986,0.962,-5.8,-12.0,0.0,-3.8,2.6,-1.4,-3.8,0.0039038161993769477,8.761682242990656e-05,0.0,0.09885124610591901,1.4879464285714288,6.718335558522476,6.8171868046283945,0.10275506230529596,2.6945097352024927,,,,,0.1,1.5,6.9,,2.8,,,,,0.1,1.5,6.8,,2.7,38.0,0.85,0.65,42.0,18.0,1.8,18.0,22.0,6.0
2026,4,,2026-10-04,16:25,00-0037828,Danny Gray,danny gray,SF,DEN,WR,LOW TARGET,True,,,,,,,,0,0,7,0.2,0.7,0.1,7,17,0.47,0.72,0.0,0.45,-0.367,50.91,51.23,40.7,50.0,1.0,0.588,0.97,1.0,1.0,Neutral,0.982,0.963,0.88,1.0,0.982,0.986,0.912,0.982,-3.7,-12.0,0.0,-1.8,-1.4,-8.8,-1.8,0.03903816199376947,0.0008761682242990654,0.0,0.98851246105919,2.59375,32.70716510903427,33.69567757009346,1.0275506230529594,7.211764018691589,,,,,1.0,2.5,31.7,,7.0,,,,,1.0,2.5,28.9,,6.9,38.0,0.85,0.65,42.0,18.0,1.8,18.0,22.0,6.0
2026,4,,2026-10-04,16:25,00-0034867,Malik Turner,malik turner,SF,DEN,WR,LOW TARGET,True,,,,,,,,0,2,4,0.2,0.7,0.1,4,7,0.0,0.0,0.0,0.0,0.0,50.0,45.5,40.7,50.0,1.0,0.55,1.0,1.0,1.0,Neutral,0.982,0.963,0.88,1.0,0.982,0.986,0.912,0.982,-3.7,-12.0,0.0,-1.8,-1.4,-8.8,-1.8,0.004879770249221185,0.00010952102803738319,0.0,0.12356405763239876,0.32421875000000006,4.088395638629285,4.211959696261682,0.12844382788161995,0.9014705023364488,,,,,0.1,0.3,4.1,,0.9,,,,,0.1,0.3,3.7,,0.9,38.0,0.85,0.65,42.0,18.0,1.8,18.0,22.0,6.0
2026,4,,2026-10-04,13:00,00-0032980,Marcus Johnson,marcus johnson,NYG,ARI,WR,LOW TARGET,True,,,,,,,,0,0,8,0.2,0.7,0.1,8,18,2.19,2.82,0.0,5.0,1.0,43.63,55.53,40.6,50.0,1.0,0.588,1.03,1.0,1.0,Neutral,1.066,1.05,1.12,1.0,1.066,0.965,0.973,1.066,5.0,12.0,0.0,6.6,-3.5,-2.7,6.6,0.03903816199376947,0.0008761682242990654,0.0,0.98851246105919,2.59375,32.70716510903427,33.69567757009346,1.0275506230529594,7.211764018691589,,,,,1.0,2.7,33.7,,7.4,,,,,1.1,2.6,32.8,,7.9,38.0,0.85,0.65,42.0,18.0,1.8,18.0,22.0,6.0
2026,4,,2026-10-04,13:00,00-0028002,Randall Cobb,randall cobb,NYJ,CHI,WR,LOW TARGET,False,,,,,,,,0,0,8,0.2,0.7,0.1,8,18,2.25,2.78,0.0,2.35,1.0,44.72,54.65,40.5,50.0,1.0,0.588,1.03,1.0,1.0,Neutral,1.028,1.015,1.022,1.0,1.028,0.958,1.042,1.028,1.5,2.2,0.0,2.8,-4.2,4.2,2.8,0.03903816199376947,0.0008761682242990654,0.0,0.98851246105919,2.59375,32.70716510903427,33.69567757009346,1.0275506230529594,7.211764018691589,,,,,1.0,2.7,33.7,,7.4,,,,,1.0,2.6,35.1,,7.6,38.0,0.85,0.65,42.0,18.0,1.8,18.0,22.0,6.0
2026,4,,2026-10-04,13:00,00-0026189,DeSean Jackson,desean jackson,BAL,TEN,WR,LOW TARGET,True,,,,,,,,0,0,7,0.2,0.7,0.1,7,17,3.07,2.63,1.95,4.2,-0.781,47.1,52.64,40.3,50.0,1.0,0.588,0.97,1.0,1.0,Neutral,1.014,1.025,0.932,1.0,1.014,1.073,1.093,1.014,2.5,-6.8,0.0,1.4,7.3,9.3,1.4,0.03903816199376947,0.0008761682242990654,0.0,0.98851246105919,2.59375,32.70716510903427,33.69567757009346,1.0275506230529594,7.211764018691589,,,,,1.0,2.5,31.7,,7.0,,,,,1.0,2.7,34.6,,7.1,38.0,0.85,0.65,42.0,18.0,1.8,18.0,22.0,6.0
2026,4,,2026-10-04,09:30,00-0034297,Byron Pringle,byron pringle,WAS,IND,WR,LOW TARGET,True,,,,,,,,0,0,8,0.2,0.7,0.1,8,18,2.04,2.63,0.0,4.83,-1.0,43.63,53.69,39.9,50.0,1.0,0.588,0.97,1.0,1.0,Favorable,1.093,1.12,0.903,1.0,1.093,1.12,1.12,1.093,12.0,-9.7,0.0,9.3,12.0,12.0,9.3,0.03903816199376947,0.0008761682242990654,0.0,0.98851246105919,2.59375,32.70716510903427,33.69567757009346,1.0275506230529594,7.211764018691589,,,,,1.0,2.5,31.7,,7.0,,,,,1.1,2.8,35.5,,7.7,38.0,0.85,0.65,42.0,18.0,1.8,18.0,22.0,6.0
2026,4,,2026-10-04,16:25,00-0036412,KJ Hamler,kj hamler,DEN,SF,WR,LOW TARGET,False,,,,,,,,0,0,6,0.2,0.7,0.1,6,8,4.78,2.76,2.2,6.47,1.0,47.53,51.21,39.9,50.0,1.0,0.588,1.03,1.0,1.0,Neutral,1.018,1.019,0.947,1.0,1.018,1.023,0.971,1.018,1.9,-5.3,0.0,1.8,2.3,-2.9,1.8,0.03903816199376947,0.0008761682242990654,0.0,0.98851246105919,2.59375,32.70716510903427,33.69567757009346,1.0275506230529594,7.211764018691589,,,,,1.0,2.7,33.7,,7.4,,,,,1.0,2.8,32.7,,7.5,38.0,0.85,0.65,42.0,18.0,1.8,18.0,22.0,6.0
2026,4,,2026-10-04,13:00,00-0035215,Deonte Harty,deonte harty,BAL,TEN,WR,LOW TARGET,True,,,,,,,,0,5,8,0.2,0.7,0.1,8,18,0.84,2.48,0.0,0.0,-1.0,28.72,47.36,39.9,50.0,1.0,0.55,0.97,1.0,1.0,Neutral,1.014,1.025,0.932,1.0,1.014,1.073,1.093,1.014,2.5,-6.8,0.0,1.4,7.3,9.3,1.4,0.004879770249221185,0.00010952102803738319,0.0,0.12356405763239876,0.32421875000000006,4.088395638629285,4.211959696261682,0.12844382788161995,0.9014705023364488,,,,,0.1,0.3,4.0,,0.9,,,,,0.1,0.3,4.4,,0.9,38.0,0.85,0.65,42.0,18.0,1.8,18.0,22.0,6.0
2026,4,,2026-10-04,20:20,00-0037524,Tay Martin,tay martin,DET,CAR,WR,LOW TARGET,False,,,,,,,,2,3,6,0.2,0.7,0.1,6,18,2.18,3.78,0.0,2.27,-0.867,27.45,40.17,39.2,50.0,1.0,0.55,0.97,1.0,1.0,Neutral,0.992,0.913,0.88,1.0,0.992,0.89,0.88,0.992,-8.7,-12.0,0.0,-0.8,-11.0,-12.0,-0.8,0.0039038161993769477,8.761682242990656e-05,0.0,0.09885124610591901,0.9593750000000001,16.07071651090343,16.16956775700935,0.10275506230529596,3.5011764018691593,,,,,0.1,0.9,15.6,,3.4,,,,,0.1,0.8,13.7,,3.4,38.0,0.85,0.65,42.0,18.0,1.8,18.0,22.0,6.0
2026,4,,2026-10-04,16:25,00-0033681,Keelan Cole,keelan cole,LV,KC,WR,LOW TARGET,True,,,,,,,,0,0,8,0.2,0.7,0.1,8,18,3.07,4.3,0.0,3.12,1.0,41.63,52.98,39.1,50.0,1.0,0.588,1.03,1.0,1.0,Tough,0.886,0.881,0.88,1.0,0.886,0.962,0.88,0.886,-11.9,-12.0,0.0,-11.4,-3.8,-12.0,-11.4,0.03903816199376947,0.0008761682242990654,0.0,0.98851246105919,2.59375,32.70716510903427,33.69567757009346,1.0275506230529594,7.211764018691589,,,,,1.0,2.7,33.7,,7.4,,,,,0.9,2.6,29.7,,6.6,38.0,0.85,0.65,42.0,18.0,1.8,18.0,22.0,6.0
2026,4,,2026-10-04,16:25,00-0037216,Justyn Ross,justyn ross,KC,LV,WR,LOW TARGET,False,,,,,,,,0,1,7,0.2,0.7,0.1,7,18,1.59,1.8,0.0,2.65,0.021,41.1,49.85,39.0,50.0,1.0,0.55,1.003,1.0,1.0,Neutral,0.962,0.942,0.88,1.0,0.962,1.026,0.986,0.962,-5.8,-12.0,0.0,-3.8,2.6,-1.4,-3.8,0.004879770249221185,0.00010952102803738319,0.0,0.12356405763239876,0.32421875000000006,4.088395638629285,4.211959696261682,0.12844382788161995,0.9014705023364488,,,,,0.1,0.3,4.1,,0.9,,,,,0.1,0.3,4.0,,0.9,38.0,0.85,0.65,42.0,18.0,1.8,18.0,22.0,6.0
2026,4,,2026-10-04,13:00,00-0032054,Breshad Perriman,breshad perriman,TB,GB,WR,LOW TARGET,True,,,,,,,,0,0,8,0.2,0.7,0.1,8,18,2.45,3.77,0.0,2.93,-0.6,39.42,53.87,38.9,50.0,1.0,0.588,0.97,1.0,1.0,Neutral,0.966,0.916,0.903,1.0,0.966,1.007,0.947,0.966,-8.4,-9.7,0.0,-3.4,0.7,-5.3,-3.4,0.03903816199376947,0.0008761682242990654,0.0,0.98851246105919,2.59375,32.70716510903427,33.69567757009346,1.0275506230529594,7.211764018691589,,,,,1.0,2.5,31.7,,7.0,,,,,1.0,2.5,30.0,,6.8,38.0,0.85,0.65,42.0,18.0,1.8,18.0,22.0,6.0
2026,4,,2026-10-04,09:30,00-0033466,Isaiah McKenzie,isaiah mckenzie,IND,WAS,WR,LOW TARGET,False,,,,,,,,0,0,8,0.2,0.7,0.1,8,18,1.73,2.5,0.0,3.48,-0.971,40.85,52.42,38.7,50.0,1.0,0.588,0.97,1.0,1.0,Favorable,1.116,1.12,1.12,1.0,1.116,1.12,1.12,1.116,12.0,12.0,0.0,11.6,12.0,12.0,11.6,0.03903816199376947,0.0008761682242990654,0.0,0.98851246105919,2.59375,32.70716510903427,33.69567757009346,1.0275506230529594,7.211764018691589,,,,,1.0,2.5,31.7,,7.0,,,,,1.1,2.8,35.5,,7.8,38.0,0.85,0.65,42.0,18.0,1.8,18.0,22.0,6.0
2026,4,,2026-10-04,13:00,00-0037055,Lance McCutcheon,lance mccutcheon,LAR,PHI,WR,LOW TARGET,False,,,,,,,,0,0,4,0.2,0.7,0.1,4,17,0.0,0.0,0.0,0.0,0.0,50.0,46.62,38.6,50.0,1.0,0.588,1.0,1.0,1.0,Neutral,0.952,0.891,0.88,1.0,0.952,0.966,0.959,0.952,-10.9,-12.0,0.0,-4.8,-3.4,-4.1,-4.8,0.03903816199376947,0.0008761682242990654,0.0,0.98851246105919,2.59375,32.70716510903427,33.69567757009346,1.0275506230529594,7.211764018691589,,,,,1.0,2.6,32.7,,7.2,,,,,1.0,2.5,31.4,,6.9,38.0,0.85,0.65,42.0,18.0,1.8,18.0,22.0,6.0
2026,4,,2026-10-04,13:00,00-0041048,Ted Hurst III,ted hurst iii,TB,GB,WR,LOW TARGET,True,,,,,,,,3,0,3,0.2,0.7,0.1,3,3,8.06,2.88,5.65,8.8,0.667,27.63,41.01,38.3,50.0,1.0,0.609,1.03,1.0,1.0,Neutral,0.966,0.916,0.903,1.0,0.966,1.007,0.947,0.966,-8.4,-9.7,0.0,-3.4,0.7,-5.3,-3.4,0.013012720664589823,0.0002920560747663551,0.0,0.32950415368639663,2.007440476190476,34.17222963951935,34.50173379320575,0.34251687435098643,7.778524514167037,,,,,0.3,2.1,35.2,,8.0,,,,,0.3,2.1,33.3,,7.7,38.0,0.85,0.65,42.0,18.0,1.8,18.0,22.0,6.0
2026,4,,2026-10-04,16:25,00-0038492,Jason Brownlee,jason brownlee,KC,LV,WR,LOW TARGET,False,,,,,,,,0,3,7,0.2,0.7,0.1,7,18,1.71,2.72,0.0,4.4,-1.0,33.76,46.43,38.3,50.0,1.0,0.55,0.97,1.0,1.0,Neutral,0.962,0.942,0.88,1.0,0.962,1.026,0.986,0.962,-5.8,-12.0,0.0,-3.8,2.6,-1.4,-3.8,0.004879770249221185,0.00010952102803738319,0.0,0.12356405763239876,0.32421875000000006,4.088395638629285,4.211959696261682,0.12844382788161995,0.9014705023364488,,,,,0.1,0.3,4.0,,0.9,,,,,0.1,0.3,3.9,,0.9,38.0,0.85,0.65,42.0,18.0,1.8,18.0,22.0,6.0
2026,4,,2026-10-04,13:00,00-0037380,Kaden Davis,kaden davis,CHI,NYJ,WR,LOW TARGET,True,,,,,,,,1,2,3,0.2,0.7,0.1,3,18,0.0,0.0,0.0,0.0,0.0,37.5,40.0,37.9,50.0,1.0,0.55,1.0,1.0,1.0,Neutral,0.981,0.939,1.12,1.0,0.981,0.954,0.897,0.981,-6.1,12.0,0.0,-1.9,-4.6,-10.3,-1.9,0.0039038161993769477,8.761682242990656e-05,0.0,0.09885124610591901,0.2593750000000001,3.2707165109034277,3.3695677570093463,0.10275506230529596,0.7211764018691591,,,,,0.1,0.3,3.3,,0.7,,,,,0.1,0.3,3.0,,0.7,38.0,0.85,0.65,42.0,18.0,1.8,18.0,22.0,6.0
2026,4,,2026-10-04,13:00,00-0035510,Jeff Smith,jeff smith,NYJ,CHI,WR,LOW TARGET,False,,,,,,,,0,0,7,0.2,0.7,0.1,7,15,3.7,4.2,0.8,3.0,1.0,40.97,49.88,37.7,50.0,1.0,0.588,1.03,1.0,1.0,Neutral,1.028,1.015,1.022,1.0,1.028,0.958,1.042,1.028,1.5,2.2,0.0,2.8,-4.2,4.2,2.8,0.03903816199376947,0.0008761682242990654,0.0,0.98851246105919,2.59375,32.70716510903427,33.69567757009346,1.0275506230529594,7.211764018691589,,,,,1.0,2.7,33.7,,7.4,,,,,1.0,2.6,35.1,,7.6,38.0,0.85,0.65,42.0,18.0,1.8,18.0,22.0,6.0
2026,4,,2026-10-04,16:25,00-0040894,Malik Benson,malik benson,LV,KC,WR,LOW TARGET,True,,,,,,,,3,0,3,0.2,0.7,0.1,3,3,0.15,0.31,0.0,0.4,-0.8,28.54,36.44,36.7,50.0,1.0,0.55,0.97,1.0,1.0,Tough,0.886,0.881,0.88,1.0,0.886,0.962,0.88,0.886,-11.9,-12.0,0.0,-11.4,-3.8,-12.0,-11.4,0.013012720664589823,0.0002920560747663551,0.0,-0.6863688621866192,0.9915674603174601,11.664293131582852,10.97792426939623,-0.6733561415220293,2.5055086411511645,,,,,-0.7,1.0,11.3,,2.4,,,,,-0.6,1.0,9.9,,2.1,38.0,0.85,0.65,42.0,18.0,1.8,18.0,22.0,6.0
2026,4,,2026-10-04,13:00,00-0040431,Dalen Cambre,dalen cambre,NYG,ARI,WR,LOW TARGET,True,,,,,,,,0,3,3,0.2,0.7,0.1,3,18,0.0,0.0,0.0,0.0,0.0,37.5,40.0,36.6,50.0,1.0,0.55,1.0,1.0,1.0,Neutral,1.066,1.05,1.12,1.0,1.066,0.965,0.973,1.066,5.0,12.0,0.0,6.6,-3.5,-2.7,6.6,0.004879770249221185,0.00010952102803738319,0.0,0.12356405763239876,0.32421875000000006,4.088395638629285,4.211959696261682,0.12844382788161995,0.9014705023364488,,,,,0.1,0.3,4.1,,0.9,,,,,0.1,0.3,4.0,,1.0,38.0,0.85,0.65,42.0,18.0,1.8,18.0,22.0,6.0
2026,4,,2026-10-04,13:00,00-0040867,Makai Lemon,makai lemon,PHI,LAR,WR,LOW TARGET,True,,,,,,,,3,0,3,0.2,0.7,0.1,3,3,3.92,1.9,2.2,4.2,1.0,25.25,37.67,36.4,50.0,1.0,0.55,1.03,1.0,1.0,Neutral,1.0,1.0,1.0,1.0,1.0,1.0,1.0,1.0,0.0,0.0,0.0,0.0,0.0,0.0,0.0,0.013012720664589823,0.0002920560747663551,0.0,-0.7816069574247144,2.420138888888889,22.584928052217773,21.803321094793056,-0.7685942367601246,5.016619752262275,,,,,-0.8,2.5,23.3,,5.2,,,,,-0.8,2.5,23.3,,5.2,38.0,0.85,0.65,42.0,18.0,1.8,18.0,22.0,6.0
2026,4,,2026-10-04,20:20,00-0036482,Mike Strachan,mike strachan,CAR,DET,WR,LOW TARGET,True,,,,,,,,0,0,7,0.2,0.7,0.1,7,17,1.8,2.44,0.0,4.4,0.667,37.16,48.44,36.2,50.0,1.0,0.588,1.03,1.0,1.0,Neutral,1.069,1.095,1.12,1.0,1.069,1.053,1.089,1.069,9.5,12.0,0.0,6.9,5.3,8.9,6.9,0.03903816199376947,0.0008761682242990654,0.0,0.98851246105919,2.59375,32.70716510903427,33.69567757009346,1.0275506230529594,7.211764018691589,,,,,1.0,2.7,33.7,,7.4,,,,,1.1,2.8,36.7,,7.9,38.0,0.85,0.65,42.0,18.0,1.8,18.0,22.0,6.0
2026,4,,2026-10-04,16:25,00-0038891,Shedrick Jackson,shedrick jackson,LV,KC,WR,LOW TARGET,True,,,,,,,,0,3,5,0.2,0.7,0.1,5,18,3.56,3.31,0.0,4.0,1.0,32.39,40.86,35.7,50.0,1.0,0.55,1.03,1.0,1.0,Tough,0.886,0.881,0.88,1.0,0.886,0.962,0.88,0.886,-11.9,-12.0,0.0,-11.4,-3.8,-12.0,-11.4,0.004879770249221185,0.00010952102803738319,0.0,1.3735640576323989,1.4908854166666667,18.67172897196262,20.04529302959502,1.37844382788162,4.651470502336449,,,,,1.4,1.5,19.2,,4.8,,,,,1.2,1.4,16.9,,4.3,38.0,0.85,0.65,42.0,18.0,1.8,18.0,22.0,6.0
2026,4,,2026-10-04,13:00,00-0033932,Kenny Golladay,kenny golladay,NYG,ARI,WR,LOW TARGET,True,,,,,,,,0,0,6,0.2,0.7,0.1,6,18,4.05,4.38,0.0,4.73,1.0,36.03,47.54,35.5,50.0,1.0,0.588,1.03,1.0,1.0,Neutral,1.066,1.05,1.12,1.0,1.066,0.965,0.973,1.066,5.0,12.0,0.0,6.6,-3.5,-2.7,6.6,0.03903816199376947,0.0008761682242990654,0.0,0.98851246105919,2.59375,32.70716510903427,33.69567757009346,1.0275506230529594,7.211764018691589,,,,,1.0,2.7,33.7,,7.4,,,,,1.1,2.6,32.8,,7.9,38.0,0.85,0.65,42.0,18.0,1.8,18.0,22.0,6.0
2026,4,,2026-10-04,20:20,00-0037708,Maurice Alexander,maurice alexander,DET,CAR,WR,LOW TARGET,False,,,,,,,,0,2,5,0.2,0.7,0.1,5,14,0.34,0.68,0.0,0.0,0.0,37.2,40.23,35.4,50.0,1.0,0.55,1.0,1.0,1.0,Neutral,0.992,0.913,0.88,1.0,0.992,0.89,0.88,0.992,-8.7,-12.0,0.0,-0.8,-11.0,-12.0,-0.8,0.004879770249221185,0.00010952102803738319,0.0,0.12356405763239876,0.32421875000000006,4.088395638629285,4.211959696261682,0.12844382788161995,0.9014705023364488,,,,,0.1,0.3,4.1,,0.9,,,,,0.1,0.3,3.6,,0.9,38.0,0.85,0.65,42.0,18.0,1.8,18.0,22.0,6.0
2026,4,,2026-10-04,09:30,00-0036671,Dax Milne,dax milne,WAS,IND,WR,LOW TARGET,True,,,,,,,,0,0,8,0.2,0.7,0.1,8,18,0.76,2.14,0.0,0.35,0.0,31.86,48.24,34.8,50.0,1.0,0.588,1.0,1.0,1.0,Favorable,1.093,1.12,0.903,1.0,1.093,1.12,1.12,1.093,12.0,-9.7,0.0,9.3,12.0,12.0,9.3,0.03903816199376947,0.0008761682242990654,0.0,0.98851246105919,2.59375,32.70716510903427,33.69567757009346,1.0275506230529594,7.211764018691589,,,,,1.0,2.6,32.7,,7.2,,,,,1.1,2.9,36.6,,7.9,38.0,0.85,0.65,42.0,18.0,1.8,18.0,22.0,6.0
2026,4,,2026-10-04,09:30,00-0041040,Antonio Williams,antonio williams,WAS,IND,WR,LOW TARGET,True,,,,,,,,3,0,3,0.2,0.7,0.1,3,3,6.59,4.83,4.45,10.9,-0.787,21.64,35.84,34.7,50.0,1.0,0.55,0.97,1.0,1.0,Favorable,1.093,1.12,0.903,1.0,1.093,1.12,1.12,1.093,12.0,-9.7,0.0,9.3,12.0,12.0,9.3,0.013012720664589823,0.0002920560747663551,0.0,0.32950415368639663,2.674107142857143,29.12461059190031,29.454114745586704,0.34251687435098643,6.797572133214657,,,,,0.3,2.6,28.3,,6.6,,,,,0.3,2.9,31.7,,7.2,38.0,0.85,0.65,42.0,18.0,1.8,18.0,22.0,6.0
2026,4,,2026-10-04,16:05,00-0041525,Chris Bell,chris bell,MIA,MIN,WR,LOW TARGET,False,,,,,,,,3,0,3,0.2,0.7,0.1,3,3,5.76,4.86,1.75,7.1,1.0,20.34,35.64,34.3,50.0,1.0,0.581,1.03,1.0,1.0,Tough,0.927,0.88,0.88,1.0,0.927,0.88,0.882,0.927,-12.0,-12.0,0.0,-7.3,-12.0,-11.8,-7.3,0.013012720664589823,0.0002920560747663551,0.0,0.32950415368639663,2.2614087301587302,35.34683281412253,35.67633696780892,0.34251687435098643,6.245191180833704,,,,,0.3,2.3,36.4,,6.4,,,,,0.3,2.0,32.1,,5.9,38.0,0.85,0.65,42.0,18.0,1.8,18.0,22.0,6.0
2026,4,,2026-10-04,13:00,00-0040785,Dohnte Meyers,dohnte meyers,CIN,JAC,WR,LOW TARGET,True,,,,,,,,3,0,3,0.2,0.7,0.1,3,3,3.53,2.62,1.9,4.85,0.553,21.55,34.78,34.3,50.0,1.0,0.55,1.03,1.0,1.0,Neutral,1.0,1.0,1.0,1.0,1.0,1.0,1.0,1.0,0.0,0.0,0.0,0.0,0.0,0.0,0.0,0.013012720664589823,0.0002920560747663551,0.0,1.5993454235276663,1.9439484126984128,22.39445186174158,23.993797285269245,1.612358144192256,4.759476895119418,,,,,1.6,2.0,23.1,,4.9,,,,,1.6,2.0,23.1,,4.9,38.0,0.85,0.65,42.0,18.0,1.8,18.0,22.0,6.0
2026,4,,2026-10-04,16:05,00-0040311,Theo Wease Jr.,theo wease jr,MIA,MIN,WR,LOW TARGET,False,,,,,,,,0,3,3,0.2,0.7,0.1,3,18,8.95,3.18,6.3,10.35,0.423,27.66,39.52,34.0,50.0,1.0,0.55,1.03,1.0,1.0,Tough,0.927,0.88,0.88,1.0,0.927,0.88,0.882,0.927,-12.0,-12.0,0.0,-7.3,-12.0,-11.8,-7.3,0.004879770249221185,0.00010952102803738319,0.0,0.12356405763239876,2.19921875,46.13006230529595,46.25362636292835,0.12844382788161995,8.730637169003115,,,,,0.1,2.3,47.5,,9.0,,,,,0.1,2.0,41.9,,8.3,38.0,0.85,0.65,42.0,18.0,1.8,18.0,22.0,6.0
2026,4,,2026-10-04,13:00,00-0040432,Beaux Collins,beaux collins,NYG,ARI,WR,LOW TARGET,True,,,,,,,,0,4,4,0.2,0.7,0.1,4,8,1.36,1.25,0.0,1.97,0.55,26.11,35.93,33.4,50.0,1.0,0.55,1.03,1.0,1.0,Neutral,1.066,1.05,1.12,1.0,1.066,0.965,0.973,1.066,5.0,12.0,0.0,6.6,-3.5,-2.7,6.6,0.004879770249221185,0.00010952102803738319,0.0,0.12356405763239876,0.8242187500000001,11.025895638629285,11.149459696261685,0.12844382788161995,2.0952205023364487,,,,,0.1,0.8,11.4,,2.2,,,,,0.1,0.8,11.1,,2.3,38.0,0.85,0.65,42.0,18.0,1.8,18.0,22.0,6.0
2026,4,,2026-10-04,13:00,00-0041100,Josh Cameron,josh cameron,JAC,CIN,WR,LOW TARGET,False,,,,,,,,3,0,3,0.2,0.7,0.1,3,3,5.81,4.16,4.1,9.1,-0.18,21.85,31.9,33.2,50.0,1.0,0.55,0.978,1.0,1.0,Neutral,1.053,1.091,0.972,1.0,1.053,0.88,0.88,1.053,9.1,-2.8,0.0,5.3,-12.0,-12.0,5.3,0.013012720664589823,0.0002920560747663551,0.0,0.32950415368639663,1.4360119047619047,17.251594718884437,17.581098872570834,0.34251687435098643,6.276937212579735,,,,,0.3,1.4,16.9,,6.1,,,,,0.3,1.2,14.9,,6.4,38.0,0.85,0.65,42.0,18.0,1.8,18.0,22.0,6.0
2026,4,,2026-10-04,20:20,00-0027691,Andre Roberts,andre roberts,CAR,DET,WR,LOW TARGET,True,,,,,,,,0,0,3,0.2,0.7,0.1,3,18,0.0,0.0,0.0,0.0,0.0,37.5,40.0,32.9,50.0,1.0,0.588,1.0,1.0,1.0,Neutral,1.069,1.095,1.12,1.0,1.069,1.053,1.089,1.069,9.5,12.0,0.0,6.9,5.3,8.9,6.9,0.03903816199376947,0.0008761682242990654,0.0,0.98851246105919,2.59375,32.70716510903427,33.69567757009346,1.0275506230529594,7.211764018691589,,,,,1.0,2.6,32.7,,7.2,,,,,1.1,2.7,35.6,,7.7,38.0,0.85,0.65,42.0,18.0,1.8,18.0,22.0,6.0
2026,4,,2026-10-04,13:00,00-0037185,Raleigh Webb,raleigh webb,NE,BUF,WR,LOW TARGET,False,,,,,,,,0,0,3,0.2,0.7,0.1,3,15,0.0,0.0,0.0,0.0,0.0,37.5,40.0,32.9,50.0,1.0,0.588,1.0,1.0,1.0,Neutral,0.946,0.88,0.88,1.0,0.946,0.935,0.904,0.946,-12.0,-12.0,0.0,-5.4,-6.5,-9.6,-5.4,0.03903816199376947,0.0008761682242990654,0.0,0.98851246105919,2.59375,32.70716510903427,33.69567757009346,1.0275506230529594,7.211764018691589,,,,,1.0,2.6,32.7,,7.2,,,,,0.9,2.4,29.6,,6.8,38.0,0.85,0.65,42.0,18.0,1.8,18.0,22.0,6.0
2026,4,,2026-10-04,13:00,00-0029000,Cole Beasley,cole beasley,BUF,NE,WR,LOW TARGET,True,,,,,,,,0,0,4,0.2,0.7,0.1,4,16,2.14,0.85,1.8,2.48,-0.333,35.74,40.37,32.6,50.0,1.0,0.588,0.97,1.0,1.0,Tough,0.908,0.89,0.888,1.0,0.908,0.932,0.88,0.908,-11.0,-11.2,0.0,-9.2,-6.8,-12.0,-9.2,0.03903816199376947,0.0008761682242990654,0.0,0.98851246105919,2.59375,32.70716510903427,33.69567757009346,1.0275506230529594,7.211764018691589,,,,,1.0,2.5,31.7,,7.0,,,,,0.9,2.3,27.9,,6.4,38.0,0.85,0.65,42.0,18.0,1.8,18.0,22.0,6.0
2026,4,,2026-10-04,16:25,00-0040172,Jordan Watkins,jordan watkins,SF,DEN,WR,LOW TARGET,True,,,,,,,,1,2,3,0.2,0.7,0.1,3,9,5.1,2.8,2.3,5.45,1.0,24.22,34.06,32.2,50.0,1.0,0.55,1.03,1.0,1.0,Neutral,0.982,0.963,0.88,1.0,0.982,0.986,0.912,0.982,-3.7,-12.0,0.0,-1.8,-1.4,-8.8,-1.8,0.0039038161993769477,8.761682242990656e-05,0.0,0.09885124610591901,1.3593750000000002,26.17071651090343,26.269567757009348,0.10275506230529596,4.11117640186916,,,,,0.1,1.4,27.0,,4.2,,,,,0.1,1.4,24.6,,4.1,38.0,0.85,0.65,42.0,18.0,1.8,18.0,22.0,6.0
2026,4,,2026-10-04,16:05,00-0038092,Erik Ezukanma,erik ezukanma,MIA,MIN,WR,LOW TARGET,False,,,,,,,,0,1,4,0.2,0.7,0.1,4,18,0.69,0.67,0.38,1.4,-0.833,29.9,39.2,31.9,50.0,1.0,0.55,0.97,1.0,1.0,Tough,0.927,0.88,0.88,1.0,0.927,0.88,0.882,0.927,-12.0,-12.0,0.0,-7.3,-12.0,-11.8,-7.3,0.004879770249221185,0.00010952102803738319,0.0,0.12356405763239876,0.32421875000000006,4.088395638629285,4.211959696261682,0.12844382788161995,0.9014705023364488,,,,,0.1,0.3,4.0,,0.9,,,,,0.1,0.3,3.5,,0.8,38.0,0.85,0.65,42.0,18.0,1.8,18.0,22.0,6.0
2026,4,,2026-10-04,13:00,00-0038477,Bryce Ford-Wheaton,bryce ford wheaton,NYG,ARI,WR,LOW TARGET,True,,,,,,,,0,5,5,0.2,0.7,0.1,5,14,0.94,2.18,0.0,0.0,-1.0,19.63,32.85,31.8,50.0,1.0,0.55,0.97,1.0,1.0,Neutral,1.066,1.05,1.12,1.0,1.066,0.965,0.973,1.066,5.0,12.0,0.0,6.6,-3.5,-2.7,6.6,0.004879770249221185,0.00010952102803738319,0.0,0.12356405763239876,0.32421875000000006,4.088395638629285,4.211959696261682,0.12844382788161995,1.7264705023364486,,,,,0.1,0.3,4.0,,1.7,,,,,0.1,0.3,3.9,,1.8,38.0,0.85,0.65,42.0,18.0,1.8,18.0,22.0,6.0
2026,4,,2026-10-04,13:00,00-0035527,Andy Isabella,andy isabella,BUF,NE,WR,LOW TARGET,True,,,,,,,,0,0,5,0.2,0.7,0.1,5,17,0.58,0.9,0.0,2.0,-0.976,32.87,39.72,31.6,50.0,1.0,0.588,0.97,1.0,1.0,Tough,0.908,0.89,0.888,1.0,0.908,0.932,0.88,0.908,-11.0,-11.2,0.0,-9.2,-6.8,-12.0,-9.2,0.03903816199376947,0.0008761682242990654,0.0,0.98851246105919,2.59375,32.70716510903427,33.69567757009346,1.0275506230529594,7.211764018691589,,,,,1.0,2.5,31.7,,7.0,,,,,0.9,2.3,27.9,,6.4,38.0,0.85,0.65,42.0,18.0,1.8,18.0,22.0,6.0
2026,4,,2026-10-04,13:00,00-0039747,Ainias Smith,ainias smith,PHI,LAR,WR,LOW TARGET,True,,,,,,,,0,3,3,0.2,0.7,0.1,3,18,7.71,5.92,1.9,8.25,1.0,21.22,36.81,31.3,50.0,1.0,0.55,1.03,1.0,1.0,Neutral,1.0,1.0,1.0,1.0,1.0,1.0,1.0,1.0,0.0,0.0,0.0,0.0,0.0,0.0,0.0,0.004879770249221185,0.00010952102803738319,0.0,2.123564057632399,2.7408854166666665,20.42172897196262,22.54529302959502,2.12844382788162,7.651470502336449,,,,,2.2,2.8,21.0,,7.9,,,,,2.2,2.8,21.0,,7.9,38.0,0.85,0.65,42.0,18.0,1.8,18.0,22.0,6.0
2026,4,,2026-10-04,13:00,00-0033386,Cody Hollister,cody hollister,TEN,BAL,WR,LOW TARGET,False,,,,,,,,0,0,6,0.2,0.7,0.1,6,12,1.1,1.97,0.0,2.4,-1.0,26.8,40.32,30.3,50.0,1.0,0.588,0.97,1.0,1.0,Neutral,1.005,1.085,0.88,1.0,1.005,1.12,1.12,1.005,8.5,-12.0,0.0,0.5,12.0,12.0,0.5,0.03903816199376947,0.0008761682242990654,0.0,0.98851246105919,2.59375,32.70716510903427,33.69567757009346,1.0275506230529594,7.211764018691589,,,,,1.0,2.5,31.7,,7.0,,,,,1.0,2.8,35.5,,7.0,38.0,0.85,0.65,42.0,18.0,1.8,18.0,22.0,6.0
2026,4,,2026-10-04,13:00,00-0029608,T.Y. Hilton,ty hilton,DAL,HOU,WR,LOW TARGET,False,,,,,,,,0,0,3,0.2,0.7,0.1,3,18,6.04,2.26,5.05,7.6,-0.371,27.29,39.78,30.2,50.0,1.0,0.588,0.97,1.0,1.0,Neutral,0.935,0.943,0.88,1.0,0.935,0.895,0.938,0.935,-5.7,-12.0,0.0,-6.5,-10.5,-6.2,-6.5,0.03903816199376947,0.0008761682242990654,0.0,0.98851246105919,2.59375,32.70716510903427,33.69567757009346,1.0275506230529594,7.211764018691589,,,,,1.0,2.5,31.7,,7.0,,,,,0.9,2.2,29.7,,6.5,38.0,0.85,0.65,42.0,18.0,1.8,18.0,22.0,6.0
2026,4,,2026-10-04,13:00,00-0033111,Pharoh Cooper,pharoh cooper,ARI,NYG,WR,LOW TARGET,False,,,,,,,,0,0,5,0.2,0.7,0.1,5,18,1.14,1.4,0.0,0.8,1.0,27.96,39.03,30.1,50.0,1.0,0.588,1.03,1.0,1.0,Neutral,1.012,0.991,1.009,1.0,1.012,1.038,1.026,1.012,-0.9,0.9,0.0,1.2,3.8,2.6,1.2,0.03903816199376947,0.0008761682242990654,0.0,0.98851246105919,2.59375,32.70716510903427,33.69567757009346,1.0275506230529594,7.211764018691589,,,,,1.0,2.7,33.7,,7.4,,,,,1.0,2.8,34.6,,7.5,38.0,0.85,0.65,42.0,18.0,1.8,18.0,22.0,6.0
2026,4,,2026-10-04,16:25,00-0035022,Penny Hart,penny hart,SEA,LAC,WR,LOW TARGET,True,,,,,,,,0,0,4,0.2,0.7,0.1,4,16,1.16,0.74,0.9,1.6,0.0,30.46,37.23,30.0,50.0,1.0,0.588,1.0,1.0,1.0,Tough,0.919,0.901,0.88,1.0,0.919,0.945,0.916,0.919,-9.9,-12.0,0.0,-8.1,-5.5,-8.4,-8.1,0.03903816199376947,0.0008761682242990654,0.0,0.98851246105919,2.59375,32.70716510903427,33.69567757009346,1.0275506230529594,7.211764018691589,,,,,1.0,2.6,32.7,,7.2,,,,,0.9,2.5,30.0,,6.6,38.0,0.85,0.65,42.0,18.0,1.8,18.0,22.0,6.0
2026,4,,2026-10-04,13:00,00-0038632,Colton Dowell,colton dowell,TEN,BAL,WR,LOW TARGET,False,,,,,,,,0,0,4,0.2,0.7,0.1,4,16,0.46,0.62,0.0,0.33,0.65,30.81,36.28,29.7,50.0,1.0,0.588,1.03,1.0,1.0,Neutral,1.005,1.085,0.88,1.0,1.005,1.12,1.12,1.005,8.5,-12.0,0.0,0.5,12.0,12.0,0.5,0.03903816199376947,0.0008761682242990654,0.0,0.98851246105919,2.59375,32.70716510903427,33.69567757009346,1.0275506230529594,7.211764018691589,,,,,1.0,2.7,33.7,,7.4,,,,,1.0,3.0,37.7,,7.4,38.0,0.85,0.65,42.0,18.0,1.8,18.0,22.0,6.0
2026,4,,2026-10-04,16:25,00-0039543,Ramel Keyton,ramel keyton,LV,KC,WR,LOW TARGET,True,,,,,,,,0,3,3,0.2,0.7,0.1,3,14,0.32,0.67,0.0,0.85,-1.0,22.49,31.24,29.4,50.0,1.0,0.55,0.97,1.0,1.0,Tough,0.886,0.881,0.88,1.0,0.886,0.962,0.88,0.886,-11.9,-12.0,0.0,-11.4,-3.8,-12.0,-11.4,0.004879770249221185,0.00010952102803738319,0.0,0.12356405763239876,0.4908854166666667,5.255062305295952,5.37862636292835,0.12844382788161995,1.184803835669782,,,,,0.1,0.5,5.1,,1.1,,,,,0.1,0.5,4.5,,1.0,38.0,0.85,0.65,42.0,18.0,1.8,18.0,22.0,6.0
2026,4,,2026-10-04,13:00,00-0033367,C.J. Board,cj board,TEN,BAL,WR,LOW TARGET,False,,,,,,,,0,0,4,0.2,0.7,0.1,4,13,0.57,0.77,0.0,0.4,0.8,28.3,34.78,28.5,50.0,1.0,0.588,1.03,1.0,1.0,Neutral,1.005,1.085,0.88,1.0,1.005,1.12,1.12,1.005,8.5,-12.0,0.0,0.5,12.0,12.0,0.5,0.03903816199376947,0.0008761682242990654,0.0,0.98851246105919,2.59375,32.70716510903427,33.69567757009346,1.0275506230529594,7.211764018691589,,,,,1.0,2.7,33.7,,7.4,,,,,1.0,3.0,37.7,,7.4,38.0,0.85,0.65,42.0,18.0,1.8,18.0,22.0,6.0
2026,4,,2026-10-04,13:00,00-0033114,Mike Thomas,mike thomas,CIN,JAC,WR,LOW TARGET,True,,,,,,,,0,0,5,0.2,0.7,0.1,5,11,1.08,1.77,0.0,3.5,-1.0,23.59,37.11,28.2,50.0,1.0,0.588,0.97,1.0,1.0,Neutral,1.0,1.0,1.0,1.0,1.0,1.0,1.0,1.0,0.0,0.0,0.0,0.0,0.0,0.0,0.0,0.03903816199376947,0.0008761682242990654,0.0,0.98851246105919,2.59375,32.70716510903427,33.69567757009346,1.0275506230529594,7.211764018691589,,,,,1.0,2.5,31.7,,7.0,,,,,1.0,2.5,31.7,,7.0,38.0,0.85,0.65,42.0,18.0,1.8,18.0,22.0,6.0
2026,4,,2026-10-04,09:30,00-0035593,Juwann Winfree,juwann winfree,IND,WAS,WR,LOW TARGET,False,,,,,,,,0,0,4,0.2,0.7,0.1,4,8,0.39,0.94,0.0,0.68,-1.0,25.71,34.98,27.9,50.0,1.0,0.588,0.97,1.0,1.0,Favorable,1.116,1.12,1.12,1.0,1.116,1.12,1.12,1.116,12.0,12.0,0.0,11.6,12.0,12.0,11.6,0.03903816199376947,0.0008761682242990654,0.0,0.98851246105919,2.59375,32.70716510903427,33.69567757009346,1.0275506230529594,7.211764018691589,,,,,1.0,2.5,31.7,,7.0,,,,,1.1,2.8,35.5,,7.8,38.0,0.85,0.65,42.0,18.0,1.8,18.0,22.0,6.0
2026,4,,2026-10-04,16:25,00-0036439,Tyrie Cleveland,tyrie cleveland,DEN,SF,WR,LOW TARGET,False,,,,,,,,0,0,5,0.2,0.7,0.1,5,10,0.75,1.75,0.0,0.0,-1.0,22.75,36.78,27.9,50.0,1.0,0.588,0.97,1.0,1.0,Neutral,1.018,1.019,0.947,1.0,1.018,1.023,0.971,1.018,1.9,-5.3,0.0,1.8,2.3,-2.9,1.8,0.03903816199376947,0.0008761682242990654,0.0,0.98851246105919,2.59375,32.70716510903427,33.69567757009346,1.0275506230529594,7.211764018691589,,,,,1.0,2.5,31.7,,7.0,,,,,1.0,2.6,30.8,,7.1,38.0,0.85,0.65,42.0,18.0,1.8,18.0,22.0,6.0
2026,4,,2026-10-04,13:00,00-0031787,Jake Kumerow,jake kumerow,BUF,NE,WR,LOW TARGET,True,,,,,,,,0,0,5,0.2,0.7,0.1,5,10,1.33,2.37,0.0,3.4,-1.0,22.49,35.92,27.5,50.0,1.0,0.588,0.97,1.0,1.0,Tough,0.908,0.89,0.888,1.0,0.908,0.932,0.88,0.908,-11.0,-11.2,0.0,-9.2,-6.8,-12.0,-9.2,0.03903816199376947,0.0008761682242990654,0.0,0.98851246105919,2.59375,32.70716510903427,33.69567757009346,1.0275506230529594,7.211764018691589,,,,,1.0,2.5,31.7,,7.0,,,,,0.9,2.3,27.9,,6.4,38.0,0.85,0.65,42.0,18.0,1.8,18.0,22.0,6.0
2026,4,,2026-10-04,13:00,00-0036652,Racey McMath,racey mcmath,TEN,BAL,WR,LOW TARGET,False,,,,,,,,0,0,4,0.2,0.7,0.1,4,18,1.78,2.0,0.3,2.05,1.0,23.51,35.13,27.4,50.0,1.0,0.588,1.03,1.0,1.0,Neutral,1.005,1.085,0.88,1.0,1.005,1.12,1.12,1.005,8.5,-12.0,0.0,0.5,12.0,12.0,0.5,0.03903816199376947,0.0008761682242990654,0.0,0.98851246105919,2.59375,32.70716510903427,33.69567757009346,1.0275506230529594,7.211764018691589,,,,,1.0,2.7,33.7,,7.4,,,,,1.0,3.0,37.7,,7.4,38.0,0.85,0.65,42.0,18.0,1.8,18.0,22.0,6.0
2026,4,,2026-10-04,16:25,00-0036247,Freddie Swain,freddie swain,DEN,SF,WR,LOW TARGET,False,,,,,,,,0,0,3,0.2,0.7,0.1,3,18,4.59,2.68,2.0,4.75,1.0,23.65,34.77,27.3,50.0,1.0,0.588,1.03,1.0,1.0,Neutral,1.018,1.019,0.947,1.0,1.018,1.023,0.971,1.018,1.9,-5.3,0.0,1.8,2.3,-2.9,1.8,0.03903816199376947,0.0008761682242990654,0.0,0.98851246105919,2.59375,32.70716510903427,33.69567757009346,1.0275506230529594,7.211764018691589,,,,,1.0,2.7,33.7,,7.4,,,,,1.0,2.8,32.7,,7.5,38.0,0.85,0.65,42.0,18.0,1.8,18.0,22.0,6.0
2026,4,,2026-10-04,13:00,00-0035164,Cody Thompson,cody thompson,TB,GB,WR,LOW TARGET,True,,,,,,,,0,1,3,0.2,0.7,0.1,3,7,0.38,0.79,0.0,1.0,-1.0,21.0,29.34,25.7,50.0,1.0,0.55,0.97,1.0,1.0,Neutral,0.966,0.916,0.903,1.0,0.966,1.007,0.947,0.966,-8.4,-9.7,0.0,-3.4,0.7,-5.3,-3.4,0.004879770249221185,0.00010952102803738319,0.0,0.12356405763239876,0.32421875000000006,4.088395638629285,4.211959696261682,0.12844382788161995,0.9014705023364488,,,,,0.1,0.3,4.0,,0.9,,,,,0.1,0.3,3.8,,0.9,38.0,0.85,0.65,42.0,18.0,1.8,18.0,22.0,6.0
2026,4,,2026-10-04,13:00,00-0038667,Elijah Cooks,elijah cooks,JAC,CIN,WR,LOW TARGET,False,,,,,,,,0,0,4,0.2,0.7,0.1,4,18,1.94,3.07,0.0,1.7,1.0,19.37,31.56,25.0,50.0,1.0,0.588,1.03,1.0,1.0,Neutral,1.053,1.091,0.972,1.0,1.053,0.88,0.88,1.053,9.1,-2.8,0.0,5.3,-12.0,-12.0,5.3,0.03903816199376947,0.0008761682242990654,0.0,0.98851246105919,2.59375,32.70716510903427,33.69567757009346,1.0275506230529594,7.211764018691589,,,,,1.0,2.7,33.7,,7.4,,,,,1.1,2.4,29.7,,7.8,38.0,0.85,0.65,42.0,18.0,1.8,18.0,22.0,6.0
2026,4,,2026-10-04,13:00,00-0036918,Jacob Harris,jacob harris,LAR,PHI,WR,LOW TARGET,False,,,,,,,,0,0,3,0.2,0.7,0.1,3,12,0.76,0.8,0.0,0.8,1.0,20.84,29.73,24.6,50.0,1.0,0.588,1.03,1.0,1.0,Neutral,0.952,0.891,0.88,1.0,0.952,0.966,0.959,0.952,-10.9,-12.0,0.0,-4.8,-3.4,-4.1,-4.8,0.03903816199376947,0.0008761682242990654,0.0,0.98851246105919,2.59375,32.70716510903427,33.69567757009346,1.0275506230529594,7.211764018691589,,,,,1.0,2.7,33.7,,7.4,,,,,1.0,2.6,32.3,,7.0,38.0,0.85,0.65,42.0,18.0,1.8,18.0,22.0,6.0
2026,4,,2026-10-04,20:20,00-0036277,Quintez Cephus,quintez cephus,DET,CAR,WR,LOW TARGET,False,,,,,,,,0,0,3,0.2,0.7,0.1,3,4,1.67,1.75,0.0,1.75,1.0,18.3,29.7,24.0,50.0,1.0,0.588,1.03,1.0,1.0,Neutral,0.992,0.913,0.88,1.0,0.992,0.89,0.88,0.992,-8.7,-12.0,0.0,-0.8,-11.0,-12.0,-0.8,0.03903816199376947,0.0008761682242990654,0.0,0.98851246105919,2.59375,32.70716510903427,33.69567757009346,1.0275506230529594,7.211764018691589,,,,,1.0,2.7,33.7,,7.4,,,,,1.0,2.4,29.7,,7.3,38.0,0.85,0.65,42.0,18.0,1.8,18.0,22.0,6.0
2026,4,,2026-10-05,20:15,00-0040743,Tyler Shough,tyler shough,NO,ATL,QB,STARTING QB,True,,,,,,,,3,11,8,0.2,0.7,0.1,8,18,21.63,2.12,20.46,22.59,0.141,91.08,97.77,89.4,50.0,1.0,1.035,1.017,1.0,1.0,Neutral,0.991,1.009,1.018,1.0,0.991,1.0,1.0,0.991,0.9,1.8,0.0,-0.9,0.0,0.0,-0.9,240.68769717855244,1.3773838953444217,0.0,20.097149787347163,0.0010233918128654974,0.0017909356725146202,20.098940723019677,260.7848469658996,17.218345036834513,244.8,1.4,0.0,265.2,,,,,17.5,247.0,1.43,0.0,267.6,,,,,17.3,54.34,0.85,0.65,58.87,18.0,1.8,18.0,22.0,6.0
2026,4,,2026-10-05,20:15,00-0039917,Michael Penix Jr.,michael penix jr,ATL,NO,QB,STARTING QB,False,,,,,,,,1,14,8,0.2,0.7,0.1,8,18,13.26,5.18,10.21,15.63,-0.336,71.92,92.98,82.7,50.0,1.0,0.863,0.97,1.0,1.0,Neutral,0.999,0.894,0.969,1.0,0.999,1.0,1.0,0.999,-10.6,-3.1,0.0,-0.1,0.0,0.0,-0.1,214.614483725339,0.9784561564166827,0.0,5.565228375425744,0.0010233918128654974,0.0017909356725146202,5.567019311098258,220.17971210076476,12.86069921598869,208.2,0.95,0.0,213.6,,,,,12.5,186.1,0.92,0.0,191.0,,,,,12.5,40.94,0.85,0.65,42.02,18.0,1.8,18.0,22.0,6.0
2026,4,,2026-10-05,20:15,00-0039376,Spencer Rattler,spencer rattler,NO,ATL,QB,QB,True,,,,,,,,0,16,8,0.2,0.7,0.1,8,18,9.33,6.51,8.55,14.48,-0.68,58.91,89.73,78.1,50.0,1.0,0.902,0.97,1.0,1.0,Neutral,0.991,1.009,1.018,1.0,0.991,1.0,1.0,0.991,0.9,1.8,0.0,-0.9,0.0,0.0,-0.9,178.9363395467836,0.8176443713450292,0.0,18.365944809941524,0.06690423976608187,0.002238669590643275,18.368183479532167,197.30228435672518,10.655529239766082,173.6,0.79,0.0,191.4,,,,,10.3,175.2,0.8,0.0,193.1,,,,,10.2,38.54,0.85,0.65,42.48,18.0,1.8,18.0,22.0,6.0
2026,4,,2026-10-05,20:15,00-0031280,Derek Carr,derek carr,NO,ATL,QB,STARTING QB,True,,,,,,,,0,10,8,0.2,0.7,0.1,8,18,14.13,3.94,10.99,15.6,-0.027,78.21,94.55,77.4,50.0,1.0,0.895,0.997,1.0,1.0,Neutral,0.991,1.009,1.018,1.0,0.991,1.0,1.0,0.991,0.9,1.8,0.0,-0.9,0.0,0.0,-0.9,213.5915478801169,1.398894371345029,0.0,8.672194809941521,0.0012792397660818715,0.002238669590643275,8.674433479532164,222.26374269005842,14.71715423976608,212.9,1.39,0.0,221.5,,,,,14.7,214.8,1.42,0.0,223.5,,,,,14.6,47.26,0.85,0.65,49.17,18.0,1.8,18.0,22.0,6.0
2026,4,,2026-10-05,20:15,00-0033662,Cooper Rush,cooper rush,ATL,NO,QB,QB,False,,,,,,,,2,16,8,0.2,0.7,0.1,8,18,2.64,4.38,-0.44,5.81,0.4,37.65,81.87,69.7,50.0,1.0,0.701,1.03,1.0,1.0,Neutral,0.999,0.894,0.969,1.0,0.999,1.0,1.0,0.999,-10.6,-3.1,0.0,-0.1,0.0,0.0,-0.1,136.9312144945698,0.7037583542188808,0.0,4.892398705096075,0.0010233918128654974,0.0017909356725146202,4.89418964076859,141.82361319966586,6.436030534670009,141.0,0.72,0.0,146.1,,,,,6.6,126.1,0.7,0.0,130.6,,,,,6.6,38.0,0.85,0.65,42.0,18.0,1.8,18.0,22.0,6.0
2026,4,,2026-10-05,20:15,00-0038998,Jake Haener,jake haener,NO,ATL,QB,QB,True,,,,,,,,0,8,8,0.2,0.7,0.1,8,15,1.66,2.42,-0.12,2.71,-0.973,40.66,59.43,51.4,50.0,1.0,0.7,0.97,1.0,1.0,Neutral,0.991,1.009,1.018,1.0,0.991,1.0,1.0,0.991,0.9,1.8,0.0,-0.9,0.0,0.0,-0.9,51.26982168964077,0.2515729427736007,0.0,4.529337667084378,0.0012792397660818715,0.002238669590643275,4.5315763366750215,55.79915935672515,3.141547096908939,49.7,0.24,0.0,54.1,,,,,3.0,50.1,0.24,0.0,54.6,,,,,3.0,38.0,0.85,0.65,42.0,18.0,1.8,18.0,22.0,6.0
2026,4,,2026-10-05,20:15,00-0038542,Bijan Robinson,bijan robinson,ATL,NO,RB,FEATURE RB,False,,,,,,,,3,34,8,0.2,0.7,0.1,8,18,24.67,12.06,10.68,32.3,0.009,67.17,91.79,81.0,50.0,1.0,1.2,1.001,1.0,1.0,Neutral,0.999,0.894,0.969,1.0,1.12,0.88,0.892,1.077,-10.6,-3.1,0.0,12.0,-12.0,-10.8,7.7,0.001940993788819876,0.0001552795031055901,0.0,91.5040531548588,3.7895463125961855,33.76174787701643,125.26580103187523,91.50599414864762,21.038691849071647,,,,,91.6,3.8,33.8,125.4,21.1,,,,,102.6,3.3,30.1,135.1,21.1,38.0,0.85,0.65,42.0,35.91,1.8,18.0,45.93,6.33
2026,4,,2026-10-05,20:15,00-0036973,Travis Etienne,travis etienne,NO,ATL,RB,ROTATION RB,True,,,,,,,,3,32,8,0.2,0.7,0.1,8,18,12.85,7.36,8.53,17.75,-0.052,63.59,84.5,77.2,50.0,1.0,0.962,0.994,1.0,1.0,Neutral,0.991,1.009,1.018,1.0,0.968,0.954,0.94,0.961,0.9,1.8,0.0,-3.2,-4.6,-6.0,-3.9,0.001940993788819876,0.0001552795031055901,0.0,49.90634800975089,2.3474299572563955,16.339272941294332,66.24562095104524,49.90828900353971,11.518858745742339,,,,,49.6,2.3,16.2,65.8,11.4,,,,,48.0,2.2,15.2,63.2,11.3,38.0,0.85,0.65,42.0,18.0,1.8,18.0,22.0,6.0
2026,4,,2026-10-05,20:15,00-0039373,Audric Estimé,audric estimé,NO,ATL,RB,ROTATION RB,True,,,,,,,,0,18,8,0.2,0.7,0.1,8,18,9.83,5.21,6.12,12.0,1.0,65.35,77.87,75.0,50.0,1.0,0.6,1.03,1.0,1.0,Neutral,0.991,1.009,1.018,1.0,0.968,0.954,0.94,0.961,0.9,1.8,0.0,-3.2,-4.6,-6.0,-3.9,0.002426242236024845,0.0001940993788819876,0.0,31.005724282466613,1.2195638219055738,9.533947854504122,40.53967213697074,31.00815052470264,6.479980336337434,,,,,31.9,1.3,9.8,41.8,6.7,,,,,30.9,1.2,9.2,40.2,6.6,38.0,0.85,0.65,42.0,18.0,1.8,18.0,22.0,6.0
2026,4,,2026-10-05,20:15,00-0033906,Alvin Kamara,alvin kamara,NO,ATL,RB,ROTATION RB,True,,,,,,,,2,25,8,0.2,0.7,0.1,8,18,6.68,4.11,4.7,8.55,-0.272,61.95,77.27,73.9,50.0,1.0,1.01,0.97,1.0,1.0,Neutral,0.991,1.009,1.018,1.0,0.968,0.954,0.94,0.961,0.9,1.8,0.0,-3.2,-4.6,-6.0,-3.9,0.001940993788819876,0.0001552795031055901,0.0,46.242043478260875,3.2543074534161494,20.891633540372673,67.13367701863355,46.24398447204969,11.09806335403727,,,,,44.9,3.2,20.3,65.1,10.8,,,,,43.5,3.1,19.1,62.6,10.7,38.0,0.85,0.65,42.0,18.0,1.8,18.0,22.0,6.0
2026,4,,2026-10-05,20:15,00-0038551,Kendre Miller,kendre miller,NO,ATL,RB,DEPTH RB,True,,,,,,,,2,13,8,0.2,0.7,0.1,8,18,5.42,3.46,3.42,6.68,-0.398,61.04,68.71,70.2,50.0,1.0,0.6,0.97,1.0,1.0,Neutral,0.991,1.009,1.018,1.0,0.968,0.954,0.94,0.961,0.9,1.8,0.0,-3.2,-4.6,-6.0,-3.9,0.001940993788819876,0.0001552795031055901,0.0,25.270021500238894,0.9673733874820832,5.444787386526518,30.71480888676541,25.271962494027715,5.175176540850455,,,,,24.5,0.9,5.3,29.8,5.0,,,,,23.7,0.9,5.0,28.6,5.0,38.0,0.85,0.65,42.0,18.0,1.8,18.0,22.0,6.0
2026,4,,2026-10-05,20:15,00-0037746,Brian Robinson,brian robinson,ATL,NO,RB,DEPTH RB,False,,,,,,,,3,31,8,0.2,0.7,0.1,8,18,4.98,3.7,2.08,5.02,1.0,57.41,68.45,69.2,50.0,1.0,0.6,1.03,1.0,1.0,Neutral,0.999,0.894,0.969,1.0,1.12,0.88,0.892,1.077,-10.6,-3.1,0.0,12.0,-12.0,-10.8,7.7,0.001940993788819876,0.0001552795031055901,0.0,36.729932879182535,0.8390371001135377,5.523595137914914,42.25352801709744,36.73187387297135,6.8062066720096155,,,,,37.8,0.9,5.7,43.5,7.0,,,,,42.3,0.8,5.1,46.8,7.0,38.0,0.85,0.65,42.0,18.0,1.8,18.0,22.0,6.0
2026,4,,2026-10-05,20:15,00-0040202,Devin Neal,devin neal,NO,ATL,RB,ROTATION RB,True,,,,,,,,0,9,8,0.2,0.7,0.1,8,15,8.58,4.57,3.62,10.42,0.83,65.22,74.9,65.0,50.0,1.0,0.615,1.03,1.0,1.0,Neutral,0.991,1.009,1.018,1.0,0.968,0.954,0.94,0.961,0.9,1.8,0.0,-3.2,-4.6,-6.0,-3.9,0.002426242236024845,0.0001940993788819876,0.0,28.150332125603864,1.9607811421670116,12.79987922705314,40.950211352657,28.15275836783989,7.872954192546585,,,,,29.0,2.0,13.2,42.2,8.1,,,,,28.1,1.9,12.4,40.6,8.0,38.0,0.85,0.65,42.0,18.0,1.8,18.0,22.0,6.0
2026,4,,2026-10-05,20:15,00-0033948,Jamaal Williams,jamaal williams,NO,ATL,RB,DEPTH RB,True,,,,,,,,0,14,8,0.2,0.7,0.1,8,18,1.99,1.35,0.7,3.25,0.423,59.52,61.21,64.4,50.0,1.0,0.6,1.03,1.0,1.0,Neutral,0.991,1.009,1.018,1.0,0.968,0.954,0.94,0.961,0.9,1.8,0.0,-3.2,-4.6,-6.0,-3.9,0.002426242236024845,0.0001940993788819876,0.0,13.041510391782133,0.7579804706163402,5.122605112279024,18.164115504061158,13.043936634018158,3.001662983755376,,,,,13.4,0.8,5.3,18.7,3.1,,,,,13.0,0.8,5.0,18.0,3.1,38.0,0.85,0.65,42.0,18.0,1.8,18.0,22.0,6.0
2026,4,,2026-10-05,20:15,00-0038397,Evan Hull,evan hull,NO,ATL,RB,DEPTH RB,True,,,,,,,,0,6,7,0.2,0.7,0.1,7,18,1.04,0.6,0.7,1.6,-0.638,55.3,56.19,51.3,50.0,1.0,0.6,0.97,1.0,1.0,Neutral,0.991,1.009,1.018,1.0,0.968,0.954,0.94,0.961,0.9,1.8,0.0,-3.2,-4.6,-6.0,-3.9,0.002426242236024845,0.0001940993788819876,0.0,10.722554347826089,0.30175336438923395,2.067934782608696,12.790489130434784,10.724980590062115,1.7937875258799176,,,,,10.4,0.3,2.0,12.4,1.7,,,,,10.1,0.3,1.9,11.9,1.7,38.0,0.85,0.65,42.0,18.0,1.8,18.0,22.0,6.0
2026,4,,2026-10-05,20:15,00-0027966,Mark Ingram,mark ingram,NO,ATL,RB,DEPTH RB,True,,,,,,,,0,0,8,0.2,0.7,0.1,8,13,5.14,3.25,3.0,7.42,-0.219,61.26,68.84,50.4,50.0,1.0,0.602,0.974,1.0,1.0,Neutral,0.991,1.009,1.018,1.0,0.968,0.954,0.94,0.961,0.9,1.8,0.0,-3.2,-4.6,-6.0,-3.9,0.019409937888198756,0.0015527950310559005,0.0,32.9804347826087,1.5473602484472049,11.343478260869565,44.323913043478264,32.999844720496895,7.683633540372671,,,,,32.1,1.5,11.0,43.2,7.5,,,,,31.1,1.4,10.3,41.5,7.4,38.0,0.85,0.65,42.0,18.0,1.8,18.0,22.0,6.0
2026,4,,2026-10-05,20:15,00-0036829,Caleb Huntley,caleb huntley,ATL,NO,RB,DEPTH RB,False,,,,,,,,0,0,8,0.2,0.7,0.1,8,15,2.53,2.26,1.68,3.25,-0.488,52.92,61.12,45.2,50.0,1.0,0.602,0.97,1.0,1.0,Neutral,0.999,0.894,0.969,1.0,1.12,0.88,0.892,1.077,-10.6,-3.1,0.0,12.0,-12.0,-10.8,7.7,0.019409937888198756,0.0015527950310559005,0.0,32.9804347826087,1.5473602484472049,11.343478260869565,44.323913043478264,32.999844720496895,7.683633540372671,,,,,32.0,1.5,11.0,43.0,7.5,,,,,35.8,1.3,9.8,46.3,7.5,38.0,0.85,0.65,42.0,18.0,1.8,18.0,22.0,6.0
2026,4,,2026-10-05,20:15,00-0036383,Eno Benjamin,eno benjamin,NO,ATL,RB,DEPTH RB,True,,,,,,,,0,0,8,0.2,0.7,0.1,8,18,4.54,6.58,0.25,8.75,-0.73,40.85,61.19,42.2,50.0,1.0,0.602,0.97,1.0,1.0,Neutral,0.991,1.009,1.018,1.0,0.968,0.954,0.94,0.961,0.9,1.8,0.0,-3.2,-4.6,-6.0,-3.9,0.019409937888198756,0.0015527950310559005,0.0,32.9804347826087,1.5473602484472049,11.343478260869565,44.323913043478264,32.999844720496895,7.683633540372671,,,,,32.0,1.5,11.0,43.0,7.5,,,,,31.0,1.4,10.3,41.3,7.4,38.0,0.85,0.65,42.0,18.0,1.8,18.0,22.0,6.0
2026,4,,2026-10-05,20:15,00-0034367,Nyheim Hines,nyheim hines,NO,ATL,RB,DEPTH RB,True,,,,,,,,0,4,8,0.2,0.7,0.1,8,18,2.41,4.16,0.0,3.58,-1.0,36.62,50.66,41.9,50.0,1.0,0.6,0.97,1.0,1.0,Neutral,0.991,1.009,1.018,1.0,0.968,0.954,0.94,0.961,0.9,1.8,0.0,-3.2,-4.6,-6.0,-3.9,0.002426242236024845,0.0001940993788819876,0.0,3.6225543478260875,0.19342003105590064,1.4179347826086959,5.040489130434784,3.624980590062113,0.910454192546584,,,,,3.5,0.2,1.4,4.9,0.9,,,,,3.4,0.2,1.3,4.7,0.9,38.0,0.85,0.65,42.0,18.0,1.8,18.0,22.0,6.0
2026,4,,2026-10-05,20:15,00-0041326,CJ Donaldson,cj donaldson,NO,ATL,RB,DEPTH RB,True,,,,,,,,3,0,3,0.2,0.7,0.1,3,3,0.53,0.35,0.35,0.85,-0.583,27.79,36.27,36.5,50.0,1.0,0.6,0.97,1.0,1.0,Neutral,0.991,1.009,1.018,1.0,0.968,0.954,0.94,0.961,0.9,1.8,0.0,-3.2,-4.6,-6.0,-3.9,0.006469979296066251,0.0005175983436853001,0.0,13.533160800552103,0.6427708764665285,3.527191166321601,17.060351966873707,13.539630779848169,2.9167667356797793,,,,,13.1,0.6,3.4,16.5,2.8,,,,,12.7,0.6,3.2,15.9,2.8,38.0,0.85,0.65,42.0,18.0,1.8,18.0,22.0,6.0
2026,4,,2026-10-05,20:15,00-0032187,David Johnson,david johnson,NO,ATL,RB,DEPTH RB,True,,,,,,,,0,0,4,0.2,0.7,0.1,4,18,2.76,2.12,1.07,3.75,1.0,28.29,41.39,31.1,50.0,1.0,0.602,1.03,1.0,1.0,Neutral,0.991,1.009,1.018,1.0,0.968,0.954,0.94,0.961,0.9,1.8,0.0,-3.2,-4.6,-6.0,-3.9,0.019409937888198756,0.0015527950310559005,0.0,32.9804347826087,1.5473602484472049,11.343478260869565,44.323913043478264,32.999844720496895,7.683633540372671,,,,,34.0,1.6,11.7,45.7,7.9,,,,,32.9,1.5,11.0,43.9,7.8,38.0,0.85,0.65,42.0,18.0,1.8,18.0,22.0,6.0
2026,4,,2026-10-05,20:15,00-0036040,Juwan Johnson,juwan johnson,NO,ATL,TE,REGULAR TARGET,True,,,,,,,,3,32,8,0.2,0.7,0.1,8,18,13.44,5.59,7.62,15.03,0.288,70.62,67.81,72.3,50.0,1.0,0.772,1.03,1.0,1.0,Neutral,0.991,1.009,1.018,1.0,0.991,0.898,0.94,0.991,0.9,1.8,0.0,-0.9,-10.2,-6.0,-0.9,0.007801556420233465,7.782101167315177e-05,0.0,0.03317120622568094,4.250682547651922,47.10347236666727,47.13664357289295,0.04097276264591441,10.877635949631518,,,,,0.0,4.4,48.5,,11.2,,,,,0.0,4.0,45.6,,11.1,38.0,0.85,0.65,42.0,18.0,1.8,18.0,22.0,6.0
2026,4,,2026-10-05,20:15,00-0032392,Austin Hooper,austin hooper,ATL,NO,TE,LOW TARGET,False,,,,,,,,2,30,8,0.2,0.7,0.1,8,18,5.26,3.16,2.62,7.45,-0.318,62.47,59.92,67.1,50.0,1.0,0.55,0.97,1.0,1.0,Neutral,0.999,0.894,0.969,1.0,0.999,1.12,1.101,0.999,-10.6,-3.1,0.0,-0.1,12.0,10.1,-0.1,0.007801556420233465,7.782101167315177e-05,0.0,0.03317120622568094,2.1309566617469478,22.066122334885925,22.099293541111606,0.04097276264591441,5.979027012452641,,,,,0.0,2.1,21.4,,5.8,,,,,0.0,2.4,23.6,,5.8,38.0,0.85,0.65,42.0,18.0,1.8,18.0,22.0,6.0
2026,4,,2026-10-05,20:15,00-0033357,Taysom Hill,taysom hill,NO,ATL,TE,LOW TARGET,True,,,,,,,,0,21,8,0.2,0.7,0.1,8,18,3.85,5.25,0.15,3.05,1.0,42.31,61.19,62.6,50.0,1.0,0.55,1.03,1.0,1.0,Neutral,0.991,1.009,1.018,1.0,0.991,0.898,0.94,0.991,0.9,1.8,0.0,-0.9,-10.2,-6.0,-0.9,3.5686805169538633,0.056049657216972394,0.0,14.48015448397258,1.6094265332592186,13.919516629609047,28.399671113581626,18.04883500092644,6.065658560311285,,,,,14.9,1.7,14.3,29.3,6.2,,,,,14.8,1.5,13.4,29.0,6.1,38.0,0.85,0.65,42.0,18.0,1.8,18.0,22.0,6.0
2026,4,,2026-10-05,20:15,00-0036970,Kyle Pitts,kyle pitts,ATL,NO,TE,REGULAR TARGET,False,,,,,,,,3,34,8,0.2,0.7,0.1,8,18,9.6,12.7,2.25,15.93,-0.883,43.04,59.88,62.2,50.0,1.0,0.7,0.97,1.0,1.0,Neutral,0.999,0.894,0.969,1.0,0.999,1.12,1.101,0.999,-10.6,-3.1,0.0,-0.1,12.0,10.1,-0.1,0.007801556420233465,7.782101167315177e-05,0.0,0.03317120622568094,3.34225474837972,36.673616868749626,36.70678807497531,0.04097276264591441,8.293760818200646,,,,,0.0,3.2,35.6,,8.0,,,,,0.0,3.6,39.2,,8.0,38.0,0.85,0.65,42.0,18.0,1.8,18.0,22.0,6.0
2026,4,,2026-10-05,20:15,00-0035644,Noah Fant,noah fant,NO,ATL,TE,LOW TARGET,True,,,,,,,,3,27,8,0.2,0.7,0.1,8,18,5.85,7.72,0.0,5.2,1.0,43.13,55.33,60.4,50.0,1.0,0.55,1.03,1.0,1.0,Neutral,0.991,1.009,1.018,1.0,0.991,0.898,0.94,0.991,0.9,1.8,0.0,-0.9,-10.2,-6.0,-0.9,0.007801556420233465,7.782101167315177e-05,0.0,0.03317120622568094,2.780890839956988,25.90563365370759,25.93880485993327,0.04097276264591441,7.338586188908369,,,,,0.0,2.9,26.7,,7.6,,,,,0.0,2.6,25.1,,7.5,38.0,0.85,0.65,42.0,18.0,1.8,18.0,22.0,6.0
2026,4,,2026-10-05,20:15,00-0036429,Charlie Woerner,charlie woerner,ATL,NO,TE,LOW TARGET,False,,,,,,,,1,19,8,0.2,0.7,0.1,8,18,1.53,1.81,0.0,2.6,-0.882,45.77,53.55,60.4,50.0,1.0,0.55,0.97,1.0,1.0,Neutral,0.999,0.894,0.969,1.0,0.999,1.12,1.101,0.999,-10.6,-3.1,0.0,-0.1,12.0,10.1,-0.1,0.007801556420233465,7.782101167315177e-05,0.0,0.03317120622568094,0.8199221789883269,5.981177213461669,6.014348419687351,0.04097276264591441,1.521435620178852,,,,,0.0,0.8,5.8,,1.5,,,,,0.0,0.9,6.4,,1.5,38.0,0.85,0.65,42.0,18.0,1.8,18.0,22.0,6.0
2026,4,,2026-10-05,20:15,00-0036741,Jack Stoll,jack stoll,NO,ATL,TE,LOW TARGET,True,,,,,,,,0,14,8,0.2,0.7,0.1,8,18,1.62,2.47,0.0,1.7,0.467,39.62,52.22,55.8,50.0,1.0,0.55,1.03,1.0,1.0,Neutral,0.991,1.009,1.018,1.0,0.991,0.898,0.94,0.991,0.9,1.8,0.0,-0.9,-10.2,-6.0,-0.9,0.00975194552529183,9.727626459143971e-05,0.0,0.04146400778210117,0.7996279984606833,6.468326153418567,6.509790161200669,0.05121595330739301,1.9383426262453503,,,,,0.0,0.8,6.7,,2.0,,,,,0.0,0.7,6.3,,2.0,38.0,0.85,0.65,42.0,18.0,1.8,18.0,22.0,6.0
2026,4,,2026-10-05,20:15,00-0035572,Parker Hesse,parker hesse,ATL,NO,TE,LOW TARGET,False,,,,,,,,0,0,8,0.2,0.7,0.1,8,18,1.16,0.98,0.0,1.9,-0.244,54.18,54.78,43.0,50.0,1.0,0.55,0.971,1.0,1.0,Neutral,0.999,0.894,0.969,1.0,0.999,1.12,1.101,0.999,-10.6,-3.1,0.0,-0.1,12.0,10.1,-0.1,0.07801556420233463,0.0007782101167315176,0.0,0.3317120622568093,2.1992217898832687,22.460894941634237,22.79260700389105,0.409727626459144,5.479268482490272,,,,,0.3,2.1,21.8,,5.3,,,,,0.3,2.4,24.0,,5.3,38.0,0.85,0.65,42.0,18.0,1.8,18.0,22.0,6.0
2026,4,,2026-10-05,20:15,00-0037277,Teagan Quitoriano,teagan quitoriano,ATL,NO,TE,LOW TARGET,False,,,,,,,,0,2,8,0.2,0.7,0.1,8,18,2.43,3.67,0.0,4.35,-0.761,39.81,51.76,40.7,50.0,1.0,0.55,0.97,1.0,1.0,Neutral,0.999,0.894,0.969,1.0,0.999,1.12,1.101,0.999,-10.6,-3.1,0.0,-0.1,12.0,10.1,-0.1,0.00975194552529183,9.727626459143971e-05,0.0,0.04146400778210117,0.27490272373540864,2.80761186770428,2.8490758754863816,0.05121595330739301,0.6849085603112841,,,,,0.0,0.3,2.7,,0.7,,,,,0.0,0.3,3.0,,0.7,38.0,0.85,0.65,42.0,18.0,1.8,18.0,22.0,6.0
2026,4,,2026-10-05,20:15,00-0027696,Jimmy Graham,jimmy graham,NO,ATL,TE,LOW TARGET,True,,,,,,,,0,0,6,0.2,0.7,0.1,6,15,6.47,3.78,1.9,8.62,1.0,47.35,48.15,38.6,50.0,1.0,0.55,1.03,1.0,1.0,Neutral,0.991,1.009,1.018,1.0,0.991,0.898,0.94,0.991,0.9,1.8,0.0,-0.9,-10.2,-6.0,-0.9,0.07801556420233463,0.0007782101167315176,0.0,0.3317120622568093,2.1992217898832687,22.460894941634237,22.79260700389105,0.409727626459144,5.479268482490272,,,,,0.3,2.3,23.1,,5.6,,,,,0.3,2.1,21.7,,5.5,38.0,0.85,0.65,42.0,18.0,1.8,18.0,22.0,6.0
2026,4,,2026-10-05,20:15,00-0039613,Dallin Holker,dallin holker,NO,ATL,TE,LOW TARGET,True,,,,,,,,0,3,3,0.2,0.7,0.1,3,18,2.14,1.15,1.0,2.55,1.0,24.42,34.36,31.1,50.0,1.0,0.55,1.03,1.0,1.0,Neutral,0.991,1.009,1.018,1.0,0.991,0.898,0.94,0.991,0.9,1.8,0.0,-0.9,-10.2,-6.0,-0.9,0.00975194552529183,9.727626459143971e-05,0.0,0.04146400778210117,1.3999027237354087,10.30761186770428,10.349075875486381,0.05121595330739301,2.5599085603112837,,,,,0.0,1.4,10.6,,2.6,,,,,0.0,1.3,10.0,,2.6,38.0,0.85,0.65,42.0,18.0,1.8,18.0,22.0,6.0
2026,4,,2026-10-05,20:15,00-0037340,Zaire Mitchell-Paden,zaire mitchell paden,NO,ATL,TE,LOW TARGET,True,,,,,,,,0,3,3,0.2,0.7,0.1,3,10,1.58,0.91,0.65,1.85,1.0,23.81,32.62,30.3,50.0,1.0,0.55,1.03,1.0,1.0,Neutral,0.991,1.009,1.018,1.0,0.991,0.898,0.94,0.991,0.9,1.8,0.0,-0.9,-10.2,-6.0,-0.9,0.00975194552529183,9.727626459143971e-05,0.0,0.04146400778210117,0.983236057068742,9.515945201037614,9.557409208819715,0.05121595330739301,2.0640752269779505,,,,,0.0,1.0,9.8,,2.1,,,,,0.0,0.9,9.2,,2.1,38.0,0.85,0.65,42.0,18.0,1.8,18.0,22.0,6.0
2026,4,,2026-10-05,20:15,00-0037317,Nick Muse,nick muse,ATL,NO,TE,LOW TARGET,False,,,,,,,,2,0,3,0.2,0.7,0.1,3,18,0.61,1.26,0.0,1.6,-1.0,16.62,26.41,27.2,50.0,1.0,0.55,0.97,1.0,1.0,Neutral,0.999,0.894,0.969,1.0,0.999,1.12,1.101,0.999,-10.6,-3.1,0.0,-0.1,12.0,10.1,-0.1,0.026005188067444875,0.00025940337224383917,0.0,0.11057068741893643,0.7330739299610896,7.486964980544745,7.597535667963683,0.1365758754863813,1.8264228274967573,,,,,0.1,0.7,7.3,,1.8,,,,,0.1,0.8,8.0,,1.8,38.0,0.85,0.65,42.0,18.0,1.8,18.0,22.0,6.0
2026,4,,2026-10-05,20:15,00-0037239,Chris Olave,chris olave,NO,ATL,WR,HIGH TARGET,True,,,,,,,,3,24,8,0.2,0.7,0.1,8,18,22.8,7.75,18.45,26.47,-0.153,74.64,78.03,77.4,50.0,1.0,1.18,0.982,1.0,1.0,Neutral,0.991,1.009,1.018,1.0,0.991,1.044,1.048,0.991,0.9,1.8,0.0,-0.9,4.4,4.8,-0.9,0.0039038161993769477,8.761682242990656e-05,0.0,0.12421356494649873,6.039499223602485,74.49307675935064,74.61729032429716,0.1281173811458757,16.000710563359846,,,,,0.1,5.9,73.1,,15.7,,,,,0.1,6.2,76.6,,15.6,38.0,0.85,0.65,42.0,18.0,2.36,29.11,22.0,6.0
2026,4,,2026-10-05,20:15,00-0033572,Jamal Agnew,jamal agnew,ATL,NO,WR,LOW TARGET,False,,,,,,,,0,11,8,0.2,0.7,0.1,8,18,0.0,0.0,0.0,0.0,0.0,100.0,65.0,72.2,50.0,1.0,0.55,1.0,1.0,1.0,Neutral,0.999,0.894,0.969,1.0,0.999,0.883,0.88,0.999,-10.6,-3.1,0.0,-0.1,-11.7,-12.0,-0.1,0.004879770249221185,0.00010952102803738319,0.0,0.12356405763239876,0.32421875000000006,4.088395638629285,4.211959696261682,0.12844382788161995,0.9014705023364488,,,,,0.1,0.3,4.1,,0.9,,,,,0.1,0.3,3.6,,0.9,38.0,0.85,0.65,42.0,18.0,1.8,18.0,22.0,6.0
2026,4,,2026-10-05,20:15,00-0039424,Devaughn Vele,devaughn vele,NO,ATL,WR,REGULAR TARGET,True,,,,,,,,3,22,8,0.2,0.7,0.1,8,18,11.57,6.21,6.85,13.9,-0.095,65.07,67.76,70.9,50.0,1.0,0.684,0.989,1.0,1.0,Neutral,0.991,1.009,1.018,1.0,0.991,1.044,1.048,0.991,0.9,1.8,0.0,-0.9,4.4,4.8,-0.9,0.0039038161993769477,8.761682242990656e-05,0.0,0.09885124610591901,3.212621753246753,38.408811748998666,38.50766299510459,0.10275506230529596,8.429791120483877,,,,,0.1,3.2,38.0,,8.3,,,,,0.1,3.3,39.8,,8.2,38.0,0.85,0.65,42.0,18.0,1.8,18.0,22.0,6.0
2026,4,,2026-10-05,20:15,00-0037238,Drake London,drake london,ATL,NO,WR,REGULAR TARGET,False,,,,,,,,3,29,8,0.2,0.7,0.1,8,18,13.83,9.45,5.65,20.27,0.719,59.4,67.05,69.2,50.0,1.0,1.18,1.03,1.0,1.0,Neutral,0.999,0.894,0.969,1.0,0.999,0.883,0.88,0.999,-10.6,-3.1,0.0,-0.1,-11.7,-12.0,-0.1,0.0039038161993769477,8.761682242990656e-05,0.0,0.12832579454598472,5.487207512315272,80.1386147046637,80.2669404992097,0.13222961074536166,16.004756040621213,,,,,0.1,5.7,82.5,,16.5,,,,,0.1,5.0,72.6,,16.5,38.0,0.85,0.65,42.0,18.0,1.9,27.59,22.0,6.0
2026,4,,2026-10-05,20:15,00-0037741,Jahan Dotson,jahan dotson,ATL,NO,WR,LOW TARGET,False,,,,,,,,3,29,8,0.2,0.7,0.1,8,18,2.95,1.95,1.9,3.4,-0.283,60.22,61.34,67.1,50.0,1.0,0.55,0.97,1.0,1.0,Neutral,0.999,0.894,0.969,1.0,0.999,0.883,0.88,0.999,-10.6,-3.1,0.0,-0.1,-11.7,-12.0,-0.1,0.0039038161993769477,8.761682242990656e-05,0.0,0.31658523625370233,1.436879105090312,17.738286297438734,18.054871533692438,0.32048905245307924,3.538639456056351,,,,,0.3,1.4,17.2,,3.4,,,,,0.3,1.2,15.1,,3.4,38.0,0.85,0.65,42.0,18.0,1.8,18.0,22.0,6.0
2026,4,,2026-10-05,20:15,00-0035208,Olamide Zaccheaus,olamide zaccheaus,ATL,NO,WR,LOW TARGET,False,,,,,,,,3,30,8,0.2,0.7,0.1,8,18,3.0,2.47,1.45,4.25,-0.593,54.83,58.34,64.5,50.0,1.0,0.557,0.97,1.0,1.0,Neutral,0.999,0.894,0.969,1.0,0.999,0.883,0.88,0.999,-10.6,-3.1,0.0,-0.1,-11.7,-12.0,-0.1,0.0039038161993769477,8.761682242990656e-05,0.0,0.925747797830057,2.5056475779967164,23.158335558522477,24.08408335635253,0.929651614029434,5.811314332903642,,,,,0.9,2.4,22.5,,5.6,,,,,0.9,2.1,19.8,,5.6,38.0,0.85,0.65,42.0,18.0,1.8,18.0,22.0,6.0
2026,4,,2026-10-05,20:15,00-0037231,Kevin Austin Jr.,kevin austin jr,NO,ATL,WR,LOW TARGET,True,,,,,,,,1,13,8,0.2,0.7,0.1,8,18,5.49,4.7,2.15,6.65,1.0,53.88,59.95,63.7,50.0,1.0,0.55,1.03,1.0,1.0,Neutral,0.991,1.009,1.018,1.0,0.991,1.044,1.048,0.991,0.9,1.8,0.0,-0.9,4.4,4.8,-0.9,0.0039038161993769477,8.761682242990656e-05,0.0,0.4450050922597652,1.8555288461538464,21.063024203211118,21.508029295470887,0.44890890845914216,4.569637940330698,,,,,0.5,1.9,21.7,,4.7,,,,,0.5,2.0,22.7,,4.7,38.0,0.85,0.65,42.0,18.0,1.8,18.0,22.0,6.0
2026,4,,2026-10-05,20:15,00-0039623,Mason Tipton,mason tipton,NO,ATL,WR,LOW TARGET,True,,,,,,,,0,17,8,0.2,0.7,0.1,8,16,3.02,3.27,0.0,5.25,-0.179,48.01,57.25,62.4,50.0,1.0,0.55,0.979,1.0,1.0,Neutral,0.991,1.009,1.018,1.0,0.991,1.044,1.048,0.991,0.9,1.8,0.0,-0.9,4.4,4.8,-0.9,0.004879770249221185,0.00010952102803738319,0.0,1.3450714105735753,1.6302849264705883,13.263947109217519,14.609018519791096,1.3499511808227964,3.2472425611599784,,,,,1.3,1.6,13.0,,3.2,,,,,1.3,1.7,13.6,,3.2,38.0,0.85,0.65,42.0,18.0,1.8,18.0,22.0,6.0
2026,4,,2026-10-05,20:15,00-0034860,Dante Pettis,dante pettis,NO,ATL,WR,LOW TARGET,True,,,,,,,,0,16,8,0.2,0.7,0.1,8,18,3.2,4.28,0.0,3.38,1.0,42.77,53.81,59.7,50.0,1.0,0.55,1.03,1.0,1.0,Neutral,0.991,1.009,1.018,1.0,0.991,1.044,1.048,0.991,0.9,1.8,0.0,-0.9,4.4,4.8,-0.9,0.004879770249221185,0.00010952102803738319,0.0,0.12356405763239876,1.5398437500000002,19.032145638629288,19.155709696261685,0.12844382788161995,3.855220502336449,,,,,0.1,1.6,19.6,,4.0,,,,,0.1,1.7,20.5,,4.0,38.0,0.85,0.65,42.0,18.0,1.8,18.0,22.0,6.0
2026,4,,2026-10-05,20:15,00-0035359,David Sills,david sills,ATL,NO,WR,LOW TARGET,False,,,,,,,,0,12,8,0.2,0.7,0.1,8,18,5.25,4.83,1.58,9.53,-0.622,52.1,59.3,59.2,50.0,1.0,0.55,0.97,1.0,1.0,Neutral,0.999,0.894,0.969,1.0,0.999,0.883,0.88,0.999,-10.6,-3.1,0.0,-0.1,-11.7,-12.0,-0.1,0.004879770249221185,0.00010952102803738319,0.0,0.12356405763239876,1.7389914772727273,19.67741079014444,19.800974847776835,0.12844382788161995,4.750144744760691,,,,,0.1,1.7,19.1,,4.6,,,,,0.1,1.5,16.8,,4.6,38.0,0.85,0.65,42.0,18.0,1.8,18.0,22.0,6.0
2026,4,,2026-10-05,20:15,00-0037487,Deven Thompkins,deven thompkins,ATL,NO,WR,LOW TARGET,False,,,,,,,,0,12,8,0.2,0.7,0.1,8,18,0.72,1.46,0.0,1.02,-1.0,40.7,51.04,53.1,50.0,1.0,0.55,0.97,1.0,1.0,Neutral,0.999,0.894,0.969,1.0,0.999,0.883,0.88,0.999,-10.6,-3.1,0.0,-0.1,-11.7,-12.0,-0.1,0.004879770249221185,0.00010952102803738319,0.0,0.9985640576323987,0.7522490530303031,7.143319881053526,8.141883938685925,1.00344382788162,1.7224932296091762,,,,,1.0,0.7,6.9,,1.7,,,,,1.0,0.6,6.1,,1.7,38.0,0.85,0.65,42.0,18.0,1.8,18.0,22.0,6.0
2026,4,,2026-10-05,20:15,00-0039394,Casey Washington,casey washington,ATL,NO,WR,LOW TARGET,False,,,,,,,,0,7,7,0.2,0.7,0.1,7,11,2.59,1.91,1.2,3.2,-0.326,50.36,53.32,50.2,50.0,1.0,0.55,0.97,1.0,1.0,Neutral,0.999,0.894,0.969,1.0,0.999,0.883,0.88,0.999,-10.6,-3.1,0.0,-0.1,-11.7,-12.0,-0.1,0.004879770249221185,0.00010952102803738319,0.0,0.12356405763239876,1.1813616071428572,18.19553849577214,18.31910255340454,0.12844382788161995,3.169327645193592,,,,,0.1,1.1,17.6,,3.1,,,,,0.1,1.0,15.5,,3.1,38.0,0.85,0.65,42.0,18.0,1.8,18.0,22.0,6.0
2026,4,,2026-10-05,20:15,00-0032765,Michael Thomas,michael thomas,NO,ATL,WR,REGULAR TARGET,True,,,,,,,,0,0,8,0.2,0.7,0.1,8,10,7.47,4.82,7.45,10.85,-0.617,60.76,64.47,48.5,50.0,1.0,0.588,0.97,1.0,1.0,Neutral,0.991,1.009,1.018,1.0,0.991,1.044,1.048,0.991,0.9,1.8,0.0,-0.9,4.4,4.8,-0.9,0.03903816199376947,0.0008761682242990654,0.0,0.98851246105919,2.59375,32.70716510903427,33.69567757009346,1.0275506230529594,7.211764018691589,,,,,1.0,2.5,31.7,,7.0,,,,,1.0,2.6,33.2,,6.9,38.0,0.85,0.65,42.0,18.0,1.8,18.0,22.0,6.0
2026,4,,2026-10-05,20:15,00-0038647,Ronnie Bell,ronnie bell,NO,ATL,WR,LOW TARGET,True,,,,,,,,0,6,8,0.2,0.7,0.1,8,18,2.95,4.01,0.0,3.53,1.0,42.37,53.9,47.2,50.0,1.0,0.55,1.03,1.0,1.0,Neutral,0.991,1.009,1.018,1.0,0.991,1.044,1.048,0.991,0.9,1.8,0.0,-0.9,4.4,4.8,-0.9,0.004879770249221185,0.00010952102803738319,0.0,0.12356405763239876,0.9325520833333335,10.963395638629285,11.086959696261683,0.12844382788161995,3.4473038356697825,,,,,0.1,1.0,11.3,,3.6,,,,,0.1,1.0,11.8,,3.6,38.0,0.85,0.65,42.0,18.0,1.8,18.0,22.0,6.0
2026,4,,2026-10-05,20:15,00-0031382,Jarvis Landry,jarvis landry,NO,ATL,WR,LOW TARGET,True,,,,,,,,0,0,8,0.2,0.7,0.1,8,15,4.87,3.56,3.85,6.55,-0.688,57.81,60.56,46.2,50.0,1.0,0.588,0.97,1.0,1.0,Neutral,0.991,1.009,1.018,1.0,0.991,1.044,1.048,0.991,0.9,1.8,0.0,-0.9,4.4,4.8,-0.9,0.03903816199376947,0.0008761682242990654,0.0,0.98851246105919,2.59375,32.70716510903427,33.69567757009346,1.0275506230529594,7.211764018691589,,,,,1.0,2.5,31.7,,7.0,,,,,1.0,2.6,33.2,,6.9,38.0,0.85,0.65,42.0,18.0,1.8,18.0,22.0,6.0
2026,4,,2026-10-05,20:15,00-0036463,Chris Blair,chris blair,ATL,NO,WR,LOW TARGET,False,,,,,,,,3,3,6,0.2,0.7,0.1,6,17,1.07,1.02,0.0,1.9,0.3,38.36,44.27,46.0,50.0,1.0,0.55,1.03,1.0,1.0,Neutral,0.999,0.894,0.969,1.0,0.999,0.883,0.88,0.999,-10.6,-3.1,0.0,-0.1,-11.7,-12.0,-0.1,0.0039038161993769477,8.761682242990656e-05,0.0,0.09885124610591901,0.45937500000000003,5.937383177570095,6.036234423676013,0.10275506230529596,1.3783192590120164,,,,,0.1,0.5,6.1,,1.4,,,,,0.1,0.4,5.4,,1.4,38.0,0.85,0.65,42.0,18.0,1.8,18.0,22.0,6.0
2026,4,,2026-10-05,20:15,00-0036364,Lynn Bowden,lynn bowden,NO,ATL,WR,LOW TARGET,True,,,,,,,,0,0,8,0.2,0.7,0.1,8,18,2.95,2.26,1.2,4.53,-0.204,56.62,58.9,45.2,50.0,1.0,0.588,0.976,1.0,1.0,Neutral,0.991,1.009,1.018,1.0,0.991,1.044,1.048,0.991,0.9,1.8,0.0,-0.9,4.4,4.8,-0.9,0.03903816199376947,0.0008761682242990654,0.0,0.98851246105919,2.59375,32.70716510903427,33.69567757009346,1.0275506230529594,7.211764018691589,,,,,1.0,2.5,31.9,,7.0,,,,,1.0,2.6,33.4,,6.9,38.0,0.85,0.65,42.0,18.0,1.8,18.0,22.0,6.0
2026,4,,2026-10-05,20:15,00-0037098,Samori Toure,samori toure,NO,ATL,WR,LOW TARGET,True,,,,,,,,0,1,8,0.2,0.7,0.1,8,18,1.75,1.54,1.07,2.55,-0.83,53.18,57.26,44.9,50.0,1.0,0.55,0.97,1.0,1.0,Neutral,0.991,1.009,1.018,1.0,0.991,1.044,1.048,0.991,0.9,1.8,0.0,-0.9,4.4,4.8,-0.9,0.004879770249221185,0.00010952102803738319,0.0,0.12356405763239876,1.19921875,6.713395638629284,6.836959696261682,0.12844382788161995,2.038970502336449,,,,,0.1,1.2,6.5,,2.0,,,,,0.1,1.3,6.8,,2.0,38.0,0.85,0.65,42.0,18.0,1.8,18.0,22.0,6.0
2026,4,,2026-10-05,20:15,00-0038612,A.T. Perry,at perry,NO,ATL,WR,LOW TARGET,True,,,,,,,,0,0,8,0.2,0.7,0.1,8,18,8.17,6.53,3.42,10.82,1.0,55.59,57.68,44.5,50.0,1.0,0.588,1.03,1.0,1.0,Neutral,0.991,1.009,1.018,1.0,0.991,1.044,1.048,0.991,0.9,1.8,0.0,-0.9,4.4,4.8,-0.9,0.03903816199376947,0.0008761682242990654,0.0,0.98851246105919,2.59375,32.70716510903427,33.69567757009346,1.0275506230529594,7.211764018691589,,,,,1.0,2.7,33.7,,7.4,,,,,1.0,2.8,35.3,,7.3,38.0,0.85,0.65,42.0,18.0,1.8,18.0,22.0,6.0
2026,4,,2026-10-05,20:15,00-0036219,Marquez Callaway,marquez callaway,NO,ATL,WR,LOW TARGET,True,,,,,,,,0,0,8,0.2,0.7,0.1,8,18,2.35,2.25,1.2,4.35,-0.86,51.05,57.49,43.3,50.0,1.0,0.588,0.97,1.0,1.0,Neutral,0.991,1.009,1.018,1.0,0.991,1.044,1.048,0.991,0.9,1.8,0.0,-0.9,4.4,4.8,-0.9,0.03903816199376947,0.0008761682242990654,0.0,0.98851246105919,2.59375,32.70716510903427,33.69567757009346,1.0275506230529594,7.211764018691589,,,,,1.0,2.5,31.7,,7.0,,,,,1.0,2.6,33.2,,6.9,38.0,0.85,0.65,42.0,18.0,1.8,18.0,22.0,6.0
2026,4,,2026-10-05,20:15,00-0039614,Jermaine Jackson,jermaine jackson,NO,ATL,WR,LOW TARGET,True,,,,,,,,0,4,4,0.2,0.7,0.1,4,10,-0.03,0.05,-0.03,0.0,-0.05,47.84,44.42,42.2,50.0,1.0,0.55,0.994,1.0,1.0,Neutral,0.991,1.009,1.018,1.0,0.991,1.044,1.048,0.991,0.9,1.8,0.0,-0.9,4.4,4.8,-0.9,0.004879770249221185,0.00010952102803738319,0.0,-0.12643594236760125,0.32421875000000006,4.088395638629285,3.9619596962616823,-0.12155617211838005,0.8764705023364487,,,,,-0.1,0.3,4.1,,0.9,,,,,-0.1,0.3,4.3,,0.9,38.0,0.85,0.65,42.0,18.0,1.8,18.0,22.0,6.0
2026,4,,2026-10-05,20:15,00-0031868,Damiere Byrd,damiere byrd,ATL,NO,WR,LOW TARGET,False,,,,,,,,0,0,8,0.2,0.7,0.1,8,18,2.1,2.33,0.75,3.1,-0.319,47.42,54.94,41.3,50.0,1.0,0.588,0.97,1.0,1.0,Neutral,0.999,0.894,0.969,1.0,0.999,0.883,0.88,0.999,-10.6,-3.1,0.0,-0.1,-11.7,-12.0,-0.1,0.03903816199376947,0.0008761682242990654,0.0,0.98851246105919,2.59375,32.70716510903427,33.69567757009346,1.0275506230529594,7.211764018691589,,,,,1.0,2.5,31.7,,7.0,,,,,1.0,2.2,27.9,,7.0,38.0,0.85,0.65,42.0,18.0,1.8,18.0,22.0,6.0
2026,4,,2026-10-05,20:15,00-0034765,Tre'Quan Smith,trequan smith,NO,ATL,WR,LOW TARGET,True,,,,,,,,0,0,8,0.2,0.7,0.1,8,18,3.77,4.37,1.2,7.15,-0.798,46.3,55.33,41.2,50.0,1.0,0.588,0.97,1.0,1.0,Neutral,0.991,1.009,1.018,1.0,0.991,1.044,1.048,0.991,0.9,1.8,0.0,-0.9,4.4,4.8,-0.9,0.03903816199376947,0.0008761682242990654,0.0,0.98851246105919,2.59375,32.70716510903427,33.69567757009346,1.0275506230529594,7.211764018691589,,,,,1.0,2.5,31.7,,7.0,,,,,1.0,2.6,33.2,,6.9,38.0,0.85,0.65,42.0,18.0,1.8,18.0,22.0,6.0
2026,4,,2026-10-05,20:15,00-0034317,Keith Kirkwood,keith kirkwood,NO,ATL,WR,LOW TARGET,True,,,,,,,,0,0,8,0.2,0.7,0.1,8,16,2.33,2.72,0.0,2.42,1.0,46.17,53.94,40.6,50.0,1.0,0.588,1.03,1.0,1.0,Neutral,0.991,1.009,1.018,1.0,0.991,1.044,1.048,0.991,0.9,1.8,0.0,-0.9,4.4,4.8,-0.9,0.03903816199376947,0.0008761682242990654,0.0,0.98851246105919,2.59375,32.70716510903427,33.69567757009346,1.0275506230529594,7.211764018691589,,,,,1.0,2.7,33.7,,7.4,,,,,1.0,2.8,35.3,,7.3,38.0,0.85,0.65,42.0,18.0,1.8,18.0,22.0,6.0
2026,4,,2026-10-05,20:15,00-0038953,Dylan Drummond,dylan drummond,ATL,NO,WR,LOW TARGET,False,,,,,,,,0,6,6,0.2,0.7,0.1,6,18,1.4,2.1,0.0,3.92,-1.0,29.92,42.46,39.5,50.0,1.0,0.55,0.97,1.0,1.0,Neutral,0.999,0.894,0.969,1.0,0.999,0.883,0.88,0.999,-10.6,-3.1,0.0,-0.1,-11.7,-12.0,-0.1,0.004879770249221185,0.00010952102803738319,0.0,0.12356405763239876,1.0825520833333335,8.713395638629285,8.836959696261681,0.12844382788161995,2.1223038356697823,,,,,0.1,1.1,8.5,,2.1,,,,,0.1,1.0,7.5,,2.1,38.0,0.85,0.65,42.0,18.0,1.8,18.0,22.0,6.0
2026,4,,2026-10-05,20:15,00-0038740,Jalen Moreno-Cropper,jalen moreno cropper,NO,ATL,WR,LOW TARGET,True,,,,,,,,1,2,3,0.2,0.7,0.1,3,6,0.0,0.0,0.0,0.0,0.0,37.5,40.0,37.9,50.0,1.0,0.55,1.0,1.0,1.0,Neutral,0.991,1.009,1.018,1.0,0.991,1.044,1.048,0.991,0.9,1.8,0.0,-0.9,4.4,4.8,-0.9,0.0039038161993769477,8.761682242990656e-05,0.0,0.09885124610591901,0.2593750000000001,3.2707165109034277,3.3695677570093463,0.10275506230529596,0.7211764018691591,,,,,0.1,0.3,3.3,,0.7,,,,,0.1,0.3,3.5,,0.7,38.0,0.85,0.65,42.0,18.0,1.8,18.0,22.0,6.0
2026,4,,2026-10-05,20:15,00-0039386,Bub Means,bub means,NO,ATL,WR,LOW TARGET,True,,,,,,,,0,4,4,0.2,0.7,0.1,4,8,6.88,4.95,3.45,8.9,-0.271,29.06,40.91,36.1,50.0,1.0,0.55,0.97,1.0,1.0,Neutral,0.991,1.009,1.018,1.0,0.991,1.044,1.048,0.991,0.9,1.8,0.0,-0.9,4.4,4.8,-0.9,0.004879770249221185,0.00010952102803738319,0.0,0.12356405763239876,2.32421875,33.02589563862929,33.14945969626169,0.12844382788161995,6.9202205023364485,,,,,0.1,2.3,32.0,,6.7,,,,,0.1,2.4,33.5,,6.6,38.0,0.85,0.65,42.0,18.0,1.8,18.0,22.0,6.0
2026,4,,2026-10-05,20:15,00-0041044,Zachariah Branch,zachariah branch,ATL,NO,WR,LOW TARGET,False,,,,,,,,3,0,3,0.2,0.7,0.1,3,3,1.94,1.21,0.85,2.55,1.0,23.14,33.26,34.1,50.0,1.0,0.55,1.03,1.0,1.0,Neutral,0.999,0.894,0.969,1.0,0.999,0.883,0.88,0.999,-10.6,-3.1,0.0,-0.1,-11.7,-12.0,-0.1,0.013012720664589823,0.0002920560747663551,0.0,0.32950415368639663,1.626488095238095,16.235721703011425,16.565225856697815,0.34251687435098643,3.6991594348019574,,,,,0.3,1.7,16.7,,3.8,,,,,0.3,1.5,14.7,,3.8,38.0,0.85,0.65,42.0,18.0,1.8,18.0,22.0,6.0
2026,4,,2026-10-05,20:15,00-0036365,Bryan Edwards,bryan edwards,ATL,NO,WR,LOW TARGET,False,,,,,,,,0,0,4,0.2,0.7,0.1,4,8,1.29,0.62,0.9,1.48,1.0,33.81,39.03,31.6,50.0,1.0,0.588,1.03,1.0,1.0,Neutral,0.999,0.894,0.969,1.0,0.999,0.883,0.88,0.999,-10.6,-3.1,0.0,-0.1,-11.7,-12.0,-0.1,0.03903816199376947,0.0008761682242990654,0.0,0.98851246105919,2.59375,32.70716510903427,33.69567757009346,1.0275506230529594,7.211764018691589,,,,,1.0,2.7,33.7,,7.4,,,,,1.0,2.4,29.7,,7.4,38.0,0.85,0.65,42.0,18.0,1.8,18.0,22.0,6.0
2026,4,,2026-10-05,20:15,00-0041067,Bryce Lance,bryce lance,NO,ATL,WR,LOW TARGET,True,,,,,,,,3,0,3,0.2,0.7,0.1,3,3,1.97,2.66,0.9,4.5,-1.0,15.97,30.06,31.0,50.0,1.0,0.55,0.97,1.0,1.0,Neutral,0.991,1.009,1.018,1.0,0.991,1.044,1.048,0.991,0.9,1.8,0.0,-0.9,4.4,4.8,-0.9,0.013012720664589823,0.0002920560747663551,0.0,0.32950415368639663,1.4677579365079365,18.0134994807892,18.343003634475593,0.34251687435098643,3.718207053849577,,,,,0.3,1.4,17.5,,3.6,,,,,0.3,1.5,18.3,,3.6,38.0,0.85,0.65,42.0,18.0,1.8,18.0,22.0,6.0
2026,4,,2026-10-05,20:15,00-0031545,Kevin White,kevin white,NO,ATL,WR,LOW TARGET,True,,,,,,,,0,0,6,0.2,0.7,0.1,6,12,1.28,2.42,0.0,1.5,-0.73,25.9,40.07,30.0,50.0,1.0,0.588,0.97,1.0,1.0,Neutral,0.991,1.009,1.018,1.0,0.991,1.044,1.048,0.991,0.9,1.8,0.0,-0.9,4.4,4.8,-0.9,0.03903816199376947,0.0008761682242990654,0.0,0.98851246105919,2.59375,32.70716510903427,33.69567757009346,1.0275506230529594,7.211764018691589,,,,,1.0,2.5,31.7,,7.0,,,,,1.0,2.6,33.2,,6.9,38.0,0.85,0.65,42.0,18.0,1.8,18.0,22.0,6.0
