season,player_id,player_name,player_key,team,position,games_used,current_season_games,prior_season_games,last_week,fantasy_mean,fantasy_std,fantasy_floor,fantasy_ceiling,fantasy_form_trend,consistency_rating,projection_confidence,opportunities_mean,skill_opportunities_mean,attempts_mean,completions_mean,passing_yards_mean,passing_tds_mean,interceptions_mean,carries_mean,rushing_yards_mean,rushing_tds_mean,targets_mean,receptions_mean,receiving_yards_mean,receiving_tds_mean,rush_rec_yards_mean,passing_rushing_yards_mean,air_yards_mean,target_share_mean,wopr_mean,season_game,week,game_date,game_time,opponent_team,is_home,team_spread,total_line,implied_team_total,game_environment_score,role_label
2026,00-0040743,Tyler Shough,tyler shough,NO,QB,8,3,11,18,21.63,2.12,20.46,22.59,0.141,91.08,97.77,42.86,4.51,38.35,26.67,286.08,1.88,0.0,4.51,24.1,0.44,0.0,0.0,0.0,0.0,24.1,310.18,0.0,0.0,0.0,2026,4,2026-10-05,20:15,ATL,1,,,,50.0,STARTING QB
2026,00-0034855,Baker Mayfield,baker mayfield,TB,QB,8,3,63,18,13.28,2.6,11.55,14.28,-0.19,83.64,95.91,35.15,3.56,31.59,20.35,215.49,1.06,0.0,3.56,24.32,0.15,0.0,0.0,0.0,0.0,24.32,239.81,0.0,0.0,0.0,2026,4,2026-10-04,13:00,GB,1,,,,50.0,STARTING QB
2026,00-0039163,C.J. Stroud,cj stroud,HOU,QB,8,3,46,18,15.31,3.39,12.38,17.08,0.063,81.86,95.47,37.01,2.95,34.06,20.66,235.18,1.28,0.0,2.95,10.63,0.13,0.0,0.0,0.0,0.0,10.63,245.81,0.0,0.0,0.0,2026,4,2026-10-04,13:00,DAL,1,,,,50.0,STARTING QB
2026,00-0031280,Derek Carr,derek carr,NO,QB,8,0,42,18,14.13,3.94,10.99,15.6,-0.027,78.21,94.55,32.06,1.77,30.29,20.1,216.93,1.3,0.0,1.77,8.19,0.0,0.0,0.0,0.0,0.0,8.19,225.12,0.0,0.0,0.0,2026,4,2026-10-05,20:15,ATL,1,,,,50.0,STARTING QB
2026,00-0040676,Cam Ward,cam ward,TEN,QB,8,3,17,18,13.83,4.11,10.67,17.29,-0.07,77.09,94.27,29.45,2.56,26.89,16.61,165.63,1.08,0.0,2.56,8.62,0.46,0.0,0.0,0.0,0.0,8.62,174.25,0.0,0.0,0.0,2026,4,2026-10-04,13:00,BAL,0,,,,50.0,QB
2026,00-0036442,Joe Burrow,joe burrow,CIN,QB,8,3,51,18,19.07,5.93,15.68,22.77,-0.249,76.28,94.07,37.13,2.26,34.88,25.13,260.16,2.34,0.0,2.26,8.65,0.0,0.0,0.0,0.0,0.0,8.65,268.82,0.0,0.0,0.0,2026,4,2026-10-04,13:00,JAC,1,,,,50.0,STARTING QB
2026,00-0033280,Christian McCaffrey,christian mccaffrey,SF,RB,8,3,54,18,20.37,6.5,15.22,23.98,-0.199,75.81,93.95,20.65,20.58,0.07,0.0,0.0,0.0,0.0,15.03,68.74,0.78,5.55,4.36,32.3,0.2,101.04,68.74,0.0,0.196,0.343,2026,4,2026-10-04,16:25,DEN,1,,,,50.0,FEATURE RB
2026,00-0039150,Bryce Young,bryce young,CAR,QB,8,3,46,18,19.0,6.88,14.97,22.92,0.607,73.42,93.36,37.31,3.15,34.16,21.14,242.2,1.88,0.0,3.15,13.43,0.27,0.0,0.0,0.0,0.0,13.43,255.63,0.0,0.0,0.0,2026,4,2026-10-04,20:20,DET,1,,,,50.0,STARTING QB
2026,00-0039910,Jayden Daniels,jayden daniels,WAS,QB,8,2,24,18,15.12,5.55,15.1,18.23,-0.357,73.14,93.29,32.09,7.14,24.95,14.72,149.91,1.16,0.0,7.14,40.53,0.25,0.0,0.0,0.0,0.0,40.53,190.44,0.0,0.0,0.0,2026,4,2026-10-04,09:30,IND,1,,,,50.0,QB
2026,00-0033119,Jacoby Brissett,jacoby brissett,ARI,QB,8,3,37,18,16.3,6.05,14.37,19.42,0.137,72.94,93.23,40.37,2.81,37.56,24.7,225.28,1.67,0.0,2.81,9.05,0.18,0.0,0.0,0.0,0.0,9.05,234.33,0.0,0.0,0.0,2026,4,2026-10-04,13:00,NYG,0,,,,50.0,STARTING QB
2026,00-0037834,Brock Purdy,brock purdy,SF,QB,8,3,49,18,25.03,9.39,20.11,30.99,0.108,72.72,93.18,32.55,3.51,29.04,20.67,250.32,2.68,0.0,3.51,26.56,0.47,0.0,0.0,0.0,0.0,26.56,276.87,0.0,0.0,0.0,2026,4,2026-10-04,16:25,DEN,1,,,,50.0,STARTING QB
2026,00-0033293,Aaron Jones,aaron jones,MIN,RB,8,3,57,18,11.04,2.95,9.03,12.03,-0.039,78.88,93.09,19.07,19.07,0.0,0.0,0.0,0.0,0.0,16.29,60.7,0.28,2.78,2.12,13.07,0.0,73.77,60.7,0.0,0.129,0.174,2026,4,2026-10-04,16:05,MIA,1,,,,50.0,FEATURE RB
2026,00-0034796,Lamar Jackson,lamar jackson,BAL,QB,8,3,58,18,16.81,6.42,12.59,20.59,0.514,72.35,93.09,27.2,4.77,22.44,14.58,214.82,1.36,0.0,4.77,30.72,0.23,0.0,0.0,0.0,0.0,30.72,245.54,0.0,0.0,0.0,2026,4,2026-10-04,13:00,TEN,1,,,,50.0,QB
2026,00-0039917,Michael Penix Jr.,michael penix jr,ATL,QB,8,1,14,18,13.26,5.18,10.21,15.63,-0.336,71.92,92.98,30.54,1.86,28.68,17.56,223.02,1.12,0.0,1.86,5.62,0.0,0.0,0.0,0.0,0.0,5.62,228.63,0.0,0.0,0.0,2026,4,2026-10-05,20:15,NO,0,,,,50.0,STARTING QB
2026,00-0033873,Patrick Mahomes,patrick mahomes,KC,QB,8,3,63,18,18.69,7.5,13.27,23.49,0.364,71.37,92.84,37.68,3.47,34.21,21.71,254.24,1.62,0.0,3.35,21.15,0.28,0.12,0.12,-1.17,0.0,19.97,275.39,0.0,0.004,0.004,2026,4,2026-10-04,16:25,LV,0,,,,50.0,STARTING QB
2026,00-0033537,Deshaun Watson,deshaun watson,CLE,QB,8,3,19,18,13.67,5.5,8.41,17.26,1.0,71.31,92.83,32.76,6.02,26.74,18.12,173.62,1.16,0.0,6.02,25.31,0.0,0.0,0.0,0.0,0.0,25.31,198.92,0.0,0.0,0.0,2026,4,2026-10-01,20:15,PIT,1,,,,50.0,QB
2026,00-0036264,Jordan Love,jordan love,GB,QB,8,3,51,18,15.28,6.21,12.12,19.32,0.4,71.11,92.78,35.18,1.69,33.48,18.89,233.35,1.75,0.0,1.69,5.65,0.0,0.0,0.0,0.0,0.0,5.65,239.0,0.0,0.0,0.0,2026,4,2026-10-04,13:00,TB,0,,,,50.0,STARTING QB
2026,00-0026498,Matthew Stafford,matthew stafford,LAR,QB,8,3,57,18,20.4,8.38,18.86,26.74,-0.261,70.88,92.72,40.59,1.73,38.86,23.68,310.51,2.47,0.0,1.73,3.19,0.0,0.0,0.0,0.0,0.0,3.19,313.7,0.0,0.0,0.0,2026,4,2026-10-04,13:00,PHI,0,,,,50.0,STARTING QB
2026,00-0036389,Jalen Hurts,jalen hurts,PHI,QB,8,3,63,18,15.72,6.49,11.69,20.27,0.045,70.76,92.69,33.87,5.13,28.73,17.88,191.86,1.59,0.0,5.13,26.13,0.18,0.0,0.0,0.0,0.0,26.13,217.99,0.0,0.0,0.0,2026,4,2026-10-04,13:00,LAR,1,,,,50.0,STARTING QB
2026,00-0033106,Jared Goff,jared goff,DET,QB,8,3,68,18,19.09,8.09,15.93,25.75,0.498,70.24,92.56,40.26,2.1,38.16,25.67,287.46,2.19,0.0,2.1,2.5,0.0,0.0,0.0,0.0,0.0,2.5,289.96,0.0,0.0,0.0,2026,4,2026-10-04,20:20,CAR,0,,,,50.0,STARTING QB
2026,00-0029604,Kirk Cousins,kirk cousins,LV,QB,8,3,49,18,15.91,6.77,9.18,20.72,0.566,70.15,92.54,34.14,2.95,31.19,19.87,211.95,2.18,0.0,2.95,-0.38,0.1,0.0,0.0,0.0,0.0,-0.38,211.58,0.0,0.0,0.0,2026,4,2026-10-04,16:25,KC,1,,,,50.0,STARTING QB
2026,00-0038597,Chase Brown,chase brown,CIN,RB,8,3,45,18,18.2,7.75,14.8,21.52,-0.52,70.15,92.5,19.98,19.98,0.0,0.0,0.0,0.0,0.0,15.47,66.62,0.56,4.51,3.7,20.55,0.41,87.16,66.62,0.0,0.132,0.188,2026,4,2026-10-04,13:00,JAC,1,,,,50.0,FEATURE RB
2026,00-0039732,Bo Nix,bo nix,DEN,QB,8,3,34,18,16.32,7.01,13.22,20.64,-0.033,69.96,92.49,38.57,5.32,33.24,21.12,216.93,1.23,0.0,5.32,17.02,0.37,0.0,0.0,0.0,0.0,17.02,233.95,0.0,0.0,0.0,2026,4,2026-10-04,16:25,SF,0,,,,50.0,STARTING QB
2026,00-0034857,Josh Allen,josh allen,BUF,QB,8,3,65,18,25.92,11.18,17.27,36.2,0.721,69.86,92.46,36.8,9.01,27.8,18.46,226.6,1.42,0.0,8.83,38.55,1.4,0.18,0.18,0.18,0.0,38.73,265.15,0.0,0.007,0.007,2026,4,2026-10-04,13:00,NE,1,,,,50.0,QB
2026,00-0036971,Trevor Lawrence,trevor lawrence,JAC,QB,8,3,60,18,22.61,9.82,19.68,27.37,-0.329,69.71,92.43,34.1,3.87,30.23,19.74,238.82,2.41,0.0,3.87,18.01,0.42,0.0,0.0,0.0,0.0,18.01,256.82,0.0,0.0,0.0,2026,4,2026-10-04,13:00,CIN,0,,,,50.0,STARTING QB
2026,00-0030565,Geno Smith,geno smith,NYJ,QB,8,3,64,18,14.14,6.22,9.23,14.54,0.685,69.46,92.37,33.23,2.68,30.55,22.32,222.9,1.41,0.0,2.68,6.55,0.0,0.0,0.0,0.0,0.0,6.55,229.44,0.0,0.0,0.0,2026,4,2026-10-04,13:00,CHI,0,,,,50.0,STARTING QB
2026,00-0036355,Justin Herbert,justin herbert,LAC,QB,8,3,63,18,14.11,6.26,11.72,13.73,-0.392,69.28,92.32,33.73,4.96,28.77,18.07,213.41,1.19,0.0,4.96,23.79,0.12,0.0,0.0,0.0,0.0,23.79,237.19,0.0,0.0,0.0,2026,4,2026-10-04,16:25,SEA,0,,,,50.0,STARTING QB
2026,00-0023459,Aaron Rodgers,aaron rodgers,PIT,QB,8,3,51,18,14.36,6.49,11.23,18.69,-0.035,68.87,92.22,39.93,1.81,38.12,23.67,240.94,1.16,0.0,1.74,6.43,0.07,0.07,0.07,-0.64,0.0,5.79,247.38,0.0,0.002,0.001,2026,4,2026-10-01,20:15,CLE,0,,,,50.0,STARTING QB
2026,00-0039139,Jahmyr Gibbs,jahmyr gibbs,DET,RB,8,3,49,18,25.43,11.56,17.68,34.45,0.986,68.75,92.19,24.61,24.61,0.0,0.0,0.0,0.0,0.0,17.69,71.24,0.87,6.92,5.47,47.05,0.58,118.3,71.24,0.0,0.188,0.309,2026,4,2026-10-04,20:20,CAR,0,,,,50.0,FEATURE RB
2026,00-0032950,Carson Wentz,carson wentz,MIN,QB,8,2,16,18,12.42,5.65,7.4,16.3,-0.295,68.72,92.18,30.48,2.61,27.87,17.52,195.49,1.13,0.0,2.61,7.72,0.0,0.0,0.0,0.0,0.0,7.72,203.21,0.0,0.0,0.0,2026,4,2026-10-04,16:05,MIA,1,,,,50.0,QB
2026,00-0035710,Daniel Jones,daniel jones,IND,QB,8,3,45,17,10.68,5.0,8.75,15.66,-0.161,68.1,92.02,31.71,2.55,29.16,18.8,197.37,1.09,0.0,2.55,10.28,0.07,0.0,0.0,0.0,0.0,10.28,207.65,0.0,0.0,0.0,2026,4,2026-10-04,09:30,WAS,0,,,,50.0,STARTING QB
2026,00-0039361,Bucky Irving,bucky irving,TB,RB,8,3,27,18,11.5,4.48,8.03,13.78,0.569,71.99,91.93,19.39,19.39,0.0,0.0,0.0,0.0,0.0,15.54,59.29,0.15,3.85,2.99,15.59,0.07,74.87,59.29,0.0,0.122,0.164,2026,4,2026-10-04,13:00,GB,1,,,,50.0,FEATURE RB
2026,00-0033077,Dak Prescott,dak prescott,DAL,QB,8,3,54,18,17.44,8.36,13.79,20.04,0.483,67.59,91.9,35.65,2.9,32.75,21.47,243.3,1.64,0.0,2.9,14.99,0.0,0.0,0.0,0.0,0.0,14.99,258.29,0.0,0.0,0.0,2026,4,2026-10-04,13:00,HOU,0,,,,50.0,STARTING QB
2026,00-0036223,Jonathan Taylor,jonathan taylor,IND,RB,8,3,52,18,16.62,8.04,10.85,19.32,0.58,67.4,91.85,23.86,23.86,0.0,0.0,0.0,0.0,0.0,20.46,70.85,0.91,3.4,2.64,18.6,0.0,89.45,70.85,0.0,0.112,0.162,2026,4,2026-10-04,09:30,WAS,0,,,,50.0,FEATURE RB
2026,00-0039918,Caleb Williams,caleb williams,CHI,QB,8,2,34,18,19.34,9.4,13.57,21.5,-0.023,67.28,91.82,36.98,4.7,32.29,19.21,224.87,1.57,0.0,4.7,27.72,0.33,0.0,0.0,0.0,0.0,27.72,252.59,0.0,0.0,0.0,2026,4,2026-10-04,13:00,NYJ,1,,,,50.0,STARTING QB
2026,00-0032764,Derrick Henry,derrick henry,BAL,RB,8,3,67,18,23.04,11.23,12.25,25.93,-0.075,67.23,91.81,23.35,23.35,0.0,0.0,0.0,0.0,0.0,22.26,118.81,1.64,1.09,0.89,6.48,0.0,125.3,118.81,0.0,0.044,0.054,2026,4,2026-10-04,13:00,TEN,1,,,,50.0,FEATURE RB
2026,00-0038542,Bijan Robinson,bijan robinson,ATL,RB,8,3,51,18,24.67,12.06,10.68,32.3,0.009,67.17,91.79,26.22,26.22,0.0,0.0,0.0,0.0,0.0,20.18,107.9,0.56,6.05,4.57,40.57,0.37,148.47,107.9,0.0,0.236,0.319,2026,4,2026-10-05,20:15,NO,0,,,,50.0,FEATURE RB
2026,00-0026143,Matt Ryan,matt ryan,IND,QB,8,0,12,15,12.62,6.27,8.99,14.13,-0.259,66.81,91.7,39.42,2.48,36.94,24.46,230.76,1.13,0.0,2.48,7.45,0.12,0.0,0.0,0.0,0.0,7.45,238.2,0.0,0.0,0.0,2026,4,2026-10-04,09:30,WAS,0,,,,50.0,STARTING QB
2026,00-0037840,Kyren Williams,kyren williams,LAR,RB,8,3,53,18,16.43,3.78,14.5,18.73,0.373,81.31,91.54,17.84,17.84,0.0,0.0,0.0,0.0,0.0,13.96,74.32,0.39,3.88,3.13,28.58,0.16,102.9,74.32,0.0,0.1,0.174,2026,4,2026-10-04,13:00,PHI,0,,,,50.0,ROTATION RB
2026,00-0038579,Aidan O'Connell,aidan oconnell,LV,QB,8,0,21,18,11.33,5.8,6.26,16.29,0.01,66.14,91.54,32.23,3.01,29.22,17.93,190.67,0.9,0.0,3.01,5.52,0.12,0.0,0.0,0.0,0.0,5.52,196.19,0.0,0.0,0.0,2026,4,2026-10-04,16:25,KC,1,,,,50.0,STARTING QB
2026,00-0038134,Kenneth Walker III,kenneth walker iii,KC,RB,8,3,58,18,19.05,9.85,6.72,24.2,0.571,65.92,91.48,21.29,21.29,0.0,0.0,0.0,0.0,0.0,17.04,89.8,0.43,4.25,3.01,25.27,0.33,115.07,89.8,0.0,0.138,0.189,2026,4,2026-10-04,16:25,LV,0,,,,50.0,FEATURE RB
2026,00-0029701,Ryan Tannehill,ryan tannehill,TEN,QB,8,0,21,18,9.2,5.02,6.08,12.49,0.231,64.69,91.17,26.23,1.93,24.3,16.46,172.06,0.53,0.0,1.75,8.33,0.07,0.18,0.0,0.0,0.0,8.33,180.39,0.0,0.007,0.009,2026,4,2026-10-04,13:00,BAL,0,,,,50.0,QB
2026,00-0035228,Kyler Murray,kyler murray,MIN,QB,8,2,41,18,12.86,7.14,13.11,16.66,-0.426,64.3,91.07,31.87,4.18,27.69,18.08,164.55,1.12,0.0,4.18,26.12,0.15,0.0,0.0,0.0,0.0,26.12,190.67,0.0,0.0,0.0,2026,4,2026-10-04,16:05,MIA,1,,,,50.0,QB
2026,00-0019596,Tom Brady,tom brady,TB,QB,8,0,17,18,16.99,9.84,11.04,17.37,0.286,63.31,90.83,43.06,1.97,41.09,28.34,266.62,1.85,0.0,1.9,0.79,0.16,0.07,0.0,0.0,0.0,0.79,267.41,0.0,0.002,0.007,2026,4,2026-10-04,13:00,GB,1,,,,50.0,STARTING QB
2026,00-0040715,Cam Skattebo,cam skattebo,NYG,RB,8,3,8,8,14.79,6.07,12.25,15.4,-0.384,70.9,90.6,18.79,18.79,0.0,0.0,0.0,0.0,0.0,15.49,57.97,0.45,3.29,2.54,22.54,0.25,80.51,57.97,0.0,0.118,0.204,2026,4,2026-10-04,13:00,ARI,1,,,,50.0,FEATURE RB
2026,00-0039851,Drake Maye,drake maye,NE,QB,8,3,30,18,14.99,9.1,9.37,21.3,-0.699,62.23,90.56,31.7,5.21,26.49,18.37,223.57,1.21,0.0,5.21,28.1,0.17,0.0,0.0,0.0,0.0,28.1,251.67,0.0,0.0,0.0,2026,4,2026-10-04,13:00,BUF,0,,,,50.0,QB
2026,00-0040122,Ashton Jeanty,ashton jeanty,LV,RB,8,3,17,18,15.82,9.7,9.03,17.25,0.034,61.99,90.5,23.97,23.97,0.0,0.0,0.0,0.0,0.0,19.49,69.75,0.1,4.47,3.3,25.47,0.4,95.22,69.75,0.0,0.162,0.273,2026,4,2026-10-04,16:25,KC,1,,,,50.0,FEATURE RB
2026,00-0039923,J.J. McCarthy,jj mccarthy,MIN,QB,8,0,10,18,12.27,7.57,7.49,19.3,0.48,61.84,90.46,27.3,3.38,23.92,14.09,165.98,1.03,0.0,3.38,15.45,0.38,0.0,0.0,0.0,0.0,15.45,181.43,0.0,0.0,0.0,2026,4,2026-10-04,16:05,MIA,1,,,,50.0,QB
2026,00-0036212,Tua Tagovailoa,tua tagovailoa,MIA,QB,8,0,55,18,10.12,6.29,6.3,12.17,0.144,61.65,90.41,26.41,1.48,24.93,16.59,183.68,1.1,0.0,1.48,1.18,0.0,0.0,0.0,0.0,0.0,1.18,184.87,0.0,0.0,0.0,2026,4,2026-10-04,16:05,MIN,0,,,,50.0,QB
2026,00-0036945,Justin Fields,justin fields,NYJ,QB,8,0,47,18,14.07,8.93,4.69,22.12,0.353,61.19,90.3,30.53,7.94,22.58,13.83,127.42,0.78,0.0,7.77,40.86,0.27,0.18,0.0,0.0,0.0,40.86,168.28,0.0,0.007,0.014,2026,4,2026-10-04,13:00,CHI,0,,,,50.0,QB
2026,00-0032268,Marcus Mariota,marcus mariota,WAS,QB,8,2,28,18,12.38,8.12,7.48,19.14,-0.085,60.38,90.1,26.97,4.49,22.48,13.52,160.06,1.27,0.0,4.49,20.27,0.0,0.0,0.0,0.0,0.0,20.27,180.32,0.0,0.0,0.0,2026,4,2026-10-04,09:30,IND,1,,,,50.0,QB
2026,00-0040691,Jaxson Dart,jaxson dart,NYG,QB,8,2,14,18,16.15,10.74,10.37,25.38,0.012,60.06,90.02,29.35,5.66,23.69,16.16,160.93,1.08,0.0,5.66,33.62,0.41,0.0,0.0,0.0,0.0,33.62,194.55,0.0,0.0,0.0,2026,4,2026-10-04,13:00,ARI,1,,,,50.0,QB
2026,00-0037248,James Cook,james cook,BUF,RB,8,3,66,18,15.75,8.84,9.6,22.27,0.372,64.05,89.99,19.41,19.41,0.0,0.0,0.0,0.0,0.0,17.08,95.58,0.72,2.34,1.14,7.08,0.09,102.66,95.58,0.0,0.086,0.136,2026,4,2026-10-04,13:00,NE,1,,,,50.0,FEATURE RB
2026,00-0038108,Bailey Zappe,bailey zappe,CLE,QB,8,0,15,18,9.22,6.37,5.46,13.16,-0.575,59.13,89.78,30.81,2.49,28.32,16.91,171.31,0.87,0.0,2.49,11.17,0.15,0.0,0.0,0.0,0.0,11.17,182.47,0.0,0.0,0.0,2026,4,2026-10-01,20:15,PIT,1,,,,50.0,STARTING QB
2026,00-0039376,Spencer Rattler,spencer rattler,NO,QB,8,0,16,18,9.33,6.51,8.55,14.48,-0.68,58.91,89.73,27.31,3.31,23.99,16.58,159.74,0.82,0.0,3.09,15.72,0.0,0.22,0.12,0.0,0.0,15.72,175.46,0.0,0.008,0.014,2026,4,2026-10-05,20:15,ATL,1,,,,50.0,QB
2026,00-0038120,Breece Hall,breece hall,NYJ,RB,8,3,56,18,12.58,5.82,7.65,16.65,0.218,68.37,89.56,18.55,18.55,0.0,0.0,0.0,0.0,0.0,15.72,57.54,0.35,2.83,2.49,22.2,0.0,79.74,57.54,0.0,0.087,0.118,2026,4,2026-10-04,13:00,CHI,0,,,,50.0,FEATURE RB
2026,00-0039152,Will Levis,will levis,TEN,QB,8,0,21,18,10.23,7.5,7.23,16.14,-0.7,57.7,89.42,28.3,3.76,24.54,14.66,183.45,1.03,0.0,3.76,9.11,0.0,0.0,0.0,0.0,0.0,9.11,192.56,0.0,0.0,0.0,2026,4,2026-10-04,13:00,BAL,0,,,,50.0,QB
2026,00-0034869,Sam Darnold,sam darnold,SEA,QB,8,2,50,18,12.73,9.61,5.34,20.19,0.002,57.0,89.25,30.4,2.48,27.91,18.61,208.67,1.34,0.0,2.48,5.82,0.0,0.0,0.0,0.0,0.0,5.82,214.49,0.0,0.0,0.0,2026,4,2026-10-04,16:25,LAC,1,,,,50.0,QB
2026,00-0040666,Omarion Hampton,omarion hampton,LAC,RB,8,3,9,17,12.64,5.24,8.1,16.75,-0.286,70.68,89.11,17.96,17.96,0.0,0.0,0.0,0.0,0.0,15.46,59.76,0.56,2.51,2.21,11.93,0.09,71.69,59.76,0.0,0.085,0.105,2026,4,2026-10-04,16:25,SEA,0,,,,50.0,ROTATION RB
2026,00-0040784,Quinshon Judkins,quinshon judkins,CLE,RB,8,3,14,16,9.83,3.3,8.8,11.55,0.103,74.88,88.97,17.29,17.29,0.0,0.0,0.0,0.0,0.0,13.98,40.1,0.14,3.3,2.85,19.39,0.0,59.48,40.1,0.0,0.117,0.157,2026,4,2026-10-01,20:15,PIT,1,,,,50.0,ROTATION RB
2026,00-0038128,Malik Willis,malik willis,MIA,QB,8,3,19,18,12.86,8.69,5.31,14.11,-0.136,59.69,88.97,25.01,5.55,19.46,12.51,165.57,0.5,0.0,5.55,31.78,0.41,0.0,0.0,0.0,0.0,31.78,197.35,0.0,0.0,0.0,2026,4,2026-10-04,16:05,MIN,0,,,,50.0,QB
2026,00-0028118,Tyrod Taylor,tyrod taylor,NYJ,QB,8,0,20,18,9.79,7.92,5.14,14.61,0.189,55.29,88.82,24.23,3.93,20.3,12.27,117.32,0.89,0.0,3.93,20.25,0.16,0.0,0.0,0.0,0.0,20.25,137.57,0.0,0.0,0.0,2026,4,2026-10-04,13:00,CHI,0,,,,50.0,QB
2026,00-0036898,Davis Mills,davis mills,HOU,QB,8,0,30,18,10.34,8.83,2.29,14.98,-0.044,53.93,88.48,26.45,2.0,24.45,13.89,140.57,0.74,0.0,2.0,9.6,0.13,0.0,0.0,0.0,0.0,9.6,150.17,0.0,0.0,0.0,2026,4,2026-10-04,13:00,DAL,1,,,,50.0,QB
2026,00-0036997,Javonte Williams,javonte williams,DAL,RB,8,3,53,18,14.44,5.75,10.55,17.32,0.54,71.52,88.04,17.23,17.23,0.0,0.0,0.0,0.0,0.0,14.13,58.93,0.65,3.11,2.21,11.3,0.22,70.23,58.93,0.0,0.091,0.119,2026,4,2026-10-04,13:00,HOU,0,,,,50.0,ROTATION RB
2026,00-0037077,Sam Howell,sam howell,SEA,QB,8,0,19,18,7.51,7.33,4.79,17.41,-0.485,50.61,87.65,28.69,2.29,26.4,14.46,130.93,0.5,0.0,2.13,8.4,0.36,0.16,0.16,0.65,0.0,9.05,139.33,0.0,0.006,0.009,2026,4,2026-10-04,16:25,LAC,1,,,,50.0,QB
2026,00-0040668,Shedeur Sanders,shedeur sanders,CLE,QB,8,1,8,18,9.17,9.09,4.65,10.71,-0.699,50.23,87.56,25.32,2.31,23.01,13.78,152.23,0.74,0.0,2.31,19.93,0.1,0.0,0.0,0.0,0.0,19.93,172.16,0.0,0.0,0.0,2026,4,2026-10-01,20:15,PIT,1,,,,50.0,QB
2026,00-0036275,D'Andre Swift,dandre swift,CHI,RB,8,3,63,18,15.85,8.63,10.35,22.07,0.529,64.74,87.23,17.74,17.74,0.0,0.0,0.0,0.0,0.0,15.05,71.26,0.85,2.69,2.19,17.41,0.0,88.67,71.26,0.0,0.087,0.122,2026,4,2026-10-04,13:00,NYJ,1,,,,50.0,ROTATION RB
2026,00-0035261,Tony Pollard,tony pollard,TEN,RB,8,3,66,18,11.54,5.93,9.0,14.75,-0.183,66.07,87.05,17.45,17.45,0.0,0.0,0.0,0.0,0.0,15.47,76.11,0.23,1.98,1.74,8.07,0.0,84.18,76.11,0.0,0.066,0.1,2026,4,2026-10-04,13:00,BAL,0,,,,50.0,ROTATION RB
2026,00-0031503,Jameis Winston,jameis winston,NYG,QB,8,2,23,15,10.72,11.95,1.91,19.52,-0.798,47.29,86.82,29.38,2.46,26.91,15.06,180.12,0.72,0.0,2.33,8.57,0.12,0.13,0.13,4.38,0.13,12.95,188.69,0.0,0.004,0.009,2026,4,2026-10-04,13:00,ARI,1,,,,50.0,QB
2026,00-0035100,Jake Browning,jake browning,CIN,QB,8,0,16,18,8.16,7.9,0.4,17.81,0.066,50.8,86.75,21.14,1.68,19.46,12.77,119.97,1.07,0.0,1.68,7.27,0.12,0.0,0.0,0.0,0.0,7.27,127.23,0.0,0.0,0.0,2026,4,2026-10-04,13:00,JAC,1,,,,50.0,QB
2026,00-0026158,Joe Flacco,joe flacco,CIN,QB,8,0,30,18,9.78,11.13,0.92,24.73,-0.97,46.76,86.69,23.38,1.71,21.67,13.06,143.87,1.05,0.0,1.71,2.29,0.09,0.0,0.0,0.0,0.0,2.29,146.16,0.0,0.0,0.0,2026,4,2026-10-04,13:00,JAC,1,,,,50.0,QB
2026,00-0033275,PJ Walker,pj walker,CLE,QB,8,0,11,12,4.27,5.3,0.11,6.94,-0.279,44.64,86.16,22.66,2.28,20.38,10.03,127.28,0.22,0.0,2.28,7.71,0.0,0.0,0.0,0.0,0.0,7.71,134.99,0.0,0.0,0.0,2026,4,2026-10-01,20:15,PIT,1,,,,50.0,QB
2026,00-0034844,Saquon Barkley,saquon barkley,PHI,RB,8,3,62,18,10.55,6.05,6.5,17.45,-0.535,63.56,86.13,17.28,17.28,0.0,0.0,0.0,0.0,0.0,15.44,75.44,0.31,1.84,0.69,2.42,0.0,77.87,75.44,0.0,0.072,0.101,2026,4,2026-10-04,13:00,LAR,1,,,,50.0,ROTATION RB
2026,00-0029263,Russell Wilson,russell wilson,NYG,QB,8,0,47,18,8.21,9.58,2.33,13.06,-0.929,46.15,86.06,22.69,2.96,19.72,11.44,127.87,0.44,0.0,2.96,18.23,0.07,0.0,0.0,0.0,0.0,18.23,146.1,0.0,0.0,0.0,2026,4,2026-10-04,13:00,ARI,1,,,,50.0,QB
2026,00-0039040,De'Von Achane,devon achane,MIA,RB,8,3,44,18,12.69,5.9,11.88,18.18,-0.517,68.27,85.77,16.4,16.4,0.0,0.0,0.0,0.0,0.0,12.98,64.63,0.28,3.42,2.53,20.41,0.0,85.04,64.63,0.0,0.137,0.233,2026,4,2026-10-04,16:05,MIN,0,,,,50.0,ROTATION RB
2026,00-0037228,Jaylen Warren,jaylen warren,PIT,RB,8,3,64,18,14.25,6.81,9.22,16.55,-0.194,67.66,85.29,16.21,16.21,0.0,0.0,0.0,0.0,0.0,12.62,71.15,0.2,3.6,2.94,28.29,0.07,99.44,71.15,0.0,0.101,0.125,2026,4,2026-10-01,20:15,CLE,0,,,,50.0,ROTATION RB
2026,00-0039164,Anthony Richardson,anthony richardson,IND,QB,8,0,17,16,12.35,9.16,9.19,20.47,-0.538,57.42,85.13,24.18,6.6,17.59,8.45,110.24,0.54,0.0,6.29,34.14,0.57,0.31,0.31,1.47,0.0,35.62,144.38,0.0,0.009,0.013,2026,4,2026-10-04,09:30,WAS,0,,,,50.0,QB
2026,00-0040704,Dillon Gabriel,dillon gabriel,CLE,QB,8,0,10,16,6.96,7.12,2.19,12.68,-0.922,49.45,85.08,20.33,1.63,18.7,11.12,95.1,0.64,0.0,1.63,10.57,0.0,0.0,0.0,0.0,0.0,10.57,105.66,0.0,0.0,0.0,2026,4,2026-10-01,20:15,PIT,1,,,,50.0,QB
2026,00-0036973,Travis Etienne,travis etienne,NO,RB,8,3,66,18,12.85,7.36,8.53,17.75,-0.052,63.59,84.5,16.34,16.34,0.0,0.0,0.0,0.0,0.0,12.91,47.39,0.14,3.43,2.83,19.24,0.36,66.64,47.39,0.0,0.088,0.125,2026,4,2026-10-05,20:15,ATL,1,,,,50.0,ROTATION RB
2026,00-0035993,Tyler Huntley,tyler huntley,BAL,QB,8,0,20,18,9.62,7.23,5.67,14.89,-0.476,57.08,84.46,22.13,4.88,17.25,12.71,111.27,0.57,0.0,4.88,29.78,0.09,0.0,0.0,0.0,0.0,29.78,141.04,0.0,0.0,0.0,2026,4,2026-10-04,13:00,TEN,1,,,,50.0,QB
2026,00-0033897,Joe Mixon,joe mixon,HOU,RB,8,0,45,18,12.06,9.03,7.55,18.23,-0.576,57.18,84.1,17.03,17.03,0.0,0.0,0.0,0.0,0.0,13.32,46.67,0.45,3.71,2.61,20.88,0.0,67.56,46.67,0.0,0.123,0.182,2026,4,2026-10-04,13:00,DAL,1,,,,50.0,ROTATION RB
2026,00-0034177,Tim Boyle,tim boyle,NYG,QB,7,0,7,18,3.82,3.01,1.39,5.47,0.279,48.93,83.48,20.92,1.2,19.71,11.24,100.71,0.33,0.0,1.2,1.98,0.0,0.0,0.0,0.0,0.0,1.98,102.69,0.0,0.0,0.0,2026,4,2026-10-04,13:00,ARI,1,,,,50.0,QB
2026,00-0038122,Desmond Ridder,desmond ridder,LV,QB,8,0,24,18,5.3,5.26,0.76,8.69,-0.266,50.18,83.05,19.35,1.92,17.43,11.03,110.07,0.56,0.0,1.92,5.51,0.0,0.0,0.0,0.0,0.0,5.51,115.57,0.0,0.0,0.0,2026,4,2026-10-04,16:25,KC,1,,,,50.0,QB
2026,00-0040730,RJ Harvey,rj harvey,DEN,RB,8,2,17,18,13.42,6.5,9.9,21.4,-0.549,67.38,82.87,14.87,14.87,0.0,0.0,0.0,0.0,0.0,10.09,35.36,0.45,4.79,3.74,28.62,0.13,63.98,35.36,0.0,0.149,0.168,2026,4,2026-10-04,16:25,SF,0,,,,50.0,ROTATION RB
2026,00-0032156,Trevor Siemian,trevor siemian,NYJ,QB,7,0,7,18,5.81,5.6,0.82,10.22,1.0,44.55,82.73,30.61,2.33,28.29,16.04,140.12,0.45,0.0,2.33,7.33,0.0,0.0,0.0,0.0,0.0,7.33,147.45,0.0,0.0,0.0,2026,4,2026-10-04,13:00,CHI,0,,,,50.0,STARTING QB
2026,00-0036158,J.K. Dobbins,jk dobbins,DEN,RB,8,3,32,18,6.81,3.25,3.9,9.1,-0.556,67.7,82.68,14.71,14.71,0.0,0.0,0.0,0.0,0.0,13.74,58.54,0.0,0.97,0.72,2.34,0.0,60.88,58.54,0.0,0.032,0.045,2026,4,2026-10-04,16:25,SF,0,,,,50.0,ROTATION RB
2026,00-0040583,Woody Marks,woody marks,HOU,RB,8,3,16,18,8.04,2.8,6.35,8.65,0.124,74.15,82.66,13.79,13.79,0.0,0.0,0.0,0.0,0.0,11.41,38.43,0.18,2.37,1.87,7.38,0.09,45.81,38.43,0.0,0.07,0.118,2026,4,2026-10-04,13:00,DAL,1,,,,50.0,ROTATION RB
2026,00-0038476,Tommy DeVito,tommy devito,NE,QB,8,1,11,18,6.01,5.38,2.38,10.7,0.067,52.77,82.63,19.95,3.13,16.82,11.33,98.14,0.16,0.0,3.13,15.94,0.0,0.0,0.0,0.0,0.0,15.94,114.08,0.0,0.0,0.0,2026,4,2026-10-04,13:00,BUF,0,,,,50.0,QB
2026,00-0038583,Dorian Thompson-Robinson,dorian thompson robinson,CLE,QB,8,0,13,18,2.41,2.44,0.29,3.71,1.0,49.73,82.61,20.38,3.13,17.24,9.05,64.94,0.0,0.0,3.13,15.6,0.0,0.0,0.0,0.0,0.0,15.6,80.54,0.0,0.0,0.0,2026,4,2026-10-01,20:15,PIT,1,,,,50.0,QB
2026,00-0033553,James Conner,james conner,ARI,RB,8,0,45,18,14.67,8.95,10.0,23.3,-0.447,62.11,82.4,15.36,15.36,0.0,0.0,0.0,0.0,0.0,11.88,53.4,0.48,3.48,3.1,19.2,0.23,72.6,53.4,0.0,0.105,0.144,2026,4,2026-10-04,13:00,NYG,0,,,,50.0,ROTATION RB
2026,00-0033662,Cooper Rush,cooper rush,ATL,QB,8,2,31,18,2.64,4.38,-0.44,5.81,0.4,37.65,81.87,19.66,1.11,18.55,11.44,112.81,0.32,0.0,1.11,3.05,0.0,0.0,0.0,0.0,0.0,3.05,115.86,0.0,0.0,0.0,2026,4,2026-10-05,20:15,NO,0,,,,50.0,QB
2026,00-0039165,Zach Charbonnet,zach charbonnet,SEA,RB,8,0,49,18,14.06,7.45,8.12,17.72,1.0,65.36,81.16,14.18,14.18,0.0,0.0,0.0,0.0,0.0,11.92,56.4,0.84,2.26,1.83,12.38,0.0,68.79,56.4,0.0,0.078,0.133,2026,4,2026-10-04,16:25,LAC,1,,,,50.0,ROTATION RB
2026,00-0035700,Josh Jacobs,josh jacobs,GB,RB,8,0,62,18,11.46,8.21,4.6,19.77,-0.064,58.26,81.09,15.16,15.16,0.0,0.0,0.0,0.0,0.0,12.85,55.08,0.44,2.31,1.9,10.3,0.15,65.37,55.08,0.0,0.079,0.115,2026,4,2026-10-04,13:00,TB,0,,,,50.0,ROTATION RB
2026,00-0036139,Rico Dowdle,rico dowdle,PIT,RB,8,2,51,18,7.4,3.1,5.83,10.28,-0.55,70.46,80.82,13.26,13.26,0.0,0.0,0.0,0.0,0.0,9.86,31.83,0.1,3.4,2.41,14.94,0.0,46.78,31.83,0.0,0.12,0.144,2026,4,2026-10-01,20:15,CLE,0,,,,50.0,ROTATION RB
2026,00-0035704,Drew Lock,drew lock,SEA,QB,8,2,14,18,10.16,10.82,0.38,14.93,1.0,48.42,80.68,18.16,1.83,16.33,11.53,130.14,1.22,0.0,1.83,1.85,0.09,0.0,0.0,0.0,0.0,1.85,131.99,0.0,0.0,0.0,2026,4,2026-10-04,16:25,LAC,1,,,,50.0,QB
2026,00-0034972,Alexander Mattison,alexander mattison,LV,RB,8,0,47,18,8.12,4.57,4.5,11.25,0.73,63.97,80.0,13.72,13.72,0.0,0.0,0.0,0.0,0.0,9.77,29.35,0.15,3.95,2.73,18.23,0.0,47.58,29.35,0.0,0.115,0.175,2026,4,2026-10-04,16:25,KC,1,,,,50.0,ROTATION RB
2026,00-0035282,Easton Stick,easton stick,LAC,QB,5,0,5,18,14.21,3.85,11.9,17.1,0.239,49.17,79.67,43.67,6.64,37.03,23.53,230.99,0.47,0.0,6.64,36.26,0.2,0.0,0.0,0.0,0.0,36.26,267.24,0.0,0.0,0.0,2026,4,2026-10-04,16:25,SEA,0,,,,50.0,STARTING QB
2026,00-0040242,Jacory Croskey-Merritt,jacory croskey merritt,WAS,RB,8,3,17,18,9.23,6.21,4.78,13.35,-0.301,59.8,79.63,14.1,14.1,0.0,0.0,0.0,0.0,0.0,13.61,52.1,0.57,0.49,0.49,1.03,0.0,53.13,52.1,0.0,0.016,0.024,2026,4,2026-10-04,09:30,IND,1,,,,50.0,ROTATION RB
2026,00-0040734,TreVeyon Henderson,treveyon henderson,NE,RB,8,2,17,18,11.69,7.93,7.12,14.53,-0.141,59.59,79.35,13.97,13.97,0.0,0.0,0.0,0.0,0.0,12.74,61.21,0.66,1.23,0.97,6.17,0.0,67.39,61.21,0.0,0.043,0.072,2026,4,2026-10-04,13:00,BUF,0,,,,50.0,ROTATION RB
2026,00-0035264,Jarrett Stidham,jarrett stidham,DEN,QB,8,0,8,18,7.26,8.38,0.5,13.61,-0.99,46.41,79.28,19.04,3.22,15.82,9.81,121.52,0.61,0.0,3.22,9.69,0.0,0.0,0.0,0.0,0.0,9.69,131.2,0.0,0.0,0.0,2026,4,2026-10-04,16:25,SF,0,,,,50.0,QB
2026,00-0037327,Skylar Thompson,skylar thompson,MIA,QB,8,0,9,18,3.18,3.02,0.2,4.94,1.0,51.33,78.55,16.38,1.68,14.69,8.87,76.9,0.13,0.0,1.68,2.78,0.0,0.0,0.0,0.0,0.0,2.78,79.68,0.0,0.0,0.0,2026,4,2026-10-04,16:05,MIN,0,,,,50.0,QB
2026,00-0036963,Amon-Ra St. Brown,amon ra st brown,DET,WR,8,3,66,18,22.79,10.58,14.08,30.32,0.544,68.29,78.53,12.26,12.26,0.0,0.0,0.0,0.0,0.0,0.0,0.0,0.0,12.26,8.03,89.21,0.97,89.21,0.0,0.0,0.342,0.771,2026,4,2026-10-04,20:20,CAR,0,,,,50.0,HIGH TARGET
2026,00-0036924,Michael Carter,michael carter,ARI,RB,8,0,47,18,8.08,2.67,6.45,9.45,-0.341,75.2,78.35,11.17,11.17,0.0,0.0,0.0,0.0,0.0,7.32,31.11,0.0,3.86,2.76,22.16,0.0,53.27,31.11,0.0,0.104,0.162,2026,4,2026-10-04,13:00,NYG,0,,,,50.0,ROTATION RB
2026,00-0038543,Jaxon Smith-Njigba,jaxon smith njigba,SEA,WR,8,3,51,18,26.94,9.71,17.77,29.91,0.92,73.5,78.12,11.46,11.29,0.18,0.18,2.5,0.0,0.0,0.07,-0.07,0.0,11.21,8.21,111.97,1.24,111.9,2.43,0.0,0.378,0.95,2026,4,2026-10-04,16:25,LAC,1,,,,50.0,HIGH TARGET
2026,00-0037239,Chris Olave,chris olave,NO,WR,8,3,55,18,22.8,7.75,18.45,26.47,-0.153,74.64,78.03,11.07,11.07,0.0,0.0,0.0,0.0,0.0,0.0,0.0,0.0,11.07,7.79,107.86,0.7,107.86,0.0,0.0,0.306,0.793,2026,4,2026-10-05,20:15,ATL,1,,,,50.0,HIGH TARGET
2026,00-0039373,Audric Estimé,audric estimé,NO,RB,8,0,18,18,9.83,5.21,6.12,12.0,1.0,65.35,77.87,12.31,12.31,0.0,0.0,0.0,0.0,0.0,10.17,41.14,0.34,2.13,1.98,17.15,0.0,58.29,41.14,0.0,0.061,0.091,2026,4,2026-10-05,20:15,ATL,1,,,,50.0,ROTATION RB
2026,00-0036555,Chuba Hubbard,chuba hubbard,CAR,RB,8,3,61,18,11.68,7.56,4.23,16.35,1.0,60.69,77.78,12.92,12.92,0.0,0.0,0.0,0.0,0.0,10.48,44.48,0.15,2.43,2.43,18.47,0.38,62.95,44.48,0.0,0.081,0.08,2026,4,2026-10-04,20:20,DET,1,,,,50.0,ROTATION RB
2026,00-0033906,Alvin Kamara,alvin kamara,NO,RB,8,2,53,18,6.68,4.11,4.7,8.55,-0.272,61.95,77.27,12.45,12.45,0.0,0.0,0.0,0.0,0.0,9.42,29.94,0.0,3.03,2.63,12.97,0.0,42.92,29.94,0.0,0.098,0.145,2026,4,2026-10-05,20:15,ATL,1,,,,50.0,ROTATION RB
2026,00-0040398,Brady Cook,brady cook,NYJ,QB,5,0,5,18,6.05,2.71,3.72,8.94,0.159,43.18,77.27,32.51,2.6,29.91,17.21,137.94,0.44,0.0,2.6,8.77,0.0,0.0,0.0,0.0,0.0,8.77,146.71,0.0,0.0,0.0,2026,4,2026-10-04,13:00,CHI,0,,,,50.0,STARTING QB
2026,00-0039075,Puka Nacua,puka nacua,LAR,WR,8,1,44,18,24.21,11.47,15.07,29.85,-0.509,67.84,77.17,11.55,11.55,0.0,0.0,0.0,0.0,0.0,0.56,4.86,0.0,10.98,7.65,113.88,0.78,118.73,4.86,0.0,0.316,0.706,2026,4,2026-10-04,13:00,PHI,0,,,,50.0,HIGH TARGET
2026,00-0035664,Darrell Henderson,darrell henderson,LAR,RB,8,0,14,11,8.7,4.28,5.38,11.85,0.211,67.0,77.15,11.66,11.66,0.0,0.0,0.0,0.0,0.0,9.04,25.16,0.41,2.62,1.86,18.39,0.0,43.55,25.16,0.0,0.089,0.136,2026,4,2026-10-04,13:00,PHI,0,,,,50.0,ROTATION RB
2026,00-0037012,Trey Lance,trey lance,LAC,QB,8,0,10,18,3.7,4.27,0.44,4.23,-0.305,46.47,76.56,18.2,3.94,14.26,7.31,67.3,0.0,0.0,3.94,18.69,0.0,0.0,0.0,0.0,0.0,18.69,85.99,0.0,0.0,0.0,2026,4,2026-10-04,16:25,SEA,0,,,,50.0,QB
2026,00-0035289,Gardner Minshew,gardner minshew,KC,QB,8,0,35,18,4.52,6.78,-0.3,12.52,-1.0,39.97,76.56,16.73,1.56,15.18,9.6,87.72,0.46,0.0,1.56,2.32,0.0,0.0,0.0,0.0,0.0,2.32,90.04,0.0,0.0,0.0,2026,4,2026-10-04,16:25,LV,0,,,,50.0,QB
2026,00-0036875,Rhamondre Stevenson,rhamondre stevenson,NE,RB,8,3,58,18,15.35,10.43,9.72,20.15,-0.69,59.54,76.47,12.34,12.34,0.0,0.0,0.0,0.0,0.0,8.95,53.79,0.48,3.38,2.97,27.18,0.25,80.97,53.79,0.0,0.125,0.205,2026,4,2026-10-04,13:00,BUF,0,,,,50.0,ROTATION RB
2026,00-0037744,Trey McBride,trey mcbride,ARI,TE,8,3,62,18,18.79,7.86,12.82,23.83,0.349,70.5,76.34,10.69,10.69,0.0,0.0,0.0,0.0,0.0,0.0,0.0,0.0,10.69,8.15,70.2,0.6,70.2,0.0,0.0,0.308,0.632,2026,4,2026-10-04,13:00,NYG,0,,,,50.0,HIGH TARGET
2026,00-0036251,Zack Moss,zack moss,CIN,RB,8,0,35,18,9.42,6.11,6.67,15.03,-0.67,60.65,76.09,11.96,11.96,0.0,0.0,0.0,0.0,0.0,8.62,26.21,0.17,3.34,2.96,23.89,0.12,50.1,26.21,0.0,0.104,0.155,2026,4,2026-10-04,13:00,JAC,1,,,,50.0,ROTATION RB
2026,00-0040236,Kyle Monangai,kyle monangai,CHI,RB,8,3,17,18,8.69,5.57,5.25,9.6,0.208,60.96,75.29,11.45,11.45,0.0,0.0,0.0,0.0,0.0,9.51,46.36,0.15,1.95,1.48,12.78,0.0,59.14,46.36,0.0,0.064,0.102,2026,4,2026-10-04,13:00,NYJ,1,,,,50.0,ROTATION RB
2026,00-0040202,Devin Neal,devin neal,NO,RB,8,0,9,15,8.58,4.57,3.62,10.42,0.83,65.22,74.9,10.63,10.63,0.0,0.0,0.0,0.0,0.0,8.2,29.55,0.34,2.43,2.16,14.07,0.0,43.62,29.55,0.0,0.072,0.095,2026,4,2026-10-05,20:15,ATL,1,,,,50.0,ROTATION RB
2026,00-0036900,Ja'Marr Chase,jamarr chase,CIN,WR,8,3,61,18,20.06,8.07,17.47,24.85,-0.204,71.31,74.87,9.74,9.74,0.0,0.0,0.0,0.0,0.0,0.07,0.57,0.0,9.67,7.07,77.01,0.87,77.58,0.57,0.0,0.28,0.662,2026,4,2026-10-04,13:00,JAC,1,,,,50.0,HIGH TARGET
2026,00-0039738,Blake Corum,blake corum,LAR,RB,8,3,32,18,8.69,6.14,4.93,13.1,-0.162,58.57,74.7,11.46,11.46,0.0,0.0,0.0,0.0,0.0,10.18,53.7,0.33,1.29,0.83,4.99,0.0,58.69,53.7,0.0,0.03,0.046,2026,4,2026-10-04,13:00,PHI,0,,,,50.0,ROTATION RB
2026,00-0033699,Austin Ekeler,austin ekeler,WAS,RB,8,0,45,18,9.53,5.63,5.0,17.38,-0.544,62.87,74.58,10.78,10.78,0.0,0.0,0.0,0.0,0.0,7.06,24.64,0.29,3.72,2.85,24.68,0.0,49.32,24.64,0.0,0.12,0.175,2026,4,2026-10-04,09:30,IND,1,,,,50.0,ROTATION RB
2026,00-0037197,Isiah Pacheco,isiah pacheco,KC,RB,8,0,51,18,6.21,4.2,3.15,7.67,0.333,59.68,74.58,11.23,11.23,0.0,0.0,0.0,0.0,0.0,9.47,34.73,0.09,1.77,1.37,8.43,0.0,43.16,34.73,0.0,0.072,0.11,2026,4,2026-10-04,16:25,LV,0,,,,50.0,ROTATION RB
2026,00-0034955,Brett Rypien,brett rypien,CIN,QB,7,0,7,16,2.67,2.85,0.84,5.39,-0.528,42.31,74.52,16.82,1.14,15.67,8.71,81.29,0.22,0.0,1.14,3.98,0.0,0.0,0.0,0.0,0.0,3.98,85.27,0.0,0.0,0.0,2026,4,2026-10-04,13:00,JAC,1,,,,50.0,QB
2026,00-0037263,Tyler Allgeier,tyler allgeier,ARI,RB,8,3,67,18,5.12,2.64,2.75,8.4,0.319,65.99,74.4,10.23,10.23,0.0,0.0,0.0,0.0,0.0,8.38,27.35,0.0,1.85,1.71,6.73,0.0,34.08,27.35,0.0,0.052,0.06,2026,4,2026-10-04,13:00,NYG,0,,,,50.0,ROTATION RB
2026,00-0038611,Chris Rodriguez Jr.,chris rodriguez jr,JAC,RB,8,3,28,18,8.03,5.01,4.47,11.05,-0.613,61.56,74.0,10.63,10.63,0.0,0.0,0.0,0.0,0.0,10.22,42.65,0.52,0.41,0.32,3.52,0.0,46.17,42.65,0.0,0.017,0.029,2026,4,2026-10-04,13:00,CIN,0,,,,50.0,ROTATION RB
2026,00-0040719,Bhayshul Tuten,bhayshul tuten,JAC,RB,8,3,15,18,9.74,5.53,6.65,10.9,1.0,63.8,73.99,10.31,10.31,0.0,0.0,0.0,0.0,0.0,9.2,40.48,0.56,1.11,1.04,7.85,0.12,48.34,40.48,0.0,0.042,0.057,2026,4,2026-10-04,13:00,CIN,0,,,,50.0,ROTATION RB
2026,00-0033923,Kareem Hunt,kareem hunt,KC,RB,8,0,62,18,6.86,5.38,3.6,10.05,-0.5,56.05,73.87,11.35,11.35,0.0,0.0,0.0,0.0,0.0,9.64,33.27,0.28,1.7,1.1,9.53,0.0,42.79,33.27,0.0,0.052,0.081,2026,4,2026-10-04,16:25,LV,0,,,,50.0,ROTATION RB
2026,00-0037525,Jordan Mason,jordan mason,MIN,RB,8,1,56,18,7.38,3.83,3.88,10.68,0.176,65.84,73.72,9.86,9.86,0.0,0.0,0.0,0.0,0.0,9.61,48.22,0.37,0.25,0.25,0.99,0.0,49.21,48.22,0.0,0.01,0.009,2026,4,2026-10-04,16:05,MIA,1,,,,50.0,DEPTH RB
2026,00-0038559,Michael Wilson,michael wilson,ARI,WR,8,3,46,18,17.35,9.07,12.55,22.15,-0.254,65.68,73.66,9.85,9.85,0.0,0.0,0.0,0.0,0.0,0.0,0.0,0.0,9.85,5.7,70.83,0.76,70.83,0.0,0.0,0.266,0.708,2026,4,2026-10-04,13:00,NYG,0,,,,50.0,HIGH TARGET
2026,00-0036879,Sam Ehlinger,sam ehlinger,IND,QB,4,0,4,18,9.7,3.59,7.16,9.31,0.627,36.48,73.24,30.0,4.0,26.0,16.43,142.57,1.0,0.0,4.0,21.43,0.0,0.0,0.0,0.0,0.0,21.43,164.0,0.0,0.0,0.0,2026,4,2026-10-04,09:30,WAS,0,,,,50.0,QB
2026,00-0035685,David Montgomery,david montgomery,HOU,RB,8,3,61,18,9.74,8.49,5.6,10.47,1.0,53.41,73.01,11.23,11.23,0.0,0.0,0.0,0.0,0.0,9.58,33.4,0.45,1.65,1.57,12.19,0.15,45.59,33.4,0.0,0.049,0.081,2026,4,2026-10-04,13:00,DAL,1,,,,50.0,ROTATION RB
2026,00-0036919,Kenny Gainwell,kenny gainwell,TB,RB,8,3,67,18,10.61,8.34,4.12,20.05,-0.802,55.97,72.54,10.6,10.6,0.0,0.0,0.0,0.0,0.0,5.42,20.63,0.2,5.18,3.95,27.54,0.1,48.16,20.63,0.0,0.147,0.222,2026,4,2026-10-04,13:00,GB,1,,,,50.0,ROTATION RB
2026,00-0033856,Leonard Fournette,leonard fournette,BUF,RB,8,0,18,18,8.09,7.61,2.0,12.07,-0.881,51.53,72.46,11.19,11.19,0.0,0.0,0.0,0.0,0.0,7.82,28.12,0.0,3.37,3.09,21.88,0.0,50.0,28.12,0.0,0.073,0.106,2026,4,2026-10-04,13:00,NE,1,,,,50.0,ROTATION RB
2026,00-0032144,Melvin Gordon,melvin gordon,BAL,RB,8,0,14,18,7.16,4.32,6.6,11.25,-0.6,62.35,72.15,9.46,9.46,0.0,0.0,0.0,0.0,0.0,7.22,23.16,0.25,2.24,1.81,18.93,0.0,42.09,23.16,0.0,0.073,0.127,2026,4,2026-10-04,13:00,TEN,1,,,,50.0,DEPTH RB
2026,00-0038606,Parker Washington,parker washington,JAC,WR,8,3,38,18,16.44,5.78,11.82,19.4,-0.247,74.0,72.01,7.72,7.72,0.0,0.0,0.0,0.0,0.0,0.12,-0.59,0.0,7.6,4.96,81.71,0.56,81.12,-0.59,0.0,0.263,0.662,2026,4,2026-10-04,13:00,CIN,0,,,,50.0,REGULAR TARGET
2026,00-0031800,Taylor Heinicke,taylor heinicke,LAC,QB,8,0,18,17,5.58,6.33,0.92,14.3,-0.929,46.83,71.96,13.13,1.56,11.57,6.14,70.24,0.38,0.0,1.56,14.0,0.12,0.0,0.0,0.0,0.0,14.0,84.24,0.0,0.0,0.0,2026,4,2026-10-04,16:25,SEA,0,,,,50.0,QB
2026,00-0037256,Rachaad White,rachaad white,WAS,RB,8,3,66,18,7.85,3.78,4.45,8.78,0.691,67.51,71.82,8.54,8.54,0.0,0.0,0.0,0.0,0.0,6.15,30.86,0.0,2.39,2.32,13.74,0.18,44.61,30.86,0.0,0.078,0.11,2026,4,2026-10-04,09:30,IND,1,,,,50.0,DEPTH RB
2026,00-0040234,Quinn Ewers,quinn ewers,MIA,QB,4,0,4,18,9.28,4.57,5.71,10.23,1.0,33.5,71.75,24.43,2.36,22.07,14.71,161.36,0.93,0.0,2.07,5.71,0.0,0.29,0.29,-1.71,0.0,4.0,167.07,0.0,0.013,0.013,2026,4,2026-10-04,16:05,MIN,0,,,,50.0,QB
2026,00-0039067,Rashee Rice,rashee rice,KC,WR,8,3,28,17,14.56,6.57,9.88,17.88,-0.223,68.91,71.74,8.29,8.29,0.0,0.0,0.0,0.0,0.0,0.1,0.2,0.0,8.19,5.54,67.16,0.35,67.37,0.2,0.0,0.263,0.525,2026,4,2026-10-04,16:25,LV,0,,,,50.0,HIGH TARGET
2026,00-0035250,Devin Singletary,devin singletary,NYG,RB,8,2,65,18,9.14,6.36,4.12,14.6,0.012,58.96,71.53,9.59,9.59,0.0,0.0,0.0,0.0,0.0,7.75,30.13,0.37,1.84,1.66,9.84,0.16,39.97,30.13,0.0,0.069,0.083,2026,4,2026-10-04,13:00,ARI,1,,,,50.0,DEPTH RB
2026,00-0039921,Trey Benson,trey benson,ARI,RB,8,0,16,15,6.41,3.32,2.15,8.43,0.978,65.87,71.47,8.57,8.57,0.0,0.0,0.0,0.0,0.0,5.9,31.46,0.0,2.67,2.21,10.51,0.0,41.97,31.46,0.0,0.084,0.111,2026,4,2026-10-04,13:00,NYG,0,,,,50.0,DEPTH RB
2026,00-0027973,Andy Dalton,andy dalton,PHI,QB,8,1,26,18,2.54,4.56,-0.01,4.38,-0.792,35.75,71.44,14.13,1.28,12.86,8.53,83.52,0.31,0.0,1.28,2.09,0.0,0.0,0.0,0.0,0.0,2.09,85.61,0.0,0.0,0.0,2026,4,2026-10-04,13:00,LAR,1,,,,50.0,QB
2026,00-0038797,Emanuel Wilson,emanuel wilson,SEA,RB,8,3,39,18,3.9,3.43,0.82,6.4,-0.374,53.23,71.33,10.3,10.3,0.0,0.0,0.0,0.0,0.0,9.89,35.02,0.0,0.41,0.25,1.47,0.0,36.49,35.02,0.0,0.024,0.017,2026,4,2026-10-04,16:25,LAC,1,,,,50.0,ROTATION RB
2026,00-0040128,Tyler Warren,tyler warren,IND,TE,8,3,17,18,9.9,3.83,5.72,11.33,0.721,72.12,71.32,7.6,7.6,0.0,0.0,0.0,0.0,0.0,0.41,0.99,0.0,7.18,4.99,29.45,0.31,30.44,0.99,0.0,0.224,0.409,2026,4,2026-10-04,09:30,WAS,0,,,,50.0,REGULAR TARGET
2026,00-0028986,Case Keenum,case keenum,CHI,QB,5,1,4,16,8.92,10.84,0.12,11.26,1.0,28.21,71.28,24.26,2.2,22.06,14.44,132.69,0.77,0.0,2.2,1.83,0.29,0.0,0.0,0.0,0.0,1.83,134.51,0.0,0.0,0.0,2026,4,2026-10-04,13:00,NYJ,1,,,,50.0,QB
2026,00-0036554,Nico Collins,nico collins,HOU,WR,8,1,52,18,16.34,6.26,9.6,22.0,-0.349,72.31,71.23,7.52,7.52,0.0,0.0,0.0,0.0,0.0,0.28,1.96,0.1,7.23,4.61,78.24,0.52,80.21,1.96,0.0,0.227,0.584,2026,4,2026-10-04,13:00,DAL,1,,,,50.0,REGULAR TARGET
2026,00-0038997,Josh Downs,josh downs,IND,WR,8,3,47,18,9.88,3.27,6.15,12.03,0.216,75.11,71.18,7.09,7.09,0.0,0.0,0.0,0.0,0.0,0.23,-0.36,0.0,6.85,4.15,52.46,0.09,52.11,-0.36,0.0,0.214,0.533,2026,4,2026-10-04,09:30,WAS,0,,,,50.0,REGULAR TARGET
2026,00-0035640,DK Metcalf,dk metcalf,PIT,WR,8,3,63,18,11.02,4.67,7.67,14.43,-0.398,70.25,71.14,7.76,7.76,0.0,0.0,0.0,0.0,0.0,0.14,0.86,0.07,7.62,3.99,47.34,0.3,48.19,0.86,0.0,0.228,0.589,2026,4,2026-10-01,20:15,CLE,0,,,,50.0,REGULAR TARGET
2026,00-0036410,Tee Higgins,tee higgins,CIN,WR,8,3,53,18,15.47,5.74,9.65,19.27,0.035,72.93,70.9,7.24,7.24,0.0,0.0,0.0,0.0,0.0,0.0,0.0,0.0,7.24,4.78,71.72,0.59,71.72,0.0,0.0,0.211,0.607,2026,4,2026-10-04,13:00,JAC,1,,,,50.0,REGULAR TARGET
2026,00-0035676,A.J. Brown,aj brown,NE,WR,8,1,62,18,15.76,8.42,11.88,20.12,-0.433,65.17,70.82,8.3,8.3,0.0,0.0,0.0,0.0,0.0,0.0,0.0,0.0,8.3,5.87,73.48,0.42,73.48,0.0,0.0,0.285,0.658,2026,4,2026-10-04,13:00,BUF,0,,,,50.0,HIGH TARGET
2026,00-0037740,Garrett Wilson,garrett wilson,NYJ,WR,8,3,58,18,15.5,8.86,11.5,21.25,1.0,63.63,70.75,8.48,8.48,0.0,0.0,0.0,0.0,0.0,0.0,0.0,0.0,8.48,5.69,61.98,0.6,61.98,0.0,0.0,0.312,0.833,2026,4,2026-10-04,13:00,CHI,0,,,,50.0,HIGH TARGET
2026,00-0039338,Brock Bowers,brock bowers,LV,TE,8,1,29,18,15.79,7.08,10.82,16.52,0.048,69.03,70.73,7.7,7.7,0.0,0.0,0.0,0.0,0.0,0.07,-0.29,0.0,7.63,5.78,57.81,0.71,57.53,-0.29,0.0,0.264,0.587,2026,4,2026-10-04,16:25,KC,1,,,,50.0,REGULAR TARGET
2026,00-0035146,Trace McSorley,trace mcsorley,ARI,QB,5,0,5,18,1.68,1.49,0.6,2.48,0.32,33.12,70.67,21.79,3.26,18.53,10.11,90.63,0.0,0.0,3.26,11.94,0.0,0.0,0.0,0.0,0.0,11.94,102.57,0.0,0.0,0.0,2026,4,2026-10-04,13:00,NYG,0,,,,50.0,QB
2026,00-0038124,Christian Watson,christian watson,GB,WR,8,3,47,18,18.64,9.13,12.05,23.18,1.0,67.12,70.62,7.91,7.91,0.0,0.0,0.0,0.0,0.0,0.07,0.21,0.0,7.84,4.63,78.96,1.02,79.18,0.21,0.0,0.242,0.576,2026,4,2026-10-04,13:00,TB,0,,,,50.0,REGULAR TARGET
2026,00-0034184,Gus Edwards,gus edwards,LAC,RB,8,0,37,18,7.68,6.3,2.6,7.72,1.0,54.92,70.62,9.65,9.65,0.0,0.0,0.0,0.0,0.0,9.05,35.64,0.62,0.61,0.31,0.67,0.0,36.31,35.64,0.0,0.021,0.025,2026,4,2026-10-04,16:25,SEA,0,,,,50.0,DEPTH RB
2026,00-0036972,Mac Jones,mac jones,SF,QB,8,1,46,18,6.16,8.95,-0.23,16.36,-1.0,40.75,70.59,14.26,2.6,11.66,8.67,89.01,0.73,0.0,2.6,2.59,0.0,0.0,0.0,0.0,0.0,2.59,91.6,0.0,0.0,0.0,2026,4,2026-10-04,16:25,DEN,1,,,,50.0,QB
2026,00-0031345,Jimmy Garoppolo,jimmy garoppolo,LAR,QB,8,0,22,18,4.44,7.04,-0.3,9.34,-1.0,38.68,70.36,14.22,2.4,11.82,7.39,86.07,0.42,0.0,2.4,0.89,0.0,0.0,0.0,0.0,0.0,0.89,86.96,0.0,0.0,0.0,2026,4,2026-10-04,13:00,PHI,0,,,,50.0,QB
2026,00-0031381,Davante Adams,davante adams,LAR,WR,8,3,62,18,18.0,11.52,7.05,22.15,0.653,60.99,70.15,8.52,8.52,0.0,0.0,0.0,0.0,0.0,0.0,0.0,0.0,8.52,4.91,84.34,0.78,84.34,0.0,0.0,0.249,0.647,2026,4,2026-10-04,13:00,PHI,0,,,,50.0,HIGH TARGET
2026,00-0038117,Wan'Dale Robinson,wandale robinson,TEN,WR,8,3,54,18,13.28,8.42,7.9,19.6,-0.33,61.19,70.14,8.48,8.48,0.0,0.0,0.0,0.0,0.0,0.19,0.35,0.0,8.29,5.72,54.09,0.35,54.44,0.35,0.0,0.302,0.667,2026,4,2026-10-04,13:00,BAL,0,,,,50.0,HIGH TARGET
2026,00-0033526,Samaje Perine,samaje perine,CIN,RB,8,3,65,18,6.23,3.06,4.4,8.22,-0.524,67.11,70.12,7.63,7.63,0.0,0.0,0.0,0.0,0.0,5.37,20.11,0.22,2.26,1.66,12.43,0.0,32.54,20.11,0.0,0.065,0.098,2026,4,2026-10-04,13:00,JAC,1,,,,50.0,DEPTH RB
2026,00-0027688,Colt McCoy,colt mccoy,ARI,QB,4,0,4,15,6.95,4.62,5.82,11.16,-0.456,30.03,70.02,34.86,3.36,31.5,21.21,178.86,0.14,0.0,3.36,9.43,0.0,0.0,0.0,0.0,0.0,9.43,188.29,0.0,0.0,0.0,2026,4,2026-10-04,13:00,NYG,0,,,,50.0,STARTING QB
2026,00-0033040,Tyreek Hill,tyreek hill,MIA,WR,8,0,54,18,12.32,4.93,7.4,16.15,0.444,71.41,69.95,6.91,6.91,0.0,0.0,0.0,0.0,0.0,0.0,0.0,0.0,6.91,4.86,59.55,0.25,59.55,0.0,0.0,0.231,0.659,2026,4,2026-10-04,16:05,MIN,0,,,,50.0,REGULAR TARGET
2026,00-0040735,Luther Burden III,luther burden iii,CHI,WR,8,3,15,18,13.18,7.07,7.57,15.75,-0.286,65.09,69.77,7.71,7.71,0.0,0.0,0.0,0.0,0.0,0.62,3.35,0.0,7.1,5.06,63.02,0.3,66.36,3.35,0.0,0.228,0.5,2026,4,2026-10-04,13:00,NYJ,1,,,,50.0,REGULAR TARGET
2026,00-0033949,Joshua Dobbs,joshua dobbs,NE,QB,8,0,21,18,4.58,7.08,0.76,5.49,-0.925,39.26,69.74,14.56,3.17,11.38,7.32,71.29,0.31,0.0,3.17,4.59,0.22,0.0,0.0,0.0,0.0,4.59,75.88,0.0,0.0,0.0,2026,4,2026-10-04,13:00,BUF,0,,,,50.0,QB
2026,00-0039064,Zay Flowers,zay flowers,BAL,WR,8,2,50,18,19.06,7.64,14.8,22.4,0.424,71.39,69.69,6.77,6.77,0.0,0.0,0.0,0.0,0.0,0.38,5.86,0.12,6.39,4.8,91.87,0.69,97.72,5.86,0.0,0.309,0.747,2026,4,2026-10-04,13:00,TEN,1,,,,50.0,REGULAR TARGET
2026,00-0037157,Bam Knight,bam knight,ARI,RB,8,1,21,18,7.45,5.98,3.82,13.52,-0.807,55.49,69.59,8.98,8.98,0.0,0.0,0.0,0.0,0.0,6.21,22.77,0.22,2.77,1.95,13.79,0.13,36.56,22.77,0.0,0.064,0.105,2026,4,2026-10-04,13:00,NYG,0,,,,50.0,DEPTH RB
2026,00-0038400,Tanner McKee,tanner mckee,PHI,QB,6,0,6,18,6.46,6.83,0.41,11.45,-0.512,36.44,69.31,17.62,2.1,15.52,9.17,101.8,0.68,0.0,2.1,1.55,0.0,0.0,0.0,0.0,0.0,1.55,103.35,0.0,0.0,0.0,2026,4,2026-10-04,13:00,LAR,1,,,,50.0,QB
2026,00-0035537,Ty Johnson,ty johnson,BUF,RB,8,1,55,18,9.31,4.69,5.88,8.4,0.886,66.5,69.21,7.19,7.19,0.0,0.0,0.0,0.0,0.0,4.25,15.23,0.3,2.94,2.52,25.21,0.16,40.44,15.23,0.0,0.107,0.141,2026,4,2026-10-04,13:00,NE,1,,,,50.0,DEPTH RB
2026,00-0036328,Antonio Gibson,antonio gibson,NE,RB,8,0,53,18,5.49,3.66,2.9,8.97,-0.351,59.99,69.2,8.12,8.12,0.0,0.0,0.0,0.0,0.0,6.85,27.88,0.16,1.27,0.86,3.64,0.0,31.52,27.88,0.0,0.045,0.076,2026,4,2026-10-04,13:00,BUF,0,,,,50.0,DEPTH RB
2026,00-0036358,CeeDee Lamb,ceedee lamb,DAL,WR,8,3,62,18,16.87,9.96,10.72,18.62,1.0,62.88,69.17,7.69,7.69,0.0,0.0,0.0,0.0,0.0,0.15,0.0,0.0,7.54,5.58,80.89,0.47,80.89,0.0,0.0,0.22,0.546,2026,4,2026-10-04,13:00,HOU,0,,,,50.0,REGULAR TARGET
2026,00-0040663,Harold Fannin Jr.,harold fannin jr,CLE,TE,8,3,16,17,14.59,7.17,10.85,20.65,-0.092,67.05,69.06,7.03,7.03,0.0,0.0,0.0,0.0,0.0,0.29,0.32,0.12,6.74,4.72,46.86,0.77,47.18,0.32,0.0,0.231,0.521,2026,4,2026-10-01,20:15,PIT,1,,,,50.0,REGULAR TARGET
2026,00-0034771,Mason Rudolph,mason rudolph,PIT,QB,8,1,17,18,3.23,4.54,0.22,7.9,-0.383,41.53,68.89,12.13,1.55,10.58,7.31,63.23,0.35,0.0,1.55,3.52,0.0,0.0,0.0,0.0,0.0,3.52,66.74,0.0,0.0,0.0,2026,4,2026-10-01,20:15,CLE,0,,,,50.0,QB
2026,00-0036893,Najee Harris,najee harris,NYG,RB,8,2,54,18,5.35,4.36,2.6,7.62,-0.648,55.07,68.87,8.63,8.63,0.0,0.0,0.0,0.0,0.0,7.32,31.8,0.1,1.31,0.96,5.89,0.0,37.69,31.8,0.0,0.044,0.064,2026,4,2026-10-04,13:00,ARI,1,,,,50.0,DEPTH RB
2026,00-0027966,Mark Ingram,mark ingram,NO,RB,8,0,10,13,5.14,3.25,3.0,7.42,-0.219,61.26,68.84,7.73,7.73,0.0,0.0,0.0,0.0,0.0,5.63,18.17,0.07,2.1,1.82,8.77,0.0,26.93,18.17,0.0,0.068,0.101,2026,4,2026-10-05,20:15,ATL,1,,,,50.0,DEPTH RB
2026,00-0038551,Kendre Miller,kendre miller,NO,RB,8,2,20,18,5.42,3.46,3.42,6.68,-0.398,61.04,68.71,7.68,7.68,0.0,0.0,0.0,0.0,0.0,6.65,25.58,0.27,1.03,0.85,4.21,0.0,29.79,25.58,0.0,0.029,0.041,2026,4,2026-10-05,20:15,ATL,1,,,,50.0,DEPTH RB
2026,00-0039384,Tyrone Tracy Jr.,tyrone tracy jr,NYG,RB,8,3,32,18,7.9,10.5,0.22,13.53,-1.0,42.95,68.59,10.2,10.2,0.0,0.0,0.0,0.0,0.0,8.15,39.43,0.09,2.05,1.71,9.68,0.22,49.12,39.43,0.0,0.074,0.125,2026,4,2026-10-04,13:00,ARI,1,,,,50.0,ROTATION RB
2026,00-0037746,Brian Robinson,brian robinson,ATL,RB,8,3,58,18,4.98,3.7,2.08,5.02,1.0,57.41,68.45,8.06,8.06,0.0,0.0,0.0,0.0,0.0,7.51,31.34,0.18,0.55,0.44,3.32,0.0,34.65,31.34,0.0,0.017,0.024,2026,4,2026-10-05,20:15,NO,0,,,,50.0,DEPTH RB
2026,00-0034960,Jakobi Meyers,jakobi meyers,JAC,WR,8,3,61,18,11.05,4.95,8.43,12.85,0.367,69.07,68.37,6.34,6.34,0.0,0.0,0.0,0.0,0.0,0.46,1.04,0.0,5.88,4.2,45.87,0.4,46.91,1.04,0.0,0.195,0.437,2026,4,2026-10-04,13:00,CIN,0,,,,50.0,REGULAR TARGET
2026,00-0037563,Malik Davis,malik davis,DAL,RB,8,0,17,18,5.72,4.66,1.65,10.4,0.774,55.09,68.36,8.34,8.34,0.0,0.0,0.0,0.0,0.0,7.54,35.96,0.27,0.8,0.3,2.37,0.0,38.33,35.96,0.0,0.023,0.04,2026,4,2026-10-04,13:00,HOU,0,,,,50.0,DEPTH RB
2026,00-0033288,George Kittle,george kittle,SF,TE,8,3,57,18,16.25,8.25,10.0,23.23,-0.141,66.33,68.09,6.58,6.58,0.0,0.0,0.0,0.0,0.0,0.0,0.0,0.0,6.58,5.1,67.18,0.74,67.18,0.0,0.0,0.238,0.521,2026,4,2026-10-04,16:25,DEN,1,,,,50.0,REGULAR TARGET
2026,00-0037247,George Pickens,george pickens,DAL,WR,8,3,65,18,10.66,6.6,6.17,12.65,-0.219,61.78,68.09,7.22,7.22,0.0,0.0,0.0,0.0,0.0,0.0,0.0,0.0,7.22,4.61,54.43,0.1,54.43,0.0,0.0,0.212,0.489,2026,4,2026-10-04,13:00,HOU,0,,,,50.0,REGULAR TARGET
2026,00-0036912,DeVonta Smith,devonta smith,PHI,WR,8,3,63,18,12.41,7.48,7.53,13.43,0.678,62.39,68.05,7.12,7.12,0.0,0.0,0.0,0.0,0.0,0.0,0.0,0.0,7.12,4.85,59.65,0.27,59.65,0.0,0.0,0.255,0.628,2026,4,2026-10-04,13:00,LAR,1,,,,50.0,REGULAR TARGET
2026,00-0039032,Tyjae Spears,tyjae spears,TEN,RB,8,3,42,18,6.78,5.99,3.58,9.18,-0.57,53.12,68.04,8.43,8.43,0.0,0.0,0.0,0.0,0.0,5.38,21.6,0.1,3.05,2.49,15.17,0.0,36.77,21.6,0.0,0.112,0.123,2026,4,2026-10-04,13:00,BAL,0,,,,50.0,DEPTH RB
2026,00-0032602,J.D. McKissic,jd mckissic,WAS,RB,8,0,8,8,6.15,3.99,4.25,9.02,-0.729,60.67,68.01,7.34,7.34,0.0,0.0,0.0,0.0,0.0,2.54,11.55,0.0,4.8,2.98,18.66,0.0,30.21,11.55,0.0,0.138,0.221,2026,4,2026-10-04,09:30,IND,1,,,,50.0,DEPTH RB
2026,00-0033555,Mack Hollins,mack hollins,NE,WR,8,3,60,18,9.1,4.05,5.22,11.28,0.011,69.2,67.96,6.09,6.09,0.0,0.0,0.0,0.0,0.0,0.0,0.0,0.0,6.09,4.15,49.51,0.0,49.51,0.0,0.0,0.204,0.496,2026,4,2026-10-04,13:00,BUF,0,,,,50.0,REGULAR TARGET
2026,00-0031237,Teddy Bridgewater,teddy bridgewater,TB,QB,8,0,9,17,4.18,5.99,-0.1,9.48,-0.893,41.11,67.96,11.15,1.05,10.11,6.18,77.32,0.39,0.0,1.05,3.01,0.0,0.0,0.0,0.0,0.0,3.01,80.33,0.0,0.0,0.0,2026,4,2026-10-04,13:00,GB,1,,,,50.0,QB
2026,00-0033936,C.J. Beathard,cj beathard,JAC,QB,8,0,10,17,3.49,4.13,-0.23,4.5,1.0,45.77,67.85,10.79,1.41,9.38,6.93,60.55,0.16,0.0,1.41,5.85,0.0,0.0,0.0,0.0,0.0,5.85,66.4,0.0,0.0,0.0,2026,4,2026-10-04,13:00,CIN,0,,,,50.0,QB
2026,00-0037240,Jameson Williams,jameson williams,DET,WR,8,3,50,18,10.91,5.88,7.8,14.38,-0.27,64.98,67.82,6.61,6.61,0.0,0.0,0.0,0.0,0.0,0.07,0.5,0.0,6.54,4.28,60.58,0.09,61.08,0.5,0.0,0.177,0.484,2026,4,2026-10-04,20:20,CAR,0,,,,50.0,REGULAR TARGET
2026,00-0036040,Juwan Johnson,juwan johnson,NO,TE,8,3,61,18,13.44,5.59,7.62,15.03,0.288,70.62,67.81,5.8,5.8,0.0,0.0,0.0,0.0,0.0,0.0,0.0,0.0,5.8,4.84,61.87,0.51,61.87,0.0,0.0,0.158,0.328,2026,4,2026-10-05,20:15,ATL,1,,,,50.0,REGULAR TARGET
2026,00-0039424,Devaughn Vele,devaughn vele,NO,WR,8,3,22,18,11.57,6.21,6.85,13.9,-0.095,65.07,67.76,6.57,6.57,0.0,0.0,0.0,0.0,0.0,0.0,0.0,0.0,6.57,4.55,55.24,0.25,55.24,0.0,0.0,0.189,0.471,2026,4,2026-10-05,20:15,ATL,1,,,,50.0,REGULAR TARGET
2026,00-0039794,Braelon Allen,braelon allen,NYJ,RB,8,3,21,18,4.7,2.62,3.27,6.75,1.0,64.19,67.69,6.65,6.65,0.0,0.0,0.0,0.0,0.0,5.26,19.51,0.25,1.4,1.08,4.41,0.0,23.91,19.51,0.0,0.044,0.07,2026,4,2026-10-04,13:00,CHI,0,,,,50.0,DEPTH RB
2026,00-0039065,Sam LaPorta,sam laporta,DET,TE,8,3,42,18,12.83,5.65,9.2,17.95,-0.058,69.41,67.67,5.9,5.9,0.0,0.0,0.0,0.0,0.0,0.0,0.0,0.0,5.9,4.72,54.73,0.44,54.73,0.0,0.0,0.179,0.371,2026,4,2026-10-04,20:20,CAR,0,,,,50.0,REGULAR TARGET
2026,00-0031408,Mike Evans,mike evans,SF,WR,8,3,54,18,11.33,5.12,7.65,14.8,0.193,68.85,67.59,5.93,5.93,0.0,0.0,0.0,0.0,0.0,0.0,0.0,0.0,5.93,3.56,44.9,0.55,44.9,0.0,0.0,0.201,0.515,2026,4,2026-10-04,16:25,DEN,1,,,,50.0,REGULAR TARGET
2026,00-0031588,Stefon Diggs,stefon diggs,WAS,WR,8,3,58,18,13.91,7.12,6.88,21.8,-0.148,66.14,67.59,6.32,6.32,0.0,0.0,0.0,0.0,0.0,0.0,0.0,0.0,6.32,4.62,57.45,0.59,57.45,0.0,0.0,0.214,0.441,2026,4,2026-10-04,09:30,IND,1,,,,50.0,REGULAR TARGET
2026,00-0039880,Malik Washington,malik washington,MIA,WR,8,3,31,18,7.58,3.7,3.5,10.42,0.111,67.2,67.56,6.15,6.15,0.0,0.0,0.0,0.0,0.0,1.01,5.5,0.1,5.14,2.91,30.06,0.13,35.56,5.5,0.0,0.189,0.427,2026,4,2026-10-04,16:05,MIN,0,,,,50.0,REGULAR TARGET
2026,00-0022942,Philip Rivers,philip rivers,IND,QB,3,0,3,17,10.69,4.53,7.29,12.43,0.144,26.34,67.56,31.76,0.67,31.1,19.19,185.19,1.33,0.0,0.67,-0.48,0.0,0.0,0.0,0.0,0.0,-0.48,184.71,0.0,0.0,0.0,2026,4,2026-10-04,09:30,WAS,0,,,,50.0,STARTING QB
2026,00-0037013,Zach Wilson,zach wilson,MIA,QB,8,0,25,18,3.61,6.56,-0.05,8.54,-1.0,35.48,67.45,12.02,1.4,10.62,6.29,63.82,0.29,0.0,1.4,6.45,0.0,0.0,0.0,0.0,0.0,6.45,70.28,0.0,0.0,0.0,2026,4,2026-10-04,16:05,MIN,0,,,,50.0,QB
2026,00-0035659,Terry McLaurin,terry mclaurin,WAS,WR,8,3,61,18,10.51,5.35,7.07,12.45,0.027,66.28,67.43,6.2,6.2,0.0,0.0,0.0,0.0,0.0,0.0,0.0,0.0,6.2,3.59,53.26,0.27,53.26,0.0,0.0,0.248,0.614,2026,4,2026-10-04,09:30,IND,1,,,,50.0,REGULAR TARGET
2026,00-0040129,Emeka Egbuka,emeka egbuka,TB,WR,8,3,17,18,7.84,3.65,4.62,10.6,1.0,68.26,67.41,5.91,5.91,0.0,0.0,0.0,0.0,0.0,0.16,-0.49,0.0,5.75,3.2,37.12,0.16,36.63,-0.49,0.0,0.185,0.486,2026,4,2026-10-04,13:00,GB,1,,,,50.0,REGULAR TARGET
2026,00-0039890,Adonai Mitchell,adonai mitchell,NYJ,WR,8,2,33,18,9.01,6.53,4.75,13.57,-0.288,57.99,67.4,7.37,7.37,0.0,0.0,0.0,0.0,0.0,0.1,-0.41,0.0,7.27,3.58,44.3,0.17,43.89,-0.41,0.0,0.232,0.701,2026,4,2026-10-04,13:00,CHI,0,,,,50.0,REGULAR TARGET
2026,00-0033118,Kenyan Drake,kenyan drake,GB,RB,8,0,14,18,6.36,7.3,1.7,9.45,1.0,46.56,67.19,8.89,8.89,0.0,0.0,0.0,0.0,0.0,6.45,23.25,0.29,2.44,1.44,11.75,0.0,35.0,23.25,0.0,0.08,0.119,2026,4,2026-10-04,13:00,TB,0,,,,50.0,DEPTH RB
2026,00-0033925,D'Onta Foreman,donta foreman,CLE,RB,8,0,35,18,3.14,2.86,1.4,5.35,-0.235,52.31,67.18,8.06,8.06,0.0,0.0,0.0,0.0,0.0,7.19,24.13,0.0,0.87,0.54,4.81,0.0,28.93,24.13,0.0,0.027,0.04,2026,4,2026-10-01,20:15,PIT,1,,,,50.0,DEPTH RB
2026,00-0040124,Tetairoa McMillan,tetairoa mcmillan,CAR,WR,8,3,17,18,9.68,5.67,4.3,13.15,-0.12,63.06,67.11,6.48,6.48,0.0,0.0,0.0,0.0,0.0,0.0,0.0,0.0,6.48,3.42,55.17,0.17,55.17,0.0,0.0,0.213,0.602,2026,4,2026-10-04,20:20,DET,1,,,,50.0,REGULAR TARGET
2026,00-0037238,Drake London,drake london,ATL,WR,8,3,62,18,13.83,9.45,5.65,20.27,0.719,59.4,67.05,6.97,6.97,0.0,0.0,0.0,0.0,0.0,0.31,0.56,0.0,6.66,4.55,78.58,0.2,79.14,0.56,0.0,0.256,0.652,2026,4,2026-10-05,20:15,NO,0,,,,50.0,REGULAR TARGET
2026,00-0030279,Keenan Allen,keenan allen,IND,WR,8,3,55,18,8.67,5.53,4.58,9.7,0.278,61.06,67.02,6.72,6.72,0.0,0.0,0.0,0.0,0.0,0.0,0.0,0.0,6.72,4.33,32.76,0.18,32.76,0.0,0.0,0.211,0.441,2026,4,2026-10-04,09:30,WAS,0,,,,50.0,REGULAR TARGET
2026,00-0035243,Miles Sanders,miles sanders,DAL,RB,8,0,48,18,8.23,7.5,3.25,10.3,-0.27,52.33,67.01,7.96,7.96,0.0,0.0,0.0,0.0,0.0,5.54,25.69,0.27,2.42,2.3,13.34,0.12,39.03,25.69,0.0,0.065,0.103,2026,4,2026-10-04,13:00,HOU,0,,,,50.0,DEPTH RB
2026,00-0026300,Josh Johnson,josh johnson,WAS,QB,8,0,8,18,4.37,6.18,0.0,2.75,1.0,41.43,67.0,12.16,2.65,9.51,5.98,65.01,0.18,0.0,2.65,9.97,0.18,0.0,0.0,0.0,0.0,9.97,74.97,0.0,0.0,0.0,2026,4,2026-10-04,09:30,IND,1,,,,50.0,QB
2026,00-0034383,Dalton Schultz,dalton schultz,HOU,TE,8,3,64,18,12.22,7.7,5.8,16.27,0.287,61.35,66.86,6.58,6.58,0.0,0.0,0.0,0.0,0.0,0.0,0.0,0.0,6.58,5.39,57.04,0.19,57.04,0.0,0.0,0.192,0.381,2026,4,2026-10-04,13:00,DAL,1,,,,50.0,REGULAR TARGET
2026,00-0036360,Clyde Edwards-Helaire,clyde edwards helaire,KC,RB,8,0,29,18,5.55,5.1,3.28,8.05,-0.378,52.12,66.74,7.83,7.83,0.0,0.0,0.0,0.0,0.0,5.62,15.47,0.0,2.21,1.68,17.97,0.09,33.44,15.47,0.0,0.061,0.076,2026,4,2026-10-04,16:25,LV,0,,,,50.0,DEPTH RB
2026,00-0036493,Deon Jackson,deon jackson,NYG,RB,8,0,14,18,5.25,5.72,0.9,6.4,0.355,47.86,66.74,8.44,8.44,0.0,0.0,0.0,0.0,0.0,5.45,15.78,0.0,2.99,2.44,14.76,0.1,30.54,15.78,0.0,0.087,0.125,2026,4,2026-10-04,13:00,ARI,1,,,,50.0,DEPTH RB
2026,00-0036755,Jaret Patterson,jaret patterson,LAC,RB,8,0,8,18,4.41,4.03,0.1,6.97,1.0,52.25,66.72,7.81,7.81,0.0,0.0,0.0,0.0,0.0,7.01,28.45,0.15,0.8,0.54,1.43,0.0,29.88,28.45,0.0,0.024,0.037,2026,4,2026-10-04,16:25,SEA,0,,,,50.0,DEPTH RB
2026,00-0036309,Darnell Mooney,darnell mooney,NYG,WR,8,3,56,18,5.12,1.27,4.62,5.75,0.101,80.09,66.66,3.79,3.79,0.0,0.0,0.0,0.0,0.0,0.18,1.61,0.0,3.61,2.15,28.08,0.0,29.68,1.61,0.0,0.128,0.336,2026,4,2026-10-04,13:00,ARI,1,,,,50.0,LOW TARGET
2026,00-0033251,Zach Pascal,zach pascal,ARI,WR,8,0,28,17,0.0,0.0,0.0,0.0,0.0,100.0,66.59,0.91,0.91,0.0,0.0,0.0,0.0,0.0,0.0,0.0,0.0,0.91,0.0,0.0,0.0,0.0,0.0,0.0,0.027,0.082,2026,4,2026-10-04,13:00,NYG,0,,,,50.0,LOW TARGET
2026,00-0038977,Tank Dell,tank dell,HOU,WR,8,0,24,16,11.3,6.32,7.75,14.78,0.102,64.16,66.58,6.02,6.02,0.0,0.0,0.0,0.0,0.0,0.38,2.31,0.0,5.64,3.73,58.44,0.25,60.75,2.31,0.0,0.175,0.465,2026,4,2026-10-04,13:00,DAL,1,,,,50.0,REGULAR TARGET
2026,00-0035973,Patrick Taylor,patrick taylor,SF,RB,8,0,24,18,4.73,4.77,0.0,4.97,1.0,49.82,66.5,8.03,8.03,0.0,0.0,0.0,0.0,0.0,6.23,30.15,0.15,1.8,0.46,3.71,0.0,33.87,30.15,0.0,0.049,0.091,2026,4,2026-10-04,16:25,DEN,1,,,,50.0,DEPTH RB
2026,00-0036261,Brandon Aiyuk,brandon aiyuk,SF,WR,8,0,40,18,8.77,6.05,5.33,8.68,0.313,59.16,66.28,6.57,6.57,0.0,0.0,0.0,0.0,0.0,0.0,0.0,0.0,6.57,3.52,52.5,0.0,52.5,0.0,0.0,0.219,0.515,2026,4,2026-10-04,16:25,DEN,1,,,,50.0,REGULAR TARGET
2026,00-0041027,Jeremiyah Love,jeremiyah love,ARI,RB,3,3,0,3,15.4,6.48,10.25,17.45,0.685,26.39,66.26,19.24,19.24,0.0,0.0,0.0,0.0,0.0,15.1,60.33,0.19,4.14,3.76,16.1,0.48,76.43,60.33,0.0,0.107,0.172,2026,4,2026-10-04,13:00,NYG,0,,,,50.0,FEATURE RB
2026,00-0036567,Elijah Mitchell,elijah mitchell,KC,RB,8,0,17,18,5.64,6.02,1.02,6.95,1.0,48.39,66.15,8.03,8.03,0.0,0.0,0.0,0.0,0.0,7.34,31.21,0.31,0.69,0.44,2.1,0.0,33.31,31.21,0.0,0.024,0.042,2026,4,2026-10-04,16:25,LV,0,,,,50.0,DEPTH RB
2026,00-0033893,Dalvin Cook,dalvin cook,DAL,RB,8,0,33,18,2.34,1.1,1.68,3.3,-0.368,68.1,66.08,5.17,5.17,0.0,0.0,0.0,0.0,0.0,4.03,13.0,0.0,1.14,0.77,5.09,0.0,18.09,13.0,0.0,0.033,0.048,2026,4,2026-10-04,13:00,HOU,0,,,,50.0,DEPTH RB
2026,00-0038454,Keaton Mitchell,keaton mitchell,LAC,RB,8,3,24,18,5.33,4.6,1.2,6.85,1.0,53.72,66.06,7.22,7.22,0.0,0.0,0.0,0.0,0.0,6.2,30.92,0.0,1.02,0.93,2.38,0.18,33.3,30.92,0.0,0.041,0.05,2026,4,2026-10-04,16:25,SEA,0,,,,50.0,DEPTH RB
2026,00-0035719,Deebo Samuel Sr.,deebo samuel sr,SF,WR,8,3,59,18,10.12,4.91,6.5,12.33,0.822,67.32,66.03,5.26,5.26,0.0,0.0,0.0,0.0,0.0,1.17,7.99,0.0,4.09,2.73,46.31,0.33,54.31,7.99,0.0,0.188,0.344,2026,4,2026-10-04,16:25,DEN,1,,,,50.0,LOW TARGET
2026,00-0038618,Xavier Hutchinson,xavier hutchinson,HOU,WR,8,3,42,18,6.25,3.78,2.3,7.15,0.086,62.32,66.03,5.97,5.97,0.0,0.0,0.0,0.0,0.0,0.47,1.65,0.0,5.49,2.56,35.29,0.0,36.94,1.65,0.0,0.17,0.406,2026,4,2026-10-04,13:00,DAL,1,,,,50.0,REGULAR TARGET
2026,00-0034348,Courtland Sutton,courtland sutton,DEN,WR,8,3,64,18,8.93,7.06,4.9,14.3,-0.462,55.86,66.02,6.89,6.89,0.0,0.0,0.0,0.0,0.0,0.0,0.0,0.0,6.89,3.57,42.29,0.19,42.29,0.0,0.0,0.207,0.583,2026,4,2026-10-04,16:25,SF,0,,,,50.0,REGULAR TARGET
2026,00-0036894,Pat Freiermuth,pat freiermuth,PIT,TE,8,3,58,18,8.06,3.55,5.78,8.4,0.201,69.44,65.97,4.92,4.92,0.0,0.0,0.0,0.0,0.0,0.34,0.51,0.0,4.58,3.31,38.13,0.15,38.64,0.51,0.0,0.129,0.3,2026,4,2026-10-01,20:15,CLE,0,,,,50.0,LOW TARGET
2026,00-0036322,Justin Jefferson,justin jefferson,MIN,WR,8,3,61,18,12.26,9.2,4.95,15.47,0.125,57.13,65.91,6.64,6.64,0.0,0.0,0.0,0.0,0.0,0.13,0.4,0.0,6.51,4.49,56.59,0.3,56.99,0.4,0.0,0.291,0.68,2026,4,2026-10-04,16:05,MIA,1,,,,50.0,REGULAR TARGET
2026,00-0034753,Mark Andrews,mark andrews,BAL,TE,8,3,59,18,6.22,2.83,3.7,7.33,0.726,68.71,65.61,4.82,4.82,0.0,0.0,0.0,0.0,0.0,0.1,0.31,0.0,4.71,3.29,29.03,0.0,29.33,0.31,0.0,0.216,0.452,2026,4,2026-10-04,13:00,TEN,1,,,,50.0,LOW TARGET
2026,00-0040162,Dylan Sampson,dylan sampson,CLE,RB,8,1,15,18,5.34,4.85,1.65,7.25,-0.572,52.42,65.59,7.13,7.13,0.0,0.0,0.0,0.0,0.0,4.94,16.16,0.0,2.19,1.71,16.68,0.1,32.84,16.16,0.0,0.086,0.113,2026,4,2026-10-01,20:15,PIT,1,,,,50.0,DEPTH RB
2026,00-0037261,Khalil Shakir,khalil shakir,BUF,WR,8,3,57,18,6.97,3.39,5.5,9.53,-0.387,67.3,65.53,4.97,4.97,0.0,0.0,0.0,0.0,0.0,0.0,0.0,0.0,4.97,3.28,31.68,0.09,31.68,0.0,0.0,0.19,0.363,2026,4,2026-10-04,13:00,NE,1,,,,50.0,LOW TARGET
2026,00-0035535,Darius Slayton,darius slayton,NYG,WR,8,0,60,18,8.0,4.08,5.02,11.62,-0.371,66.24,65.52,5.12,5.12,0.0,0.0,0.0,0.0,0.0,0.0,0.0,0.0,5.12,2.76,39.47,0.12,39.47,0.0,0.0,0.174,0.44,2026,4,2026-10-04,13:00,ARI,1,,,,50.0,REGULAR TARGET
2026,00-0039410,Ryan Flournoy,ryan flournoy,DAL,WR,8,3,24,18,8.85,6.02,5.85,10.3,-0.47,59.52,65.41,6.02,6.02,0.0,0.0,0.0,0.0,0.0,0.0,0.0,0.0,6.02,3.77,38.56,0.2,38.56,0.0,0.0,0.179,0.382,2026,4,2026-10-04,13:00,HOU,0,,,,50.0,REGULAR TARGET
2026,00-0026625,Brian Hoyer,brian hoyer,LV,QB,3,0,3,7,2.09,1.2,1.32,2.63,-0.216,23.86,65.4,20.71,1.0,19.71,11.05,102.48,0.0,0.0,1.0,-1.0,0.0,0.0,0.0,0.0,0.0,-1.0,101.48,0.0,0.0,0.0,2026,4,2026-10-04,16:25,KC,1,,,,50.0,QB
2026,00-0036032,Sean McKeon,sean mckeon,DAL,TE,8,0,11,13,0.0,0.0,0.0,0.0,0.0,100.0,65.38,0.22,0.22,0.0,0.0,0.0,0.0,0.0,0.0,0.0,0.0,0.22,0.0,0.0,0.0,0.0,0.0,0.0,0.007,0.014,2026,4,2026-10-04,13:00,HOU,0,,,,50.0,LOW TARGET
2026,00-0033869,Mitchell Trubisky,mitchell trubisky,BUF,QB,8,0,24,18,7.22,10.55,0.28,7.3,0.786,40.64,65.36,11.23,2.55,8.69,6.31,72.99,0.93,0.0,2.55,2.12,0.0,0.0,0.0,0.0,0.0,2.12,75.11,0.0,0.0,0.0,2026,4,2026-10-04,13:00,NE,1,,,,50.0,QB
2026,00-0038622,Deuce Vaughn,deuce vaughn,DAL,RB,8,0,11,18,2.36,0.92,1.88,2.7,0.642,71.95,65.32,4.19,4.19,0.0,0.0,0.0,0.0,0.0,3.17,11.93,0.0,1.02,0.7,4.68,0.0,16.61,11.93,0.0,0.023,0.032,2026,4,2026-10-04,13:00,HOU,0,,,,50.0,DEPTH RB
2026,00-0033955,Jeremy McNichols,jeremy mcnichols,WAS,RB,8,0,33,18,3.31,1.59,1.88,4.93,0.527,67.61,65.32,4.81,4.81,0.0,0.0,0.0,0.0,0.0,3.0,7.42,0.0,1.81,1.66,8.75,0.0,16.17,7.42,0.0,0.083,0.117,2026,4,2026-10-04,09:30,IND,1,,,,50.0,DEPTH RB
2026,00-0039391,Kimani Vidal,kimani vidal,LAC,RB,8,2,22,18,4.85,5.83,1.77,7.2,-0.727,45.39,65.32,7.98,7.98,0.0,0.0,0.0,0.0,0.0,6.65,24.53,0.09,1.34,0.78,10.97,0.0,35.49,24.53,0.0,0.048,0.079,2026,4,2026-10-04,16:25,SEA,0,,,,50.0,DEPTH RB
2026,00-0030506,Travis Kelce,travis kelce,KC,TE,8,3,65,18,11.15,7.53,3.6,13.93,1.0,59.68,65.31,5.94,5.94,0.0,0.0,0.0,0.0,0.0,0.0,0.0,0.0,5.94,4.04,50.6,0.34,50.6,0.0,0.0,0.206,0.469,2026,4,2026-10-04,16:25,LV,0,,,,50.0,REGULAR TARGET
2026,00-0030513,Latavius Murray,latavius murray,BUF,RB,8,0,28,18,5.04,4.24,2.08,7.27,-0.576,54.28,65.31,6.71,6.71,0.0,0.0,0.0,0.0,0.0,5.26,19.0,0.27,1.45,0.91,6.4,0.0,25.4,19.0,0.0,0.041,0.068,2026,4,2026-10-04,13:00,NE,1,,,,50.0,DEPTH RB
2026,00-0034928,Steven Sims,steven sims,ARI,WR,8,0,27,18,0.0,0.0,0.0,0.0,0.0,100.0,65.26,0.15,0.15,0.0,0.0,0.0,0.0,0.0,0.0,0.0,0.0,0.15,0.0,0.0,0.0,0.0,0.0,0.0,0.005,0.009,2026,4,2026-10-04,13:00,NYG,0,,,,50.0,LOW TARGET
2026,00-0039916,Ricky Pearsall,ricky pearsall,SF,WR,8,0,20,18,9.19,6.16,3.25,14.03,1.0,59.89,65.26,5.88,5.88,0.0,0.0,0.0,0.0,0.0,0.2,-0.02,0.0,5.67,3.94,52.56,0.0,52.54,-0.02,0.0,0.18,0.469,2026,4,2026-10-04,16:25,DEN,1,,,,50.0,REGULAR TARGET
2026,00-0039919,Rome Odunze,rome odunze,CHI,WR,8,3,29,18,7.33,4.7,5.27,7.62,0.273,60.94,65.23,5.71,5.71,0.0,0.0,0.0,0.0,0.0,0.0,0.0,0.0,5.71,2.66,41.49,0.09,41.49,0.0,0.0,0.183,0.492,2026,4,2026-10-04,13:00,NYJ,1,,,,50.0,REGULAR TARGET
2026,00-0034750,Rashaad Penny,rashaad penny,PHI,RB,8,0,8,18,6.41,8.53,1.58,8.1,-0.886,42.91,65.23,8.29,8.29,0.0,0.0,0.0,0.0,0.0,7.7,42.7,0.23,0.58,0.51,2.25,0.0,44.95,42.7,0.0,0.021,0.028,2026,4,2026-10-04,13:00,LAR,1,,,,50.0,DEPTH RB
2026,00-0034838,Royce Freeman,royce freeman,LAR,RB,8,0,15,18,4.21,4.47,1.43,8.07,-0.762,48.53,65.22,7.48,7.48,0.0,0.0,0.0,0.0,0.0,7.21,26.7,0.19,0.27,0.18,2.32,0.0,29.03,26.7,0.0,0.011,0.016,2026,4,2026-10-04,13:00,PHI,0,,,,50.0,DEPTH RB
2026,00-0037156,Irvin Charles,irvin charles,NYJ,WR,8,0,14,18,0.0,0.0,0.0,0.0,0.0,100.0,65.21,0.12,0.12,0.0,0.0,0.0,0.0,0.0,0.0,0.0,0.0,0.12,0.0,0.0,0.0,0.0,0.0,0.0,0.003,0.006,2026,4,2026-10-04,13:00,CHI,0,,,,50.0,LOW TARGET
2026,00-0039337,Malik Nabers,malik nabers,NYG,WR,8,3,19,18,10.5,10.37,3.83,14.03,-0.52,50.31,65.2,7.21,7.21,0.0,0.0,0.0,0.0,0.0,0.0,0.0,0.0,7.21,4.15,46.96,0.28,46.96,0.0,0.0,0.251,0.605,2026,4,2026-10-04,13:00,ARI,1,,,,50.0,REGULAR TARGET
2026,00-0039491,Jalen Coker,jalen coker,CAR,WR,8,3,22,18,13.94,9.76,6.72,16.88,0.864,58.84,65.15,5.96,5.96,0.0,0.0,0.0,0.0,0.0,0.0,0.0,0.0,5.96,4.82,57.81,0.59,57.81,0.0,0.0,0.199,0.466,2026,4,2026-10-04,20:20,DET,1,,,,50.0,REGULAR TARGET
2026,00-0038643,Brayden Willis,brayden willis,SF,TE,8,2,12,18,0.0,0.0,0.0,0.0,0.0,100.0,65.12,0.07,0.07,0.0,0.0,0.0,0.0,0.0,0.0,0.0,0.0,0.07,0.0,0.0,0.0,0.0,0.0,0.0,0.002,0.003,2026,4,2026-10-04,16:25,DEN,1,,,,50.0,LOW TARGET
2026,00-0039589,Kameron Johnson,kameron johnson,TB,WR,8,3,21,18,0.0,0.0,0.0,0.0,0.0,100.0,65.12,0.07,0.07,0.0,0.0,0.0,0.0,0.0,0.0,0.0,0.0,0.07,0.0,0.0,0.0,0.0,0.0,0.0,0.003,0.007,2026,4,2026-10-04,13:00,GB,1,,,,50.0,LOW TARGET
2026,00-0035399,Stanley Morgan,stanley morgan,CIN,WR,8,0,10,15,0.0,0.0,0.0,0.0,0.0,100.0,65.12,0.07,0.07,0.0,0.0,0.0,0.0,0.0,0.0,0.0,0.0,0.07,0.0,0.0,0.0,0.0,0.0,0.0,0.002,0.003,2026,4,2026-10-04,13:00,JAC,1,,,,50.0,LOW TARGET
2026,00-0032975,Jonathan Williams,jonathan williams,WAS,RB,8,0,10,18,3.28,2.88,0.08,6.1,0.452,53.29,65.08,6.72,6.72,0.0,0.0,0.0,0.0,0.0,5.08,16.82,0.0,1.64,1.04,5.63,0.0,22.45,16.82,0.0,0.062,0.093,2026,4,2026-10-04,09:30,IND,1,,,,50.0,DEPTH RB
2026,00-0038555,Tank Bigsby,tank bigsby,PHI,RB,8,3,44,18,5.95,6.43,0.38,10.22,-0.603,48.08,65.01,7.42,7.42,0.0,0.0,0.0,0.0,0.0,6.58,25.61,0.4,0.84,0.76,6.06,0.0,31.66,25.61,0.0,0.031,0.043,2026,4,2026-10-04,13:00,LAR,1,,,,50.0,DEPTH RB
2026,00-0036950,Avery Williams,avery williams,NYJ,RB,8,0,35,18,0.0,0.0,0.0,0.0,0.0,100.0,65.0,0.0,0.0,0.0,0.0,0.0,0.0,0.0,0.0,0.0,0.0,0.0,0.0,0.0,0.0,0.0,0.0,0.0,0.0,0.0,2026,4,2026-10-04,13:00,CHI,0,,,,50.0,DEPTH RB
2026,00-0038564,Cameron Latu,cameron latu,NE,TE,8,2,10,18,0.0,0.0,0.0,0.0,0.0,100.0,65.0,0.0,0.0,0.0,0.0,0.0,0.0,0.0,0.0,0.0,0.0,0.0,0.0,0.0,0.0,0.0,0.0,0.0,0.0,0.0,2026,4,2026-10-04,13:00,BUF,0,,,,50.0,LOW TARGET
2026,00-0031763,DeAndre Carter,deandre carter,CLE,WR,8,0,51,18,0.0,0.0,0.0,0.0,0.0,100.0,65.0,0.0,0.0,0.0,0.0,0.0,0.0,0.0,0.0,0.0,0.0,0.0,0.0,0.0,0.0,0.0,0.0,0.0,0.0,0.0,2026,4,2026-10-01,20:15,PIT,1,,,,50.0,LOW TARGET
2026,00-0034614,Godwin Igwebuike,godwin igwebuike,PIT,RB,8,0,12,18,0.0,0.0,0.0,0.0,0.0,100.0,65.0,0.0,0.0,0.0,0.0,0.0,0.0,0.0,0.0,0.0,0.0,0.0,0.0,0.0,0.0,0.0,0.0,0.0,0.0,0.0,2026,4,2026-10-01,20:15,CLE,0,,,,50.0,DEPTH RB
2026,00-0038896,Jacob Saylors,jacob saylors,DET,RB,8,3,11,16,0.0,0.0,0.0,0.0,0.0,100.0,65.0,0.0,0.0,0.0,0.0,0.0,0.0,0.0,0.0,0.0,0.0,0.0,0.0,0.0,0.0,0.0,0.0,0.0,0.0,0.0,2026,4,2026-10-04,20:20,CAR,0,,,,50.0,DEPTH RB
2026,00-0036877,Jaelon Darden,jaelon darden,SEA,WR,8,0,26,18,0.0,0.0,0.0,0.0,0.0,100.0,65.0,0.0,0.0,0.0,0.0,0.0,0.0,0.0,0.0,0.0,0.0,0.0,0.0,0.0,0.0,0.0,0.0,0.0,0.0,0.0,2026,4,2026-10-04,16:25,LAC,1,,,,50.0,LOW TARGET
2026,00-0035726,Jakob Johnson,jakob johnson,HOU,RB,8,0,22,18,0.0,0.0,0.0,0.0,0.0,100.0,65.0,0.0,0.0,0.0,0.0,0.0,0.0,0.0,0.0,0.0,0.0,0.0,0.0,0.0,0.0,0.0,0.0,0.0,0.0,0.0,2026,4,2026-10-04,13:00,DAL,1,,,,50.0,DEPTH RB
2026,00-0033572,Jamal Agnew,jamal agnew,ATL,WR,8,0,37,18,0.0,0.0,0.0,0.0,0.0,100.0,65.0,0.0,0.0,0.0,0.0,0.0,0.0,0.0,0.0,0.0,0.0,0.0,0.0,0.0,0.0,0.0,0.0,0.0,0.0,0.0,2026,4,2026-10-05,20:15,NO,0,,,,50.0,LOW TARGET
2026,00-0026293,Matthew Slater,matthew slater,NE,WR,8,0,13,18,0.0,0.0,0.0,0.0,0.0,100.0,65.0,0.0,0.0,0.0,0.0,0.0,0.0,0.0,0.0,0.0,0.0,0.0,0.0,0.0,0.0,0.0,0.0,0.0,0.0,0.0,2026,4,2026-10-04,13:00,BUF,0,,,,50.0,LOW TARGET
2026,00-0037272,Montrell Washington,montrell washington,KC,WR,8,0,20,16,0.0,0.0,0.0,0.0,0.0,100.0,65.0,0.0,0.0,0.0,0.0,0.0,0.0,0.0,0.0,0.0,0.0,0.0,0.0,0.0,0.0,0.0,0.0,0.0,0.0,0.0,2026,4,2026-10-04,16:25,LV,0,,,,50.0,LOW TARGET
2026,00-0038519,Nikko Remigio,nikko remigio,KC,WR,8,3,19,18,0.0,0.0,0.0,0.0,0.0,100.0,65.0,0.0,0.0,0.0,0.0,0.0,0.0,0.0,0.0,0.0,0.0,0.0,0.0,0.0,0.0,0.0,0.0,0.0,0.0,0.0,2026,4,2026-10-04,16:25,LV,0,,,,50.0,LOW TARGET
2026,00-0036646,Simi Fehoko,simi fehoko,ARI,WR,8,2,18,10,0.0,0.0,0.0,0.0,0.0,100.0,65.0,0.0,0.0,0.0,0.0,0.0,0.0,0.0,0.0,0.0,0.0,0.0,0.0,0.0,0.0,0.0,0.0,0.0,0.0,0.0,2026,4,2026-10-04,13:00,NYG,0,,,,50.0,LOW TARGET
2026,00-0035544,Tom Kennedy,tom kennedy,DET,WR,8,3,14,18,0.0,0.0,0.0,0.0,0.0,100.0,65.0,0.0,0.0,0.0,0.0,0.0,0.0,0.0,0.0,0.0,0.0,0.0,0.0,0.0,0.0,0.0,0.0,0.0,0.0,0.0,2026,4,2026-10-04,20:20,CAR,0,,,,50.0,LOW TARGET
2026,00-0039874,Jaylen Wright,jaylen wright,MIA,RB,8,2,22,18,4.74,5.19,1.48,7.28,-0.75,47.73,64.98,7.45,7.45,0.0,0.0,0.0,0.0,0.0,6.56,27.37,0.2,0.89,0.52,5.55,0.0,32.91,27.37,0.0,0.037,0.038,2026,4,2026-10-04,16:05,MIN,0,,,,50.0,DEPTH RB
2026,00-0040134,Pat Bryant,pat bryant,DEN,WR,8,3,13,18,8.37,4.02,7.17,10.2,0.03,67.53,64.96,4.62,4.62,0.0,0.0,0.0,0.0,0.0,0.16,2.61,0.0,4.45,3.09,35.88,0.18,38.49,2.61,0.0,0.137,0.365,2026,4,2026-10-04,16:25,SF,0,,,,50.0,LOW TARGET
2026,00-0038045,Isaiah Spiller,isaiah spiller,LAC,RB,8,0,14,17,2.44,1.55,1.3,3.35,1.0,61.16,64.93,5.51,5.51,0.0,0.0,0.0,0.0,0.0,4.7,12.0,0.0,0.81,0.81,4.33,0.0,16.33,12.0,0.0,0.025,0.036,2026,4,2026-10-04,16:25,SEA,0,,,,50.0,DEPTH RB
2026,00-0040727,Tre Harris,tre harris,LAC,WR,8,3,16,18,6.99,3.63,4.38,8.28,0.491,65.8,64.88,4.82,4.82,0.0,0.0,0.0,0.0,0.0,0.19,1.04,0.0,4.63,2.8,40.88,0.0,41.92,1.04,0.0,0.155,0.357,2026,4,2026-10-04,16:25,SEA,0,,,,50.0,LOW TARGET
2026,00-0036936,Rondale Moore,rondale moore,ARI,WR,8,0,25,18,6.09,2.91,4.83,8.03,0.98,67.65,64.87,4.55,4.55,0.0,0.0,0.0,0.0,0.0,0.96,4.01,0.0,3.59,2.53,26.39,0.09,30.4,4.01,0.0,0.113,0.254,2026,4,2026-10-04,13:00,NYG,0,,,,50.0,LOW TARGET
2026,00-0036020,Salvon Ahmed,salvon ahmed,MIA,RB,8,0,13,18,6.02,4.46,1.25,8.35,0.01,57.46,64.8,5.96,5.96,0.0,0.0,0.0,0.0,0.0,2.93,7.75,0.12,3.04,2.24,12.29,0.18,20.04,7.75,0.0,0.087,0.137,2026,4,2026-10-04,16:05,MIN,0,,,,50.0,DEPTH RB
2026,00-0036613,Jaylen Waddle,jaylen waddle,DEN,WR,8,3,62,18,8.94,7.53,3.75,13.68,0.68,54.28,64.7,6.36,6.36,0.0,0.0,0.0,0.0,0.0,0.4,5.25,0.0,5.96,3.25,42.91,0.09,48.16,5.25,0.0,0.222,0.59,2026,4,2026-10-04,16:25,SF,0,,,,50.0,REGULAR TARGET
2026,00-0040667,Matthew Golden,matthew golden,GB,WR,8,3,14,18,8.92,7.6,1.45,11.23,1.0,54.0,64.65,6.37,6.37,0.0,0.0,0.0,0.0,0.0,0.2,0.41,0.0,6.17,2.94,48.62,0.18,49.03,0.41,0.0,0.191,0.48,2026,4,2026-10-04,13:00,TB,0,,,,50.0,REGULAR TARGET
2026,00-0039146,Jayden Reed,jayden reed,GB,WR,8,2,38,18,6.92,3.51,5.07,9.6,-0.461,66.35,64.55,4.55,4.55,0.0,0.0,0.0,0.0,0.0,0.55,3.26,0.0,4.0,3.06,31.64,0.09,34.89,3.26,0.0,0.138,0.276,2026,4,2026-10-04,13:00,TB,0,,,,50.0,LOW TARGET
2026,00-0040170,Elic Ayomanor,elic ayomanor,TEN,WR,8,3,16,18,7.43,3.51,6.67,8.83,-0.374,67.88,64.54,4.33,4.33,0.0,0.0,0.0,0.0,0.0,0.0,0.0,0.0,4.33,1.98,34.22,0.34,34.22,0.0,0.0,0.151,0.439,2026,4,2026-10-04,13:00,BAL,0,,,,50.0,LOW TARGET
2026,00-0039451,Isaiah Williams,isaiah williams,NYJ,WR,8,3,23,18,6.82,3.42,5.65,10.5,-0.271,66.58,64.54,4.51,4.51,0.0,0.0,0.0,0.0,0.0,0.28,2.87,0.0,4.23,3.51,25.9,0.0,28.78,2.87,0.0,0.142,0.285,2026,4,2026-10-04,13:00,CHI,0,,,,50.0,LOW TARGET
2026,00-0039793,AJ Barner,aj barner,SEA,TE,8,3,32,18,8.35,4.22,5.12,12.25,-0.271,66.42,64.48,4.5,4.5,0.0,0.0,0.0,0.0,0.0,0.27,0.27,0.16,4.23,2.85,31.72,0.22,31.99,0.27,0.0,0.128,0.232,2026,4,2026-10-04,16:25,LAC,1,,,,50.0,LOW TARGET
2026,00-0032765,Michael Thomas,michael thomas,NO,WR,8,0,13,10,7.47,4.82,7.45,10.85,-0.617,60.76,64.47,5.3,5.3,0.0,0.0,0.0,0.0,0.0,0.0,0.0,0.0,5.3,2.94,37.32,0.13,37.32,0.0,0.0,0.149,0.342,2026,4,2026-10-05,20:15,ATL,1,,,,50.0,REGULAR TARGET
2026,00-0039893,Brian Thomas Jr.,brian thomas jr,JAC,WR,8,3,31,18,7.18,4.06,6.2,8.85,-0.194,63.89,64.45,4.84,4.84,0.0,0.0,0.0,0.0,0.0,0.09,0.43,0.0,4.76,2.74,38.73,0.09,39.16,0.43,0.0,0.162,0.398,2026,4,2026-10-04,13:00,CIN,0,,,,50.0,LOW TARGET
2026,00-0037594,Julius Chestnut,julius chestnut,TEN,RB,8,2,35,18,0.01,0.03,0.0,0.0,-0.033,96.88,64.43,0.12,0.12,0.0,0.0,0.0,0.0,0.0,0.12,0.12,0.0,0.0,0.0,0.0,0.0,0.12,0.12,0.0,0.0,0.0,2026,4,2026-10-04,13:00,BAL,0,,,,50.0,DEPTH RB
2026,00-0032436,Jeff Driskel,jeff driskel,CLE,QB,8,0,8,18,4.45,5.04,1.04,4.68,0.207,46.93,64.29,10.95,3.78,7.17,4.13,43.22,0.46,0.0,3.64,14.17,0.0,0.13,0.13,0.53,0.0,14.7,57.39,0.0,0.005,0.006,2026,4,2026-10-01,20:15,PIT,1,,,,50.0,QB
2026,00-0038563,Tre Tucker,tre tucker,LV,WR,8,3,47,18,9.07,6.69,4.62,9.53,0.453,57.55,64.27,5.65,5.65,0.0,0.0,0.0,0.0,0.0,0.57,1.65,0.0,5.08,3.23,46.93,0.16,48.59,1.65,0.0,0.186,0.472,2026,4,2026-10-04,16:25,KC,1,,,,50.0,REGULAR TARGET
2026,00-0030061,Zach Ertz,zach ertz,PHI,TE,8,1,47,18,8.19,6.18,4.72,10.22,-0.061,57.02,64.2,5.68,5.68,0.0,0.0,0.0,0.0,0.0,0.0,0.0,0.0,5.68,3.79,39.72,0.07,39.72,0.0,0.0,0.19,0.435,2026,4,2026-10-04,13:00,LAR,1,,,,50.0,REGULAR TARGET
2026,00-0031376,Jerick McKinnon,jerick mckinnon,KC,RB,8,0,29,18,8.29,5.15,4.25,10.97,0.926,61.69,64.14,5.16,4.98,0.18,0.18,0.71,0.18,0.0,2.16,6.84,0.16,2.82,2.31,17.08,0.31,23.91,7.55,0.0,0.077,0.117,2026,4,2026-10-04,16:25,LV,0,,,,50.0,DEPTH RB
2026,00-0038935,Brenton Strange,brenton strange,JAC,TE,8,3,33,18,8.74,4.69,5.2,11.45,-0.501,65.09,64.06,4.45,4.45,0.0,0.0,0.0,0.0,0.0,0.0,0.0,0.0,4.45,3.12,33.29,0.38,33.29,0.0,0.0,0.151,0.304,2026,4,2026-10-04,13:00,CIN,0,,,,50.0,LOW TARGET
2026,00-0038685,Chris Brooks,chris brooks,GB,RB,8,3,31,18,2.7,1.63,1.55,3.08,-0.081,62.44,64.05,4.82,4.82,0.0,0.0,0.0,0.0,0.0,3.69,15.45,0.0,1.13,0.62,5.4,0.0,20.86,15.45,0.0,0.036,0.051,2026,4,2026-10-04,13:00,TB,0,,,,50.0,DEPTH RB
2026,00-0034411,Russell Gage,russell gage,TB,WR,8,0,13,18,10.31,6.74,5.72,10.75,-0.239,60.45,64.03,5.1,5.1,0.0,0.0,0.0,0.0,0.0,0.0,0.0,0.0,5.1,3.65,32.85,0.56,32.85,0.0,0.0,0.124,0.261,2026,4,2026-10-04,13:00,GB,1,,,,50.0,REGULAR TARGET
2026,00-0032464,Kalif Raymond,kalif raymond,CHI,WR,8,3,61,18,11.23,6.69,5.03,16.25,0.792,62.68,64.02,4.77,4.77,0.0,0.0,0.0,0.0,0.0,0.0,0.0,0.0,4.77,4.22,53.22,0.28,53.22,0.0,0.0,0.15,0.304,2026,4,2026-10-04,13:00,NYJ,1,,,,50.0,LOW TARGET
2026,00-0038129,Cade Otton,cade otton,TB,TE,8,3,62,18,8.62,5.74,4.55,8.65,-0.307,60.02,64.01,5.15,5.15,0.0,0.0,0.0,0.0,0.0,0.0,0.0,0.0,5.15,3.8,40.21,0.13,40.21,0.0,0.0,0.179,0.369,2026,4,2026-10-04,13:00,GB,1,,,,50.0,REGULAR TARGET
2026,00-0038996,Tucker Kraft,tucker kraft,GB,TE,8,3,39,18,11.13,9.02,5.95,13.43,-0.638,55.23,63.98,5.81,5.81,0.0,0.0,0.0,0.0,0.0,0.0,0.0,0.0,5.81,3.61,49.79,0.42,49.79,0.0,0.0,0.162,0.309,2026,4,2026-10-04,13:00,TB,0,,,,50.0,REGULAR TARGET
2026,00-0037809,Chig Okonkwo,chig okonkwo,WAS,TE,8,1,66,18,7.69,5.13,3.9,9.1,-0.267,59.97,63.88,5.08,5.08,0.0,0.0,0.0,0.0,0.0,0.0,0.0,0.0,5.08,3.16,28.44,0.28,28.44,0.0,0.0,0.166,0.312,2026,4,2026-10-04,09:30,IND,1,,,,50.0,REGULAR TARGET
2026,00-0038794,Jaleel McLaughlin,jaleel mclaughlin,CLE,RB,8,1,41,18,3.66,2.55,2.88,4.77,0.354,58.89,63.85,5.21,5.21,0.0,0.0,0.0,0.0,0.0,4.45,24.21,0.07,0.77,0.42,3.86,0.0,28.07,24.21,0.0,0.027,-0.008,2026,4,2026-10-01,20:15,PIT,1,,,,50.0,DEPTH RB
2026,00-0039915,Ladd McConkey,ladd mcconkey,LAC,WR,8,3,32,18,9.61,5.59,4.07,14.0,0.621,63.22,63.78,4.56,4.56,0.0,0.0,0.0,0.0,0.0,0.0,0.0,0.0,4.56,3.12,44.66,0.34,44.66,0.0,0.0,0.169,0.418,2026,4,2026-10-04,16:25,SEA,0,,,,50.0,LOW TARGET
2026,00-0031273,Cameron Brate,cameron brate,TB,TE,8,0,9,15,4.24,2.35,2.88,5.17,-0.097,64.35,63.76,4.38,4.38,0.0,0.0,0.0,0.0,0.0,0.0,0.0,0.0,4.38,2.26,19.77,0.0,19.77,0.0,0.0,0.103,0.222,2026,4,2026-10-04,13:00,GB,1,,,,50.0,LOW TARGET
2026,00-0036825,Feleipe Franks,feleipe franks,CAR,TE,8,3,24,18,0.02,0.06,0.0,0.0,-0.067,94.29,63.75,0.1,0.1,0.0,0.0,0.0,0.0,0.0,0.1,0.2,0.0,0.0,0.0,0.0,0.0,0.2,0.2,0.0,0.0,0.0,2026,4,2026-10-04,20:20,DET,1,,,,50.0,LOW TARGET
2026,00-0040130,Jayden Higgins,jayden higgins,HOU,WR,8,0,17,18,8.97,5.22,5.48,12.07,0.544,63.22,63.68,4.5,4.5,0.0,0.0,0.0,0.0,0.0,0.0,0.0,0.0,4.5,2.46,39.37,0.43,39.37,0.0,0.0,0.153,0.381,2026,4,2026-10-04,13:00,DAL,1,,,,50.0,LOW TARGET
2026,00-0033921,Chris Godwin Jr.,chris godwin jr,TB,WR,8,3,48,18,9.46,6.09,7.38,11.38,-0.327,60.84,63.6,4.8,4.8,0.0,0.0,0.0,0.0,0.0,0.31,2.4,0.0,4.48,3.79,40.35,0.2,42.76,2.4,0.0,0.143,0.268,2026,4,2026-10-04,13:00,GB,1,,,,50.0,LOW TARGET
2026,00-0040736,Mason Taylor,mason taylor,NYJ,TE,8,1,13,14,5.9,3.86,3.52,7.78,0.185,60.44,63.55,4.82,4.82,0.0,0.0,0.0,0.0,0.0,0.0,0.0,0.0,4.82,3.09,22.95,0.09,22.95,0.0,0.0,0.179,0.353,2026,4,2026-10-04,13:00,CHI,0,,,,50.0,LOW TARGET
2026,00-0036415,Van Jefferson,van jefferson,TEN,WR,8,0,53,18,5.34,2.42,3.55,5.88,0.602,68.87,63.51,3.6,3.6,0.0,0.0,0.0,0.0,0.0,0.0,0.0,0.0,3.6,2.06,27.63,0.09,27.63,0.0,0.0,0.123,0.349,2026,4,2026-10-04,13:00,BAL,0,,,,50.0,LOW TARGET
2026,00-0036252,Michael Pittman,michael pittman,PIT,WR,8,2,65,18,6.06,3.97,3.48,7.6,-0.055,60.41,63.5,4.8,4.8,0.0,0.0,0.0,0.0,0.0,0.0,0.0,0.0,4.8,3.04,30.27,0.0,30.27,0.0,0.0,0.15,0.335,2026,4,2026-10-01,20:15,CLE,0,,,,50.0,LOW TARGET
2026,00-0034440,Justin Jackson,justin jackson,DET,RB,8,0,15,18,4.36,3.22,2.75,6.15,-0.656,57.51,63.5,5.21,5.21,0.0,0.0,0.0,0.0,0.0,3.35,12.68,0.13,1.86,1.14,11.49,0.0,24.17,12.68,0.0,0.054,0.078,2026,4,2026-10-04,20:20,CAR,0,,,,50.0,DEPTH RB
2026,00-0039894,Xavier Worthy,xavier worthy,KC,WR,8,3,30,17,6.47,4.14,4.6,9.22,0.906,60.97,63.49,4.71,4.71,0.0,0.0,0.0,0.0,0.0,0.39,1.06,0.0,4.32,2.6,27.83,0.16,28.89,1.06,0.0,0.152,0.395,2026,4,2026-10-04,16:25,LV,0,,,,50.0,LOW TARGET
2026,00-0037252,Greg Dulcich,greg dulcich,MIA,TE,8,3,25,18,7.39,3.92,5.15,7.95,-0.353,65.34,63.48,4.08,4.08,0.0,0.0,0.0,0.0,0.0,0.12,-0.82,0.0,3.96,3.19,37.79,0.12,36.97,-0.82,0.0,0.15,0.283,2026,4,2026-10-04,16:05,MIN,0,,,,50.0,LOW TARGET
2026,00-0031544,Amari Cooper,amari cooper,BUF,WR,8,0,45,18,8.82,5.85,3.65,14.82,1.0,60.12,63.34,4.75,4.75,0.0,0.0,0.0,0.0,0.0,0.0,0.0,0.0,4.75,2.95,42.77,0.27,42.77,0.0,0.0,0.158,0.39,2026,4,2026-10-04,13:00,NE,1,,,,50.0,LOW TARGET
2026,00-0040126,Colston Loveland,colston loveland,CHI,TE,8,3,16,18,9.73,8.74,4.83,15.03,-0.84,52.69,63.3,5.79,5.79,0.0,0.0,0.0,0.0,0.0,0.09,-0.17,0.0,5.7,3.85,39.72,0.32,39.55,-0.17,0.0,0.185,0.386,2026,4,2026-10-04,13:00,NYJ,1,,,,50.0,REGULAR TARGET
2026,00-0033110,Tyler Higbee,tyler higbee,LAR,TE,8,2,44,18,10.43,7.56,4.5,15.53,1.0,57.99,63.26,5.01,5.01,0.0,0.0,0.0,0.0,0.0,0.0,0.0,0.0,5.01,3.83,39.25,0.5,39.25,0.0,0.0,0.136,0.269,2026,4,2026-10-04,13:00,PHI,0,,,,50.0,REGULAR TARGET
2026,00-0034351,Dallas Goedert,dallas goedert,PHI,TE,8,2,51,18,12.43,8.57,4.53,17.77,-0.342,59.18,63.18,4.79,4.79,0.0,0.0,0.0,0.0,0.0,0.0,0.0,0.0,4.79,3.51,38.66,0.84,38.66,0.0,0.0,0.19,0.369,2026,4,2026-10-04,13:00,LAR,1,,,,50.0,LOW TARGET
2026,00-0038544,Quentin Johnston,quentin johnston,LAC,WR,8,3,45,18,7.81,6.36,2.7,12.18,-0.655,55.12,63.17,5.37,5.37,0.0,0.0,0.0,0.0,0.0,0.16,1.14,0.0,5.2,2.59,38.82,0.2,39.96,1.14,0.0,0.187,0.461,2026,4,2026-10-04,16:25,SEA,0,,,,50.0,REGULAR TARGET
2026,00-0035657,Damien Harris,damien harris,BUF,RB,8,0,17,18,3.45,3.07,1.45,6.62,-0.707,52.92,63.17,5.68,5.68,0.0,0.0,0.0,0.0,0.0,4.91,19.14,0.12,0.77,0.51,3.27,0.0,22.4,19.14,0.0,0.021,0.035,2026,4,2026-10-04,13:00,NE,1,,,,50.0,DEPTH RB
2026,00-0037614,John Metchie III,john metchie iii,CAR,WR,8,2,37,18,5.37,3.35,4.1,7.17,-0.032,61.55,63.12,4.42,4.42,0.0,0.0,0.0,0.0,0.0,0.17,0.27,0.0,4.24,2.36,19.12,0.18,19.38,0.27,0.0,0.134,0.289,2026,4,2026-10-04,20:20,DET,1,,,,50.0,LOW TARGET
2026,00-0035831,James Robinson,james robinson,GB,RB,8,0,12,13,3.44,4.32,1.0,6.05,-0.8,44.35,63.03,6.83,6.83,0.0,0.0,0.0,0.0,0.0,5.93,18.44,0.0,0.89,0.67,1.25,0.13,19.69,18.44,0.0,0.029,0.04,2026,4,2026-10-04,13:00,TB,0,,,,50.0,DEPTH RB
2026,00-0040466,Raheim Sanders,raheim sanders,CLE,RB,7,3,4,18,5.36,2.29,4.2,5.95,0.2,61.3,62.98,5.98,5.98,0.0,0.0,0.0,0.0,0.0,3.8,15.18,0.08,2.18,1.86,14.94,0.0,30.12,15.18,0.0,0.084,0.129,2026,4,2026-10-01,20:15,PIT,1,,,,50.0,DEPTH RB
2026,00-0040494,Max Brosmer,max brosmer,MIN,QB,7,0,7,18,0.73,1.98,0.09,1.47,1.0,29.36,62.89,12.24,1.1,11.14,7.47,51.45,0.0,0.0,1.1,2.2,0.0,0.0,0.0,0.0,0.0,2.2,53.65,0.0,0.0,0.0,2026,4,2026-10-04,16:05,MIA,1,,,,50.0,QB
2026,00-0035229,T.J. Hockenson,tj hockenson,MIN,TE,8,3,57,18,7.32,4.23,5.2,10.93,0.076,63.39,62.86,4.01,4.01,0.0,0.0,0.0,0.0,0.0,0.07,0.0,0.0,3.94,3.05,27.73,0.25,27.73,0.0,0.0,0.172,0.357,2026,4,2026-10-04,16:05,MIA,1,,,,50.0,LOW TARGET
2026,00-0039066,Michael Mayer,michael mayer,LV,TE,8,3,37,18,7.9,5.25,2.3,9.95,-0.033,60.1,62.79,4.44,4.44,0.0,0.0,0.0,0.0,0.0,0.0,0.0,0.0,4.44,3.54,32.9,0.18,32.9,0.0,0.0,0.159,0.31,2026,4,2026-10-04,16:25,KC,1,,,,50.0,LOW TARGET
2026,00-0039407,Dylan Laube,dylan laube,LV,RB,8,3,23,18,0.03,0.11,0.0,0.0,0.0,89.88,62.77,0.17,0.17,0.0,0.0,0.0,0.0,0.0,0.17,0.35,0.0,0.0,0.0,0.0,0.0,0.35,0.35,0.0,0.0,0.0,2026,4,2026-10-04,16:25,KC,1,,,,50.0,DEPTH RB
2026,00-0033090,Hunter Henry,hunter henry,NE,TE,8,3,62,18,7.91,4.73,4.9,11.95,-0.647,62.56,62.7,4.04,4.04,0.0,0.0,0.0,0.0,0.0,0.0,0.0,0.0,4.04,3.11,34.8,0.22,34.8,0.0,0.0,0.155,0.32,2026,4,2026-10-04,13:00,BUF,0,,,,50.0,LOW TARGET
2026,00-0034827,DJ Moore,dj moore,BUF,WR,8,3,68,18,10.1,9.35,1.42,21.23,0.307,51.93,62.55,5.46,5.46,0.0,0.0,0.0,0.0,0.0,0.27,1.06,0.0,5.2,2.99,44.64,0.42,45.7,1.06,0.0,0.185,0.457,2026,4,2026-10-04,13:00,NE,1,,,,50.0,REGULAR TARGET
2026,00-0031547,DeVante Parker,devante parker,NE,WR,8,0,25,18,5.79,3.84,2.25,9.65,-0.459,60.11,62.47,4.26,4.26,0.0,0.0,0.0,0.0,0.0,0.0,0.0,0.0,4.26,2.53,32.56,0.0,32.56,0.0,0.0,0.151,0.381,2026,4,2026-10-04,13:00,BUF,0,,,,50.0,LOW TARGET
2026,00-0039363,Isaac Guerendo,isaac guerendo,SF,RB,8,0,23,18,0.04,0.13,0.0,0.0,0.0,88.59,62.4,0.14,0.14,0.0,0.0,0.0,0.0,0.0,0.14,0.36,0.0,0.0,0.0,0.0,0.0,0.36,0.36,0.0,0.0,0.0,2026,4,2026-10-04,16:25,DEN,1,,,,50.0,DEPTH RB
2026,00-0037838,Isaiah Likely,isaiah likely,NYG,TE,8,3,55,18,9.39,8.45,4.72,12.5,1.0,52.64,62.39,5.28,5.28,0.0,0.0,0.0,0.0,0.0,0.0,0.0,0.0,5.28,3.68,35.62,0.38,35.62,0.0,0.0,0.198,0.406,2026,4,2026-10-04,13:00,ARI,1,,,,50.0,REGULAR TARGET
2026,00-0035860,Tony Jones,tony jones,ARI,RB,8,0,10,18,5.89,5.1,1.27,9.77,-0.418,53.62,62.37,5.12,5.12,0.0,0.0,0.0,0.0,0.0,3.74,21.33,0.38,1.38,0.97,4.92,0.0,26.25,21.33,0.0,0.049,0.047,2026,4,2026-10-04,13:00,NYG,0,,,,50.0,DEPTH RB
2026,00-0034791,Nick Chubb,nick chubb,HOU,RB,8,0,42,18,3.41,3.12,1.35,5.45,-0.588,52.18,62.32,5.3,5.3,0.0,0.0,0.0,0.0,0.0,4.73,20.64,0.13,0.57,0.37,1.79,0.0,22.42,20.64,0.0,0.016,0.026,2026,4,2026-10-04,13:00,DAL,1,,,,50.0,DEPTH RB
2026,00-0037112,Jake Tonges,jake tonges,SF,TE,8,0,13,18,9.33,7.15,3.5,15.38,-0.427,56.62,62.31,4.66,4.66,0.0,0.0,0.0,0.0,0.0,0.0,0.0,0.0,4.66,3.37,29.64,0.5,29.64,0.0,0.0,0.126,0.252,2026,4,2026-10-04,16:25,DEN,1,,,,50.0,LOW TARGET
2026,00-0038636,Kenny McIntosh,kenny mcintosh,SEA,RB,8,0,11,18,3.09,2.35,0.0,4.67,0.811,56.73,62.26,4.62,4.62,0.0,0.0,0.0,0.0,0.0,4.06,23.98,0.0,0.56,0.38,3.04,0.0,27.03,23.98,0.0,0.018,0.03,2026,4,2026-10-04,16:25,LAC,1,,,,50.0,DEPTH RB
2026,00-0033908,Cooper Kupp,cooper kupp,SEA,WR,8,3,49,18,7.27,4.25,4.68,10.07,0.799,63.09,62.15,3.64,3.64,0.0,0.0,0.0,0.0,0.0,0.0,0.0,0.0,3.64,2.6,31.68,0.25,31.68,0.0,0.0,0.118,0.289,2026,4,2026-10-04,16:25,LAC,1,,,,50.0,LOW TARGET
2026,00-0031610,Darren Waller,darren waller,CAR,TE,8,3,29,18,9.78,7.57,4.28,12.15,-0.012,56.39,62.11,4.58,4.58,0.0,0.0,0.0,0.0,0.0,0.09,0.35,0.0,4.49,3.11,34.55,0.53,34.9,0.35,0.0,0.151,0.346,2026,4,2026-10-04,20:20,DET,1,,,,50.0,LOW TARGET
2026,00-0030288,Rex Burkhead,rex burkhead,HOU,RB,8,0,15,18,2.65,1.32,1.43,3.78,0.219,66.76,61.99,3.03,3.03,0.0,0.0,0.0,0.0,0.0,0.39,0.46,0.0,2.64,1.69,9.06,0.0,9.52,0.46,0.0,0.08,0.138,2026,4,2026-10-04,13:00,DAL,1,,,,50.0,DEPTH RB
2026,00-0034829,Mike Gesicki,mike gesicki,CIN,TE,8,2,60,18,10.46,6.43,3.75,14.22,0.634,61.94,61.99,3.72,3.72,0.0,0.0,0.0,0.0,0.0,0.0,0.0,0.0,3.72,3.03,41.55,0.55,41.55,0.0,0.0,0.106,0.268,2026,4,2026-10-04,13:00,JAC,1,,,,50.0,LOW TARGET
2026,00-0038933,Dalton Kincaid,dalton kincaid,BUF,TE,8,3,41,18,10.33,7.63,5.22,15.07,1.0,57.53,61.91,4.3,4.3,0.0,0.0,0.0,0.0,0.0,0.0,0.0,0.0,4.3,3.43,57.57,0.25,57.57,0.0,0.0,0.157,0.375,2026,4,2026-10-04,13:00,NE,1,,,,50.0,LOW TARGET
2026,00-0033009,Tyler Boyd,tyler boyd,TEN,WR,8,0,48,18,4.81,2.9,2.98,6.1,-0.332,62.41,61.89,3.69,3.59,0.1,0.0,0.0,0.0,0.0,0.07,0.21,0.0,3.52,2.25,25.37,0.0,25.58,0.21,0.0,0.114,0.248,2026,4,2026-10-04,13:00,BAL,0,,,,50.0,LOW TARGET
2026,00-0039144,Luke Musgrave,luke musgrave,GB,TE,8,0,31,18,4.98,2.66,2.9,6.5,1.0,65.2,61.82,3.15,3.15,0.0,0.0,0.0,0.0,0.0,0.0,0.0,0.0,3.15,2.31,26.72,0.0,26.72,0.0,0.0,0.113,0.237,2026,4,2026-10-04,13:00,TB,0,,,,50.0,LOW TARGET
2026,00-0033871,Corey Davis,corey davis,NYJ,WR,8,0,13,18,4.83,3.89,2.35,7.28,-0.24,55.42,61.79,4.54,4.54,0.0,0.0,0.0,0.0,0.0,0.0,0.0,0.0,4.54,1.93,29.05,0.0,29.05,0.0,0.0,0.129,0.33,2026,4,2026-10-04,13:00,CHI,0,,,,50.0,LOW TARGET
2026,00-0038621,DeMario Douglas,demario douglas,NE,WR,8,3,46,18,3.74,2.17,1.82,5.25,0.612,63.32,61.77,3.39,3.39,0.0,0.0,0.0,0.0,0.0,0.09,0.43,0.0,3.31,1.78,19.2,0.0,19.64,0.43,0.0,0.12,0.267,2026,4,2026-10-04,13:00,BUF,0,,,,50.0,LOW TARGET
2026,00-0039901,Keon Coleman,keon coleman,BUF,WR,8,3,25,18,6.97,4.18,3.68,9.75,-0.154,62.52,61.77,3.51,3.51,0.0,0.0,0.0,0.0,0.0,0.0,0.0,0.0,3.51,2.41,31.54,0.19,31.54,0.0,0.0,0.123,0.319,2026,4,2026-10-04,13:00,NE,1,,,,50.0,LOW TARGET
2026,00-0040206,Riley Leonard,riley leonard,IND,QB,5,0,5,18,7.6,10.29,0.0,10.3,0.981,26.56,61.77,16.23,1.29,14.94,8.83,99.93,0.57,0.0,1.29,6.9,0.44,0.0,0.0,-0.86,0.0,6.04,106.83,0.0,0.0,0.0,2026,4,2026-10-04,09:30,WAS,0,,,,50.0,QB
2026,00-0034975,Justice Hill,justice hill,BAL,RB,8,3,56,18,3.79,2.78,2.52,4.92,-0.076,57.73,61.75,4.18,4.18,0.0,0.0,0.0,0.0,0.0,2.84,11.17,0.12,1.34,1.15,8.17,0.0,19.35,11.17,0.0,0.048,0.074,2026,4,2026-10-04,13:00,TEN,1,,,,50.0,DEPTH RB
2026,00-0040198,Ollie Gordon II,ollie gordon ii,MIA,RB,8,2,17,18,3.74,5.43,0.0,3.5,1.0,40.79,61.59,6.51,6.51,0.0,0.0,0.0,0.0,0.0,5.83,11.87,0.27,0.68,0.68,2.8,0.0,14.66,11.87,0.0,0.021,0.025,2026,4,2026-10-04,16:05,MIN,0,,,,50.0,DEPTH RB
2026,00-0036407,Jerry Jeudy,jerry jeudy,CLE,WR,8,2,65,18,5.51,4.48,4.2,6.8,-0.532,55.2,61.49,4.39,4.39,0.0,0.0,0.0,0.0,0.0,0.15,0.74,0.0,4.24,2.32,26.03,0.09,26.77,0.74,0.0,0.173,0.464,2026,4,2026-10-01,20:15,PIT,1,,,,50.0,LOW TARGET
2026,00-0036297,Darrynton Evans,darrynton evans,CHI,RB,8,0,10,15,3.56,3.97,0.8,4.9,-0.898,47.23,61.49,5.54,5.54,0.0,0.0,0.0,0.0,0.0,4.11,14.58,0.12,1.42,0.81,5.89,0.0,20.47,14.58,0.0,0.046,0.046,2026,4,2026-10-04,13:00,NYJ,1,,,,50.0,DEPTH RB
2026,00-0033591,Noah Brown,noah brown,WAS,WR,8,0,41,18,4.63,3.21,2.65,5.85,-0.634,59.11,61.48,3.83,3.83,0.0,0.0,0.0,0.0,0.0,0.0,0.0,0.0,3.83,2.02,26.13,0.0,26.13,0.0,0.0,0.128,0.339,2026,4,2026-10-04,09:30,IND,1,,,,50.0,LOW TARGET
2026,00-0036906,Khalil Herbert,khalil herbert,NYJ,RB,8,0,41,18,2.94,4.62,0.3,3.12,-0.569,38.92,61.47,6.71,6.71,0.0,0.0,0.0,0.0,0.0,5.22,18.38,0.0,1.48,0.89,2.14,0.0,20.52,18.38,0.0,0.044,0.044,2026,4,2026-10-04,13:00,CHI,0,,,,50.0,DEPTH RB
2026,00-0036259,Jauan Jennings,jauan jennings,MIN,WR,8,2,59,18,9.24,7.08,5.9,15.85,-0.824,56.64,61.46,4.17,4.17,0.0,0.0,0.0,0.0,0.0,0.0,0.0,0.0,4.17,2.63,29.35,0.61,29.35,0.0,0.0,0.148,0.359,2026,4,2026-10-04,16:05,MIA,1,,,,50.0,LOW TARGET
2026,00-0036250,Tyler Davis,tyler davis,GB,TE,8,0,11,18,0.06,0.2,0.0,0.0,0.0,83.54,61.39,0.29,0.29,0.0,0.0,0.0,0.0,0.0,0.0,0.0,0.0,0.29,0.09,-0.26,0.0,-0.26,0.0,0.0,0.009,0.021,2026,4,2026-10-04,13:00,TB,0,,,,50.0,LOW TARGET
2026,00-0037741,Jahan Dotson,jahan dotson,ATL,WR,8,3,58,18,2.95,1.95,1.9,3.4,-0.283,60.22,61.34,3.59,3.59,0.0,0.0,0.0,0.0,0.0,0.0,0.0,0.0,3.59,1.52,14.32,0.0,14.32,0.0,0.0,0.129,0.396,2026,4,2026-10-05,20:15,NO,0,,,,50.0,LOW TARGET
2026,00-0035864,Kendall Hinton,kendall hinton,DEN,WR,8,0,11,17,5.45,4.08,2.02,9.05,-0.62,57.2,61.32,4.01,4.01,0.0,0.0,0.0,0.0,0.0,0.31,1.72,0.0,3.7,2.55,27.28,0.0,29.0,1.72,0.0,0.107,0.224,2026,4,2026-10-04,16:25,SF,0,,,,50.0,LOW TARGET
2026,00-0038705,Emari Demercado,emari demercado,DAL,RB,8,2,36,18,3.65,3.37,1.78,4.67,-0.099,51.99,61.3,4.74,4.74,0.0,0.0,0.0,0.0,0.0,3.23,17.21,0.0,1.52,1.01,9.23,0.0,26.44,17.21,0.0,0.04,0.069,2026,4,2026-10-04,13:00,HOU,0,,,,50.0,DEPTH RB
2026,00-0036422,Adam Trautman,adam trautman,DEN,TE,8,1,54,18,3.76,1.74,2.7,4.43,-0.182,68.43,61.26,2.37,2.37,0.0,0.0,0.0,0.0,0.0,0.0,0.0,0.0,2.37,1.93,18.32,0.0,18.32,0.0,0.0,0.067,0.13,2026,4,2026-10-04,16:25,SF,0,,,,50.0,LOW TARGET
2026,00-0030431,Robert Woods,robert woods,HOU,WR,8,0,45,18,3.06,1.53,1.62,3.95,1.0,66.67,61.26,2.62,2.62,0.0,0.0,0.0,0.0,0.0,0.0,0.0,0.0,2.62,1.74,16.81,0.0,16.81,0.0,0.0,0.083,0.193,2026,4,2026-10-04,13:00,DAL,1,,,,50.0,LOW TARGET
2026,00-0036265,AJ Dillon,aj dillon,CAR,RB,8,3,38,18,1.61,0.99,1.27,2.1,0.089,61.98,61.25,3.29,3.29,0.0,0.0,0.0,0.0,0.0,2.74,10.8,0.0,0.55,0.55,2.15,0.0,12.95,10.8,0.0,0.015,0.024,2026,4,2026-10-04,20:20,DET,1,,,,50.0,DEPTH RB
2026,00-0034364,Jordan Akins,jordan akins,CLE,TE,8,0,44,18,7.13,6.07,2.25,7.83,1.0,54.02,61.23,4.41,4.41,0.0,0.0,0.0,0.0,0.0,0.0,0.0,0.0,4.41,3.05,30.17,0.18,30.17,0.0,0.0,0.124,0.264,2026,4,2026-10-01,20:15,PIT,1,,,,50.0,LOW TARGET
2026,00-0033948,Jamaal Williams,jamaal williams,NO,RB,8,0,44,18,1.99,1.35,0.7,3.25,0.423,59.52,61.21,3.62,3.62,0.0,0.0,0.0,0.0,0.0,2.94,7.97,0.0,0.68,0.68,5.1,0.0,13.07,7.97,0.0,0.02,0.033,2026,4,2026-10-05,20:15,ATL,1,,,,50.0,DEPTH RB
2026,00-0033357,Taysom Hill,taysom hill,NO,TE,8,0,53,18,3.85,5.25,0.15,3.05,1.0,42.31,61.19,6.46,6.07,0.39,0.15,5.62,0.15,0.0,4.23,9.47,0.0,1.83,1.23,11.55,0.0,21.02,15.09,0.0,0.052,0.09,2026,4,2026-10-05,20:15,ATL,1,,,,50.0,LOW TARGET
2026,00-0036383,Eno Benjamin,eno benjamin,NO,RB,8,0,13,18,4.54,6.58,0.25,8.75,-0.73,40.85,61.19,6.27,6.27,0.0,0.0,0.0,0.0,0.0,4.63,16.59,0.09,1.64,1.25,9.4,0.0,25.99,16.59,0.0,0.048,0.067,2026,4,2026-10-05,20:15,ATL,1,,,,50.0,DEPTH RB
2026,00-0038608,Kayshon Boutte,kayshon boutte,HOU,WR,8,3,32,18,5.0,2.9,3.4,4.98,0.264,63.31,61.13,3.03,3.03,0.0,0.0,0.0,0.0,0.0,0.0,0.0,0.0,3.03,1.97,25.13,0.09,25.13,0.0,0.0,0.097,0.242,2026,4,2026-10-04,13:00,DAL,1,,,,50.0,LOW TARGET
2026,00-0036829,Caleb Huntley,caleb huntley,ATL,RB,8,0,12,15,2.53,2.26,1.68,3.25,-0.488,52.92,61.12,4.51,4.51,0.0,0.0,0.0,0.0,0.0,4.23,22.13,0.0,0.28,0.28,0.41,0.0,22.54,22.13,0.0,0.014,0.015,2026,4,2026-10-05,20:15,NO,0,,,,50.0,DEPTH RB
2026,00-0037664,Alec Pierce,alec pierce,IND,WR,8,2,64,18,11.9,10.54,2.48,19.5,0.522,53.02,61.09,4.48,4.48,0.0,0.0,0.0,0.0,0.0,0.0,0.0,0.0,4.48,2.71,55.69,0.6,55.69,0.0,0.0,0.145,0.433,2026,4,2026-10-04,09:30,WAS,0,,,,50.0,LOW TARGET
2026,00-0038558,Darnell Washington,darnell washington,PIT,TE,8,3,34,17,4.79,2.66,3.17,5.75,0.118,64.31,61.07,2.85,2.85,0.0,0.0,0.0,0.0,0.0,0.0,0.0,0.0,2.85,2.15,28.79,0.0,28.79,0.0,0.0,0.09,0.17,2026,4,2026-10-01,20:15,CLE,0,,,,50.0,LOW TARGET
2026,00-0037816,Romeo Doubs,romeo doubs,NE,WR,8,3,59,18,8.39,5.96,4.2,12.15,-0.401,58.49,61.06,3.68,3.68,0.0,0.0,0.0,0.0,0.0,0.0,0.0,0.0,3.68,2.5,47.61,0.19,47.61,0.0,0.0,0.14,0.378,2026,4,2026-10-04,13:00,BUF,0,,,,50.0,LOW TARGET
2026,00-0039299,George Holani,george holani,SEA,RB,8,3,13,17,4.01,4.11,0.45,4.45,0.528,49.35,61.03,4.97,4.97,0.0,0.0,0.0,0.0,0.0,3.77,13.55,0.12,1.2,1.06,8.9,0.0,22.45,13.55,0.0,0.032,0.046,2026,4,2026-10-04,16:25,LAC,1,,,,50.0,DEPTH RB
2026,00-0037286,Kevin Harris,kevin harris,NE,RB,8,0,9,18,4.18,3.61,1.43,8.53,0.196,53.63,60.98,4.33,4.33,0.0,0.0,0.0,0.0,0.0,3.82,14.06,0.22,0.51,0.51,9.53,0.0,23.59,14.06,0.0,0.02,0.029,2026,4,2026-10-04,13:00,BUF,0,,,,50.0,DEPTH RB
2026,00-0038994,Jordan Addison,jordan addison,MIN,WR,8,3,46,18,7.89,6.83,3.52,10.77,0.275,53.59,60.98,4.33,4.33,0.0,0.0,0.0,0.0,0.0,0.12,7.63,0.12,4.21,2.02,33.37,0.18,40.99,7.63,0.0,0.184,0.504,2026,4,2026-10-04,16:05,MIA,1,,,,50.0,LOW TARGET
2026,00-0033943,Josh Reynolds,josh reynolds,NYJ,WR,8,0,41,18,3.78,2.87,0.0,5.6,1.0,56.84,60.81,3.77,3.77,0.0,0.0,0.0,0.0,0.0,0.0,0.0,0.0,3.77,1.81,16.79,0.0,16.79,0.0,0.0,0.137,0.335,2026,4,2026-10-04,13:00,CHI,0,,,,50.0,LOW TARGET
2026,00-0038678,Jordan Mims,jordan mims,TEN,RB,8,0,11,18,3.25,2.93,0.22,4.97,0.827,52.58,60.8,4.37,4.37,0.0,0.0,0.0,0.0,0.0,2.02,7.66,0.0,2.36,1.62,8.64,0.0,16.3,7.66,0.0,0.079,0.121,2026,4,2026-10-04,13:00,BAL,0,,,,50.0,DEPTH RB
2026,00-0032211,Tyler Lockett,tyler lockett,LV,WR,8,0,67,18,4.74,3.27,1.98,7.55,-0.016,59.17,60.79,3.43,3.43,0.0,0.0,0.0,0.0,0.0,0.0,0.0,0.0,3.43,1.93,18.24,0.16,18.24,0.0,0.0,0.124,0.284,2026,4,2026-10-04,16:25,KC,1,,,,50.0,LOW TARGET
2026,00-0038951,Sean Tucker,sean tucker,TB,RB,8,0,37,18,5.84,8.51,0.6,7.25,-0.571,40.69,60.79,6.07,6.07,0.0,0.0,0.0,0.0,0.0,5.59,16.58,0.54,0.48,0.23,2.78,0.07,19.36,16.58,0.0,0.015,0.026,2026,4,2026-10-04,13:00,GB,1,,,,50.0,DEPTH RB
2026,00-0036450,Ke'Shawn Vaughn,keshawn vaughn,SF,RB,8,0,12,18,1.39,1.49,0.55,2.08,-0.489,48.23,60.6,4.88,4.88,0.0,0.0,0.0,0.0,0.0,4.08,8.63,0.0,0.81,0.44,0.84,0.0,9.47,8.63,0.0,0.024,0.033,2026,4,2026-10-04,16:25,DEN,1,,,,50.0,DEPTH RB
2026,00-0032775,Demarcus Robinson,demarcus robinson,SF,WR,8,2,55,18,6.69,3.7,4.2,7.38,0.187,64.36,60.58,2.57,2.57,0.0,0.0,0.0,0.0,0.0,0.09,0.52,0.0,2.48,2.08,28.71,0.28,29.23,0.52,0.0,0.09,0.243,2026,4,2026-10-04,16:25,DEN,1,,,,50.0,LOW TARGET
2026,00-0031260,Logan Thomas,logan thomas,WAS,TE,8,0,29,18,5.54,4.49,1.98,8.85,1.0,55.21,60.58,3.87,3.87,0.0,0.0,0.0,0.0,0.0,0.0,0.0,0.0,3.87,2.54,20.55,0.15,20.55,0.0,0.0,0.117,0.245,2026,4,2026-10-04,09:30,IND,1,,,,50.0,LOW TARGET
2026,00-0031382,Jarvis Landry,jarvis landry,NO,WR,8,0,9,15,4.87,3.56,3.85,6.55,-0.688,57.81,60.56,3.49,3.49,0.0,0.0,0.0,0.0,0.0,0.0,0.0,0.0,3.49,2.04,18.37,0.13,18.37,0.0,0.0,0.119,0.249,2026,4,2026-10-05,20:15,ATL,1,,,,50.0,LOW TARGET
2026,00-0039814,Erick All,erick all,CIN,TE,8,1,8,9,3.62,1.97,2.88,5.45,1.0,64.83,60.55,2.48,2.48,0.0,0.0,0.0,0.0,0.0,0.0,0.0,0.0,2.48,2.05,15.74,0.0,15.74,0.0,0.0,0.079,0.14,2026,4,2026-10-04,13:00,JAC,1,,,,50.0,LOW TARGET
2026,00-0037827,Tyrion Davis-Price,tyrion davis price,PHI,RB,7,0,7,18,1.72,1.09,0.6,2.85,0.41,53.52,60.47,5.82,5.82,0.0,0.0,0.0,0.0,0.0,5.61,17.18,0.0,0.2,0.0,0.0,0.0,17.18,17.18,0.0,0.004,0.007,2026,4,2026-10-04,13:00,LAR,1,,,,50.0,DEPTH RB
2026,00-0038041,Jake Ferguson,jake ferguson,DAL,TE,8,3,59,18,8.03,6.18,3.35,9.68,1.0,56.53,60.43,3.6,3.6,0.0,0.0,0.0,0.0,0.0,0.0,0.0,0.0,3.6,2.57,20.85,0.62,20.85,0.0,0.0,0.105,0.2,2026,4,2026-10-04,13:00,HOU,0,,,,50.0,LOW TARGET
2026,00-0039855,Jalen McMillan,jalen mcmillan,TB,WR,8,1,17,18,9.35,8.47,3.23,18.55,-0.278,52.48,60.42,4.17,4.17,0.0,0.0,0.0,0.0,0.0,0.32,1.53,0.0,3.85,3.0,41.16,0.35,42.68,1.53,0.0,0.111,0.268,2026,4,2026-10-04,13:00,GB,1,,,,50.0,LOW TARGET
2026,00-0033885,David Njoku,david njoku,LAC,TE,8,2,52,18,6.3,4.2,2.27,10.28,0.394,60.04,60.38,3.07,3.07,0.0,0.0,0.0,0.0,0.0,0.0,0.0,0.0,3.07,2.29,19.93,0.34,19.93,0.0,0.0,0.104,0.199,2026,4,2026-10-04,16:25,SEA,0,,,,50.0,LOW TARGET
2026,00-0037282,James Mitchell,james mitchell,CAR,TE,8,0,12,18,2.79,1.07,2.0,3.48,0.643,72.22,60.37,1.32,1.32,0.0,0.0,0.0,0.0,0.0,0.0,0.0,0.0,1.32,1.32,14.72,0.0,14.72,0.0,0.0,0.041,0.084,2026,4,2026-10-04,20:20,DET,1,,,,50.0,LOW TARGET
2026,00-0033858,Jonnu Smith,jonnu smith,GB,TE,8,2,63,18,4.54,3.23,1.55,7.17,-0.431,58.42,60.35,3.29,3.29,0.0,0.0,0.0,0.0,0.0,0.75,6.2,0.1,2.54,1.77,15.36,0.0,21.56,6.2,0.0,0.067,0.131,2026,4,2026-10-04,13:00,TB,0,,,,50.0,LOW TARGET
2026,00-0038393,Dontayvion Wicks,dontayvion wicks,PHI,WR,8,3,45,18,8.78,7.7,2.83,13.12,1.0,53.29,60.35,4.02,4.02,0.0,0.0,0.0,0.0,0.0,0.09,0.52,0.0,3.93,2.6,41.98,0.32,42.51,0.52,0.0,0.147,0.367,2026,4,2026-10-04,13:00,LAR,1,,,,50.0,LOW TARGET
2026,00-0032385,Sterling Shepard,sterling shepard,NYJ,WR,8,1,39,18,4.11,2.85,1.73,6.45,-0.691,59.05,60.34,3.19,3.19,0.0,0.0,0.0,0.0,0.0,0.22,1.94,0.0,2.97,2.25,14.54,0.0,16.48,1.94,0.0,0.092,0.209,2026,4,2026-10-04,13:00,CHI,0,,,,50.0,LOW TARGET
2026,00-0033308,Matt Breida,matt breida,NYG,RB,8,0,32,18,1.88,1.31,1.05,2.62,1.0,58.92,60.33,3.2,3.2,0.0,0.0,0.0,0.0,0.0,2.04,6.35,0.0,1.16,0.8,4.46,0.0,10.81,6.35,0.0,0.043,0.065,2026,4,2026-10-04,13:00,ARI,1,,,,50.0,DEPTH RB
2026,00-0037451,Rod Williams,rod williams,PIT,TE,7,0,7,17,0.0,0.0,0.0,0.0,0.0,87.5,60.29,0.16,0.16,0.0,0.0,0.0,0.0,0.0,0.0,0.0,0.0,0.16,0.0,0.0,0.0,0.0,0.0,0.0,0.004,0.007,2026,4,2026-10-01,20:15,CLE,0,,,,50.0,LOW TARGET
2026,00-0039746,Will Shipley,will shipley,PHI,RB,8,3,27,18,2.19,1.54,1.02,2.48,0.917,58.63,60.27,3.21,3.21,0.0,0.0,0.0,0.0,0.0,1.81,5.01,0.0,1.4,1.09,5.94,0.0,10.95,5.01,0.0,0.048,0.079,2026,4,2026-10-04,13:00,LAR,1,,,,50.0,DEPTH RB
2026,00-0035631,Drew Sample,drew sample,CIN,TE,8,2,39,18,3.14,1.65,1.6,4.75,0.05,65.6,60.24,2.19,2.19,0.0,0.0,0.0,0.0,0.0,0.09,0.26,0.0,2.11,1.84,12.76,0.0,13.02,0.26,0.0,0.059,0.087,2026,4,2026-10-04,13:00,JAC,1,,,,50.0,LOW TARGET
2026,00-0037085,Tyler Badie,tyler badie,DEN,RB,8,2,20,18,2.77,1.78,1.18,4.65,1.0,60.96,60.22,2.85,2.85,0.0,0.0,0.0,0.0,0.0,0.98,1.61,0.0,1.86,1.32,12.91,0.0,14.53,1.61,0.0,0.057,0.028,2026,4,2026-10-04,16:25,SF,0,,,,50.0,DEPTH RB
2026,00-0040729,Jack Bech,jack bech,LV,WR,8,2,14,18,5.61,3.78,3.5,7.47,-0.248,59.73,60.18,3.0,3.0,0.0,0.0,0.0,0.0,0.0,0.0,0.0,0.0,3.0,2.2,24.29,0.16,24.29,0.0,0.0,0.114,0.277,2026,4,2026-10-04,16:25,KC,1,,,,50.0,LOW TARGET
2026,00-0034208,Mike Boone,mike boone,CAR,RB,8,0,22,18,1.33,0.89,0.6,1.77,0.056,59.93,60.17,2.96,2.96,0.0,0.0,0.0,0.0,0.0,2.1,8.05,0.0,0.87,0.45,0.67,0.0,8.72,8.05,0.0,0.029,0.041,2026,4,2026-10-04,20:20,DET,1,,,,50.0,DEPTH RB
2026,00-0035662,Marquise Brown,marquise brown,PHI,WR,8,1,43,18,4.98,3.37,1.93,8.35,-0.376,59.66,60.15,2.99,2.99,0.0,0.0,0.0,0.0,0.0,0.36,2.14,0.0,2.63,1.73,24.28,0.1,26.42,2.14,0.0,0.096,0.277,2026,4,2026-10-04,13:00,LAR,1,,,,50.0,LOW TARGET
2026,00-0039325,Carson Steele,carson steele,KC,RB,8,0,13,18,1.86,1.56,0.75,2.32,1.0,54.36,60.11,3.72,3.72,0.0,0.0,0.0,0.0,0.0,2.85,8.33,0.0,0.87,0.72,3.05,0.0,11.37,8.33,0.0,0.036,0.046,2026,4,2026-10-04,16:25,LV,0,,,,50.0,DEPTH RB
2026,00-0039849,Marvin Harrison Jr.,marvin harrison jr,ARI,WR,8,3,29,18,6.34,6.57,1.8,13.25,-0.261,49.1,60.07,4.45,4.45,0.0,0.0,0.0,0.0,0.0,0.0,0.0,0.0,4.45,2.17,30.43,0.16,30.43,0.0,0.0,0.12,0.342,2026,4,2026-10-04,13:00,NYG,0,,,,50.0,LOW TARGET
2026,00-0039739,Roman Wilson,roman wilson,PIT,WR,8,3,9,13,6.01,5.56,0.0,8.72,1.0,51.97,60.05,4.03,4.03,0.0,0.0,0.0,0.0,0.0,0.0,0.0,0.0,4.03,2.14,24.19,0.27,24.19,0.0,0.0,0.123,0.33,2026,4,2026-10-01,20:15,CLE,0,,,,50.0,LOW TARGET
2026,00-0032104,Ameer Abdullah,ameer abdullah,JAC,RB,8,3,60,18,2.99,2.54,1.4,4.28,-0.082,54.04,60.02,3.72,3.72,0.0,0.0,0.0,0.0,0.0,2.17,8.61,0.0,1.55,1.37,7.52,0.0,16.13,8.61,0.0,0.055,0.074,2026,4,2026-10-04,13:00,CIN,0,,,,50.0,DEPTH RB
2026,00-0028063,Taiwan Jones,taiwan jones,BUF,RB,7,0,7,18,0.0,0.0,0.0,0.0,0.0,87.5,60.0,0.0,0.0,0.0,0.0,0.0,0.0,0.0,0.0,0.0,0.0,0.0,0.0,0.0,0.0,0.0,0.0,0.0,0.0,0.0,2026,4,2026-10-04,13:00,NE,1,,,,50.0,DEPTH RB
2026,00-0038440,Zavier Scott,zavier scott,MIN,RB,8,0,11,18,2.07,1.39,1.2,3.02,-0.197,59.75,59.95,2.86,2.86,0.0,0.0,0.0,0.0,0.0,2.04,7.86,0.0,0.82,0.82,4.58,0.0,12.44,7.86,0.0,0.03,0.03,2026,4,2026-10-04,16:05,MIA,1,,,,50.0,DEPTH RB
2026,00-0037231,Kevin Austin Jr.,kevin austin jr,NO,WR,8,1,13,18,5.49,4.7,2.15,6.65,1.0,53.88,59.95,3.7,3.7,0.0,0.0,0.0,0.0,0.0,0.0,0.0,0.0,3.7,2.2,24.02,0.15,24.02,0.0,0.0,0.113,0.243,2026,4,2026-10-05,20:15,ATL,1,,,,50.0,LOW TARGET
2026,00-0040584,Gunnar Helm,gunnar helm,TEN,TE,8,3,16,17,4.91,3.95,2.62,7.17,-0.286,55.41,59.94,3.48,3.48,0.0,0.0,0.0,0.0,0.0,0.0,0.0,0.0,3.48,2.57,17.29,0.1,17.29,0.0,0.0,0.123,0.234,2026,4,2026-10-04,13:00,BAL,0,,,,50.0,LOW TARGET
2026,00-0032392,Austin Hooper,austin hooper,ATL,TE,8,2,63,18,5.26,3.16,2.62,7.45,-0.318,62.47,59.92,2.46,2.46,0.0,0.0,0.0,0.0,0.0,0.0,0.0,0.0,2.46,1.71,16.83,0.31,16.83,0.0,0.0,0.084,0.172,2026,4,2026-10-05,20:15,NO,0,,,,50.0,LOW TARGET
2026,00-0039847,Theo Johnson,theo johnson,NYG,TE,8,2,26,16,5.06,4.84,1.42,10.32,-0.929,51.11,59.9,4.07,4.07,0.0,0.0,0.0,0.0,0.0,0.0,0.0,0.0,4.07,1.98,30.76,0.0,30.76,0.0,0.0,0.149,0.345,2026,4,2026-10-04,13:00,ARI,1,,,,50.0,LOW TARGET
2026,00-0036970,Kyle Pitts,kyle pitts,ATL,TE,8,3,61,18,9.6,12.7,2.25,15.93,-0.883,43.04,59.88,5.21,5.21,0.0,0.0,0.0,0.0,0.0,0.0,0.0,0.0,5.21,3.47,39.56,0.36,39.56,0.0,0.0,0.174,0.421,2026,4,2026-10-05,20:15,NO,0,,,,50.0,REGULAR TARGET
2026,00-0037545,Rashid Shaheed,rashid shaheed,SEA,WR,8,3,51,18,5.48,4.66,1.7,9.85,-0.033,54.05,59.86,3.63,3.63,0.0,0.0,0.0,0.0,0.0,0.35,3.56,0.0,3.28,1.96,21.21,0.0,24.77,3.56,0.0,0.111,0.265,2026,4,2026-10-04,16:25,LAC,1,,,,50.0,LOW TARGET
2026,00-0038976,Marvin Mims Jr.,marvin mims jr,DEN,WR,8,1,48,18,3.89,2.74,2.3,6.35,-0.671,58.63,59.85,2.97,2.97,0.0,0.0,0.0,0.0,0.0,0.51,2.46,0.0,2.46,1.91,11.17,0.0,13.63,2.46,0.0,0.075,0.089,2026,4,2026-10-04,16:25,SF,0,,,,50.0,LOW TARGET
2026,00-0034272,Marquez Valdes-Scantling,marquez valdes scantling,LAC,WR,8,1,55,18,3.88,3.42,1.2,5.92,0.286,53.15,59.84,3.74,3.74,0.0,0.0,0.0,0.0,0.0,0.0,0.0,0.0,3.74,1.76,14.23,0.12,14.23,0.0,0.0,0.097,0.272,2026,4,2026-10-04,16:25,SEA,0,,,,50.0,LOW TARGET
2026,00-0030035,Adam Thielen,adam thielen,PIT,WR,8,0,58,18,3.96,3.03,1.55,4.53,1.0,56.64,59.79,3.22,3.22,0.0,0.0,0.0,0.0,0.0,0.0,0.0,0.0,3.22,1.93,20.28,0.0,20.28,0.0,0.0,0.087,0.205,2026,4,2026-10-01,20:15,CLE,0,,,,50.0,LOW TARGET
2026,00-0031325,Sammy Watkins,sammy watkins,BAL,WR,8,0,9,18,4.97,3.54,1.75,7.75,0.183,58.4,59.66,2.89,2.89,0.0,0.0,0.0,0.0,0.0,0.0,0.0,0.0,2.89,1.53,38.0,0.0,38.0,0.0,0.0,0.096,0.27,2026,4,2026-10-04,13:00,TEN,1,,,,50.0,LOW TARGET
2026,00-0039074,Davis Allen,davis allen,LAR,TE,8,3,29,18,2.87,1.7,1.62,4.22,-0.21,62.8,59.58,2.22,2.22,0.0,0.0,0.0,0.0,0.0,0.0,0.0,0.0,2.22,1.45,14.19,0.0,14.19,0.0,0.0,0.057,0.099,2026,4,2026-10-04,13:00,PHI,0,,,,50.0,LOW TARGET
2026,00-0038040,Zamir White,zamir white,LV,RB,8,0,37,18,2.1,1.94,0.65,3.3,0.1,51.98,59.55,3.74,3.74,0.0,0.0,0.0,0.0,0.0,2.87,6.42,0.09,0.87,0.59,3.47,0.0,9.89,6.42,0.0,0.027,0.039,2026,4,2026-10-04,16:25,KC,1,,,,50.0,DEPTH RB
2026,00-0034577,Kyle Allen,kyle allen,DET,QB,8,0,11,17,-0.05,0.34,-0.2,-0.18,0.353,74.58,59.53,2.12,1.61,0.51,0.15,2.81,0.0,0.0,1.61,-1.61,0.0,0.0,0.0,0.0,0.0,-1.61,1.2,0.0,0.0,0.0,2026,4,2026-10-04,20:20,CAR,0,,,,50.0,QB
2026,00-0038547,Luke Schoonmaker,luke schoonmaker,DAL,TE,8,2,38,18,2.27,1.01,1.7,2.53,-0.344,69.11,59.44,1.23,1.23,0.0,0.0,0.0,0.0,0.0,0.0,0.0,0.0,1.23,1.06,12.05,0.0,12.05,0.0,0.0,0.036,0.07,2026,4,2026-10-04,13:00,HOU,0,,,,50.0,LOW TARGET
2026,00-0038998,Jake Haener,jake haener,NO,QB,8,0,8,15,1.66,2.42,-0.12,2.71,-0.973,40.66,59.43,6.66,1.37,5.3,2.46,31.13,0.12,0.0,1.37,2.98,0.0,0.0,0.0,0.0,0.0,2.98,34.11,0.0,0.0,0.0,2026,4,2026-10-05,20:15,ATL,1,,,,50.0,QB
2026,00-0040142,Kaleb Johnson,kaleb johnson,GB,RB,8,3,10,15,1.27,1.23,0.3,1.77,1.0,50.72,59.39,3.84,3.84,0.0,0.0,0.0,0.0,0.0,3.3,9.12,0.0,0.54,0.18,1.79,0.0,10.9,9.12,0.0,0.011,0.015,2026,4,2026-10-04,13:00,TB,0,,,,50.0,DEPTH RB
2026,00-0033045,Ezekiel Elliott,ezekiel elliott,DAL,RB,8,0,47,18,2.59,2.48,0.35,5.17,1.0,51.07,59.38,3.78,3.78,0.0,0.0,0.0,0.0,0.0,3.23,8.84,0.16,0.54,0.54,3.28,0.0,12.12,8.84,0.0,0.014,0.02,2026,4,2026-10-04,13:00,HOU,0,,,,50.0,DEPTH RB
2026,00-0036244,Colby Parkinson,colby parkinson,LAR,TE,8,3,59,18,8.15,8.14,3.02,14.05,-0.854,50.02,59.37,3.92,3.92,0.0,0.0,0.0,0.0,0.0,0.0,0.0,0.0,3.92,2.56,25.27,0.51,25.27,0.0,0.0,0.109,0.201,2026,4,2026-10-04,13:00,PHI,0,,,,50.0,LOW TARGET
2026,00-0040669,Isaac TeSlaa,isaac teslaa,DET,WR,8,3,14,18,6.73,5.39,2.1,10.97,-0.555,55.56,59.35,3.12,3.12,0.0,0.0,0.0,0.0,0.0,0.0,0.0,0.0,3.12,1.9,30.9,0.29,30.9,0.0,0.0,0.085,0.228,2026,4,2026-10-04,20:20,CAR,0,,,,50.0,LOW TARGET
2026,00-0035359,David Sills,david sills,ATL,WR,8,0,19,18,5.25,4.83,1.58,9.53,-0.622,52.1,59.3,3.59,3.59,0.0,0.0,0.0,0.0,0.0,0.0,0.0,0.0,3.59,1.91,22.06,0.19,22.06,0.0,0.0,0.123,0.301,2026,4,2026-10-05,20:15,NO,0,,,,50.0,LOW TARGET
2026,00-0040189,Oronde Gadsden II,oronde gadsden ii,LAC,TE,8,3,15,18,5.54,4.27,1.7,9.88,-0.176,56.48,59.28,2.95,2.95,0.0,0.0,0.0,0.0,0.0,0.0,0.0,0.0,2.95,1.76,20.98,0.28,20.98,0.0,0.0,0.102,0.226,2026,4,2026-10-04,16:25,SEA,0,,,,50.0,LOW TARGET
2026,00-0029293,Marvin Jones,marvin jones,DET,WR,8,0,20,18,3.95,3.74,1.32,6.1,-0.68,51.39,59.22,3.64,3.64,0.0,0.0,0.0,0.0,0.0,0.0,0.0,0.0,3.64,2.02,17.69,0.07,17.69,0.0,0.0,0.119,0.3,2026,4,2026-10-04,20:20,CAR,0,,,,50.0,LOW TARGET
2026,00-0034775,Christian Kirk,christian kirk,HOU,WR,8,0,48,18,4.34,4.9,1.53,6.62,-0.515,46.99,59.19,4.26,4.26,0.0,0.0,0.0,0.0,0.0,0.0,0.0,0.0,4.26,2.14,14.96,0.12,14.96,0.0,0.0,0.137,0.257,2026,4,2026-10-04,13:00,DAL,1,,,,50.0,LOW TARGET
2026,00-0039342,Xavier Legette,xavier legette,CAR,WR,8,2,30,18,3.77,2.96,1.25,5.38,0.447,55.99,59.17,2.95,2.95,0.0,0.0,0.0,0.0,0.0,0.0,0.0,0.0,2.95,1.56,22.13,0.0,22.13,0.0,0.0,0.107,0.27,2026,4,2026-10-04,20:20,DET,1,,,,50.0,LOW TARGET
2026,00-0037755,Jelani Woods,jelani woods,NYJ,TE,8,1,14,18,3.08,2.16,1.77,4.83,-0.688,58.76,59.1,2.52,2.52,0.0,0.0,0.0,0.0,0.0,0.0,0.0,0.0,2.52,1.36,17.16,0.0,17.16,0.0,0.0,0.081,0.178,2026,4,2026-10-04,13:00,CHI,0,,,,50.0,LOW TARGET
2026,00-0034521,Allen Lazard,allen lazard,NYJ,WR,8,0,50,18,1.62,0.93,1.45,1.92,-0.486,63.39,59.09,1.85,1.85,0.0,0.0,0.0,0.0,0.0,0.0,0.0,0.0,1.85,0.94,6.8,0.0,6.8,0.0,0.0,0.06,0.127,2026,4,2026-10-04,13:00,CHI,0,,,,50.0,LOW TARGET
2026,00-0037005,Tommy Tremble,tommy tremble,CAR,TE,8,3,55,18,4.73,3.84,1.55,5.9,-0.125,55.19,59.08,3.02,3.02,0.0,0.0,0.0,0.0,0.0,0.0,0.0,0.0,3.02,2.01,19.3,0.13,19.3,0.0,0.0,0.1,0.201,2026,4,2026-10-04,20:20,DET,1,,,,50.0,LOW TARGET
2026,00-0033891,Zay Jones,zay jones,ARI,WR,8,0,37,18,5.32,4.39,2.45,8.62,1.0,54.82,59.03,3.05,3.05,0.0,0.0,0.0,0.0,0.0,0.0,0.0,0.0,3.05,2.09,32.38,0.0,32.38,0.0,0.0,0.086,0.233,2026,4,2026-10-04,13:00,NYG,0,,,,50.0,LOW TARGET
2026,00-0035329,Donald Parham,donald parham,LAC,TE,8,0,20,18,5.74,5.29,1.58,10.6,0.378,52.02,59.01,3.43,3.43,0.0,0.0,0.0,0.0,0.0,0.0,0.0,0.0,3.43,2.31,29.99,0.07,29.99,0.0,0.0,0.088,0.199,2026,4,2026-10-04,16:25,SEA,0,,,,50.0,LOW TARGET
2026,00-0039379,Jamari Thrash,jamari thrash,CLE,WR,8,0,14,18,2.65,1.61,1.58,3.3,-0.087,62.29,58.97,1.94,1.94,0.0,0.0,0.0,0.0,0.0,0.0,0.0,0.0,1.94,1.22,14.35,0.0,14.35,0.0,0.0,0.061,0.149,2026,4,2026-10-01,20:15,PIT,1,,,,50.0,LOW TARGET
2026,00-0037539,Lucas Krull,lucas krull,DEN,TE,8,0,19,18,2.7,1.67,1.53,4.35,-0.639,61.77,58.97,2.02,2.02,0.0,0.0,0.0,0.0,0.0,0.0,0.0,0.0,2.02,1.6,11.03,0.0,11.03,0.0,0.0,0.065,0.122,2026,4,2026-10-04,16:25,SF,0,,,,50.0,LOW TARGET
2026,00-0033319,Nick Mullens,nick mullens,JAC,QB,8,1,17,18,0.05,0.4,-0.23,0.47,0.14,71.52,58.96,3.04,2.42,0.62,0.62,5.94,0.0,0.0,2.42,-1.85,0.0,0.0,0.0,0.0,0.0,-1.85,4.09,0.0,0.0,0.0,2026,4,2026-10-04,13:00,CIN,0,,,,50.0,QB
2026,00-0036364,Lynn Bowden,lynn bowden,NO,WR,8,0,8,18,2.95,2.26,1.2,4.53,-0.204,56.62,58.9,2.71,2.71,0.0,0.0,0.0,0.0,0.0,0.62,3.02,0.0,2.09,1.52,11.27,0.0,14.29,3.02,0.0,0.076,0.141,2026,4,2026-10-05,20:15,ATL,1,,,,50.0,LOW TARGET
2026,00-0034981,Foster Moreau,foster moreau,HOU,TE,8,3,50,18,4.05,2.61,2.33,4.05,1.0,60.83,58.87,2.09,2.09,0.0,0.0,0.0,0.0,0.0,0.0,0.0,0.0,2.09,1.58,14.03,0.18,14.03,0.0,0.0,0.068,0.117,2026,4,2026-10-04,13:00,DAL,1,,,,50.0,LOW TARGET
2026,00-0034253,Dontrell Hilliard,dontrell hilliard,TEN,RB,8,0,12,14,3.81,3.42,1.45,5.88,-0.315,52.75,58.87,3.25,3.25,0.0,0.0,0.0,0.0,0.0,1.78,12.17,0.0,1.47,1.21,5.92,0.13,18.09,12.17,0.0,0.063,0.103,2026,4,2026-10-04,13:00,BAL,0,,,,50.0,DEPTH RB
2026,00-0034159,Will Dissly,will dissly,LAC,TE,8,0,51,18,2.66,1.81,1.48,3.82,1.0,59.52,58.86,2.28,2.28,0.0,0.0,0.0,0.0,0.0,0.0,0.0,0.0,2.28,1.44,12.18,0.0,12.18,0.0,0.0,0.069,0.124,2026,4,2026-10-04,16:25,SEA,0,,,,50.0,LOW TARGET
2026,00-0033881,Evan Engram,evan engram,DEN,TE,8,3,59,18,5.23,4.48,2.58,6.45,-0.115,53.84,58.83,3.07,3.07,0.0,0.0,0.0,0.0,0.0,0.0,0.0,0.0,3.07,2.06,22.86,0.15,22.86,0.0,0.0,0.101,0.296,2026,4,2026-10-04,16:25,SF,0,,,,50.0,LOW TARGET
2026,00-0038619,Andrei Iosivas,andrei iosivas,CIN,WR,8,2,43,18,3.74,2.75,2.67,4.8,-0.295,57.58,58.82,2.53,2.53,0.0,0.0,0.0,0.0,0.0,0.0,0.0,0.0,2.53,1.69,16.14,0.07,16.14,0.0,0.0,0.073,0.172,2026,4,2026-10-04,13:00,JAC,1,,,,50.0,LOW TARGET
2026,00-0034613,Tanner Hudson,tanner hudson,CIN,TE,8,2,37,18,3.38,2.07,1.77,4.72,0.21,62.0,58.79,1.88,1.88,0.0,0.0,0.0,0.0,0.0,0.0,0.0,0.0,1.88,1.56,12.95,0.09,12.95,0.0,0.0,0.053,0.102,2026,4,2026-10-04,13:00,JAC,1,,,,50.0,LOW TARGET
2026,00-0031687,Raheem Mostert,raheem mostert,LV,RB,8,0,56,18,2.1,1.31,1.2,2.7,-0.517,61.66,58.78,1.92,1.92,0.0,0.0,0.0,0.0,0.0,0.72,3.06,0.0,1.2,1.2,5.94,0.0,9.0,3.06,0.0,0.039,0.05,2026,4,2026-10-04,16:25,KC,1,,,,50.0,DEPTH RB
2026,00-0039875,Ray Davis,ray davis,BUF,RB,8,2,34,18,5.46,8.56,0.22,5.6,1.0,38.97,58.78,5.16,5.16,0.0,0.0,0.0,0.0,0.0,4.4,29.43,0.0,0.77,0.77,8.67,0.15,38.1,29.43,0.0,0.032,0.047,2026,4,2026-10-04,13:00,NE,1,,,,50.0,DEPTH RB
2026,00-0040218,Jimmy Horn Jr.,jimmy horn jr,CAR,WR,8,1,10,18,1.8,0.99,1.5,2.5,-0.143,64.66,58.73,1.46,1.46,0.0,0.0,0.0,0.0,0.0,0.36,4.57,0.0,1.1,0.77,5.81,0.0,10.38,4.57,0.0,0.047,0.059,2026,4,2026-10-04,20:20,DET,1,,,,50.0,LOW TARGET
2026,00-0038979,Cedric Tillman,cedric tillman,CLE,WR,8,0,32,18,3.23,2.15,1.73,3.77,1.0,60.05,58.73,2.12,2.12,0.0,0.0,0.0,0.0,0.0,0.0,0.0,0.0,2.12,1.13,21.01,0.0,21.01,0.0,0.0,0.085,0.238,2026,4,2026-10-01,20:15,PIT,1,,,,50.0,LOW TARGET
2026,00-0035689,Dawson Knox,dawson knox,BUF,TE,8,3,55,18,7.29,5.79,1.93,12.12,-0.426,55.74,58.72,2.73,2.73,0.0,0.0,0.0,0.0,0.0,0.18,0.0,0.0,2.56,2.3,20.32,0.47,20.32,0.0,0.0,0.094,0.188,2026,4,2026-10-04,13:00,NE,1,,,,50.0,LOW TARGET
2026,00-0040648,Tory Horton,tory horton,SEA,WR,8,1,8,9,8.89,7.76,1.5,14.22,0.919,53.39,58.72,3.07,3.07,0.0,0.0,0.0,0.0,0.0,0.0,0.0,0.0,3.07,2.05,27.07,0.6,27.07,0.0,0.0,0.109,0.29,2026,4,2026-10-04,16:25,LAC,1,,,,50.0,LOW TARGET
2026,00-0038489,Ben VanSumeren,ben vansumeren,KC,RB,8,2,8,18,0.15,0.36,0.0,0.0,0.333,73.8,58.71,0.15,0.15,0.0,0.0,0.0,0.0,0.0,0.0,0.0,0.0,0.15,0.15,0.0,0.0,0.0,0.0,0.0,0.006,0.01,2026,4,2026-10-04,16:25,LV,0,,,,50.0,DEPTH RB
2026,00-0034365,Ian Thomas,ian thomas,LV,TE,8,1,33,18,3.28,1.95,1.88,4.03,-0.392,62.71,58.66,1.7,1.7,0.0,0.0,0.0,0.0,0.0,0.0,0.0,0.0,1.7,1.7,15.74,0.0,15.74,0.0,0.0,0.053,0.097,2026,4,2026-10-04,16:25,KC,1,,,,50.0,LOW TARGET
2026,00-0037299,Keaontay Ingram,keaontay ingram,KC,RB,8,0,19,18,1.67,2.27,0.15,2.73,-0.922,42.37,58.66,4.61,4.61,0.0,0.0,0.0,0.0,0.0,4.14,8.96,0.0,0.47,0.47,3.04,0.0,11.99,8.96,0.0,0.015,0.02,2026,4,2026-10-04,16:25,LV,0,,,,50.0,DEPTH RB
2026,00-0037509,Sincere McCormick,sincere mccormick,LV,RB,4,0,4,15,7.01,3.0,4.2,9.1,0.305,35.01,58.63,12.07,12.07,0.0,0.0,0.0,0.0,0.0,10.07,43.57,0.0,2.0,1.71,9.43,0.0,53.0,43.57,0.0,0.058,0.089,2026,4,2026-10-04,16:25,KC,1,,,,50.0,ROTATION RB
2026,00-0039359,Cade Stover,cade stover,HOU,TE,8,1,20,18,2.54,2.01,0.6,4.22,-0.407,55.78,58.62,2.67,2.67,0.0,0.0,0.0,0.0,0.0,0.47,0.35,0.0,2.2,1.62,8.85,0.0,9.2,0.35,0.0,0.075,0.126,2026,4,2026-10-04,13:00,DAL,1,,,,50.0,LOW TARGET
2026,00-0032434,Brandon Allen,brandon allen,TEN,QB,5,0,5,18,1.53,3.64,-0.1,0.88,-0.9,18.51,58.58,15.86,0.9,14.96,8.6,62.89,0.2,0.0,0.9,0.73,0.0,0.0,0.0,0.0,0.0,0.73,63.61,0.0,0.0,0.0,2026,4,2026-10-04,13:00,BAL,0,,,,50.0,QB
2026,00-0034845,Sony Michel,sony michel,LAC,RB,8,0,10,11,2.17,2.52,0.18,4.5,-0.842,46.24,58.52,3.97,3.97,0.0,0.0,0.0,0.0,0.0,2.67,8.76,0.0,1.3,0.82,4.73,0.0,13.49,8.76,0.0,0.028,0.047,2026,4,2026-10-04,16:25,SEA,0,,,,50.0,DEPTH RB
2026,00-0040705,Chimere Dike,chimere dike,TEN,WR,8,3,17,18,5.15,4.79,1.6,10.9,-0.896,51.84,58.5,3.16,3.16,0.0,0.0,0.0,0.0,0.0,0.2,0.21,0.0,2.96,2.2,18.88,0.17,19.09,0.21,0.0,0.101,0.232,2026,4,2026-10-04,13:00,BAL,0,,,,50.0,LOW TARGET
2026,00-0040187,Mitchell Evans,mitchell evans,CAR,TE,8,3,14,18,3.12,2.17,1.58,5.08,0.286,59.02,58.49,2.13,2.13,0.0,0.0,0.0,0.0,0.0,0.12,0.12,0.0,2.02,1.62,14.91,0.0,15.03,0.12,0.0,0.067,0.115,2026,4,2026-10-04,20:20,DET,1,,,,50.0,LOW TARGET
2026,00-0034279,Equanimeous St. Brown,equanimeous st brown,CHI,WR,8,0,21,18,2.4,1.32,1.38,3.3,0.841,64.57,58.48,1.34,1.34,0.0,0.0,0.0,0.0,0.0,0.0,0.0,0.0,1.34,1.12,12.84,0.0,12.84,0.0,0.0,0.061,0.131,2026,4,2026-10-04,13:00,NYJ,1,,,,50.0,LOW TARGET
2026,00-0038839,Mitchell Tinsley,mitchell tinsley,CIN,WR,8,0,8,16,3.71,3.55,1.42,5.23,-0.588,51.14,58.44,3.23,3.23,0.0,0.0,0.0,0.0,0.0,0.0,0.0,0.0,3.23,1.02,14.73,0.2,14.73,0.0,0.0,0.088,0.238,2026,4,2026-10-04,13:00,JAC,1,,,,50.0,LOW TARGET
2026,00-0040138,Jaylin Noel,jaylin noel,HOU,WR,8,3,17,18,5.02,4.19,1.72,5.88,0.018,54.5,58.43,2.74,2.74,0.0,0.0,0.0,0.0,0.0,0.53,3.86,0.0,2.21,1.44,24.86,0.12,28.71,3.86,0.0,0.067,0.149,2026,4,2026-10-04,13:00,DAL,1,,,,50.0,LOW TARGET
2026,00-0038416,Tyson Bagent,tyson bagent,CHI,QB,8,1,11,15,1.32,1.98,0.08,1.88,1.0,39.96,58.43,6.11,1.29,4.82,3.03,29.84,0.0,0.0,1.29,1.24,0.0,0.0,0.0,0.0,0.0,1.24,31.08,0.0,0.0,0.0,2026,4,2026-10-04,13:00,NYJ,1,,,,50.0,QB
2026,00-0039392,Jha'Quan Jackson,jhaquan jackson,TEN,WR,8,0,12,13,0.15,0.42,0.0,0.0,-0.433,70.5,58.42,0.45,0.45,0.0,0.0,0.0,0.0,0.0,0.12,-0.59,0.0,0.34,0.12,0.94,0.0,0.35,-0.59,0.0,0.011,0.035,2026,4,2026-10-04,13:00,BAL,0,,,,50.0,LOW TARGET
2026,00-0033307,Kendrick Bourne,kendrick bourne,ARI,WR,8,3,50,18,4.86,4.75,2.33,4.58,1.0,50.59,58.42,3.3,3.3,0.0,0.0,0.0,0.0,0.0,0.0,0.0,0.0,3.3,2.46,23.98,0.0,23.98,0.0,0.0,0.098,0.208,2026,4,2026-10-04,13:00,NYG,0,,,,50.0,LOW TARGET
2026,00-0037276,Ty Chandler,ty chandler,MIN,RB,8,0,35,18,1.68,2.35,0.0,1.12,1.0,41.76,58.4,4.55,4.55,0.0,0.0,0.0,0.0,0.0,3.84,9.51,0.0,0.71,0.54,1.96,0.0,11.47,9.51,0.0,0.024,0.023,2026,4,2026-10-04,16:05,MIA,1,,,,50.0,DEPTH RB
2026,00-0036988,Josh Palmer,josh palmer,BUF,WR,8,2,53,18,5.2,4.19,1.95,5.67,1.0,55.35,58.38,2.6,2.6,0.0,0.0,0.0,0.0,0.0,0.0,0.0,0.0,2.6,1.16,19.87,0.34,19.87,0.0,0.0,0.092,0.217,2026,4,2026-10-04,13:00,NE,1,,,,50.0,LOW TARGET
2026,00-0037273,Kyle Philips,kyle philips,TEN,WR,8,0,12,18,4.2,3.62,1.38,6.33,-0.755,53.72,58.35,2.81,2.81,0.0,0.0,0.0,0.0,0.0,0.0,0.0,0.0,2.81,1.93,22.71,0.0,22.71,0.0,0.0,0.097,0.215,2026,4,2026-10-04,13:00,BAL,0,,,,50.0,LOW TARGET
2026,00-0034115,Jeff Wilson,jeff wilson,MIA,RB,8,0,32,18,1.5,1.38,1.02,2.75,-0.806,52.1,58.35,3.04,3.04,0.0,0.0,0.0,0.0,0.0,2.7,9.52,0.0,0.34,0.34,2.15,0.0,11.67,9.52,0.0,0.008,0.013,2026,4,2026-10-04,16:05,MIN,0,,,,50.0,DEPTH RB
2026,00-0035208,Olamide Zaccheaus,olamide zaccheaus,ATL,WR,8,3,57,18,3.0,2.47,1.45,4.25,-0.593,54.83,58.34,2.65,2.65,0.0,0.0,0.0,0.0,0.0,0.0,0.0,0.0,2.65,1.38,10.01,0.1,10.01,0.0,0.0,0.096,0.193,2026,4,2026-10-05,20:15,NO,0,,,,50.0,LOW TARGET
2026,00-0037382,Brandon Johnson,brandon johnson,PIT,WR,8,0,16,18,6.2,5.71,1.42,8.75,0.363,52.06,58.31,3.03,3.03,0.0,0.0,0.0,0.0,0.0,0.0,0.0,0.0,3.03,1.98,27.27,0.2,27.27,0.0,0.0,0.1,0.234,2026,4,2026-10-01,20:15,CLE,0,,,,50.0,LOW TARGET
2026,00-0036271,Quez Watkins,quez watkins,PHI,WR,8,0,22,18,6.33,8.13,1.8,4.22,1.0,43.77,58.3,4.2,4.2,0.0,0.0,0.0,0.0,0.0,0.0,0.0,0.0,4.2,2.65,26.06,0.18,26.06,0.0,0.0,0.125,0.287,2026,4,2026-10-04,13:00,LAR,1,,,,50.0,LOW TARGET
2026,00-0035298,Scott Miller,scott miller,PIT,WR,8,0,34,18,2.88,2.34,0.0,5.05,1.0,55.13,58.27,2.57,2.57,0.0,0.0,0.0,0.0,0.0,0.0,0.0,0.0,2.57,1.64,12.41,0.0,12.41,0.0,0.0,0.076,0.165,2026,4,2026-10-01,20:15,CLE,0,,,,50.0,LOW TARGET
2026,00-0037087,Trestan Ebner,trestan ebner,CHI,RB,8,0,11,18,0.31,0.79,0.0,0.8,-0.1,55.97,58.25,2.43,2.43,0.0,0.0,0.0,0.0,0.0,1.6,2.55,0.0,0.84,0.14,0.57,0.0,3.12,2.55,0.0,0.037,0.058,2026,4,2026-10-04,13:00,NYJ,1,,,,50.0,DEPTH RB
2026,00-0034837,Calvin Ridley,calvin ridley,TEN,WR,8,2,41,18,5.19,5.24,2.67,6.3,-0.699,49.74,58.21,3.3,3.3,0.0,0.0,0.0,0.0,0.0,0.0,0.0,0.0,3.3,1.7,34.87,0.0,34.87,0.0,0.0,0.109,0.289,2026,4,2026-10-04,13:00,BAL,0,,,,50.0,LOW TARGET
2026,00-0035216,Diontae Johnson,diontae johnson,HOU,WR,8,0,41,18,5.15,7.2,1.2,9.38,-0.867,41.71,58.19,4.43,4.43,0.0,0.0,0.0,0.0,0.0,0.17,0.52,0.0,4.26,1.98,20.82,0.17,21.34,0.52,0.0,0.138,0.392,2026,4,2026-10-04,13:00,DAL,1,,,,50.0,LOW TARGET
2026,00-0033246,Johnny Mundt,johnny mundt,PHI,TE,8,2,49,18,2.08,1.33,1.05,2.88,0.015,60.9,58.14,1.66,1.66,0.0,0.0,0.0,0.0,0.0,0.0,0.0,0.0,1.66,1.06,10.17,0.0,10.17,0.0,0.0,0.059,0.104,2026,4,2026-10-04,13:00,LAR,1,,,,50.0,LOW TARGET
2026,00-0036556,Brevin Jordan,brevin jordan,HOU,TE,8,0,21,17,4.45,3.35,1.77,7.22,-0.074,57.06,58.11,2.2,2.2,0.0,0.0,0.0,0.0,0.0,0.0,0.0,0.0,2.2,1.66,19.01,0.15,19.01,0.0,0.0,0.068,0.123,2026,4,2026-10-04,13:00,DAL,1,,,,50.0,LOW TARGET
2026,00-0036414,Cam Akers,cam akers,SEA,RB,8,0,42,18,3.86,4.14,0.22,8.53,-0.761,48.26,58.11,3.6,3.45,0.15,0.15,4.73,0.15,0.0,2.78,13.96,0.07,0.67,0.44,2.0,0.1,15.96,18.69,0.0,0.019,0.021,2026,4,2026-10-04,16:25,LAC,1,,,,50.0,DEPTH RB
2026,00-0040737,Terrance Ferguson,terrance ferguson,LAR,TE,8,3,11,17,6.56,6.99,0.0,12.58,-0.293,48.44,58.07,3.41,3.41,0.0,0.0,0.0,0.0,0.0,0.0,0.0,0.0,3.41,1.88,22.07,0.41,22.07,0.0,0.0,0.1,0.216,2026,4,2026-10-04,13:00,PHI,0,,,,50.0,LOW TARGET
2026,00-0040582,Arian Smith,arian smith,NYJ,WR,8,2,13,18,0.39,0.57,0.0,0.93,-0.433,63.59,58.03,1.22,1.22,0.0,0.0,0.0,0.0,0.0,0.31,1.92,0.0,0.91,0.13,0.66,0.0,2.58,1.92,0.0,0.035,0.092,2026,4,2026-10-04,13:00,CHI,0,,,,50.0,LOW TARGET
2026,00-0038720,Julian Hill,julian hill,MIA,TE,8,0,35,18,2.78,1.93,1.62,4.9,1.0,58.97,58.02,1.87,1.87,0.0,0.0,0.0,0.0,0.0,0.0,0.0,0.0,1.87,1.4,13.74,0.0,13.74,0.0,0.0,0.072,0.128,2026,4,2026-10-04,16:05,MIN,0,,,,50.0,LOW TARGET
2026,00-0034418,Cedrick Wilson Jr.,cedrick wilson jr,MIA,WR,8,0,43,18,2.06,1.5,1.57,3.12,-0.291,57.84,58.02,2.04,2.04,0.0,0.0,0.0,0.0,0.0,0.0,0.0,0.0,2.04,1.14,9.2,0.0,9.2,0.0,0.0,0.075,0.158,2026,4,2026-10-04,16:05,MIN,0,,,,50.0,LOW TARGET
2026,00-0038738,Hunter Luepke,hunter luepke,DAL,RB,8,2,38,18,2.15,1.94,0.55,3.2,-0.734,52.48,57.99,2.78,2.78,0.0,0.0,0.0,0.0,0.0,1.99,8.71,0.0,0.79,0.67,6.02,0.0,14.73,8.71,0.0,0.025,0.036,2026,4,2026-10-04,13:00,HOU,0,,,,50.0,DEPTH RB
2026,00-0034830,Hayden Hurst,hayden hurst,LAC,TE,8,0,29,18,2.04,1.44,1.58,3.42,-0.485,58.56,57.92,1.87,1.87,0.0,0.0,0.0,0.0,0.0,0.0,0.0,0.0,1.87,1.11,9.24,0.0,9.24,0.0,0.0,0.077,0.148,2026,4,2026-10-04,16:25,SEA,0,,,,50.0,LOW TARGET
2026,00-0036630,Tylan Wallace,tylan wallace,CLE,WR,8,1,34,18,0.14,0.45,0.0,0.0,0.0,68.95,57.88,0.37,0.37,0.0,0.0,0.0,0.0,0.0,0.0,0.0,0.0,0.37,0.09,0.52,0.0,0.52,0.0,0.0,0.017,0.052,2026,4,2026-10-01,20:15,PIT,1,,,,50.0,LOW TARGET
2026,00-0037324,Chris Oladokun,chris oladokun,KC,QB,4,0,4,18,2.78,4.01,-0.04,5.79,0.074,20.49,57.87,17.29,1.5,15.79,10.0,63.36,0.29,0.0,1.5,5.36,0.0,0.0,0.0,0.0,0.0,5.36,68.71,0.0,0.0,0.0,2026,4,2026-10-04,16:25,LV,0,,,,50.0,QB
2026,00-0039356,Ja'Tavion Sanders,jatavion sanders,CAR,TE,8,0,27,18,4.25,3.27,1.58,6.7,-0.287,56.54,57.81,2.1,2.1,0.0,0.0,0.0,0.0,0.0,0.0,0.0,0.0,2.1,2.1,10.86,0.18,10.86,0.0,0.0,0.079,0.139,2026,4,2026-10-04,20:20,DET,1,,,,50.0,LOW TARGET
2026,00-0037348,Tanner Conner,tanner conner,MIA,TE,8,0,14,9,2.13,1.5,1.35,3.65,0.185,58.76,57.8,1.78,1.78,0.0,0.0,0.0,0.0,0.0,0.0,0.0,0.0,1.78,1.07,10.62,0.0,10.62,0.0,0.0,0.058,0.129,2026,4,2026-10-04,16:05,MIN,0,,,,50.0,LOW TARGET
2026,00-0036196,Gabe Davis,gabe davis,BUF,WR,8,0,47,18,4.91,5.13,1.45,4.82,0.641,48.91,57.76,3.16,3.16,0.0,0.0,0.0,0.0,0.0,0.0,0.0,0.0,3.16,1.9,19.37,0.18,19.37,0.0,0.0,0.116,0.311,2026,4,2026-10-04,13:00,NE,1,,,,50.0,LOW TARGET
2026,00-0032398,Chris Moore,chris moore,BAL,WR,8,3,40,18,3.9,2.91,1.2,6.58,1.0,57.24,57.75,1.96,1.96,0.0,0.0,0.0,0.0,0.0,0.0,0.0,0.0,1.96,0.97,18.6,0.18,18.6,0.0,0.0,0.074,0.216,2026,4,2026-10-04,13:00,TEN,1,,,,50.0,LOW TARGET
2026,00-0035628,D'Ernest Johnson,dernest johnson,NE,RB,8,0,42,18,1.18,1.18,0.4,2.12,-0.351,50.03,57.69,2.96,2.96,0.0,0.0,0.0,0.0,0.0,2.44,6.81,0.0,0.52,0.35,1.53,0.0,8.34,6.81,0.0,0.019,0.028,2026,4,2026-10-04,13:00,BUF,0,,,,50.0,DEPTH RB
2026,00-0034401,Mike White,mike white,BUF,QB,8,0,11,18,0.44,2.44,-0.65,1.74,0.52,29.06,57.69,6.92,0.97,5.95,2.78,28.94,0.09,0.0,0.97,-1.03,0.0,0.0,0.0,0.0,0.0,-1.03,27.92,0.0,0.0,0.0,2026,4,2026-10-04,13:00,NE,1,,,,50.0,QB
2026,00-0038612,A.T. Perry,at perry,NO,WR,8,0,8,18,8.17,6.53,3.42,10.82,1.0,55.59,57.68,2.16,2.16,0.0,0.0,0.0,0.0,0.0,0.0,0.0,0.0,2.16,1.56,31.52,0.58,31.52,0.0,0.0,0.072,0.222,2026,4,2026-10-05,20:15,ATL,1,,,,50.0,LOW TARGET
2026,00-0040644,Trevor Etienne,trevor etienne,CAR,RB,8,0,17,18,0.18,0.45,0.0,0.05,-0.467,69.07,57.63,0.2,0.2,0.0,0.0,0.0,0.0,0.0,0.09,0.17,0.0,0.12,0.12,0.47,0.0,0.64,0.17,0.0,0.006,0.009,2026,4,2026-10-04,20:20,DET,1,,,,50.0,DEPTH RB
2026,00-0027942,A.J. Green,aj green,ARI,WR,8,0,13,18,6.04,6.49,1.12,9.25,0.652,48.19,57.61,3.18,3.18,0.0,0.0,0.0,0.0,0.0,0.0,0.0,0.0,3.18,1.8,26.51,0.27,26.51,0.0,0.0,0.094,0.254,2026,4,2026-10-04,13:00,NYG,0,,,,50.0,LOW TARGET
2026,00-0036754,Brock Wright,brock wright,DET,TE,8,3,42,18,2.38,1.98,1.12,3.42,-0.517,54.56,57.6,2.26,2.26,0.0,0.0,0.0,0.0,0.0,0.0,0.0,0.0,2.26,1.44,9.37,0.0,9.37,0.0,0.0,0.065,0.108,2026,4,2026-10-04,20:20,CAR,0,,,,50.0,LOW TARGET
2026,00-0037291,Jalen Nailor,jalen nailor,LV,WR,8,3,43,18,4.79,5.25,1.42,6.47,0.291,47.7,57.56,3.22,3.22,0.0,0.0,0.0,0.0,0.0,0.09,-0.17,0.0,3.13,1.66,21.04,0.17,20.87,-0.17,0.0,0.118,0.292,2026,4,2026-10-04,16:25,KC,1,,,,50.0,LOW TARGET
2026,00-0036219,Marquez Callaway,marquez callaway,NO,WR,8,0,10,18,2.35,2.25,1.2,4.35,-0.86,51.05,57.49,2.7,2.7,0.0,0.0,0.0,0.0,0.0,0.0,0.0,0.0,2.7,1.27,10.77,0.0,10.77,0.0,0.0,0.088,0.216,2026,4,2026-10-05,20:15,ATL,1,,,,50.0,LOW TARGET
2026,00-0033857,JuJu Smith-Schuster,juju smith schuster,KC,WR,8,0,55,18,2.0,1.63,0.0,2.48,1.0,55.02,57.4,2.08,2.08,0.0,0.0,0.0,0.0,0.0,0.0,0.0,0.0,2.08,1.2,7.99,0.0,7.99,0.0,0.0,0.083,0.158,2026,4,2026-10-04,16:25,LV,0,,,,50.0,LOW TARGET
2026,00-0038098,Pierre Strong,pierre strong,CLE,RB,8,0,39,18,2.46,2.74,0.38,2.9,1.0,47.39,57.37,3.15,3.15,0.0,0.0,0.0,0.0,0.0,1.6,8.08,0.0,1.56,1.2,4.58,0.0,12.65,8.08,0.0,0.04,0.063,2026,4,2026-10-01,20:15,PIT,1,,,,50.0,DEPTH RB
2026,00-0035602,Alex Bachman,alex bachman,LV,WR,8,0,16,18,0.19,0.46,0.0,0.0,0.433,68.42,57.36,0.15,0.15,0.0,0.0,0.0,0.0,0.0,0.0,0.0,0.0,0.15,0.15,0.44,0.0,0.44,0.0,0.0,0.007,0.012,2026,4,2026-10-04,16:25,KC,1,,,,50.0,LOW TARGET
2026,00-0036255,Denzel Mims,denzel mims,NYJ,WR,8,0,9,17,3.02,2.93,1.58,5.75,0.158,50.76,57.36,2.67,2.67,0.0,0.0,0.0,0.0,0.0,0.0,0.0,0.0,2.67,1.16,18.63,0.0,18.63,0.0,0.0,0.088,0.224,2026,4,2026-10-04,13:00,CHI,0,,,,50.0,LOW TARGET
2026,00-0037837,Calvin Austin III,calvin austin iii,PIT,WR,8,0,47,18,4.58,5.13,1.12,4.97,0.393,47.16,57.32,3.16,3.16,0.0,0.0,0.0,0.0,0.0,0.0,0.0,0.0,3.16,1.47,20.35,0.18,20.35,0.0,0.0,0.094,0.253,2026,4,2026-10-01,20:15,CLE,0,,,,50.0,LOW TARGET
2026,00-0035562,Jesper Horsted,jesper horsted,LV,TE,8,0,10,15,0.19,0.47,0.0,0.0,-0.467,67.8,57.31,0.2,0.2,0.0,0.0,0.0,0.0,0.0,0.0,0.0,0.0,0.2,0.13,0.53,0.0,0.53,0.0,0.0,0.005,0.01,2026,4,2026-10-04,16:25,KC,1,,,,50.0,LOW TARGET
2026,00-0037098,Samori Toure,samori toure,NO,WR,8,0,13,18,1.75,1.54,1.07,2.55,-0.83,53.18,57.26,2.27,2.27,0.0,0.0,0.0,0.0,0.0,0.0,0.0,0.0,2.27,0.9,6.83,0.0,6.83,0.0,0.0,0.068,0.182,2026,4,2026-10-05,20:15,ATL,1,,,,50.0,LOW TARGET
2026,00-0039623,Mason Tipton,mason tipton,NO,WR,8,0,17,16,3.02,3.27,0.0,5.25,-0.179,48.01,57.25,3.0,3.0,0.0,0.0,0.0,0.0,0.0,0.59,2.65,0.0,2.41,1.63,11.23,0.0,13.88,2.65,0.0,0.061,0.133,2026,4,2026-10-05,20:15,ATL,1,,,,50.0,LOW TARGET
2026,00-0040078,Brashard Smith,brashard smith,KC,RB,8,2,17,18,2.9,3.63,0.08,3.0,-0.164,44.39,57.2,3.48,3.48,0.0,0.0,0.0,0.0,0.0,2.07,8.99,0.0,1.42,0.99,2.14,0.13,11.14,8.99,0.0,0.059,0.064,2026,4,2026-10-04,16:25,LV,0,,,,50.0,DEPTH RB
2026,00-0033879,O.J. Howard,oj howard,HOU,TE,8,0,11,17,1.99,1.77,0.0,3.8,-0.191,53.0,57.18,2.24,2.24,0.0,0.0,0.0,0.0,0.0,0.0,0.0,0.0,2.24,0.79,11.99,0.0,11.99,0.0,0.0,0.07,0.17,2026,4,2026-10-04,13:00,DAL,1,,,,50.0,LOW TARGET
2026,00-0037300,Mike Woods,mike woods,CLE,WR,8,0,12,18,2.14,2.12,0.98,2.55,-0.667,50.29,57.17,2.63,2.63,0.0,0.0,0.0,0.0,0.0,0.0,0.0,0.0,2.63,1.13,10.1,0.0,10.1,0.0,0.0,0.07,0.176,2026,4,2026-10-01,20:15,PIT,1,,,,50.0,LOW TARGET
2026,00-0035406,Lil'Jordan Humphrey,liljordan humphrey,DEN,WR,8,1,36,18,4.08,4.5,0.0,6.65,-0.672,47.55,57.17,3.02,3.02,0.0,0.0,0.0,0.0,0.0,0.0,0.0,0.0,3.02,1.51,17.76,0.13,17.76,0.0,0.0,0.091,0.22,2026,4,2026-10-04,16:25,SF,0,,,,50.0,LOW TARGET
2026,00-0037805,Jeremy Ruckert,jeremy ruckert,NYJ,TE,8,3,40,18,4.74,4.82,2.23,3.52,1.0,49.58,57.16,2.72,2.72,0.0,0.0,0.0,0.0,0.0,0.0,0.0,0.0,2.72,2.26,14.11,0.18,14.11,0.0,0.0,0.082,0.139,2026,4,2026-10-04,13:00,CHI,0,,,,50.0,LOW TARGET
2026,00-0036527,DJ Turner,dj turner,LV,WR,8,0,25,18,3.8,3.79,1.88,5.75,-0.686,50.03,57.13,2.64,2.64,0.0,0.0,0.0,0.0,0.0,0.19,0.76,0.0,2.45,1.58,15.3,0.1,16.05,0.76,0.0,0.068,0.142,2026,4,2026-10-04,16:25,KC,1,,,,50.0,LOW TARGET
2026,00-0036290,Cole Kmet,cole kmet,CHI,TE,8,3,65,18,4.07,3.82,2.55,5.75,-0.087,51.61,57.11,2.4,2.4,0.0,0.0,0.0,0.0,0.0,0.0,0.0,0.0,2.4,1.32,16.04,0.15,16.04,0.0,0.0,0.082,0.172,2026,4,2026-10-04,13:00,NYJ,1,,,,50.0,LOW TARGET
2026,00-0036387,Jalen Reagor,jalen reagor,LAC,WR,8,0,33,18,2.24,2.12,0.75,4.38,-0.143,51.44,57.09,2.42,2.42,0.0,0.0,0.0,0.0,0.0,0.42,0.86,0.0,1.99,0.98,13.46,0.0,14.33,0.86,0.0,0.067,0.152,2026,4,2026-10-04,16:25,SEA,0,,,,50.0,LOW TARGET
2026,00-0036423,Albert Okwuegbunam,albert okwuegbunam,LV,TE,8,0,8,18,4.32,4.94,0.0,8.38,-0.5,46.65,57.09,3.1,3.1,0.0,0.0,0.0,0.0,0.0,0.0,0.0,0.0,3.1,1.87,16.57,0.13,16.57,0.0,0.0,0.089,0.183,2026,4,2026-10-04,16:25,KC,1,,,,50.0,LOW TARGET
2026,00-0033536,Mike Williams,mike williams,PIT,WR,8,0,30,18,3.71,3.09,1.2,5.7,-0.539,54.59,57.08,1.96,1.96,0.0,0.0,0.0,0.0,0.0,0.0,0.0,0.0,1.96,1.3,18.02,0.1,18.02,0.0,0.0,0.074,0.208,2026,4,2026-10-01,20:15,CLE,0,,,,50.0,LOW TARGET
2026,00-0037742,Treylon Burks,treylon burks,WAS,WR,8,2,33,18,3.54,3.46,0.0,5.62,0.761,50.51,57.07,2.54,2.54,0.0,0.0,0.0,0.0,0.0,0.0,0.0,0.0,2.54,1.09,9.43,0.25,9.43,0.0,0.0,0.113,0.285,2026,4,2026-10-04,09:30,IND,1,,,,50.0,LOW TARGET
2026,00-0037257,David Bell,david bell,CLE,WR,8,0,25,18,7.1,7.58,1.6,7.05,0.962,48.35,57.06,2.84,2.84,0.0,0.0,0.0,0.0,0.0,0.0,0.0,0.0,2.84,2.01,24.22,0.44,24.22,0.0,0.0,0.088,0.19,2026,4,2026-10-01,20:15,PIT,1,,,,50.0,LOW TARGET
2026,00-0034777,DJ Chark,dj chark,LAC,WR,8,0,29,18,5.58,7.24,2.57,5.35,0.204,43.51,57.06,3.54,3.54,0.0,0.0,0.0,0.0,0.0,0.0,0.0,0.0,3.54,1.54,21.65,0.35,21.65,0.0,0.0,0.119,0.341,2026,4,2026-10-04,16:25,SEA,0,,,,50.0,LOW TARGET
2026,00-0038809,Ben Sims,ben sims,MIN,TE,8,0,13,18,1.89,1.44,1.2,2.12,1.0,56.82,57.04,1.62,1.62,0.0,0.0,0.0,0.0,0.0,0.0,0.0,0.0,1.62,0.97,9.23,0.0,9.23,0.0,0.0,0.064,0.158,2026,4,2026-10-04,16:05,MIA,1,,,,50.0,LOW TARGET
2026,00-0036991,Amari Rodgers,amari rodgers,IND,WR,8,0,16,18,4.18,4.52,0.0,4.83,-0.652,48.04,57.04,2.87,2.87,0.0,0.0,0.0,0.0,0.0,0.25,0.9,0.0,2.62,1.56,19.14,0.1,20.04,0.9,0.0,0.081,0.181,2026,4,2026-10-04,09:30,WAS,0,,,,50.0,LOW TARGET
2026,00-0034681,Chase Edmonds,chase edmonds,WAS,RB,8,0,29,18,2.62,3.6,0.0,4.5,-1.0,42.1,57.02,3.71,3.71,0.0,0.0,0.0,0.0,0.0,2.73,11.99,0.0,0.98,0.86,5.58,0.0,17.58,11.99,0.0,0.031,0.044,2026,4,2026-10-04,09:30,IND,1,,,,50.0,DEPTH RB
2026,00-0037078,Cole Turner,cole turner,WAS,TE,8,0,15,16,2.67,2.06,1.57,3.95,-0.277,56.43,57.0,1.65,1.65,0.0,0.0,0.0,0.0,0.0,0.0,0.0,0.0,1.65,1.28,13.93,0.0,13.93,0.0,0.0,0.053,0.11,2026,4,2026-10-04,09:30,IND,1,,,,50.0,LOW TARGET
2026,00-0035414,Jalen Guyton,jalen guyton,LAC,WR,8,0,9,16,3.7,4.0,1.48,5.03,-0.535,48.03,56.94,2.82,2.82,0.0,0.0,0.0,0.0,0.0,0.0,0.0,0.0,2.82,1.45,16.32,0.1,16.32,0.0,0.0,0.077,0.199,2026,4,2026-10-04,16:25,SEA,0,,,,50.0,LOW TARGET
2026,00-0033854,Dare Ogunbowale,dare ogunbowale,HOU,RB,8,0,54,18,2.55,2.53,0.68,3.02,0.415,50.21,56.9,2.48,2.48,0.0,0.0,0.0,0.0,0.0,1.21,1.01,0.13,1.27,0.94,7.06,0.0,8.06,1.01,0.0,0.044,0.081,2026,4,2026-10-04,13:00,DAL,1,,,,50.0,DEPTH RB
2026,00-0039737,Tip Reiman,tip reiman,ARI,TE,8,0,11,15,1.6,1.18,0.0,2.5,-0.324,57.52,56.89,1.43,1.43,0.0,0.0,0.0,0.0,0.0,0.0,0.0,0.0,1.43,0.96,6.41,0.0,6.41,0.0,0.0,0.044,0.086,2026,4,2026-10-04,13:00,NYG,0,,,,50.0,LOW TARGET
2026,00-0040782,Isaiah Bond,isaiah bond,CLE,WR,8,1,15,18,3.61,3.15,2.0,4.72,-0.434,53.38,56.89,2.03,2.03,0.0,0.0,0.0,0.0,0.0,0.38,1.3,0.0,1.64,0.95,25.21,0.0,26.51,1.3,0.0,0.064,0.219,2026,4,2026-10-01,20:15,PIT,1,,,,50.0,LOW TARGET
2026,00-0040237,Tez Johnson,tez johnson,TB,WR,8,3,15,18,2.31,2.09,0.68,3.38,-0.088,52.51,56.87,2.14,2.14,0.0,0.0,0.0,0.0,0.0,0.28,0.07,0.0,1.86,0.88,14.17,0.0,14.24,0.07,0.0,0.059,0.174,2026,4,2026-10-04,13:00,GB,1,,,,50.0,LOW TARGET
2026,00-0036637,Noah Gray,noah gray,KC,TE,8,3,63,18,2.99,2.74,0.9,5.62,0.167,52.23,56.86,2.17,2.17,0.0,0.0,0.0,0.0,0.0,0.0,0.0,0.0,2.17,1.5,14.92,0.0,14.92,0.0,0.0,0.077,0.16,2026,4,2026-10-04,16:25,LV,0,,,,50.0,LOW TARGET
2026,00-0036980,Elijah Moore,elijah moore,BUF,WR,8,0,56,18,2.76,2.84,0.52,4.38,1.0,49.23,56.86,2.6,2.6,0.0,0.0,0.0,0.0,0.0,0.49,1.22,0.07,2.11,1.03,11.75,0.0,12.97,1.22,0.0,0.076,0.193,2026,4,2026-10-04,13:00,NE,1,,,,50.0,LOW TARGET
2026,00-0037569,Peyton Hendershot,peyton hendershot,KC,TE,8,0,25,18,2.12,1.45,1.2,2.42,0.547,59.43,56.84,1.13,1.13,0.0,0.0,0.0,0.0,0.0,0.0,0.0,0.0,1.13,0.99,11.31,0.0,11.31,0.0,0.0,0.042,0.078,2026,4,2026-10-04,16:25,LV,0,,,,50.0,LOW TARGET
2026,00-0039757,Terrell Jennings,terrell jennings,NE,RB,8,0,8,18,2.21,3.67,0.38,1.85,-0.966,37.63,56.81,4.23,4.23,0.0,0.0,0.0,0.0,0.0,4.01,11.64,0.13,0.22,0.13,1.19,0.0,12.84,11.64,0.0,0.008,0.019,2026,4,2026-10-04,13:00,BUF,0,,,,50.0,DEPTH RB
2026,00-0037654,Tucker Fisk,tucker fisk,LAC,TE,8,0,13,17,1.3,0.86,0.75,1.85,0.026,60.21,56.8,1.0,1.0,0.0,0.0,0.0,0.0,0.0,0.0,0.0,0.0,1.0,0.72,5.78,0.0,5.78,0.0,0.0,0.03,0.052,2026,4,2026-10-04,16:25,SEA,0,,,,50.0,LOW TARGET
2026,00-0027948,Blaine Gabbert,blaine gabbert,KC,QB,3,0,3,18,4.2,5.17,1.15,6.96,0.698,16.82,56.8,20.52,3.05,17.48,9.29,89.19,0.19,0.0,3.05,21.57,0.0,0.0,0.0,0.0,0.0,21.57,110.76,0.0,0.0,0.0,2026,4,2026-10-04,16:25,LV,0,,,,50.0,QB
2026,00-0040534,Ke'Shawn Williams,keshawn williams,CIN,WR,8,1,11,18,0.38,0.57,0.0,0.3,0.767,63.85,56.74,0.44,0.44,0.0,0.0,0.0,0.0,0.0,0.3,1.6,0.0,0.15,0.15,0.74,0.0,2.34,1.6,0.0,0.004,0.009,2026,4,2026-10-04,13:00,JAC,1,,,,50.0,LOW TARGET
2026,00-0039868,Troy Franklin,troy franklin,DEN,WR,8,3,33,18,5.08,5.67,2.45,6.92,-0.552,47.23,56.72,2.81,2.81,0.0,0.0,0.0,0.0,0.0,0.23,1.0,0.0,2.57,1.95,25.05,0.09,26.05,1.0,0.0,0.076,0.227,2026,4,2026-10-04,16:25,SF,0,,,,50.0,LOW TARGET
2026,00-0038104,Tyquan Thornton,tyquan thornton,KC,WR,8,3,37,18,4.66,4.32,0.0,6.8,0.585,51.88,56.71,2.14,2.14,0.0,0.0,0.0,0.0,0.0,0.0,0.0,0.0,2.14,1.58,30.79,0.0,30.79,0.0,0.0,0.067,0.252,2026,4,2026-10-04,16:25,LV,0,,,,50.0,LOW TARGET
2026,00-0040581,Dont'e Thornton Jr.,donte thornton jr,LV,WR,8,0,11,18,1.32,1.26,0.0,2.17,0.395,51.09,56.71,2.25,2.25,0.0,0.0,0.0,0.0,0.0,0.0,0.0,0.0,2.25,0.72,5.91,0.0,5.91,0.0,0.0,0.089,0.3,2026,4,2026-10-04,16:25,KC,1,,,,50.0,LOW TARGET
2026,00-0040590,Konata Mumpfield,konata mumpfield,LAR,WR,8,3,10,18,4.98,6.98,0.0,4.0,1.0,41.63,56.7,3.6,3.6,0.0,0.0,0.0,0.0,0.0,0.0,0.0,0.0,3.6,1.49,24.18,0.18,24.18,0.0,0.0,0.087,0.215,2026,4,2026-10-04,13:00,PHI,0,,,,50.0,LOW TARGET
2026,00-0038102,Kenny Pickett,kenny pickett,CAR,QB,8,2,36,18,1.15,2.75,-0.55,1.54,-0.902,29.55,56.67,6.2,0.9,5.31,3.13,20.55,0.1,0.0,0.9,5.97,0.0,0.0,0.0,0.0,0.0,5.97,26.52,0.0,0.0,0.0,2026,4,2026-10-04,20:20,DET,1,,,,50.0,QB
2026,00-0037387,Jalen Virgil,jalen virgil,BUF,WR,8,0,10,18,0.16,0.53,0.0,0.0,0.0,65.16,56.65,0.2,0.2,0.0,0.0,0.0,0.0,0.0,0.0,0.0,0.0,0.2,0.09,0.78,0.0,0.78,0.0,0.0,0.005,0.011,2026,4,2026-10-04,13:00,NE,1,,,,50.0,LOW TARGET
2026,00-0035594,Travis Homer,travis homer,PIT,RB,8,2,33,18,0.24,0.6,0.0,0.0,0.533,62.44,56.64,0.59,0.59,0.0,0.0,0.0,0.0,0.0,0.59,2.44,0.0,0.0,0.0,0.0,0.0,2.44,2.44,0.0,0.0,0.0,2026,4,2026-10-01,20:15,CLE,0,,,,50.0,DEPTH RB
2026,00-0038679,Tyrell Shavers,tyrell shavers,BUF,WR,8,0,12,17,5.48,5.52,2.38,5.62,-0.531,49.79,56.64,2.4,2.4,0.0,0.0,0.0,0.0,0.0,0.0,0.0,0.0,2.4,1.68,30.04,0.13,30.04,0.0,0.0,0.088,0.236,2026,4,2026-10-04,13:00,NE,1,,,,50.0,LOW TARGET
2026,00-0032208,Phillip Dorsett,phillip dorsett,DEN,WR,8,0,17,17,2.47,2.67,0.0,3.95,-0.611,48.09,56.63,2.75,2.63,0.12,0.0,0.0,0.0,0.0,0.0,0.0,0.0,2.63,1.29,11.8,0.0,11.8,0.0,0.0,0.08,0.203,2026,4,2026-10-04,16:25,SF,0,,,,50.0,LOW TARGET
2026,00-0034193,Kevin Rader,kevin rader,TEN,TE,8,0,13,18,0.26,0.59,0.0,0.0,0.533,62.84,56.62,0.52,0.52,0.0,0.0,0.0,0.0,0.0,0.0,0.0,0.0,0.52,0.16,0.98,0.0,0.98,0.0,0.0,0.02,0.058,2026,4,2026-10-04,13:00,BAL,0,,,,50.0,LOW TARGET
2026,00-0030108,Ryan Griffin,ryan griffin,CHI,TE,8,0,10,17,0.43,0.61,0.0,1.12,-0.1,62.23,56.61,0.6,0.6,0.0,0.0,0.0,0.0,0.0,0.0,0.0,0.0,0.6,0.34,0.91,0.0,0.91,0.0,0.0,0.028,0.046,2026,4,2026-10-04,13:00,NYJ,1,,,,50.0,LOW TARGET
2026,00-0039912,Ben Sinnott,ben sinnott,WAS,TE,8,2,16,18,2.71,2.25,1.58,4.92,-0.675,54.67,56.58,1.66,1.66,0.0,0.0,0.0,0.0,0.0,0.0,0.0,0.0,1.66,1.23,10.51,0.07,10.51,0.0,0.0,0.077,0.166,2026,4,2026-10-04,09:30,IND,1,,,,50.0,LOW TARGET
2026,00-0037801,KaVontae Turpin,kavontae turpin,DAL,WR,8,3,65,18,4.89,4.89,1.52,5.95,-0.49,50.0,56.55,2.32,2.32,0.0,0.0,0.0,0.0,0.0,0.84,4.48,0.18,1.48,0.96,17.04,0.12,21.52,4.48,0.0,0.044,0.117,2026,4,2026-10-04,13:00,HOU,0,,,,50.0,LOW TARGET
2026,00-0037267,Jerome Ford,jerome ford,CLE,RB,8,0,57,18,2.22,2.4,0.18,3.42,1.0,48.1,56.54,2.58,2.58,0.0,0.0,0.0,0.0,0.0,0.63,1.15,0.0,1.95,1.48,6.26,0.0,7.41,1.15,0.0,0.063,0.088,2026,4,2026-10-01,20:15,PIT,1,,,,50.0,DEPTH RB
2026,00-0039816,Anthony Gould,anthony gould,IND,WR,8,2,19,18,0.31,0.55,0.0,0.33,0.433,64.48,56.53,0.23,0.23,0.0,0.0,0.0,0.0,0.0,0.0,0.0,0.0,0.23,0.23,0.7,0.0,0.7,0.0,0.0,0.007,0.009,2026,4,2026-10-04,09:30,WAS,0,,,,50.0,LOW TARGET
2026,00-0039521,Xavier Weaver,xavier weaver,ARI,WR,8,0,9,18,2.09,1.87,0.0,3.6,0.537,52.68,56.53,1.92,1.92,0.0,0.0,0.0,0.0,0.0,0.0,0.0,0.0,1.92,1.05,10.34,0.0,10.34,0.0,0.0,0.05,0.138,2026,4,2026-10-04,13:00,NYG,0,,,,50.0,LOW TARGET
2026,00-0039798,Isaiah Davis,isaiah davis,NYJ,RB,8,2,29,18,3.63,4.83,0.0,4.75,-0.883,42.89,56.45,3.27,3.27,0.0,0.0,0.0,0.0,0.0,2.39,12.24,0.12,0.88,0.8,9.05,0.0,21.29,12.24,0.0,0.027,0.034,2026,4,2026-10-04,13:00,CHI,0,,,,50.0,DEPTH RB
2026,00-0038496,Xavier Gipson,xavier gipson,PHI,WR,8,0,40,18,0.45,0.59,0.0,0.7,0.0,62.93,56.43,0.4,0.4,0.0,0.0,0.0,0.0,0.0,0.09,0.43,0.0,0.31,0.31,0.93,0.0,1.37,0.43,0.0,0.012,0.013,2026,4,2026-10-04,13:00,LAR,1,,,,50.0,LOW TARGET
2026,00-0033282,Curtis Samuel,curtis samuel,BUF,WR,8,0,53,18,4.01,3.89,1.48,5.57,-0.312,50.81,56.42,2.12,2.12,0.0,0.0,0.0,0.0,0.0,0.0,0.0,0.0,2.12,1.68,16.26,0.12,16.26,0.0,0.0,0.072,0.158,2026,4,2026-10-04,13:00,NE,1,,,,50.0,LOW TARGET
2026,00-0034073,Ross Dwelley,ross dwelley,DET,TE,8,0,15,16,0.59,0.69,0.0,1.32,0.9,59.32,56.38,0.89,0.89,0.0,0.0,0.0,0.0,0.0,0.0,0.0,0.0,0.89,0.43,1.64,0.0,1.64,0.0,0.0,0.031,0.047,2026,4,2026-10-04,20:20,CAR,0,,,,50.0,LOW TARGET
2026,00-0040238,LeQuint Allen Jr.,lequint allen jr,JAC,RB,8,2,16,17,1.3,1.25,0.15,2.65,-0.5,51.05,56.37,2.06,2.06,0.0,0.0,0.0,0.0,0.0,1.22,3.2,0.0,0.84,0.68,3.01,0.0,6.21,3.2,0.0,0.03,0.047,2026,4,2026-10-04,13:00,CIN,0,,,,50.0,DEPTH RB
2026,00-0038573,Derius Davis,derius davis,LAC,WR,8,3,43,18,0.32,0.63,0.0,0.33,-0.567,61.18,56.35,0.6,0.6,0.0,0.0,0.0,0.0,0.0,0.0,0.0,0.0,0.6,0.2,1.14,0.0,1.14,0.0,0.0,0.021,0.069,2026,4,2026-10-04,16:25,SEA,0,,,,50.0,LOW TARGET
2026,00-0040556,Corey Kiner,corey kiner,NE,RB,7,3,4,18,2.06,1.78,0.65,3.45,-0.415,46.9,56.33,4.53,4.53,0.0,0.0,0.0,0.0,0.0,3.9,11.73,0.0,0.63,0.49,3.98,0.0,15.71,11.73,0.0,0.022,0.036,2026,4,2026-10-04,13:00,BUF,0,,,,50.0,DEPTH RB
2026,00-0037456,Troy Hairston,troy hairston,HOU,RB,8,0,14,18,0.34,0.62,0.0,0.25,-0.9,61.77,56.29,0.48,0.48,0.0,0.0,0.0,0.0,0.0,0.0,0.0,0.0,0.48,0.25,0.93,0.0,0.93,0.0,0.0,0.013,0.02,2026,4,2026-10-04,13:00,DAL,1,,,,50.0,DEPTH RB
2026,00-0034011,Dan Arnold,dan arnold,JAC,TE,8,0,11,17,1.57,1.19,1.12,2.75,-0.106,56.95,56.27,1.16,1.16,0.0,0.0,0.0,0.0,0.0,0.0,0.0,0.0,1.16,0.69,8.8,0.0,8.8,0.0,0.0,0.034,0.088,2026,4,2026-10-04,13:00,CIN,0,,,,50.0,LOW TARGET
2026,00-0031235,Odell Beckham Jr.,odell beckham jr,NYG,WR,8,1,22,17,1.62,1.6,0.0,3.4,-0.571,50.28,56.27,2.11,2.11,0.0,0.0,0.0,0.0,0.0,0.0,0.0,0.0,2.11,1.01,6.06,0.0,6.06,0.0,0.0,0.065,0.164,2026,4,2026-10-04,13:00,ARI,1,,,,50.0,LOW TARGET
2026,00-0035222,Zach Gentry,zach gentry,PIT,TE,8,0,14,18,1.49,1.14,0.45,2.05,1.0,56.62,56.21,1.17,1.17,0.0,0.0,0.0,0.0,0.0,0.0,0.0,0.0,1.17,0.88,6.09,0.0,6.09,0.0,0.0,0.04,0.071,2026,4,2026-10-01,20:15,CLE,0,,,,50.0,LOW TARGET
2026,00-0038397,Evan Hull,evan hull,NO,RB,7,0,7,18,1.04,0.6,0.7,1.6,-0.638,55.3,56.19,3.08,3.08,0.0,0.0,0.0,0.0,0.0,2.88,7.1,0.0,0.2,0.2,1.22,0.0,8.33,7.1,0.0,0.008,0.011,2026,4,2026-10-05,20:15,ATL,1,,,,50.0,DEPTH RB
2026,00-0033217,Mo Alie-Cox,mo alie cox,IND,TE,8,1,51,18,3.61,3.54,0.0,4.0,1.0,50.47,56.18,2.04,2.04,0.0,0.0,0.0,0.0,0.0,0.0,0.0,0.0,2.04,1.48,12.45,0.15,12.45,0.0,0.0,0.062,0.119,2026,4,2026-10-04,09:30,WAS,0,,,,50.0,LOW TARGET
2026,00-0035291,Trayveon Williams,trayveon williams,CLE,RB,8,0,34,18,2.57,3.1,0.0,2.78,1.0,45.34,56.17,2.77,2.77,0.0,0.0,0.0,0.0,0.0,1.43,5.68,0.0,1.33,1.15,8.47,0.0,14.15,5.68,0.0,0.052,0.044,2026,4,2026-10-01,20:15,PIT,1,,,,50.0,DEPTH RB
2026,00-0037120,Tyler Goodson,tyler goodson,DAL,RB,8,1,30,18,0.83,1.0,0.0,1.12,1.0,50.04,56.16,2.09,2.09,0.0,0.0,0.0,0.0,0.0,1.77,6.1,0.0,0.32,0.25,-0.32,0.0,5.78,6.1,0.0,0.007,0.008,2026,4,2026-10-04,13:00,HOU,0,,,,50.0,DEPTH RB
2026,00-0037306,John FitzPatrick,john fitzpatrick,GB,TE,8,0,15,18,1.92,1.7,1.05,2.42,1.0,53.12,56.14,1.64,1.64,0.0,0.0,0.0,0.0,0.0,0.0,0.0,0.0,1.64,1.16,7.59,0.0,7.59,0.0,0.0,0.058,0.091,2026,4,2026-10-04,13:00,TB,0,,,,50.0,LOW TARGET
2026,00-0031236,Brandin Cooks,brandin cooks,BUF,WR,8,0,52,18,4.11,4.94,0.98,4.0,0.27,45.41,56.13,2.73,2.73,0.0,0.0,0.0,0.0,0.0,0.0,0.0,0.0,2.73,1.55,25.64,0.0,25.64,0.0,0.0,0.093,0.323,2026,4,2026-10-04,13:00,NE,1,,,,50.0,LOW TARGET
2026,00-0027944,Julio Jones,julio jones,PHI,WR,8,0,18,18,5.01,5.76,1.45,4.42,1.0,46.51,56.12,2.57,2.57,0.0,0.0,0.0,0.0,0.0,0.0,0.0,0.0,2.57,1.44,10.83,0.41,10.83,0.0,0.0,0.086,0.177,2026,4,2026-10-04,13:00,LAR,1,,,,50.0,LOW TARGET
2026,00-0030564,DeAndre Hopkins,deandre hopkins,BAL,WR,8,0,59,18,2.65,2.89,0.0,4.28,-0.069,47.85,56.1,2.36,2.36,0.0,0.0,0.0,0.0,0.0,0.0,0.0,0.0,2.36,1.17,14.78,0.0,14.78,0.0,0.0,0.115,0.272,2026,4,2026-10-04,13:00,TEN,1,,,,50.0,LOW TARGET
2026,00-0034286,Richie James,richie james,KC,WR,8,0,25,18,2.88,2.54,1.05,2.9,1.0,53.08,56.08,1.61,1.61,0.0,0.0,0.0,0.0,0.0,0.0,0.0,0.0,1.61,1.32,15.6,0.0,15.6,0.0,0.0,0.047,0.109,2026,4,2026-10-04,16:25,LV,0,,,,50.0,LOW TARGET
2026,00-0031549,Nelson Agholor,nelson agholor,BAL,WR,8,0,43,18,3.9,3.79,2.25,4.83,-0.851,50.74,56.07,1.93,1.93,0.0,0.0,0.0,0.0,0.0,0.0,0.0,0.0,1.93,0.89,16.04,0.23,16.04,0.0,0.0,0.067,0.175,2026,4,2026-10-04,13:00,TEN,1,,,,50.0,LOW TARGET
2026,00-0037617,Hassan Haskins,hassan haskins,LAC,RB,8,0,37,18,1.11,1.21,0.0,2.5,-0.707,47.78,56.07,2.36,2.36,0.0,0.0,0.0,0.0,0.0,1.93,5.52,0.0,0.42,0.42,1.33,0.0,6.84,5.52,0.0,0.01,0.015,2026,4,2026-10-04,16:25,SEA,0,,,,50.0,DEPTH RB
2026,00-0032688,Robbie Chosen,robbie chosen,WAS,WR,8,0,22,17,2.48,2.69,0.0,3.65,1.0,48.01,56.06,2.32,2.32,0.0,0.0,0.0,0.0,0.0,0.0,0.0,0.0,2.32,1.13,13.49,0.0,13.49,0.0,0.0,0.079,0.201,2026,4,2026-10-04,09:30,IND,1,,,,50.0,LOW TARGET
2026,00-0039530,Brevyn Spann-Ford,brevyn spann ford,DAL,TE,8,3,27,18,2.29,1.87,0.0,3.57,-0.308,55.08,55.98,1.27,1.27,0.0,0.0,0.0,0.0,0.0,0.0,0.0,0.0,1.27,0.93,13.58,0.0,13.58,0.0,0.0,0.042,0.092,2026,4,2026-10-04,13:00,HOU,0,,,,50.0,LOW TARGET
2026,00-0037258,Dameon Pierce,dameon pierce,KC,RB,8,0,42,18,3.07,6.96,0.3,1.5,-0.962,30.59,55.98,4.76,4.76,0.0,0.0,0.0,0.0,0.0,4.44,24.53,0.1,0.32,0.0,0.0,0.0,24.53,24.53,0.0,0.012,0.015,2026,4,2026-10-04,16:25,LV,0,,,,50.0,DEPTH RB
2026,00-0036550,Rashod Bateman,rashod bateman,BAL,WR,8,3,50,18,5.53,7.5,0.0,4.65,1.0,42.43,55.95,3.06,3.06,0.0,0.0,0.0,0.0,0.0,0.0,0.0,0.0,3.06,1.91,24.96,0.16,24.96,0.0,0.0,0.119,0.287,2026,4,2026-10-04,13:00,TEN,1,,,,50.0,LOW TARGET
2026,00-0034983,Hunter Renfrow,hunter renfrow,CAR,WR,8,0,30,18,4.48,7.11,1.27,3.02,-0.783,38.64,55.91,3.57,3.57,0.0,0.0,0.0,0.0,0.0,0.0,0.0,0.0,3.57,1.93,11.42,0.23,11.42,0.0,0.0,0.113,0.246,2026,4,2026-10-04,20:20,DET,1,,,,50.0,LOW TARGET
2026,00-0036572,Shi Smith,shi smith,CAR,WR,8,0,17,18,5.36,5.87,2.03,5.88,0.504,47.69,55.89,2.27,2.27,0.0,0.0,0.0,0.0,0.0,0.0,0.0,0.0,2.27,1.59,22.59,0.28,22.59,0.0,0.0,0.103,0.222,2026,4,2026-10-04,20:20,DET,1,,,,50.0,LOW TARGET
2026,00-0035876,Andre Baccellia,andre baccellia,ARI,WR,8,0,10,18,0.84,0.76,0.0,1.62,-0.581,56.74,55.88,0.97,0.97,0.0,0.0,0.0,0.0,0.0,0.0,0.0,0.0,0.97,0.56,2.87,0.0,2.87,0.0,0.0,0.024,0.046,2026,4,2026-10-04,13:00,NYG,0,,,,50.0,LOW TARGET
2026,00-0034407,Ray-Ray McCloud,ray ray mccloud,NYG,WR,8,0,52,18,2.83,3.45,0.22,5.03,-0.851,45.05,55.84,2.62,2.62,0.0,0.0,0.0,0.0,0.0,0.07,1.0,0.0,2.55,1.3,14.29,0.0,15.29,1.0,0.0,0.074,0.157,2026,4,2026-10-04,13:00,ARI,1,,,,50.0,LOW TARGET
2026,00-0038394,Will Mallory,will mallory,IND,TE,8,0,19,18,1.26,1.01,0.0,1.77,0.229,55.36,55.8,1.12,1.12,0.0,0.0,0.0,0.0,0.0,0.0,0.0,0.0,1.12,0.63,6.23,0.0,6.23,0.0,0.0,0.037,0.081,2026,4,2026-10-04,09:30,WAS,0,,,,50.0,LOW TARGET
2026,00-0039050,Payne Durham,payne durham,TB,TE,8,1,22,18,0.28,0.71,0.0,0.0,-0.7,58.4,55.76,0.66,0.66,0.0,0.0,0.0,0.0,0.0,0.0,0.0,0.0,0.66,0.13,1.46,0.0,1.46,0.0,0.0,0.022,0.045,2026,4,2026-10-04,13:00,GB,1,,,,50.0,LOW TARGET
2026,00-0039041,Elijah Higgins,elijah higgins,ARI,TE,8,2,43,18,4.12,4.91,0.75,5.2,-0.379,45.66,55.76,2.48,2.48,0.0,0.0,0.0,0.0,0.0,0.0,0.0,0.0,2.48,2.13,19.91,0.0,19.91,0.0,0.0,0.074,0.141,2026,4,2026-10-04,13:00,NYG,0,,,,50.0,LOW TARGET
2026,00-0036569,Gary Brightwell,gary brightwell,CIN,RB,8,0,22,18,1.83,2.47,0.0,3.73,-1.0,42.63,55.69,2.88,2.88,0.0,0.0,0.0,0.0,0.0,1.87,6.5,0.0,1.01,0.61,5.7,0.0,12.2,6.5,0.0,0.031,0.043,2026,4,2026-10-04,13:00,JAC,1,,,,50.0,DEPTH RB
2026,00-0032394,Nick Vannett,nick vannett,TEN,TE,8,0,18,18,3.67,3.26,1.55,5.4,1.0,52.96,55.66,1.38,1.38,0.0,0.0,0.0,0.0,0.0,0.0,0.0,0.0,1.38,1.15,11.1,0.23,11.1,0.0,0.0,0.047,0.075,2026,4,2026-10-04,13:00,BAL,0,,,,50.0,LOW TARGET
2026,00-0035249,Josh Oliver,josh oliver,MIN,TE,8,3,49,18,3.85,3.83,2.55,4.38,-0.283,50.12,55.66,1.79,1.79,0.0,0.0,0.0,0.0,0.0,0.0,0.0,0.0,1.79,1.28,17.17,0.14,17.17,0.0,0.0,0.083,0.162,2026,4,2026-10-04,16:05,MIA,1,,,,50.0,LOW TARGET
2026,00-0036165,Isaiah Hodgins,isaiah hodgins,NYG,WR,8,0,31,18,3.46,4.32,1.4,4.02,-0.868,44.53,55.66,2.59,2.59,0.0,0.0,0.0,0.0,0.0,0.0,0.0,0.0,2.59,1.35,14.14,0.12,14.14,0.0,0.0,0.083,0.199,2026,4,2026-10-04,13:00,ARI,1,,,,50.0,LOW TARGET
2026,00-0036370,Joshua Kelley,joshua kelley,TEN,RB,8,0,30,18,0.96,1.45,0.18,2.2,-0.567,40.85,55.61,3.08,3.08,0.0,0.0,0.0,0.0,0.0,2.56,5.7,0.0,0.52,0.43,1.91,0.0,7.62,5.7,0.0,0.014,0.019,2026,4,2026-10-04,13:00,BAL,0,,,,50.0,DEPTH RB
2026,00-0039364,Sione Vaki,sione vaki,DET,RB,8,3,17,18,1.74,1.88,0.0,2.85,1.0,48.11,55.56,2.02,2.02,0.0,0.0,0.0,0.0,0.0,1.53,6.82,0.0,0.49,0.49,5.71,0.0,12.54,6.82,0.0,0.014,0.025,2026,4,2026-10-04,20:20,CAR,0,,,,50.0,DEPTH RB
2026,00-0036145,Lawrence Cager,lawrence cager,NYG,TE,8,0,11,18,4.02,4.48,1.42,5.0,-0.468,47.29,55.53,2.12,2.12,0.0,0.0,0.0,0.0,0.0,0.0,0.0,0.0,2.12,1.61,15.29,0.15,15.29,0.0,0.0,0.063,0.126,2026,4,2026-10-04,13:00,ARI,1,,,,50.0,LOW TARGET
2026,00-0032980,Marcus Johnson,marcus johnson,NYG,WR,8,0,8,18,2.19,2.82,0.0,5.0,1.0,43.63,55.53,2.64,2.64,0.0,0.0,0.0,0.0,0.0,0.0,0.0,0.0,2.64,1.04,11.45,0.0,11.45,0.0,0.0,0.084,0.231,2026,4,2026-10-04,13:00,ARI,1,,,,50.0,LOW TARGET
2026,00-0036955,Terrace Marshall Jr.,terrace marshall jr,LV,WR,8,0,26,18,1.48,1.33,0.0,1.8,0.774,52.59,55.51,1.35,1.35,0.0,0.0,0.0,0.0,0.0,0.0,0.0,0.0,1.35,0.65,8.3,0.0,8.3,0.0,0.0,0.041,0.088,2026,4,2026-10-04,16:25,KC,1,,,,50.0,LOW TARGET
2026,00-0040194,Jackson Hawes,jackson hawes,BUF,TE,8,1,13,18,3.24,2.89,1.67,5.27,-0.5,52.87,55.5,1.31,1.31,0.0,0.0,0.0,0.0,0.0,0.0,0.0,0.0,1.31,1.06,10.53,0.19,10.53,0.0,0.0,0.052,0.113,2026,4,2026-10-04,13:00,NE,1,,,,50.0,LOW TARGET
2026,00-0034270,Tyler Conklin,tyler conklin,LAC,TE,8,0,56,18,4.67,5.5,1.53,7.8,0.035,45.95,55.5,2.29,2.29,0.0,0.0,0.0,0.0,0.0,0.1,0.2,0.0,2.19,1.72,18.43,0.16,18.63,0.2,0.0,0.064,0.126,2026,4,2026-10-04,16:25,SEA,0,,,,50.0,LOW TARGET
2026,00-0040131,Kyle Williams,kyle williams,NE,WR,8,3,14,18,3.79,4.06,0.38,6.33,-0.646,48.23,55.49,1.96,1.96,0.0,0.0,0.0,0.0,0.0,0.13,0.66,0.0,1.83,0.97,17.1,0.17,17.77,0.66,0.0,0.067,0.17,2026,4,2026-10-04,13:00,BUF,0,,,,50.0,LOW TARGET
2026,00-0034414,Boston Scott,boston scott,PHI,RB,8,0,27,18,1.03,1.14,0.45,1.4,-0.871,47.49,55.48,2.06,2.06,0.0,0.0,0.0,0.0,0.0,1.59,4.93,0.0,0.47,0.19,3.45,0.0,8.39,4.93,0.0,0.014,0.03,2026,4,2026-10-04,13:00,LAR,1,,,,50.0,DEPTH RB
2026,00-0036424,Brycen Hopkins,brycen hopkins,LAR,TE,8,0,12,18,2.92,2.75,1.12,4.0,1.0,51.46,55.46,1.48,1.48,0.0,0.0,0.0,0.0,0.0,0.0,0.0,0.0,1.48,1.09,18.31,0.0,18.31,0.0,0.0,0.056,0.161,2026,4,2026-10-04,13:00,PHI,0,,,,50.0,LOW TARGET
2026,00-0031585,MyCole Pruitt,mycole pruitt,PIT,TE,8,0,27,18,2.61,2.47,0.68,3.05,1.0,51.43,55.41,1.46,1.46,0.0,0.0,0.0,0.0,0.0,0.0,0.0,0.0,1.46,0.91,6.29,0.18,6.29,0.0,0.0,0.052,0.092,2026,4,2026-10-01,20:15,CLE,0,,,,50.0,LOW TARGET
2026,00-0040208,Tahj Brooks,tahj brooks,CIN,RB,8,2,12,17,0.62,0.98,0.0,0.55,0.567,50.4,55.38,1.59,1.59,0.0,0.0,0.0,0.0,0.0,1.34,3.42,0.0,0.25,0.15,1.33,0.0,4.76,3.42,0.0,0.007,0.01,2026,4,2026-10-04,13:00,JAC,1,,,,50.0,DEPTH RB
2026,00-0040024,Darius Cooper,darius cooper,PHI,WR,8,3,6,18,3.68,3.75,1.05,5.25,-0.159,49.52,55.36,1.7,1.7,0.0,0.0,0.0,0.0,0.0,0.0,0.0,0.0,1.7,1.28,14.2,0.16,14.2,0.0,0.0,0.057,0.128,2026,4,2026-10-04,13:00,LAR,1,,,,50.0,LOW TARGET
2026,00-0038115,Daniel Bellinger,daniel bellinger,TEN,TE,8,3,50,18,3.49,3.81,0.0,4.33,-0.752,47.8,55.34,1.94,1.94,0.0,0.0,0.0,0.0,0.0,0.0,0.0,0.0,1.94,1.31,13.8,0.13,13.8,0.0,0.0,0.064,0.116,2026,4,2026-10-04,13:00,BAL,0,,,,50.0,LOW TARGET
2026,00-0036628,John Bates,john bates,WAS,TE,8,2,47,18,2.96,2.89,1.2,3.0,1.0,50.59,55.33,1.53,1.53,0.0,0.0,0.0,0.0,0.0,0.0,0.0,0.0,1.53,1.16,9.09,0.15,9.09,0.0,0.0,0.063,0.105,2026,4,2026-10-04,09:30,IND,1,,,,50.0,LOW TARGET
2026,00-0038090,Skyy Moore,skyy moore,GB,WR,8,3,49,18,1.97,2.26,0.0,2.77,1.0,46.55,55.33,2.11,2.11,0.0,0.0,0.0,0.0,0.0,0.12,1.17,0.0,1.99,0.96,8.86,0.0,10.04,1.17,0.0,0.048,0.11,2026,4,2026-10-04,13:00,TB,0,,,,50.0,LOW TARGET
2026,00-0034765,Tre'Quan Smith,trequan smith,NO,WR,8,0,10,18,3.77,4.37,1.2,7.15,-0.798,46.3,55.33,2.15,2.15,0.0,0.0,0.0,0.0,0.0,0.0,0.0,0.0,2.15,1.58,16.69,0.09,16.69,0.0,0.0,0.069,0.156,2026,4,2026-10-05,20:15,ATL,1,,,,50.0,LOW TARGET
2026,00-0035644,Noah Fant,noah fant,NO,TE,8,3,59,18,5.85,7.72,0.0,5.2,1.0,43.13,55.33,2.6,2.6,0.0,0.0,0.0,0.0,0.0,0.0,0.0,0.0,2.6,1.7,13.87,0.51,13.87,0.0,0.0,0.059,0.108,2026,4,2026-10-05,20:15,ATL,1,,,,50.0,LOW TARGET
2026,00-0038783,Nate Adkins,nate adkins,DEN,TE,8,3,26,18,4.78,5.06,0.0,8.43,1.0,48.62,55.32,1.81,1.81,0.0,0.0,0.0,0.0,0.0,0.16,0.98,0.0,1.65,1.05,10.69,0.43,11.67,0.98,0.0,0.051,0.101,2026,4,2026-10-04,16:25,SF,0,,,,50.0,LOW TARGET
2026,00-0033455,Anthony Firkser,anthony firkser,DET,TE,8,0,14,18,2.36,2.53,1.05,2.4,1.0,48.31,55.3,1.84,1.84,0.0,0.0,0.0,0.0,0.0,0.0,0.0,0.0,1.84,1.43,9.34,0.0,9.34,0.0,0.0,0.051,0.092,2026,4,2026-10-04,20:20,CAR,0,,,,50.0,LOW TARGET
2026,00-0034764,Michael Gallup,michael gallup,DAL,WR,8,0,30,18,4.34,5.27,1.42,8.03,-0.733,45.16,55.3,2.29,2.29,0.0,0.0,0.0,0.0,0.0,0.0,0.0,0.0,2.29,1.38,17.37,0.2,17.37,0.0,0.0,0.061,0.151,2026,4,2026-10-04,13:00,HOU,0,,,,50.0,LOW TARGET
2026,00-0037429,Raheem Blackshear,raheem blackshear,CAR,RB,8,0,38,18,1.36,1.73,0.0,1.48,1.0,43.94,55.3,2.46,2.46,0.0,0.0,0.0,0.0,0.0,2.46,13.58,0.0,0.0,0.0,0.0,0.0,13.58,13.58,0.0,0.0,0.0,2026,4,2026-10-04,20:20,DET,1,,,,50.0,DEPTH RB
2026,00-0039650,Bryce Oliver,bryce oliver,TEN,WR,8,0,10,18,1.51,1.3,0.0,2.52,-0.023,53.72,55.29,1.06,1.06,0.0,0.0,0.0,0.0,0.0,0.0,0.0,0.0,1.06,0.63,8.82,0.0,8.82,0.0,0.0,0.037,0.082,2026,4,2026-10-04,13:00,BAL,0,,,,50.0,LOW TARGET
2026,00-0034970,Irv Smith,irv smith,CIN,TE,8,0,18,18,2.96,3.3,1.12,3.97,-0.5,47.27,55.28,1.98,1.98,0.0,0.0,0.0,0.0,0.0,0.0,0.0,0.0,1.98,1.49,10.28,0.1,10.28,0.0,0.0,0.057,0.106,2026,4,2026-10-04,13:00,JAC,1,,,,50.0,LOW TARGET
2026,00-0032450,Dwayne Washington,dwayne washington,DEN,RB,8,0,10,13,0.41,0.82,0.0,0.33,-1.0,54.87,55.25,0.88,0.88,0.0,0.0,0.0,0.0,0.0,0.76,2.15,0.0,0.12,0.12,0.82,0.0,2.97,2.15,0.0,0.004,0.007,2026,4,2026-10-04,16:25,SF,0,,,,50.0,DEPTH RB
2026,00-0034798,Durham Smythe,durham smythe,BAL,TE,8,2,47,18,0.88,0.82,0.0,1.5,-0.576,54.81,55.24,0.88,0.88,0.0,0.0,0.0,0.0,0.0,0.0,0.0,0.0,0.88,0.56,3.23,0.0,3.23,0.0,0.0,0.031,0.05,2026,4,2026-10-04,13:00,TEN,1,,,,50.0,LOW TARGET
2026,00-0035924,Jonathan Ward,jonathan ward,PIT,RB,8,0,10,18,0.83,1.04,0.0,1.23,-0.233,49.07,55.2,1.68,1.68,0.0,0.0,0.0,0.0,0.0,1.43,6.18,0.0,0.24,0.16,0.55,0.0,6.72,6.18,0.0,0.008,0.013,2026,4,2026-10-01,20:15,CLE,0,,,,50.0,DEPTH RB
2026,00-0037557,Ronnie Rivers,ronnie rivers,LAR,RB,8,1,23,18,1.97,3.25,0.0,3.57,-0.049,37.75,55.12,3.25,3.25,0.0,0.0,0.0,0.0,0.0,2.71,11.74,0.0,0.54,0.46,3.32,0.0,15.07,11.74,0.0,0.016,0.02,2026,4,2026-10-04,13:00,PHI,0,,,,50.0,DEPTH RB
2026,00-0037475,Stone Smartt,stone smartt,NYJ,TE,8,0,30,18,2.9,3.24,0.0,4.9,1.0,47.25,55.09,1.87,1.87,0.0,0.0,0.0,0.0,0.0,0.0,0.0,0.0,1.87,1.56,13.4,0.0,13.4,0.0,0.0,0.056,0.116,2026,4,2026-10-04,13:00,CHI,0,,,,50.0,LOW TARGET
2026,00-0031941,Jamison Crowder,jamison crowder,WAS,WR,8,0,25,18,4.31,5.18,0.0,5.55,1.0,45.4,55.02,2.1,2.1,0.0,0.0,0.0,0.0,0.0,0.0,0.0,0.0,2.1,1.4,11.29,0.3,11.29,0.0,0.0,0.063,0.137,2026,4,2026-10-04,09:30,IND,1,,,,50.0,LOW TARGET
2026,00-0035703,Miles Boykin,miles boykin,PIT,WR,8,0,18,18,0.58,0.76,0.0,1.52,0.0,56.74,54.98,0.45,0.45,0.0,0.0,0.0,0.0,0.0,0.0,0.0,0.0,0.45,0.37,2.13,0.0,2.13,0.0,0.0,0.016,0.032,2026,4,2026-10-01,20:15,CLE,0,,,,50.0,LOW TARGET
2026,00-0032543,Alex Erickson,alex erickson,NE,WR,8,0,13,18,4.0,5.4,0.0,5.9,-1.0,42.52,54.97,2.48,2.48,0.0,0.0,0.0,0.0,0.0,0.0,0.0,0.0,2.48,1.45,20.28,0.09,20.28,0.0,0.0,0.064,0.153,2026,4,2026-10-04,13:00,BUF,0,,,,50.0,LOW TARGET
2026,00-0031868,Damiere Byrd,damiere byrd,ATL,WR,8,0,13,18,2.1,2.33,0.75,3.1,-0.319,47.42,54.94,1.76,1.76,0.0,0.0,0.0,0.0,0.0,0.0,0.0,0.0,1.76,0.93,11.65,0.0,11.65,0.0,0.0,0.065,0.186,2026,4,2026-10-05,20:15,NO,0,,,,50.0,LOW TARGET
2026,00-0040154,Tai Felton,tai felton,MIN,WR,8,1,12,18,0.5,0.81,0.0,0.4,-0.133,55.23,54.92,0.64,0.64,0.0,0.0,0.0,0.0,0.0,0.0,0.0,0.0,0.64,0.28,2.21,0.0,2.21,0.0,0.0,0.026,0.047,2026,4,2026-10-04,16:05,MIA,1,,,,50.0,LOW TARGET
2026,00-0036849,Tutu Atwell,tutu atwell,LAR,WR,8,1,49,18,3.94,4.82,0.0,4.47,-0.784,44.93,54.89,2.09,2.09,0.0,0.0,0.0,0.0,0.0,0.0,0.0,0.0,2.09,0.81,25.12,0.1,25.12,0.0,0.0,0.056,0.168,2026,4,2026-10-04,13:00,PHI,0,,,,50.0,LOW TARGET
2026,00-0035572,Parker Hesse,parker hesse,ATL,TE,8,0,13,18,1.16,0.98,0.0,1.9,-0.244,54.18,54.78,0.7,0.7,0.0,0.0,0.0,0.0,0.0,0.0,0.0,0.0,0.7,0.6,5.6,0.0,5.6,0.0,0.0,0.027,0.051,2026,4,2026-10-05,20:15,NO,0,,,,50.0,LOW TARGET
2026,00-0036842,Kene Nwangwu,kene nwangwu,NYJ,RB,8,0,34,18,1.35,1.86,0.0,2.12,1.0,42.04,54.72,2.41,2.41,0.0,0.0,0.0,0.0,0.0,2.23,8.28,0.0,0.18,0.0,0.0,0.0,8.28,8.28,0.0,0.008,0.002,2026,4,2026-10-04,13:00,CHI,0,,,,50.0,DEPTH RB
2026,00-0039355,Luke McCaffrey,luke mccaffrey,WAS,WR,8,1,22,17,4.54,4.89,0.0,10.15,-0.669,48.14,54.67,1.51,1.51,0.0,0.0,0.0,0.0,0.0,0.0,0.0,0.0,1.51,1.05,18.35,0.28,18.35,0.0,0.0,0.06,0.152,2026,4,2026-10-04,09:30,IND,1,,,,50.0,LOW TARGET
2026,00-0028002,Randall Cobb,randall cobb,NYJ,WR,8,0,22,18,2.25,2.78,0.0,2.35,1.0,44.72,54.65,1.98,1.98,0.0,0.0,0.0,0.0,0.0,0.0,0.0,0.0,1.98,0.62,4.79,0.15,4.79,0.0,0.0,0.065,0.154,2026,4,2026-10-04,13:00,CHI,0,,,,50.0,LOW TARGET
2026,00-0038589,Josh Whyle,josh whyle,GB,TE,8,0,30,18,2.73,2.97,0.83,4.12,-0.241,47.87,54.63,1.52,1.52,0.0,0.0,0.0,0.0,0.0,0.0,0.0,0.0,1.52,1.14,7.96,0.1,7.96,0.0,0.0,0.071,0.119,2026,4,2026-10-04,13:00,TB,0,,,,50.0,LOW TARGET
2026,00-0036233,Donovan Peoples-Jones,donovan peoples jones,DET,WR,8,0,31,18,1.73,1.63,0.0,2.25,1.0,51.45,54.62,1.01,1.01,0.0,0.0,0.0,0.0,0.0,0.0,0.0,0.0,1.01,0.8,9.26,0.0,9.26,0.0,0.0,0.032,0.075,2026,4,2026-10-04,20:20,CAR,0,,,,50.0,LOW TARGET
2026,00-0036438,Stephen Sullivan,stephen sullivan,CAR,TE,8,0,19,18,1.35,1.81,0.0,2.45,-1.0,42.69,54.58,2.23,2.23,0.0,0.0,0.0,0.0,0.0,0.0,0.0,0.0,2.23,0.67,6.74,0.0,6.74,0.0,0.0,0.08,0.173,2026,4,2026-10-04,20:20,DET,1,,,,50.0,LOW TARGET
2026,00-0032141,Geoff Swaim,geoff swaim,CLE,TE,8,0,23,18,1.67,1.53,0.0,3.35,-0.742,52.26,54.57,0.86,0.86,0.0,0.0,0.0,0.0,0.0,0.0,0.0,0.0,0.86,0.86,8.1,0.0,8.1,0.0,0.0,0.029,0.059,2026,4,2026-10-01,20:15,PIT,1,,,,50.0,LOW TARGET
2026,00-0033376,Patrick Ricard,patrick ricard,NYG,RB,8,1,35,18,0.53,0.87,0.0,0.68,0.5,53.52,54.54,0.66,0.66,0.0,0.0,0.0,0.0,0.0,0.1,0.31,0.0,0.56,0.25,2.52,0.0,2.83,0.31,0.0,0.023,0.036,2026,4,2026-10-04,13:00,ARI,1,,,,50.0,DEPTH RB
2026,00-0035500,Greg Dortch,greg dortch,BUF,WR,8,3,61,18,4.92,7.01,0.0,8.85,-1.0,41.26,54.54,2.41,2.41,0.0,0.0,0.0,0.0,0.0,0.48,0.23,0.09,1.93,1.58,14.81,0.22,15.04,0.23,0.0,0.041,0.076,2026,4,2026-10-04,13:00,NE,1,,,,50.0,LOW TARGET
2026,00-0038821,Rakim Jarrett,rakim jarrett,TB,WR,8,0,15,17,2.21,2.23,1.2,3.25,-0.471,49.69,54.47,1.17,1.17,0.0,0.0,0.0,0.0,0.0,0.0,0.0,0.0,1.17,0.96,12.41,0.0,12.41,0.0,0.0,0.035,0.091,2026,4,2026-10-04,13:00,GB,1,,,,50.0,LOW TARGET
2026,00-0036232,Harrison Bryant,harrison bryant,HOU,TE,8,0,39,18,1.57,1.82,0.0,3.98,-0.789,46.27,54.43,1.64,1.64,0.0,0.0,0.0,0.0,0.0,0.0,0.0,0.0,1.64,0.9,6.63,0.0,6.63,0.0,0.0,0.048,0.098,2026,4,2026-10-04,13:00,DAL,1,,,,50.0,LOW TARGET
2026,00-0034487,Trent Sherfield,trent sherfield,ARI,WR,8,0,44,18,0.91,0.94,0.0,1.38,0.833,51.52,54.41,0.87,0.87,0.0,0.0,0.0,0.0,0.0,0.0,0.0,0.0,0.87,0.53,3.81,0.0,3.81,0.0,0.0,0.024,0.054,2026,4,2026-10-04,13:00,NYG,0,,,,50.0,LOW TARGET
2026,00-0034104,Cam Sims,cam sims,WAS,WR,8,0,13,18,1.26,1.25,0.0,2.62,-0.257,50.19,54.39,1.06,1.06,0.0,0.0,0.0,0.0,0.0,0.0,0.0,0.0,1.06,0.57,6.88,0.0,6.88,0.0,0.0,0.04,0.095,2026,4,2026-10-04,09:30,IND,1,,,,50.0,LOW TARGET
2026,00-0037086,Grant Calcaterra,grant calcaterra,PHI,TE,8,0,33,18,3.07,3.44,0.98,2.9,1.0,47.22,54.38,1.47,1.47,0.0,0.0,0.0,0.0,0.0,0.0,0.0,0.0,1.47,1.09,9.12,0.18,9.12,0.0,0.0,0.053,0.107,2026,4,2026-10-04,13:00,LAR,1,,,,50.0,LOW TARGET
2026,00-0036984,Trey Sermon,trey sermon,PIT,RB,8,0,27,18,0.97,1.17,0.0,2.12,-1.0,46.16,54.33,1.59,1.59,0.0,0.0,0.0,0.0,0.0,0.9,2.81,0.0,0.69,0.42,2.62,0.0,5.43,2.81,0.0,0.018,0.03,2026,4,2026-10-01,20:15,CLE,0,,,,50.0,DEPTH RB
2026,00-0036913,Kadarius Toney,kadarius toney,CLE,WR,8,0,25,18,1.77,2.48,0.22,3.25,-1.0,41.69,54.33,2.23,2.23,0.0,0.0,0.0,0.0,0.0,0.82,3.16,0.0,1.41,0.86,5.92,0.0,9.08,3.16,0.0,0.037,0.067,2026,4,2026-10-01,20:15,PIT,1,,,,50.0,LOW TARGET
2026,00-0033292,Trent Taylor,trent taylor,SF,WR,8,0,33,18,0.38,0.8,0.0,0.0,0.7,55.42,54.32,0.27,0.27,0.0,0.0,0.0,0.0,0.0,0.0,0.0,0.0,0.27,0.18,1.96,0.0,1.96,0.0,0.0,0.007,0.011,2026,4,2026-10-04,16:25,DEN,1,,,,50.0,LOW TARGET
2026,00-0033375,Tim Patrick,tim patrick,JAC,WR,8,0,28,18,4.48,6.29,1.05,5.15,-0.833,41.63,54.31,2.23,2.23,0.0,0.0,0.0,0.0,0.0,0.0,0.0,0.0,2.23,1.44,17.29,0.22,17.29,0.0,0.0,0.076,0.171,2026,4,2026-10-04,13:00,CIN,0,,,,50.0,LOW TARGET
2026,00-0032725,Stephen Anderson,stephen anderson,LAC,TE,8,0,10,16,0.4,0.96,0.0,0.0,0.9,51.06,54.29,0.87,0.87,0.0,0.0,0.0,0.0,0.0,0.0,0.0,0.0,0.87,0.3,1.04,0.0,1.04,0.0,0.0,0.022,0.044,2026,4,2026-10-04,16:25,SEA,0,,,,50.0,LOW TARGET
2026,00-0036427,Tyler Johnson,tyler johnson,NYJ,WR,8,0,21,18,4.06,5.25,0.0,6.15,-0.877,43.59,54.29,1.94,1.94,0.0,0.0,0.0,0.0,0.0,0.0,0.0,0.0,1.94,1.27,19.98,0.13,19.98,0.0,0.0,0.075,0.177,2026,4,2026-10-04,13:00,CHI,0,,,,50.0,LOW TARGET
2026,00-0038465,Malik Heath,malik heath,GB,WR,8,0,24,18,2.44,2.68,0.0,5.0,1.0,47.65,54.27,1.35,1.35,0.0,0.0,0.0,0.0,0.0,0.0,0.0,0.0,1.35,1.03,14.14,0.0,14.14,0.0,0.0,0.044,0.095,2026,4,2026-10-04,13:00,TB,0,,,,50.0,LOW TARGET
2026,00-0037666,Jalen Tolbert,jalen tolbert,DAL,WR,8,0,46,18,3.07,4.32,0.0,3.73,-0.536,41.53,54.26,2.21,2.21,0.0,0.0,0.0,0.0,0.0,0.0,0.0,0.0,2.21,1.08,12.9,0.12,12.9,0.0,0.0,0.067,0.176,2026,4,2026-10-04,13:00,HOU,0,,,,50.0,LOW TARGET
2026,00-0040009,Savion Williams,savion williams,GB,WR,8,0,12,16,2.06,2.42,0.22,2.73,-0.54,45.99,54.23,1.56,1.56,0.0,0.0,0.0,0.0,0.0,0.81,1.92,0.0,0.75,0.75,7.37,0.1,9.3,1.92,0.0,0.024,0.044,2026,4,2026-10-04,13:00,TB,0,,,,50.0,LOW TARGET
2026,00-0035645,Gunner Olszewski,gunner olszewski,NYG,WR,8,0,43,18,5.02,6.71,0.0,6.34,1.0,42.81,54.23,2.31,2.02,0.3,0.12,3.87,0.12,0.0,0.0,0.0,0.0,2.02,1.66,23.03,0.07,23.03,3.87,0.0,0.064,0.16,2026,4,2026-10-04,13:00,ARI,1,,,,50.0,LOW TARGET
2026,00-0031806,Malcolm Brown,malcolm brown,LAR,RB,7,0,7,17,3.56,2.72,1.95,3.75,0.5,49.56,54.2,2.88,2.88,0.0,0.0,0.0,0.0,0.0,2.04,12.24,0.2,0.84,0.67,4.37,0.0,16.61,12.24,0.0,0.03,0.044,2026,4,2026-10-04,13:00,PHI,0,,,,50.0,DEPTH RB
2026,00-0033589,David Moore,david moore,CAR,WR,8,1,24,18,2.93,3.66,0.9,4.9,-0.745,44.45,54.19,1.76,1.76,0.0,0.0,0.0,0.0,0.0,0.25,1.96,0.0,1.51,0.68,8.27,0.2,10.23,1.96,0.0,0.051,0.133,2026,4,2026-10-04,20:20,DET,1,,,,50.0,LOW TARGET
2026,00-0038389,Israel Abanikanda,israel abanikanda,NYJ,RB,6,0,6,18,3.22,2.51,1.1,4.2,0.859,42.11,54.19,5.8,5.8,0.0,0.0,0.0,0.0,0.0,3.84,11.98,0.0,1.96,1.24,7.81,0.0,19.79,11.98,0.0,0.049,0.082,2026,4,2026-10-04,13:00,CHI,0,,,,50.0,DEPTH RB
2026,00-0038396,Eric Gray,eric gray,NYG,RB,8,0,25,18,0.9,0.98,0.0,1.48,0.2,50.43,54.18,0.9,0.9,0.0,0.0,0.0,0.0,0.0,0.28,0.86,0.0,0.62,0.62,1.98,0.0,2.85,0.86,0.0,0.02,0.03,2026,4,2026-10-04,13:00,ARI,1,,,,50.0,DEPTH RB
2026,00-0035806,JaMycal Hasty,jamycal hasty,NE,RB,8,0,27,18,2.6,4.31,0.15,3.42,-0.186,37.63,54.13,2.7,2.7,0.0,0.0,0.0,0.0,0.0,1.61,5.52,0.0,1.09,1.02,5.06,0.09,10.57,5.52,0.0,0.032,0.046,2026,4,2026-10-04,13:00,BUF,0,,,,50.0,DEPTH RB
2026,00-0036345,K.J. Osborn,kj osborn,WAS,WR,8,0,39,18,2.38,3.55,0.0,3.45,-1.0,40.17,54.08,2.31,2.31,0.0,0.0,0.0,0.0,0.0,0.0,0.0,0.0,2.31,0.89,6.98,0.13,6.98,0.0,0.0,0.079,0.166,2026,4,2026-10-04,09:30,IND,1,,,,50.0,LOW TARGET
2026,00-0040184,KeAndre Lambert-Smith,keandre lambert smith,LAC,WR,8,0,10,18,2.33,2.92,0.0,2.6,-0.34,44.42,54.01,1.66,1.66,0.0,0.0,0.0,0.0,0.0,0.0,0.0,0.0,1.66,0.74,7.99,0.13,7.99,0.0,0.0,0.049,0.132,2026,4,2026-10-04,16:25,SEA,0,,,,50.0,LOW TARGET
2026,00-0032200,Ty Montgomery,ty montgomery,NE,WR,8,0,12,14,0.79,1.08,0.0,1.6,0.967,48.11,53.97,1.11,1.11,0.0,0.0,0.0,0.0,0.0,0.23,0.33,0.0,0.88,0.34,4.17,0.0,4.5,0.33,0.0,0.03,0.059,2026,4,2026-10-04,13:00,BUF,0,,,,50.0,LOW TARGET
2026,00-0036510,Kenny Yeboah,kenny yeboah,NYJ,TE,8,0,13,18,2.34,2.71,0.0,4.2,-0.579,46.36,53.96,1.35,1.35,0.0,0.0,0.0,0.0,0.0,0.0,0.0,0.0,1.35,0.81,8.31,0.12,8.31,0.0,0.0,0.039,0.086,2026,4,2026-10-04,13:00,CHI,0,,,,50.0,LOW TARGET
2026,00-0030578,Cordarrelle Patterson,cordarrelle patterson,PIT,RB,8,0,38,18,2.3,3.51,0.02,3.4,-0.076,39.58,53.95,2.32,2.32,0.0,0.0,0.0,0.0,0.0,1.54,3.51,0.0,0.78,0.78,5.18,0.15,8.69,3.51,0.0,0.028,0.046,2026,4,2026-10-01,20:15,CLE,0,,,,50.0,DEPTH RB
2026,00-0034317,Keith Kirkwood,keith kirkwood,NO,WR,8,0,10,16,2.33,2.72,0.0,2.42,1.0,46.17,53.94,1.37,1.37,0.0,0.0,0.0,0.0,0.0,0.0,0.0,0.0,1.37,0.77,5.84,0.16,5.84,0.0,0.0,0.047,0.116,2026,4,2026-10-05,20:15,ATL,1,,,,50.0,LOW TARGET
2026,00-0038938,Jalin Hyatt,jalin hyatt,NYG,WR,8,0,29,18,1.31,1.87,0.0,2.38,-0.191,41.15,53.94,2.09,2.09,0.0,0.0,0.0,0.0,0.0,0.0,0.0,0.0,2.09,0.75,5.58,0.0,5.58,0.0,0.0,0.069,0.22,2026,4,2026-10-04,13:00,ARI,1,,,,50.0,LOW TARGET
2026,00-0039686,Colson Yankoff,colson yankoff,WAS,TE,8,3,14,15,0.97,1.0,0.0,1.65,0.4,49.88,53.92,0.83,0.83,0.0,0.0,0.0,0.0,0.0,0.0,0.0,0.0,0.83,0.53,4.42,0.0,4.42,0.0,0.0,0.028,0.046,2026,4,2026-10-04,09:30,IND,1,,,,50.0,LOW TARGET
2026,00-0038647,Ronnie Bell,ronnie bell,NO,WR,8,0,19,18,2.95,4.01,0.0,3.53,1.0,42.37,53.9,1.89,1.89,0.0,0.0,0.0,0.0,0.0,0.0,0.0,0.0,1.89,0.66,6.94,0.27,6.94,0.0,0.0,0.064,0.166,2026,4,2026-10-05,20:15,ATL,1,,,,50.0,LOW TARGET
2026,00-0036425,DeeJay Dallas,deejay dallas,MIN,RB,8,3,53,18,0.93,1.14,0.0,1.35,0.733,46.73,53.88,1.26,1.26,0.0,0.0,0.0,0.0,0.0,0.83,4.13,0.0,0.43,0.31,2.11,0.0,6.23,4.13,0.0,0.018,0.025,2026,4,2026-10-04,16:05,MIA,1,,,,50.0,DEPTH RB
2026,00-0032054,Breshad Perriman,breshad perriman,TB,WR,8,0,8,18,2.45,3.77,0.0,2.93,-0.6,39.42,53.87,2.3,2.3,0.0,0.0,0.0,0.0,0.0,0.17,-0.5,0.0,2.12,1.03,11.61,0.09,11.11,-0.5,0.0,0.058,0.163,2026,4,2026-10-04,13:00,GB,1,,,,50.0,LOW TARGET
2026,00-0040586,Jaydon Blue,jaydon blue,DAL,RB,5,0,5,18,5.21,4.77,0.7,4.4,1.0,32.61,53.87,9.04,9.04,0.0,0.0,0.0,0.0,0.0,8.84,31.93,0.29,0.2,0.2,1.0,0.0,32.93,31.93,0.0,0.007,0.007,2026,4,2026-10-04,13:00,HOU,0,,,,50.0,DEPTH RB
2026,00-0038582,Clayton Tune,clayton tune,GB,QB,8,0,13,18,0.23,1.85,-0.49,0.21,0.62,35.14,53.83,4.62,1.74,2.88,1.5,8.44,0.0,0.0,1.74,3.91,0.0,0.0,0.0,0.0,0.0,3.91,12.35,0.0,0.0,0.0,2026,4,2026-10-04,13:00,TB,0,,,,50.0,QB
2026,00-0034860,Dante Pettis,dante pettis,NO,WR,8,0,33,18,3.2,4.28,0.0,3.38,1.0,42.77,53.81,1.78,1.78,0.0,0.0,0.0,0.0,0.0,0.0,0.0,0.0,1.78,1.47,20.58,0.0,20.58,0.0,0.0,0.056,0.12,2026,4,2026-10-05,20:15,ATL,1,,,,50.0,LOW TARGET
2026,00-0039648,David Martin-Robinson,david martin robinson,TEN,TE,8,0,15,18,0.93,1.03,0.0,1.68,0.9,49.27,53.75,0.82,0.82,0.0,0.0,0.0,0.0,0.0,0.0,0.0,0.0,0.82,0.46,4.67,0.0,4.67,0.0,0.0,0.026,0.055,2026,4,2026-10-04,13:00,BAL,0,,,,50.0,LOW TARGET
2026,00-0038046,Charlie Kolar,charlie kolar,LAC,TE,8,2,33,18,1.81,1.97,0.0,2.82,-0.105,47.88,53.73,1.01,1.01,0.0,0.0,0.0,0.0,0.0,0.0,0.0,0.0,1.01,0.86,9.55,0.0,9.55,0.0,0.0,0.041,0.083,2026,4,2026-10-04,16:25,SEA,0,,,,50.0,LOW TARGET
2026,00-0034297,Byron Pringle,byron pringle,WAS,WR,8,0,23,18,2.04,2.63,0.0,4.83,-1.0,43.63,53.69,1.59,1.59,0.0,0.0,0.0,0.0,0.0,0.0,0.0,0.0,1.59,0.97,10.61,0.0,10.61,0.0,0.0,0.043,0.11,2026,4,2026-10-04,09:30,IND,1,,,,50.0,LOW TARGET
2026,00-0036331,Devin Duvernay,devin duvernay,ARI,WR,8,3,57,18,0.24,0.88,0.0,0.0,0.0,53.32,53.66,0.19,0.19,0.0,0.0,0.0,0.0,0.0,0.0,0.0,0.0,0.19,0.07,1.71,0.0,1.71,0.0,0.0,0.006,0.013,2026,4,2026-10-04,13:00,NYG,0,,,,50.0,LOW TARGET
2026,00-0036534,Shane Zylstra,shane zylstra,DET,TE,8,0,11,18,4.62,7.29,1.05,4.1,-0.7,38.78,53.66,2.27,2.27,0.0,0.0,0.0,0.0,0.0,0.0,0.0,0.0,2.27,1.56,12.27,0.31,12.27,0.0,0.0,0.056,0.117,2026,4,2026-10-04,20:20,CAR,0,,,,50.0,LOW TARGET
2026,00-0037004,Hunter Long,hunter long,ARI,TE,8,3,20,17,2.22,2.86,0.98,3.67,-0.835,43.75,53.62,1.54,1.54,0.0,0.0,0.0,0.0,0.0,0.0,0.0,0.0,1.54,1.05,7.41,0.07,7.41,0.0,0.0,0.041,0.077,2026,4,2026-10-04,13:00,NYG,0,,,,50.0,LOW TARGET
2026,00-0036326,Chase Claypool,chase claypool,MIA,WR,8,0,26,18,0.82,1.1,0.0,1.6,-0.5,47.61,53.58,0.96,0.96,0.0,0.0,0.0,0.0,0.0,0.0,0.0,0.0,0.96,0.53,2.9,0.0,2.9,0.0,0.0,0.032,0.069,2026,4,2026-10-04,16:05,MIN,0,,,,50.0,LOW TARGET
2026,00-0035771,Mitchell Wilcox,mitchell wilcox,CIN,TE,8,0,21,18,1.2,1.33,0.0,1.75,-0.778,47.54,53.56,0.95,0.95,0.0,0.0,0.0,0.0,0.0,0.0,0.0,0.0,0.95,0.72,4.85,0.0,4.85,0.0,0.0,0.028,0.042,2026,4,2026-10-04,13:00,JAC,1,,,,50.0,LOW TARGET
2026,00-0036429,Charlie Woerner,charlie woerner,ATL,TE,8,1,34,18,1.53,1.81,0.0,2.6,-0.882,45.77,53.55,1.2,1.2,0.0,0.0,0.0,0.0,0.0,0.0,0.0,0.0,1.2,0.94,5.92,0.0,5.92,0.0,0.0,0.042,0.068,2026,4,2026-10-05,20:15,NO,0,,,,50.0,LOW TARGET
2026,00-0034366,Keke Coutee,keke coutee,IND,WR,7,0,7,18,0.16,0.37,0.0,0.0,0.333,63.89,53.54,0.16,0.16,0.0,0.0,0.0,0.0,0.0,0.0,0.0,0.0,0.16,0.16,3.27,0.0,3.27,0.0,0.0,0.006,0.017,2026,4,2026-10-04,09:30,WAS,0,,,,50.0,LOW TARGET
2026,00-0035140,Mecole Hardman,mecole hardman,BUF,WR,8,0,29,18,1.35,1.66,0.0,2.38,-1.0,44.76,53.52,1.33,1.33,0.0,0.0,0.0,0.0,0.0,0.38,3.05,0.0,0.95,0.67,3.76,0.0,6.81,3.05,0.0,0.028,0.054,2026,4,2026-10-04,13:00,NE,1,,,,50.0,LOW TARGET
2026,00-0039062,Jonathan Mingo,jonathan mingo,DAL,WR,8,1,34,18,1.31,1.57,0.0,2.53,-0.429,45.4,53.5,1.23,1.23,0.0,0.0,0.0,0.0,0.0,0.0,0.0,0.0,1.23,0.54,7.66,0.0,7.66,0.0,0.0,0.039,0.109,2026,4,2026-10-04,13:00,HOU,0,,,,50.0,LOW TARGET
2026,00-0034386,Justin Watson,justin watson,HOU,WR,8,0,50,18,3.29,4.49,0.0,5.42,-0.613,42.32,53.48,1.66,1.66,0.0,0.0,0.0,0.0,0.0,0.0,0.0,0.0,1.66,0.9,12.62,0.19,12.62,0.0,0.0,0.064,0.195,2026,4,2026-10-04,13:00,DAL,1,,,,50.0,LOW TARGET
2026,00-0036133,James Proche,james proche,TEN,WR,8,0,36,18,1.52,2.09,0.0,1.7,-0.684,42.04,53.48,1.7,1.7,0.0,0.0,0.0,0.0,0.0,0.0,0.0,0.0,1.7,0.77,7.52,0.0,7.52,0.0,0.0,0.051,0.139,2026,4,2026-10-04,13:00,BAL,0,,,,50.0,LOW TARGET
2026,00-0039920,Malachi Corley,malachi corley,CLE,WR,8,3,17,18,1.74,2.41,0.0,2.95,-1.0,42.0,53.39,1.65,1.65,0.0,0.0,0.0,0.0,0.0,0.78,5.59,0.0,0.88,0.67,5.11,0.0,10.7,5.59,0.0,0.036,0.051,2026,4,2026-10-01,20:15,PIT,1,,,,50.0,LOW TARGET
2026,00-0035567,Craig Reynolds,craig reynolds,DET,RB,8,0,31,18,1.43,2.59,0.0,3.45,-1.0,35.61,53.37,2.56,2.56,0.0,0.0,0.0,0.0,0.0,2.11,8.48,0.0,0.45,0.24,3.39,0.0,11.88,8.48,0.0,0.014,0.017,2026,4,2026-10-04,20:20,CAR,0,,,,50.0,DEPTH RB
2026,00-0039236,Johnny Wilson,johnny wilson,PHI,WR,8,0,10,18,1.98,2.85,0.0,2.77,-0.28,40.96,53.34,1.77,1.77,0.0,0.0,0.0,0.0,0.0,0.0,0.0,0.0,1.77,0.72,5.52,0.12,5.52,0.0,0.0,0.058,0.133,2026,4,2026-10-04,13:00,LAR,1,,,,50.0,LOW TARGET
2026,00-0039394,Casey Washington,casey washington,ATL,WR,7,0,7,11,2.59,1.91,1.2,3.2,-0.326,50.36,53.32,2.24,2.24,0.0,0.0,0.0,0.0,0.0,0.0,0.0,0.0,2.24,0.98,16.12,0.0,16.12,0.0,0.0,0.067,0.208,2026,4,2026-10-05,20:15,NO,0,,,,50.0,LOW TARGET
2026,00-0030068,Marquise Goodwin,marquise goodwin,CLE,WR,8,0,23,16,1.86,2.54,0.0,3.32,0.081,42.19,53.32,1.59,1.59,0.0,0.0,0.0,0.0,0.0,0.42,3.44,0.0,1.16,0.47,10.42,0.0,13.86,3.44,0.0,0.034,0.13,2026,4,2026-10-01,20:15,PIT,1,,,,50.0,LOW TARGET
2026,00-0035345,Chris Myarick,chris myarick,NYG,TE,8,0,10,14,1.38,1.5,0.0,2.33,-0.459,47.85,53.29,0.76,0.76,0.0,0.0,0.0,0.0,0.0,0.0,0.0,0.0,0.76,0.63,7.49,0.0,7.49,0.0,0.0,0.029,0.049,2026,4,2026-10-04,13:00,ARI,1,,,,50.0,LOW TARGET
2026,00-0033951,Marlon Mack,marlon mack,DEN,RB,7,0,7,17,5.77,6.87,0.95,8.95,-0.066,39.93,53.27,3.92,3.92,0.0,0.0,0.0,0.0,0.0,2.43,13.31,0.16,1.49,1.16,14.35,0.14,27.65,13.31,0.0,0.05,0.062,2026,4,2026-10-04,16:25,SF,0,,,,50.0,DEPTH RB
2026,00-0035217,Benny Snell,benny snell,PIT,RB,8,0,9,18,2.28,4.46,0.0,1.42,-0.978,33.79,53.26,2.75,2.75,0.0,0.0,0.0,0.0,0.0,2.5,11.05,0.12,0.25,0.25,2.16,0.0,13.21,11.05,0.0,0.009,0.013,2026,4,2026-10-01,20:15,CLE,0,,,,50.0,DEPTH RB
2026,00-0040739,Elijah Arroyo,elijah arroyo,SEA,TE,8,1,13,14,2.22,3.15,0.0,3.58,-0.1,41.34,53.2,1.64,1.64,0.0,0.0,0.0,0.0,0.0,0.0,0.0,0.0,1.64,0.87,9.72,0.09,9.72,0.0,0.0,0.064,0.166,2026,4,2026-10-04,16:25,LAC,1,,,,50.0,LOW TARGET
2026,00-0036590,Quintin Morris,quintin morris,JAC,TE,8,2,32,18,2.17,2.54,0.0,2.8,0.673,46.08,53.19,0.95,0.95,0.0,0.0,0.0,0.0,0.0,0.0,0.0,0.0,0.95,0.72,5.62,0.15,5.62,0.0,0.0,0.035,0.06,2026,4,2026-10-04,13:00,CIN,0,,,,50.0,LOW TARGET
2026,00-0034054,River Cracraft,river cracraft,WAS,WR,8,0,21,18,2.05,2.61,0.0,2.65,0.345,43.98,53.18,1.25,1.25,0.0,0.0,0.0,0.0,0.0,0.0,0.0,0.0,1.25,1.02,10.35,0.0,10.35,0.0,0.0,0.038,0.09,2026,4,2026-10-04,09:30,IND,1,,,,50.0,LOW TARGET
2026,00-0035341,Trenton Irwin,trenton irwin,CIN,WR,8,0,27,18,1.09,1.5,0.0,1.52,-1.0,42.11,53.16,1.51,1.51,0.0,0.0,0.0,0.0,0.0,0.0,0.0,0.0,1.51,0.6,4.96,0.0,4.96,0.0,0.0,0.046,0.117,2026,4,2026-10-04,13:00,JAC,1,,,,50.0,LOW TARGET
2026,00-0033439,Pharaoh Brown,pharaoh brown,ARI,TE,8,0,34,18,0.63,1.08,0.0,1.73,0.9,47.99,53.15,0.66,0.66,0.0,0.0,0.0,0.0,0.0,0.0,0.0,0.0,0.66,0.59,2.47,0.0,2.47,0.0,0.0,0.02,0.034,2026,4,2026-10-04,13:00,NYG,0,,,,50.0,LOW TARGET
2026,00-0034646,Brandon Powell,brandon powell,MIN,WR,8,0,50,18,0.7,0.99,0.0,1.9,-1.0,50.16,53.13,0.34,0.34,0.0,0.0,0.0,0.0,0.0,0.0,0.0,0.0,0.34,0.34,3.66,0.0,3.66,0.0,0.0,0.01,0.023,2026,4,2026-10-04,16:05,MIA,1,,,,50.0,LOW TARGET
2026,00-0038941,Tyler Scott,tyler scott,CHI,WR,8,0,17,18,1.62,2.19,0.0,2.53,-1.0,42.55,53.06,1.38,1.38,0.0,0.0,0.0,0.0,0.0,0.09,-0.26,0.0,1.3,0.79,8.64,0.0,8.38,-0.26,0.0,0.048,0.109,2026,4,2026-10-04,13:00,NYJ,1,,,,50.0,LOW TARGET
2026,00-0035891,Cody White,cody white,LV,WR,8,3,11,16,4.54,5.87,0.0,4.18,1.0,43.59,53.05,1.23,1.23,0.0,0.0,0.0,0.0,0.0,0.0,0.0,0.0,1.23,0.72,7.83,0.51,7.83,0.0,0.0,0.043,0.089,2026,4,2026-10-04,16:25,KC,1,,,,50.0,LOW TARGET
2026,00-0033895,Gerald Everett,gerald everett,CHI,TE,8,0,40,18,0.95,1.22,0.0,1.52,-0.4,44.96,53.04,1.03,1.03,0.0,0.0,0.0,0.0,0.0,0.0,0.0,0.0,1.03,0.57,3.81,0.0,3.81,0.0,0.0,0.037,0.066,2026,4,2026-10-04,13:00,NYJ,1,,,,50.0,LOW TARGET
2026,00-0032134,C.J. Uzomah,cj uzomah,PHI,TE,8,0,24,17,1.1,1.36,0.0,2.95,-1.0,44.75,53.03,1.05,1.05,0.0,0.0,0.0,0.0,0.0,0.0,0.0,0.0,1.05,0.61,4.88,0.0,4.88,0.0,0.0,0.027,0.054,2026,4,2026-10-04,13:00,LAR,1,,,,50.0,LOW TARGET
2026,00-0036959,Michael Bandy,michael bandy,DEN,WR,8,0,13,17,2.68,3.11,0.0,2.8,1.0,46.27,53.01,0.83,0.83,0.0,0.0,0.0,0.0,0.0,0.0,0.0,0.0,0.83,0.76,9.42,0.16,9.42,0.0,0.0,0.023,0.046,2026,4,2026-10-04,16:25,SF,0,,,,50.0,LOW TARGET
2026,00-0031428,Allen Robinson,allen robinson,DET,WR,8,0,31,18,1.51,2.05,0.0,2.05,1.0,42.41,52.99,1.36,1.36,0.0,0.0,0.0,0.0,0.0,0.0,0.0,0.0,1.36,0.74,7.62,0.0,7.62,0.0,0.0,0.051,0.129,2026,4,2026-10-04,20:20,CAR,0,,,,50.0,LOW TARGET
2026,00-0033681,Keelan Cole,keelan cole,LV,WR,8,0,12,18,3.07,4.3,0.0,3.12,1.0,41.63,52.98,1.47,1.47,0.0,0.0,0.0,0.0,0.0,0.0,0.0,0.0,1.47,0.9,12.8,0.15,12.8,0.0,0.0,0.046,0.114,2026,4,2026-10-04,16:25,KC,1,,,,50.0,LOW TARGET
2026,00-0035259,Trevon Wesco,trevon wesco,TEN,TE,8,0,12,17,0.5,1.07,0.0,0.33,-1.0,48.35,52.96,0.5,0.5,0.0,0.0,0.0,0.0,0.0,0.0,0.0,0.0,0.5,0.2,3.0,0.0,3.0,0.0,0.0,0.017,0.031,2026,4,2026-10-04,13:00,BAL,0,,,,50.0,LOW TARGET
2026,00-0036626,Dyami Brown,dyami brown,WAS,WR,8,3,51,18,1.14,2.16,0.0,2.38,1.0,34.6,52.96,2.63,2.46,0.16,0.16,0.0,0.0,0.0,0.19,0.76,0.0,2.28,1.0,6.28,0.0,7.03,0.76,0.0,0.073,0.203,2026,4,2026-10-04,09:30,IND,1,,,,50.0,LOW TARGET
2026,00-0036497,Tim Jones,tim jones,JAC,WR,8,0,27,18,1.07,1.2,0.0,2.2,0.133,47.24,52.88,0.61,0.61,0.0,0.0,0.0,0.0,0.0,0.0,0.0,0.0,0.61,0.45,6.2,0.0,6.2,0.0,0.0,0.022,0.048,2026,4,2026-10-04,13:00,CIN,0,,,,50.0,LOW TARGET
2026,00-0035547,Joseph Fortson,joseph fortson,KC,TE,8,0,13,15,1.61,2.18,0.0,2.35,-0.758,42.45,52.87,1.29,1.29,0.0,0.0,0.0,0.0,0.0,0.0,0.0,0.0,1.29,0.71,8.95,0.0,8.95,0.0,0.0,0.04,0.077,2026,4,2026-10-04,16:25,LV,0,,,,50.0,LOW TARGET
2026,00-0033576,Eric Saubert,eric saubert,SEA,TE,8,3,38,18,2.25,3.03,0.0,2.25,0.66,42.63,52.83,1.24,1.24,0.0,0.0,0.0,0.0,0.0,0.0,0.0,0.0,1.24,0.69,2.8,0.18,2.8,0.0,0.0,0.041,0.071,2026,4,2026-10-04,16:25,LAC,1,,,,50.0,LOW TARGET
2026,00-0039751,Jordan Whittington,jordan whittington,LAR,WR,8,1,29,18,1.19,1.44,0.0,2.08,-0.591,45.35,52.79,0.83,0.83,0.0,0.0,0.0,0.0,0.0,0.0,0.0,0.0,0.83,0.63,5.67,0.0,5.67,0.0,0.0,0.025,0.052,2026,4,2026-10-04,13:00,PHI,0,,,,50.0,LOW TARGET
2026,00-0036841,Austin Trammell,austin trammell,JAC,WR,8,0,24,18,1.45,2.24,0.0,3.05,-1.0,39.23,52.69,1.65,1.65,0.0,0.0,0.0,0.0,0.0,0.0,0.0,0.0,1.65,0.54,9.07,0.0,9.07,0.0,0.0,0.064,0.161,2026,4,2026-10-04,13:00,CIN,0,,,,50.0,LOW TARGET
2026,00-0026189,DeSean Jackson,desean jackson,BAL,WR,7,0,7,17,3.07,2.63,1.95,4.2,-0.781,47.1,52.64,2.39,2.39,0.0,0.0,0.0,0.0,0.0,0.0,0.0,0.0,2.39,1.2,18.61,0.0,18.61,0.0,0.0,0.105,0.287,2026,4,2026-10-04,13:00,TEN,1,,,,50.0,LOW TARGET
2026,00-0029239,Brandon Bolden,brandon bolden,LV,RB,8,0,18,18,1.97,2.9,0.0,2.3,1.0,40.43,52.59,1.42,1.42,0.0,0.0,0.0,0.0,0.0,1.42,7.55,0.15,0.0,0.0,0.0,0.0,7.55,7.55,0.0,0.0,0.0,2026,4,2026-10-04,16:25,KC,1,,,,50.0,DEPTH RB
2026,00-0039811,MarShawn Lloyd,marshawn lloyd,GB,RB,4,3,1,3,5.01,2.3,3.48,5.0,0.908,34.28,52.52,8.79,8.79,0.0,0.0,0.0,0.0,0.0,6.79,19.71,0.0,2.0,1.43,4.64,0.29,24.36,19.71,0.0,0.057,0.075,2026,4,2026-10-04,13:00,TB,0,,,,50.0,DEPTH RB
2026,00-0036182,Nick Westbrook-Ikhine,nick westbrook ikhine,MIA,WR,8,0,56,18,1.2,1.7,0.0,3.15,-1.0,41.36,52.5,1.23,1.23,0.0,0.0,0.0,0.0,0.0,0.0,0.0,0.0,1.23,0.62,5.77,0.0,5.77,0.0,0.0,0.042,0.094,2026,4,2026-10-04,16:05,MIN,0,,,,50.0,LOW TARGET
2026,00-0036187,Reggie Gilliam,reggie gilliam,NE,RB,8,1,30,18,0.94,1.31,0.0,1.25,1.0,43.38,52.48,0.93,0.93,0.0,0.0,0.0,0.0,0.0,0.33,0.65,0.0,0.61,0.43,4.48,0.0,5.13,0.65,0.0,0.026,0.05,2026,4,2026-10-04,13:00,BUF,0,,,,50.0,DEPTH RB
2026,00-0040277,Jahdae Walker,jahdae walker,CHI,WR,7,1,6,18,5.84,4.42,0.0,8.6,1.0,49.78,52.44,1.84,1.84,0.0,0.0,0.0,0.0,0.0,0.0,0.0,0.0,1.84,1.18,14.71,0.53,14.71,0.0,0.0,0.058,0.139,2026,4,2026-10-04,13:00,NYJ,1,,,,50.0,LOW TARGET
2026,00-0037745,Velus Jones Jr.,velus jones jr,SEA,WR,8,0,31,18,0.82,1.37,0.0,0.72,1.0,42.17,52.43,1.08,1.08,0.0,0.0,0.0,0.0,0.0,0.99,6.67,0.0,0.09,0.09,0.69,0.0,7.36,6.67,0.0,0.003,0.003,2026,4,2026-10-04,16:25,LAC,1,,,,50.0,LOW TARGET
2026,00-0033466,Isaiah McKenzie,isaiah mckenzie,IND,WR,8,0,28,18,1.73,2.5,0.0,3.48,-0.971,40.85,52.42,1.26,1.26,0.0,0.0,0.0,0.0,0.0,0.23,1.05,0.0,1.03,0.91,7.16,0.0,8.21,1.05,0.0,0.038,0.077,2026,4,2026-10-04,09:30,WAS,0,,,,50.0,LOW TARGET
2026,00-0039792,Devontez Walker,devontez walker,BAL,WR,8,2,11,18,3.2,4.49,0.0,4.42,1.0,41.63,52.4,1.14,1.14,0.0,0.0,0.0,0.0,0.0,0.0,0.0,0.0,1.14,0.56,17.54,0.15,17.54,0.0,0.0,0.051,0.174,2026,4,2026-10-04,13:00,TEN,1,,,,50.0,LOW TARGET
2026,00-0039810,Jermaine Burton,jermaine burton,CIN,WR,8,0,8,17,1.28,1.94,0.0,2.85,-1.0,39.6,52.32,1.38,1.38,0.0,0.0,0.0,0.0,0.0,0.0,0.0,0.0,1.38,0.38,8.97,0.0,8.97,0.0,0.0,0.031,0.1,2026,4,2026-10-04,13:00,JAC,1,,,,50.0,LOW TARGET
2026,00-0040164,Jaylin Lane,jaylin lane,WAS,WR,8,3,15,16,1.63,1.99,0.0,2.5,-0.25,45.03,52.31,0.6,0.6,0.0,0.0,0.0,0.0,0.0,0.0,0.0,0.0,0.6,0.4,5.27,0.0,5.27,0.0,0.0,0.023,0.047,2026,4,2026-10-04,09:30,IND,1,,,,50.0,LOW TARGET
2026,00-0031690,Eric Tomlinson,eric tomlinson,LAC,TE,8,0,14,18,2.46,3.59,0.0,4.15,-0.603,40.65,52.26,1.2,1.2,0.0,0.0,0.0,0.0,0.0,0.0,0.0,0.0,1.2,0.83,4.91,0.19,4.91,0.0,0.0,0.043,0.076,2026,4,2026-10-04,16:25,SEA,0,,,,50.0,LOW TARGET
2026,00-0037011,Tre' McKitty,tre mckitty,LAC,TE,8,0,14,18,0.99,1.42,0.0,1.85,-1.0,41.39,52.23,1.08,1.08,0.0,0.0,0.0,0.0,0.0,0.0,0.0,0.0,1.08,0.57,4.23,0.0,4.23,0.0,0.0,0.03,0.056,2026,4,2026-10-04,16:25,SEA,0,,,,50.0,LOW TARGET
2026,00-0036741,Jack Stoll,jack stoll,NO,TE,8,0,29,18,1.62,2.47,0.0,1.7,0.467,39.62,52.22,1.32,1.32,0.0,0.0,0.0,0.0,0.0,0.0,0.0,0.0,1.32,0.7,4.89,0.07,4.89,0.0,0.0,0.038,0.06,2026,4,2026-10-05,20:15,ATL,1,,,,50.0,LOW TARGET
2026,00-0033757,Robert Tonyan,robert tonyan,PIT,TE,8,1,31,18,1.46,2.16,0.0,1.5,-0.755,40.35,52.19,1.2,1.2,0.0,0.0,0.0,0.0,0.0,0.0,0.0,0.0,1.2,0.8,6.64,0.0,6.64,0.0,0.0,0.043,0.091,2026,4,2026-10-01,20:15,CLE,0,,,,50.0,LOW TARGET
2026,00-0037168,Armani Rogers,armani rogers,WAS,TE,8,0,9,18,1.38,1.9,0.0,2.32,-0.679,42.0,52.15,0.94,0.94,0.0,0.0,0.0,0.0,0.0,0.33,3.91,0.0,0.62,0.48,5.01,0.0,8.92,3.91,0.0,0.02,0.037,2026,4,2026-10-04,09:30,IND,1,,,,50.0,LOW TARGET
2026,00-0035639,Parris Campbell,parris campbell,DAL,WR,8,0,32,18,2.41,3.85,0.0,3.35,-1.0,38.52,52.09,1.41,1.41,0.0,0.0,0.0,0.0,0.0,0.0,0.0,0.0,1.41,1.1,5.17,0.13,5.17,0.0,0.0,0.058,0.102,2026,4,2026-10-04,13:00,HOU,0,,,,50.0,LOW TARGET
2026,00-0038359,Xavier Smith,xavier smith,LAR,WR,8,3,30,18,2.37,3.79,0.0,3.12,-1.0,38.42,52.07,1.41,1.41,0.0,0.0,0.0,0.0,0.0,0.0,0.0,0.0,1.41,0.88,14.9,0.0,14.9,0.0,0.0,0.039,0.094,2026,4,2026-10-04,13:00,PHI,0,,,,50.0,LOW TARGET
2026,00-0038840,Brycen Tremayne,brycen tremayne,CAR,WR,8,3,17,18,2.82,4.69,0.0,1.18,1.0,37.55,51.93,1.45,1.45,0.0,0.0,0.0,0.0,0.0,0.0,0.0,0.0,1.45,0.98,18.4,0.0,18.4,0.0,0.0,0.04,0.123,2026,4,2026-10-04,20:20,DET,1,,,,50.0,LOW TARGET
2026,00-0035956,Giovanni Ricci,giovanni ricci,DET,TE,8,0,15,18,0.82,1.29,0.0,1.35,-1.0,43.59,51.9,0.57,0.57,0.0,0.0,0.0,0.0,0.0,0.0,0.0,0.0,0.57,0.39,4.28,0.0,4.28,0.0,0.0,0.022,0.04,2026,4,2026-10-04,20:20,CAR,0,,,,50.0,LOW TARGET
2026,00-0039398,Joe Milton III,joe milton iii,DAL,QB,5,0,5,18,4.69,6.02,-0.36,6.32,-0.769,27.35,51.87,11.63,2.53,9.1,6.07,69.11,0.31,0.0,2.53,15.81,0.11,0.0,0.0,0.0,0.0,15.81,84.93,0.0,0.0,0.0,2026,4,2026-10-04,13:00,HOU,0,,,,50.0,QB
2026,00-0040259,Gage Larvadain,gage larvadain,CLE,WR,8,0,13,18,1.12,1.66,0.0,2.3,-1.0,40.39,51.84,0.99,0.99,0.0,0.0,0.0,0.0,0.0,0.0,0.0,0.0,0.99,0.57,5.52,0.0,5.52,0.0,0.0,0.034,0.081,2026,4,2026-10-01,20:15,PIT,1,,,,50.0,LOW TARGET
2026,00-0037331,Zander Horvath,zander horvath,LAC,RB,8,0,8,11,1.67,2.74,0.22,2.6,0.7,37.81,51.84,1.36,1.36,0.0,0.0,0.0,0.0,0.0,0.52,1.08,0.0,0.85,0.54,0.68,0.16,1.76,1.08,0.0,0.021,0.033,2026,4,2026-10-04,16:25,SEA,0,,,,50.0,DEPTH RB
2026,00-0040563,Efton Chism III,efton chism iii,NE,WR,8,2,8,18,2.7,3.93,0.0,2.43,-0.413,40.7,51.81,1.11,0.93,0.18,0.18,2.86,0.0,0.0,0.0,0.0,0.0,0.93,0.76,10.34,0.13,10.34,2.86,0.0,0.038,0.071,2026,4,2026-10-04,13:00,BUF,0,,,,50.0,LOW TARGET
2026,00-0032128,Chris Conley,chris conley,SF,WR,8,0,14,18,2.14,3.71,0.0,0.57,1.0,36.61,51.79,1.51,1.51,0.0,0.0,0.0,0.0,0.0,0.0,0.0,0.0,1.51,0.88,12.66,0.0,12.66,0.0,0.0,0.045,0.129,2026,4,2026-10-04,16:25,DEN,1,,,,50.0,LOW TARGET
2026,00-0037277,Teagan Quitoriano,teagan quitoriano,ATL,TE,8,0,12,18,2.43,3.67,0.0,4.35,-0.761,39.81,51.76,1.04,1.04,0.0,0.0,0.0,0.0,0.0,0.0,0.0,0.0,1.04,0.64,13.59,0.07,13.59,0.0,0.0,0.031,0.072,2026,4,2026-10-05,20:15,NO,0,,,,50.0,LOW TARGET
2026,00-0039603,British Brooks,british brooks,HOU,RB,8,1,10,18,1.03,2.33,0.0,0.0,1.0,30.64,51.68,2.3,2.3,0.0,0.0,0.0,0.0,0.0,2.3,10.29,0.0,0.0,0.0,0.0,0.0,10.29,10.29,0.0,0.0,0.0,2026,4,2026-10-04,13:00,DAL,1,,,,50.0,DEPTH RB
2026,00-0039405,Jawhar Jordan,jawhar jordan,HOU,RB,4,0,4,18,5.68,5.44,2.77,12.45,-0.849,25.55,51.65,10.79,10.79,0.0,0.0,0.0,0.0,0.0,9.43,37.14,0.0,1.36,1.36,6.07,0.0,43.21,37.14,0.0,0.043,0.058,2026,4,2026-10-04,13:00,DAL,1,,,,50.0,ROTATION RB
2026,00-0040075,LaJohntay Wester,lajohntay wester,BAL,WR,8,3,14,18,0.91,1.39,0.0,0.6,1.0,41.88,51.56,0.62,0.62,0.0,0.0,0.0,0.0,0.0,0.0,0.0,0.0,0.62,0.46,4.51,0.0,4.51,0.0,0.0,0.024,0.043,2026,4,2026-10-04,13:00,TEN,1,,,,50.0,LOW TARGET
2026,00-0037132,Britain Covey,britain covey,PHI,WR,8,3,43,18,0.53,1.36,0.0,0.0,-1.0,42.43,51.54,0.53,0.53,0.0,0.0,0.0,0.0,0.0,0.0,0.0,0.0,0.53,0.27,2.65,0.0,2.65,0.0,0.0,0.016,0.025,2026,4,2026-10-04,13:00,LAR,1,,,,50.0,LOW TARGET
2026,00-0038488,Brady Russell,brady russell,SEA,RB,8,2,24,16,1.19,1.68,0.0,0.75,1.0,41.51,51.49,0.64,0.64,0.0,0.0,0.0,0.0,0.0,0.0,0.0,0.0,0.64,0.51,6.84,0.0,6.84,0.0,0.0,0.022,0.042,2026,4,2026-10-04,16:25,LAC,1,,,,50.0,DEPTH RB
2026,00-0038710,Blake Whiteheart,blake whiteheart,CLE,TE,8,2,16,18,2.05,3.23,0.0,1.65,1.0,38.8,51.43,0.99,0.99,0.0,0.0,0.0,0.0,0.0,0.0,0.0,0.0,0.99,0.41,5.61,0.18,5.61,0.0,0.0,0.039,0.077,2026,4,2026-10-01,20:15,PIT,1,,,,50.0,LOW TARGET
2026,00-0036096,J.J. Taylor,jj taylor,HOU,RB,4,0,4,9,2.21,0.29,2.17,2.4,-0.18,44.12,51.31,5.29,5.29,0.0,0.0,0.0,0.0,0.0,4.43,15.29,0.0,0.86,0.57,1.14,0.0,16.43,15.29,0.0,0.022,0.031,2026,4,2026-10-04,13:00,DAL,1,,,,50.0,DEPTH RB
2026,00-0037828,Danny Gray,danny gray,SF,WR,7,0,7,17,0.47,0.72,0.0,0.45,-0.367,50.91,51.23,0.96,0.96,0.0,0.0,0.0,0.0,0.0,0.2,1.84,0.0,0.76,0.14,1.43,0.0,3.27,1.84,0.0,0.025,0.088,2026,4,2026-10-04,16:25,DEN,1,,,,50.0,LOW TARGET
2026,00-0036412,KJ Hamler,kj hamler,DEN,WR,6,0,6,8,4.78,2.76,2.2,6.47,1.0,47.53,51.21,3.07,3.07,0.0,0.0,0.0,0.0,0.0,0.45,5.08,0.0,2.62,1.32,29.51,0.0,34.59,5.08,0.0,0.083,0.259,2026,4,2026-10-04,16:25,SF,0,,,,50.0,LOW TARGET
2026,00-0038752,Jake Bobo,jake bobo,SEA,WR,8,0,31,18,1.53,2.19,0.0,2.02,-0.871,41.14,51.21,0.53,0.53,0.0,0.0,0.0,0.0,0.0,0.0,0.0,0.0,0.53,0.53,3.94,0.1,3.94,0.0,0.0,0.018,0.036,2026,4,2026-10-04,16:25,LAC,1,,,,50.0,LOW TARGET
2026,00-0036862,Ben Skowronek,ben skowronek,PIT,WR,8,2,52,18,2.31,3.4,0.0,2.5,1.0,40.49,51.18,0.6,0.6,0.0,0.0,0.0,0.0,0.0,0.0,0.0,0.0,0.6,0.52,7.26,0.18,7.26,0.0,0.0,0.02,0.048,2026,4,2026-10-01,20:15,CLE,0,,,,50.0,LOW TARGET
2026,00-0037487,Deven Thompkins,deven thompkins,ATL,WR,8,0,34,18,0.72,1.46,0.0,1.02,-1.0,40.7,51.04,0.49,0.49,0.0,0.0,0.0,0.0,0.0,0.17,1.15,0.0,0.32,0.32,2.82,0.0,3.97,1.15,0.0,0.011,0.02,2026,4,2026-10-05,20:15,NO,0,,,,50.0,LOW TARGET
2026,00-0036928,Kyle Trask,kyle trask,TB,QB,6,0,6,18,0.03,0.33,-0.18,0.15,-0.34,56.59,51.0,2.42,1.2,1.22,0.5,3.24,0.0,0.0,1.2,-0.96,0.0,0.0,0.0,0.0,0.0,-0.96,2.28,0.0,0.0,0.0,2026,4,2026-10-04,13:00,GB,1,,,,50.0,QB
2026,00-0039796,Rasheen Ali,rasheen ali,BAL,RB,8,3,20,18,1.76,3.16,0.0,2.92,-1.0,35.79,50.96,1.15,1.15,0.0,0.0,0.0,0.0,0.0,0.2,0.14,0.0,0.94,0.76,4.7,0.09,4.85,0.14,0.0,0.049,0.073,2026,4,2026-10-04,13:00,TEN,1,,,,50.0,DEPTH RB
2026,00-0031484,Chris Manhertz,chris manhertz,NYG,TE,8,0,26,18,1.27,1.94,0.0,2.3,-1.0,39.56,50.94,0.6,0.6,0.0,0.0,0.0,0.0,0.0,0.0,0.0,0.0,0.6,0.42,4.17,0.07,4.17,0.0,0.0,0.022,0.044,2026,4,2026-10-04,13:00,ARI,1,,,,50.0,LOW TARGET
2026,00-0038824,Ryan Miller,ryan miller,MIA,WR,8,2,18,17,3.23,5.25,0.0,2.67,1.0,38.13,50.91,0.79,0.79,0.0,0.0,0.0,0.0,0.0,0.0,0.0,0.0,0.79,0.61,16.46,0.16,16.46,0.0,0.0,0.024,0.066,2026,4,2026-10-04,16:05,MIN,0,,,,50.0,LOW TARGET
2026,00-0032951,Laquon Treadwell,laquon treadwell,IND,WR,8,3,12,18,2.02,3.32,0.0,0.75,1.0,37.82,50.88,0.82,0.82,0.0,0.0,0.0,0.0,0.0,0.0,0.0,0.0,0.82,0.67,13.53,0.0,13.53,0.0,0.0,0.027,0.088,2026,4,2026-10-04,09:30,WAS,0,,,,50.0,LOW TARGET
2026,00-0037091,Bo Melton,bo melton,GB,WR,8,3,30,18,1.63,3.11,0.0,2.6,-0.545,34.48,50.88,1.29,1.29,0.0,0.0,0.0,0.0,0.0,0.09,0.0,0.0,1.2,0.34,8.68,0.07,8.68,0.0,0.0,0.049,0.111,2026,4,2026-10-04,13:00,TB,0,,,,50.0,LOW TARGET
2026,00-0038640,Jalen Brooks,jalen brooks,ARI,WR,8,2,20,18,1.03,1.74,0.0,2.38,-1.0,37.11,50.87,0.91,0.91,0.0,0.0,0.0,0.0,0.0,0.0,0.0,0.0,0.91,0.39,6.35,0.0,6.35,0.0,0.0,0.022,0.057,2026,4,2026-10-04,13:00,NYG,0,,,,50.0,LOW TARGET
2026,00-0032062,Blake Bell,blake bell,KC,TE,8,0,9,18,1.32,2.52,0.0,1.32,1.0,34.39,50.73,1.22,1.22,0.0,0.0,0.0,0.0,0.0,0.0,0.0,0.0,1.22,0.69,3.16,0.09,3.16,0.0,0.0,0.036,0.066,2026,4,2026-10-04,16:25,LV,0,,,,50.0,LOW TARGET
2026,00-0034367,Nyheim Hines,nyheim hines,NO,RB,8,0,20,18,2.41,4.16,0.0,3.58,-1.0,36.62,50.66,0.86,0.86,0.0,0.0,0.0,0.0,0.0,0.5,0.09,0.0,0.36,0.26,2.07,0.09,2.16,0.09,0.0,0.013,0.026,2026,4,2026-10-05,20:15,ATL,1,,,,50.0,DEPTH RB
2026,00-0036268,Laviska Shenault Jr.,laviska shenault jr,SEA,WR,8,0,31,18,1.33,1.96,0.0,2.2,-0.667,40.42,50.64,0.31,0.31,0.0,0.0,0.0,0.0,0.0,0.0,0.0,0.0,0.31,0.31,3.18,0.0,3.18,0.0,0.0,0.009,0.016,2026,4,2026-10-04,16:25,LAC,1,,,,50.0,LOW TARGET
2026,00-0036876,Kylen Granson,kylen granson,PHI,TE,8,0,56,18,1.39,2.65,0.0,0.35,1.0,34.47,50.54,1.1,1.1,0.0,0.0,0.0,0.0,0.0,0.0,0.0,0.0,1.1,0.82,5.77,0.0,5.77,0.0,0.0,0.034,0.068,2026,4,2026-10-04,13:00,LAR,1,,,,50.0,LOW TARGET
2026,00-0034854,KhaDarel Hodge,khadarel hodge,SF,WR,8,3,46,18,0.89,1.77,0.0,0.7,0.933,36.07,50.51,0.85,0.85,0.0,0.0,0.0,0.0,0.0,0.0,0.0,0.0,0.85,0.38,5.15,0.0,5.15,0.0,0.0,0.031,0.08,2026,4,2026-10-04,16:25,DEN,1,,,,50.0,LOW TARGET
2026,00-0036176,Mason Kinsey,mason kinsey,TEN,WR,8,0,20,18,1.04,1.69,0.0,0.6,0.667,38.05,50.49,0.56,0.56,0.0,0.0,0.0,0.0,0.0,0.0,0.0,0.0,0.56,0.3,7.41,0.0,7.41,0.0,0.0,0.016,0.054,2026,4,2026-10-04,13:00,BAL,0,,,,50.0,LOW TARGET
2026,00-0037292,Andrew Ogletree,andrew ogletree,IND,TE,8,2,34,18,1.42,2.63,0.0,1.88,-0.802,35.06,50.44,0.96,0.96,0.0,0.0,0.0,0.0,0.0,0.0,0.0,0.0,0.96,0.47,3.38,0.1,3.38,0.0,0.0,0.031,0.065,2026,4,2026-10-04,09:30,WAS,0,,,,50.0,LOW TARGET
2026,00-0039021,Roschon Johnson,roschon johnson,CHI,RB,8,1,34,18,0.74,1.76,0.0,0.72,0.167,36.27,50.43,0.78,0.78,0.0,0.0,0.0,0.0,0.0,0.42,2.64,0.0,0.36,0.36,1.14,0.0,3.78,2.64,0.0,0.015,0.018,2026,4,2026-10-04,13:00,NYJ,1,,,,50.0,DEPTH RB
2026,00-0036857,Chris Evans,chris evans,CIN,RB,8,0,13,15,1.48,2.55,0.0,2.48,-0.731,36.75,50.29,0.63,0.63,0.0,0.0,0.0,0.0,0.0,0.3,1.78,0.0,0.34,0.34,2.65,0.12,4.42,1.78,0.0,0.011,0.022,2026,4,2026-10-04,13:00,JAC,1,,,,50.0,DEPTH RB
2026,00-0035311,Myles Gaskin,myles gaskin,SEA,RB,7,0,7,13,1.34,1.87,0.0,2.7,0.033,36.55,50.23,2.73,2.73,0.0,0.0,0.0,0.0,0.0,2.04,3.69,0.0,0.69,0.53,4.39,0.0,8.08,3.69,0.0,0.022,0.036,2026,4,2026-10-04,16:25,LAC,1,,,,50.0,DEPTH RB
2026,00-0039052,Trey Palmer,trey palmer,TB,WR,8,0,32,18,1.0,1.88,0.0,0.7,1.0,34.73,50.17,0.85,0.85,0.0,0.0,0.0,0.0,0.0,0.0,0.0,0.0,0.85,0.38,6.15,0.0,6.15,0.0,0.0,0.022,0.075,2026,4,2026-10-04,13:00,GB,1,,,,50.0,LOW TARGET
2026,00-0036887,Luke Farrell,luke farrell,SF,TE,8,3,39,18,1.39,2.63,0.0,1.95,0.867,34.51,50.09,0.84,0.84,0.0,0.0,0.0,0.0,0.0,0.0,0.0,0.0,0.84,0.54,4.19,0.07,4.19,0.0,0.0,0.028,0.057,2026,4,2026-10-04,16:25,DEN,1,,,,50.0,LOW TARGET
2026,00-0035021,Ashton Dulin,ashton dulin,IND,WR,8,1,35,18,1.04,1.99,0.0,0.7,-1.0,34.48,50.09,0.84,0.84,0.0,0.0,0.0,0.0,0.0,0.12,2.58,0.0,0.72,0.22,5.67,0.0,8.26,2.58,0.0,0.023,0.056,2026,4,2026-10-04,09:30,WAS,0,,,,50.0,LOW TARGET
2026,00-0039631,Cam Grandy,cam grandy,CIN,TE,6,0,6,18,1.69,0.65,1.23,1.85,-0.22,54.22,50.04,1.12,1.12,0.0,0.0,0.0,0.0,0.0,0.0,0.0,0.0,1.12,1.12,5.68,0.0,5.68,0.0,0.0,0.032,0.047,2026,4,2026-10-04,13:00,JAC,1,,,,50.0,LOW TARGET
2026,00-0039365,Jacob Cowing,jacob cowing,SF,WR,8,3,15,18,0.76,1.93,0.0,0.0,-1.0,34.09,49.97,0.83,0.83,0.0,0.0,0.0,0.0,0.0,0.13,0.93,0.0,0.69,0.27,3.98,0.0,4.91,0.93,0.0,0.023,0.065,2026,4,2026-10-04,16:25,DEN,1,,,,50.0,LOW TARGET
2026,00-0036332,Josiah Deguara,josiah deguara,ARI,TE,8,0,32,18,1.88,3.59,0.0,0.4,1.0,34.44,49.93,0.76,0.76,0.0,0.0,0.0,0.0,0.0,0.0,0.0,0.0,0.76,0.47,3.38,0.18,3.38,0.0,0.0,0.023,0.044,2026,4,2026-10-04,13:00,NYG,0,,,,50.0,LOW TARGET
2026,00-0037093,Dareke Young,dareke young,LV,WR,8,3,22,18,0.93,1.7,0.0,0.93,1.0,37.09,49.92,0.37,0.37,0.0,0.0,0.0,0.0,0.0,0.0,0.0,0.0,0.37,0.23,6.98,0.0,6.98,0.0,0.0,0.013,0.037,2026,4,2026-10-04,16:25,KC,1,,,,50.0,LOW TARGET
2026,00-0036254,Collin Johnson,collin johnson,CHI,WR,7,0,7,18,0.43,0.77,0.0,0.8,0.533,49.47,49.89,0.43,0.43,0.0,0.0,0.0,0.0,0.0,0.0,0.0,0.0,0.43,0.24,1.88,0.0,1.88,0.0,0.0,0.014,0.03,2026,4,2026-10-04,13:00,NYJ,1,,,,50.0,LOW TARGET
2026,00-0039907,Ja'Lynn Polk,jalynn polk,NE,WR,8,0,14,17,0.96,2.18,0.0,0.42,-1.0,31.45,49.89,1.16,1.16,0.0,0.0,0.0,0.0,0.0,0.0,0.0,0.0,1.16,0.23,1.13,0.1,1.13,0.0,0.0,0.04,0.097,2026,4,2026-10-04,13:00,BUF,0,,,,50.0,LOW TARGET
2026,00-0035510,Jeff Smith,jeff smith,NYJ,WR,7,0,7,15,3.7,4.2,0.8,3.0,1.0,40.97,49.88,1.82,1.82,0.0,0.0,0.0,0.0,0.0,0.0,0.0,0.0,1.82,1.37,23.31,0.0,23.31,0.0,0.0,0.059,0.135,2026,4,2026-10-04,13:00,CHI,0,,,,50.0,LOW TARGET
2026,00-0037216,Justyn Ross,justyn ross,KC,WR,7,0,7,18,1.59,1.8,0.0,2.65,0.021,41.1,49.85,1.78,1.78,0.0,0.0,0.0,0.0,0.0,0.0,0.0,0.0,1.78,0.86,7.37,0.0,7.37,0.0,0.0,0.052,0.152,2026,4,2026-10-04,16:25,LV,0,,,,50.0,LOW TARGET
2026,00-0039244,Chris Collier,chris collier,LV,RB,6,0,6,18,0.41,0.5,0.0,0.45,0.6,50.03,49.44,1.58,1.58,0.0,0.0,0.0,0.0,0.0,1.1,2.69,0.0,0.48,0.24,-0.95,0.0,1.73,2.69,0.0,0.014,0.018,2026,4,2026-10-04,16:25,KC,1,,,,50.0,DEPTH RB
2026,00-0036620,Dee Eskridge,dee eskridge,MIA,WR,8,0,29,17,0.66,1.97,0.0,0.0,-1.0,33.7,49.17,0.42,0.42,0.0,0.0,0.0,0.0,0.0,0.0,0.0,0.0,0.42,0.2,4.59,0.0,4.59,0.0,0.0,0.013,0.038,2026,4,2026-10-04,16:05,MIN,0,,,,50.0,LOW TARGET
2026,00-0041512,Jadarian Price,jadarian price,SEA,RB,3,3,0,3,3.72,2.6,3.1,6.4,-0.846,22.09,49.15,11.1,11.1,0.0,0.0,0.0,0.0,0.0,8.62,34.38,0.0,2.48,1.19,7.14,0.0,41.52,34.38,0.0,0.073,0.155,2026,4,2026-10-04,16:25,LAC,1,,,,50.0,ROTATION RB
2026,00-0038576,Charlie Jones,charlie jones,CIN,WR,8,0,32,18,0.61,1.82,0.0,0.0,-1.0,35.51,49.11,0.13,0.13,0.0,0.0,0.0,0.0,0.0,0.0,0.0,0.0,0.13,0.0,0.0,0.0,0.0,0.0,0.0,0.004,0.017,2026,4,2026-10-04,13:00,JAC,1,,,,50.0,LOW TARGET
2026,00-0040179,DJ Giddens,dj giddens,IND,RB,5,0,5,18,1.92,1.41,0.3,3.0,0.268,35.99,48.97,5.47,5.47,0.0,0.0,0.0,0.0,0.0,5.07,19.2,0.0,0.4,0.0,0.0,0.0,19.2,19.2,0.0,0.013,0.017,2026,4,2026-10-04,09:30,WAS,0,,,,50.0,DEPTH RB
2026,00-0024243,Marcedes Lewis,marcedes lewis,DEN,TE,8,0,18,18,0.88,1.98,0.0,1.25,-0.4,33.51,48.89,0.29,0.29,0.0,0.0,0.0,0.0,0.0,0.0,0.0,0.0,0.29,0.29,0.64,0.09,0.64,0.0,0.0,0.011,0.017,2026,4,2026-10-04,16:25,SF,0,,,,50.0,LOW TARGET
2026,00-0037311,Ko Kieft,ko kieft,TB,TE,8,1,28,18,0.51,1.85,0.0,0.0,0.0,35.04,48.88,0.07,0.07,0.0,0.0,0.0,0.0,0.0,0.0,0.0,0.0,0.07,0.07,0.14,0.07,0.14,0.0,0.0,0.003,0.004,2026,4,2026-10-04,13:00,GB,1,,,,50.0,LOW TARGET
2026,00-0036482,Mike Strachan,mike strachan,CAR,WR,7,0,7,17,1.8,2.44,0.0,4.4,0.667,37.16,48.44,1.61,1.61,0.0,0.0,0.0,0.0,0.0,0.0,0.0,0.0,1.61,0.45,13.55,0.0,13.55,0.0,0.0,0.047,0.153,2026,4,2026-10-04,20:20,DET,1,,,,50.0,LOW TARGET
2026,00-0036999,Anthony Schwartz,anthony schwartz,CLE,WR,7,0,7,13,2.92,4.4,0.0,3.1,1.0,34.86,48.28,1.9,1.9,0.0,0.0,0.0,0.0,0.0,0.55,8.55,0.18,1.35,0.61,7.55,0.0,16.1,8.55,0.0,0.042,0.1,2026,4,2026-10-01,20:15,PIT,1,,,,50.0,LOW TARGET
2026,00-0036671,Dax Milne,dax milne,WAS,WR,8,0,15,18,0.76,2.14,0.0,0.35,0.0,31.86,48.24,0.16,0.16,0.0,0.0,0.0,0.0,0.0,0.0,0.0,0.0,0.16,0.16,0.81,0.09,0.81,0.0,0.0,0.006,0.011,2026,4,2026-10-04,09:30,IND,1,,,,50.0,LOW TARGET
2026,00-0040506,Myles Price,myles price,MIN,WR,8,3,16,17,1.07,2.3,0.0,0.0,1.0,31.8,48.24,0.16,0.16,0.0,0.0,0.0,0.0,0.0,0.0,0.0,0.0,0.16,0.0,0.0,0.0,0.0,0.0,0.0,0.009,0.014,2026,4,2026-10-04,16:05,MIA,1,,,,50.0,LOW TARGET
2026,00-0034419,Braxton Berrios,braxton berrios,NYG,WR,8,3,43,18,0.98,2.65,0.0,0.23,-1.0,27.4,48.2,0.77,0.77,0.0,0.0,0.0,0.0,0.0,0.0,0.0,0.0,0.77,0.6,3.79,0.0,3.79,0.0,0.0,0.019,0.034,2026,4,2026-10-04,13:00,ARI,1,,,,50.0,LOW TARGET
2026,00-0027696,Jimmy Graham,jimmy graham,NO,TE,6,0,6,15,6.47,3.78,1.9,8.62,1.0,47.35,48.15,1.35,1.35,0.0,0.0,0.0,0.0,0.0,0.0,0.0,0.0,1.35,1.2,7.57,0.75,7.57,0.0,0.0,0.052,0.113,2026,4,2026-10-05,20:15,ATL,1,,,,50.0,LOW TARGET
2026,00-0033725,Corey Clement,corey clement,ARI,RB,5,0,5,18,5.62,5.26,1.8,3.2,1.0,32.28,47.94,5.73,5.73,0.0,0.0,0.0,0.0,0.0,3.99,14.34,0.29,1.74,1.21,12.6,0.0,26.94,14.34,0.0,0.059,0.08,2026,4,2026-10-04,13:00,NYG,0,,,,50.0,DEPTH RB
2026,00-0035976,Dan Chisena,dan chisena,CAR,WR,7,0,7,18,1.1,1.24,0.0,1.7,1.0,41.12,47.89,0.65,0.65,0.0,0.0,0.0,0.0,0.0,0.0,0.0,0.0,0.65,0.49,6.08,0.0,6.08,0.0,0.0,0.025,0.053,2026,4,2026-10-04,20:20,DET,1,,,,50.0,LOW TARGET
2026,00-0036635,Ihmir Smith-Marsette,ihmir smith marsette,NYG,WR,8,0,36,18,0.98,2.22,0.0,0.0,1.0,31.08,47.77,0.0,0.0,0.0,0.0,0.0,0.0,0.0,0.0,0.0,0.0,0.0,0.0,0.0,0.0,0.0,0.0,0.0,0.0,0.0,2026,4,2026-10-04,13:00,ARI,1,,,,50.0,LOW TARGET
2026,00-0033932,Kenny Golladay,kenny golladay,NYG,WR,6,0,6,18,4.05,4.38,0.0,4.73,1.0,36.03,47.54,3.16,3.16,0.0,0.0,0.0,0.0,0.0,0.0,0.0,0.0,3.16,1.09,15.31,0.24,15.31,0.0,0.0,0.106,0.273,2026,4,2026-10-04,13:00,ARI,1,,,,50.0,LOW TARGET
2026,00-0032214,Tyler Kroft,tyler kroft,MIA,TE,7,0,7,16,1.23,1.45,0.0,2.15,-0.05,40.22,47.46,0.55,0.55,0.0,0.0,0.0,0.0,0.0,0.0,0.0,0.0,0.55,0.47,7.63,0.0,7.63,0.0,0.0,0.02,0.058,2026,4,2026-10-04,16:05,MIN,0,,,,50.0,LOW TARGET
2026,00-0035215,Deonte Harty,deonte harty,BAL,WR,8,0,25,18,0.84,2.48,0.0,0.0,-1.0,28.72,47.36,0.1,0.1,0.0,0.0,0.0,0.0,0.0,0.0,0.0,0.0,0.1,0.1,1.22,0.0,1.22,0.0,0.0,0.003,0.005,2026,4,2026-10-04,13:00,TEN,1,,,,50.0,LOW TARGET
2026,00-0039344,Jonathon Brooks,jonathon brooks,CAR,RB,5,2,3,14,3.48,3.12,0.7,7.1,0.192,33.0,46.97,5.01,5.01,0.0,0.0,0.0,0.0,0.0,3.77,11.0,0.0,1.24,1.0,13.84,0.0,24.84,11.0,0.0,0.035,0.06,2026,4,2026-10-04,20:20,DET,1,,,,50.0,DEPTH RB
2026,00-0035939,Bryce Perkins,bryce perkins,LAR,QB,5,0,5,16,2.79,3.6,0.28,6.46,-0.955,27.3,46.92,9.74,3.46,6.29,3.5,29.71,0.2,0.0,3.46,16.03,0.0,0.0,0.0,0.0,0.0,16.03,45.74,0.0,0.0,0.0,2026,4,2026-10-04,13:00,PHI,0,,,,50.0,QB
2026,00-0035624,N'Keal Harry,nkeal harry,CHI,TE,6,0,6,18,3.78,2.91,1.88,5.08,-0.292,42.36,46.77,1.51,1.51,0.0,0.0,0.0,0.0,0.0,0.0,0.0,0.0,1.51,1.12,19.1,0.12,19.1,0.0,0.0,0.063,0.172,2026,4,2026-10-04,13:00,NYJ,1,,,,50.0,LOW TARGET
2026,00-0037055,Lance McCutcheon,lance mccutcheon,LAR,WR,4,0,4,17,0.0,0.0,0.0,0.0,0.0,50.0,46.62,0.93,0.93,0.0,0.0,0.0,0.0,0.0,0.0,0.0,0.0,0.93,0.0,0.0,0.0,0.0,0.0,0.0,0.044,0.127,2026,4,2026-10-04,13:00,PHI,0,,,,50.0,LOW TARGET
2026,00-0041438,Carnell Tate,carnell tate,TEN,WR,3,3,0,3,9.0,2.76,6.75,9.8,0.513,28.69,46.55,7.1,7.1,0.0,0.0,0.0,0.0,0.0,0.0,0.0,0.0,7.1,4.62,43.86,0.0,43.86,0.0,0.0,0.261,0.671,2026,4,2026-10-04,13:00,BAL,0,,,,50.0,REGULAR TARGET
2026,00-0036654,Demetric Felton,demetric felton,CLE,RB,6,0,6,15,0.47,0.65,0.0,0.68,0.2,45.58,46.53,0.76,0.76,0.0,0.0,0.0,0.0,0.0,0.12,-0.5,0.0,0.64,0.36,1.56,0.0,1.07,-0.5,0.0,0.026,0.046,2026,4,2026-10-01,20:15,PIT,1,,,,50.0,DEPTH RB
2026,00-0038492,Jason Brownlee,jason brownlee,KC,WR,7,0,7,18,1.71,2.72,0.0,4.4,-1.0,33.76,46.43,1.02,1.02,0.0,0.0,0.0,0.0,0.0,0.0,0.0,0.0,1.02,0.51,5.88,0.1,5.88,0.0,0.0,0.029,0.08,2026,4,2026-10-04,16:25,LV,0,,,,50.0,LOW TARGET
2026,00-0041547,KC Concepcion,kc concepcion,CLE,WR,3,3,0,3,5.6,2.58,5.35,8.0,-0.628,25.68,46.37,8.14,8.14,0.0,0.0,0.0,0.0,0.0,0.9,0.86,0.0,7.24,3.71,21.81,0.0,22.67,0.86,0.0,0.253,0.512,2026,4,2026-10-01,20:15,PIT,1,,,,50.0,REGULAR TARGET
2026,00-0034301,Darrel Williams,darrel williams,ARI,RB,5,0,5,8,3.3,4.05,0.9,3.4,-0.711,28.06,46.0,5.59,5.59,0.0,0.0,0.0,0.0,0.0,4.03,16.11,0.11,1.56,0.8,2.06,0.0,18.17,16.11,0.0,0.037,0.039,2026,4,2026-10-04,13:00,NYG,0,,,,50.0,DEPTH RB
2026,00-0038728,Jared Wayne,jared wayne,HOU,WR,4,3,1,8,3.63,1.18,2.8,4.33,0.339,37.72,45.73,3.93,3.93,0.0,0.0,0.0,0.0,0.0,0.0,0.0,0.0,3.93,1.43,22.0,0.0,22.0,0.0,0.0,0.11,0.272,2026,4,2026-10-04,13:00,DAL,1,,,,50.0,LOW TARGET
2026,00-0034867,Malik Turner,malik turner,SF,WR,4,0,4,7,0.0,0.0,0.0,0.0,0.0,50.0,45.5,0.29,0.29,0.0,0.0,0.0,0.0,0.0,0.0,0.0,0.0,0.29,0.0,0.0,0.0,0.0,0.0,0.0,0.006,0.005,2026,4,2026-10-04,16:25,DEN,1,,,,50.0,LOW TARGET
2026,00-0040058,Nick Kallerup,nick kallerup,SEA,TE,4,0,4,15,0.0,0.0,0.0,0.0,0.0,50.0,45.25,0.14,0.14,0.0,0.0,0.0,0.0,0.0,0.0,0.0,0.0,0.14,0.0,0.0,0.0,0.0,0.0,0.0,0.012,0.024,2026,4,2026-10-04,16:25,LAC,1,,,,50.0,LOW TARGET
2026,00-0035304,Cullen Gillaspia,cullen gillaspia,SEA,RB,4,0,4,9,0.0,0.0,0.0,0.0,0.0,50.0,45.0,0.0,0.0,0.0,0.0,0.0,0.0,0.0,0.0,0.0,0.0,0.0,0.0,0.0,0.0,0.0,0.0,0.0,0.0,0.0,2026,4,2026-10-04,16:25,LAC,1,,,,50.0,DEPTH RB
2026,00-0038590,Justin Shorter,justin shorter,LV,TE,4,0,4,13,0.0,0.0,0.0,0.0,0.0,50.0,45.0,0.0,0.0,0.0,0.0,0.0,0.0,0.0,0.0,0.0,0.0,0.0,0.0,0.0,0.0,0.0,0.0,0.0,0.0,0.0,2026,4,2026-10-04,16:25,KC,1,,,,50.0,LOW TARGET
2026,00-0040649,Robbie Ouzts,robbie ouzts,SEA,RB,4,0,4,14,0.0,0.0,0.0,0.0,0.0,50.0,45.0,0.0,0.0,0.0,0.0,0.0,0.0,0.0,0.0,0.0,0.0,0.0,0.0,0.0,0.0,0.0,0.0,0.0,0.0,0.0,2026,4,2026-10-04,16:25,LAC,1,,,,50.0,DEPTH RB
2026,00-0039614,Jermaine Jackson,jermaine jackson,NO,WR,4,0,4,10,-0.03,0.05,-0.03,0.0,-0.05,47.84,44.42,0.29,0.29,0.0,0.0,0.0,0.0,0.0,0.29,-0.29,0.0,0.0,0.0,0.0,0.0,-0.29,-0.29,0.0,0.0,0.0,2026,4,2026-10-05,20:15,ATL,1,,,,50.0,LOW TARGET
2026,00-0032063,Mike Davis,mike davis,BAL,RB,5,0,5,11,0.86,0.53,0.4,1.1,0.45,40.84,44.39,1.74,1.74,0.0,0.0,0.0,0.0,0.0,1.21,2.49,0.0,0.53,0.53,0.84,0.0,3.33,2.49,0.0,0.02,0.023,2026,4,2026-10-04,13:00,TEN,1,,,,50.0,DEPTH RB
2026,00-0040509,Ben Yurosek,ben yurosek,MIN,TE,6,0,6,18,0.68,0.86,0.0,1.12,0.133,40.33,44.39,0.54,0.54,0.0,0.0,0.0,0.0,0.0,0.0,0.0,0.0,0.54,0.39,2.9,0.0,2.9,0.0,0.0,0.018,0.037,2026,4,2026-10-04,16:05,MIA,1,,,,50.0,LOW TARGET
2026,00-0039853,Javon Baker,javon baker,NE,WR,6,0,6,18,0.52,0.94,0.0,0.0,0.733,38.72,44.27,0.78,0.78,0.0,0.0,0.0,0.0,0.0,0.0,0.0,0.0,0.78,0.24,2.86,0.0,2.86,0.0,0.0,0.028,0.069,2026,4,2026-10-04,13:00,BUF,0,,,,50.0,LOW TARGET
2026,00-0036463,Chris Blair,chris blair,ATL,WR,6,3,3,17,1.07,1.02,0.0,1.9,0.3,38.36,44.27,0.85,0.85,0.0,0.0,0.0,0.0,0.0,0.0,0.0,0.0,0.85,0.3,2.88,0.0,2.88,0.0,0.0,0.027,0.074,2026,4,2026-10-05,20:15,NO,0,,,,50.0,LOW TARGET
2026,00-0039458,Brenden Bates,brenden bates,CLE,TE,6,0,6,18,1.52,1.53,0.0,2.58,0.047,37.36,44.15,0.97,0.97,0.0,0.0,0.0,0.0,0.0,0.0,0.0,0.0,0.97,0.7,8.26,0.0,8.26,0.0,0.0,0.038,0.078,2026,4,2026-10-01,20:15,PIT,1,,,,50.0,LOW TARGET
2026,00-0034433,Nick Bawden,nick bawden,NYJ,RB,6,0,6,17,1.62,1.62,0.62,1.77,-0.526,37.56,44.05,0.88,0.88,0.0,0.0,0.0,0.0,0.0,0.3,0.72,0.1,0.57,0.57,4.06,0.0,4.78,0.72,0.0,0.014,0.021,2026,4,2026-10-04,13:00,CHI,0,,,,50.0,DEPTH RB
2026,00-0041042,Malachi Fields,malachi fields,NYG,WR,3,3,0,3,4.38,0.49,4.2,4.75,-0.133,33.72,43.98,3.71,3.71,0.0,0.0,0.0,0.0,0.0,0.0,0.0,0.0,3.71,2.0,23.81,0.0,23.81,0.0,0.0,0.134,0.356,2026,4,2026-10-04,13:00,ARI,1,,,,50.0,LOW TARGET
2026,00-0034400,Jordan Wilkins,jordan wilkins,IND,RB,4,0,4,17,3.51,2.58,1.45,5.97,-0.291,28.81,43.53,5.21,5.21,0.0,0.0,0.0,0.0,0.0,3.5,15.07,0.0,1.71,1.29,7.14,0.0,22.21,15.07,0.0,0.062,0.079,2026,4,2026-10-04,09:30,WAS,0,,,,50.0,DEPTH RB
2026,00-0034816,Ronald Jones,ronald jones,KC,RB,5,0,5,18,3.75,4.45,0.4,4.4,1.0,28.6,43.49,4.03,4.03,0.0,0.0,0.0,0.0,0.0,3.91,16.7,0.29,0.11,0.11,2.51,0.0,19.21,16.7,0.0,0.003,0.004,2026,4,2026-10-04,16:25,LV,0,,,,50.0,DEPTH RB
2026,00-0039754,Devin Culp,devin culp,TB,TE,6,0,6,18,3.28,3.64,0.0,7.1,-0.449,35.57,43.37,0.87,0.87,0.0,0.0,0.0,0.0,0.0,0.0,0.0,0.0,0.87,0.77,10.84,0.24,10.84,0.0,0.0,0.027,0.064,2026,4,2026-10-04,13:00,GB,1,,,,50.0,LOW TARGET
2026,00-0040205,Kalel Mullings,kalel mullings,TEN,RB,4,0,4,17,0.21,0.18,0.0,0.33,0.05,42.26,42.63,0.86,0.86,0.0,0.0,0.0,0.0,0.0,0.86,2.07,0.0,0.0,0.0,0.0,0.0,2.07,2.07,0.0,0.0,0.0,2026,4,2026-10-04,13:00,BAL,0,,,,50.0,DEPTH RB
2026,00-0041052,Kaelon Black,kaelon black,SF,RB,3,3,0,3,3.17,2.37,2.1,5.25,-0.787,21.44,42.55,7.57,7.57,0.0,0.0,0.0,0.0,0.0,6.9,28.81,0.0,0.67,0.19,0.95,0.0,29.76,28.81,0.0,0.024,0.026,2026,4,2026-10-04,16:25,DEN,1,,,,50.0,DEPTH RB
2026,00-0039136,Zach Evans,zach evans,LAR,RB,4,0,4,18,0.42,0.32,0.22,0.7,-0.05,37.98,42.49,2.0,2.0,0.0,0.0,0.0,0.0,0.0,2.0,4.21,0.0,0.0,0.0,0.0,0.0,4.21,4.21,0.0,0.0,0.0,2026,4,2026-10-04,13:00,PHI,0,,,,50.0,DEPTH RB
2026,00-0038953,Dylan Drummond,dylan drummond,ATL,WR,6,0,6,18,1.4,2.1,0.0,3.92,-1.0,29.92,42.46,1.42,1.42,0.0,0.0,0.0,0.0,0.0,0.0,0.0,0.0,1.42,0.87,5.29,0.0,5.29,0.0,0.0,0.053,0.125,2026,4,2026-10-05,20:15,NO,0,,,,50.0,LOW TARGET
2026,00-0041037,Denzel Boston,denzel boston,CLE,WR,3,3,0,3,13.34,5.5,11.0,17.2,-0.417,26.55,41.45,5.0,5.0,0.0,0.0,0.0,0.0,0.0,0.0,0.0,0.0,5.0,3.0,62.43,0.52,62.43,0.0,0.0,0.176,0.559,2026,4,2026-10-01,20:15,PIT,1,,,,50.0,REGULAR TARGET
2026,00-0032187,David Johnson,david johnson,NO,RB,4,0,4,18,2.76,2.12,1.07,3.75,1.0,28.29,41.39,4.14,4.14,0.0,0.0,0.0,0.0,0.0,3.0,6.57,0.0,1.14,1.14,13.86,0.0,20.43,6.57,0.0,0.054,0.085,2026,4,2026-10-05,20:15,ATL,1,,,,50.0,DEPTH RB
2026,00-0041048,Ted Hurst III,ted hurst iii,TB,WR,3,3,0,3,8.06,2.88,5.65,8.8,0.667,27.63,41.01,4.33,4.33,0.0,0.0,0.0,0.0,0.0,0.0,0.0,0.0,4.33,1.71,34.9,0.48,34.9,0.0,0.0,0.133,0.371,2026,4,2026-10-04,13:00,GB,1,,,,50.0,LOW TARGET
2026,00-0041013,Emmett Johnson,emmett johnson,KC,RB,3,3,0,3,4.32,2.75,3.6,7.15,-0.807,22.92,40.94,6.1,6.1,0.0,0.0,0.0,0.0,0.0,5.05,17.67,0.0,1.05,1.05,15.05,0.0,32.71,17.67,0.0,0.031,0.035,2026,4,2026-10-04,16:25,LV,0,,,,50.0,DEPTH RB
2026,00-0039386,Bub Means,bub means,NO,WR,4,0,4,8,6.88,4.95,3.45,8.9,-0.271,29.06,40.91,3.64,3.64,0.0,0.0,0.0,0.0,0.0,0.0,0.0,0.0,3.64,2.29,33.07,0.21,33.07,0.0,0.0,0.097,0.254,2026,4,2026-10-05,20:15,ATL,1,,,,50.0,LOW TARGET
2026,00-0038891,Shedrick Jackson,shedrick jackson,LV,WR,5,0,5,18,3.56,3.31,0.0,4.0,1.0,32.39,40.86,1.66,1.66,0.0,0.0,0.0,0.0,0.0,0.29,0.86,0.0,1.37,0.97,13.0,0.2,13.86,0.86,0.0,0.049,0.157,2026,4,2026-10-04,16:25,KC,1,,,,50.0,LOW TARGET
2026,00-0037265,Snoop Conner,snoop conner,JAC,RB,5,0,5,17,2.6,3.23,0.5,1.1,1.0,27.87,40.72,2.61,2.61,0.0,0.0,0.0,0.0,0.0,2.61,8.87,0.29,0.0,0.0,0.0,0.0,8.87,8.87,0.0,0.0,0.0,2026,4,2026-10-04,13:00,CIN,0,,,,50.0,DEPTH RB
2026,00-0029000,Cole Beasley,cole beasley,BUF,WR,4,0,4,16,2.14,0.85,1.8,2.48,-0.333,35.74,40.37,1.43,1.43,0.0,0.0,0.0,0.0,0.0,0.0,0.0,0.0,1.43,1.29,8.57,0.0,8.57,0.0,0.0,0.04,0.074,2026,4,2026-10-04,13:00,NE,1,,,,50.0,LOW TARGET
2026,00-0033386,Cody Hollister,cody hollister,TEN,WR,6,0,6,12,1.1,1.97,0.0,2.4,-1.0,26.8,40.32,0.79,0.79,0.0,0.0,0.0,0.0,0.0,0.0,0.0,0.0,0.79,0.4,6.97,0.0,6.97,0.0,0.0,0.057,0.146,2026,4,2026-10-04,13:00,BAL,0,,,,50.0,LOW TARGET
2026,00-0041032,Kenyon Sadiq,kenyon sadiq,NYJ,TE,3,3,0,3,14.6,8.9,7.55,17.45,1.0,23.29,40.28,5.57,5.57,0.0,0.0,0.0,0.0,0.0,0.19,0.57,0.19,5.38,4.57,59.67,0.48,60.24,0.57,0.0,0.158,0.326,2026,4,2026-10-04,13:00,CHI,0,,,,50.0,REGULAR TARGET
2026,00-0037708,Maurice Alexander,maurice alexander,DET,WR,5,0,5,14,0.34,0.68,0.0,0.0,0.0,37.2,40.23,0.2,0.2,0.0,0.0,0.0,0.0,0.0,0.0,0.0,0.0,0.2,0.2,1.4,0.0,1.4,0.0,0.0,0.005,0.01,2026,4,2026-10-04,20:20,CAR,0,,,,50.0,LOW TARGET
2026,00-0037524,Tay Martin,tay martin,DET,WR,6,2,4,18,2.18,3.78,0.0,2.27,-0.867,27.45,40.17,0.58,0.58,0.0,0.0,0.0,0.0,0.0,0.0,0.0,0.0,0.58,0.46,9.83,0.12,9.83,0.0,0.0,0.024,0.061,2026,4,2026-10-04,20:20,CAR,0,,,,50.0,LOW TARGET
2026,00-0033958,Nathan Peterman,nathan peterman,CHI,QB,4,0,4,18,2.29,4.42,-0.55,2.31,1.0,17.06,40.15,7.93,1.29,6.64,3.79,37.93,0.29,0.0,1.29,0.57,0.0,0.0,0.0,0.0,0.0,0.57,38.5,0.0,0.0,0.0,2026,4,2026-10-04,13:00,NYJ,1,,,,50.0,QB
2026,00-0031545,Kevin White,kevin white,NO,WR,6,0,6,12,1.28,2.42,0.0,1.5,-0.73,25.9,40.07,0.82,0.82,0.0,0.0,0.0,0.0,0.0,0.0,0.0,0.0,0.82,0.3,9.73,0.0,9.73,0.0,0.0,0.027,0.076,2026,4,2026-10-05,20:15,ATL,1,,,,50.0,LOW TARGET
2026,00-0027691,Andre Roberts,andre roberts,CAR,WR,3,0,3,18,0.0,0.0,0.0,0.0,0.0,37.5,40.0,0.0,0.0,0.0,0.0,0.0,0.0,0.0,0.0,0.0,0.0,0.0,0.0,0.0,0.0,0.0,0.0,0.0,0.0,0.0,2026,4,2026-10-04,20:20,DET,1,,,,50.0,LOW TARGET
2026,00-0032355,Chester Rogers,chester rogers,CLE,WR,3,0,3,6,0.0,0.0,0.0,0.0,0.0,37.5,40.0,0.0,0.0,0.0,0.0,0.0,0.0,0.0,0.0,0.0,0.0,0.0,0.0,0.0,0.0,0.0,0.0,0.0,0.0,0.0,2026,4,2026-10-01,20:15,PIT,1,,,,50.0,LOW TARGET
2026,00-0040431,Dalen Cambre,dalen cambre,NYG,WR,3,0,3,18,0.0,0.0,0.0,0.0,0.0,37.5,40.0,0.0,0.0,0.0,0.0,0.0,0.0,0.0,0.0,0.0,0.0,0.0,0.0,0.0,0.0,0.0,0.0,0.0,0.0,0.0,2026,4,2026-10-04,13:00,ARI,1,,,,50.0,LOW TARGET
2026,00-0038740,Jalen Moreno-Cropper,jalen moreno cropper,NO,WR,3,1,2,6,0.0,0.0,0.0,0.0,0.0,37.5,40.0,0.0,0.0,0.0,0.0,0.0,0.0,0.0,0.0,0.0,0.0,0.0,0.0,0.0,0.0,0.0,0.0,0.0,0.0,0.0,2026,4,2026-10-05,20:15,ATL,1,,,,50.0,LOW TARGET
2026,00-0037380,Kaden Davis,kaden davis,CHI,WR,3,1,2,18,0.0,0.0,0.0,0.0,0.0,37.5,40.0,0.0,0.0,0.0,0.0,0.0,0.0,0.0,0.0,0.0,0.0,0.0,0.0,0.0,0.0,0.0,0.0,0.0,0.0,0.0,2026,4,2026-10-04,13:00,NYJ,1,,,,50.0,LOW TARGET
2026,00-0041397,Kaden Wetjen,kaden wetjen,PIT,WR,3,3,0,3,0.0,0.0,0.0,0.0,0.0,37.5,40.0,0.0,0.0,0.0,0.0,0.0,0.0,0.0,0.0,0.0,0.0,0.0,0.0,0.0,0.0,0.0,0.0,0.0,0.0,0.0,2026,4,2026-10-01,20:15,CLE,0,,,,50.0,LOW TARGET
2026,00-0031598,Nick Boyle,nick boyle,BAL,TE,3,0,3,16,0.0,0.0,0.0,0.0,0.0,37.5,40.0,0.0,0.0,0.0,0.0,0.0,0.0,0.0,0.0,0.0,0.0,0.0,0.0,0.0,0.0,0.0,0.0,0.0,0.0,0.0,2026,4,2026-10-04,13:00,TEN,1,,,,50.0,LOW TARGET
2026,00-0037031,Nikola Kalinic,nikola kalinic,CHI,TE,3,0,3,18,0.0,0.0,0.0,0.0,0.0,37.5,40.0,0.0,0.0,0.0,0.0,0.0,0.0,0.0,0.0,0.0,0.0,0.0,0.0,0.0,0.0,0.0,0.0,0.0,0.0,0.0,2026,4,2026-10-04,13:00,NYJ,1,,,,50.0,LOW TARGET
2026,00-0037185,Raleigh Webb,raleigh webb,NE,WR,3,0,3,15,0.0,0.0,0.0,0.0,0.0,37.5,40.0,0.0,0.0,0.0,0.0,0.0,0.0,0.0,0.0,0.0,0.0,0.0,0.0,0.0,0.0,0.0,0.0,0.0,0.0,0.0,2026,4,2026-10-04,13:00,BUF,0,,,,50.0,LOW TARGET
2026,00-0029608,T.Y. Hilton,ty hilton,DAL,WR,3,0,3,18,6.04,2.26,5.05,7.6,-0.371,27.29,39.78,3.76,3.76,0.0,0.0,0.0,0.0,0.0,0.0,0.0,0.0,3.76,2.48,35.62,0.0,35.62,0.0,0.0,0.099,0.274,2026,4,2026-10-04,13:00,HOU,0,,,,50.0,LOW TARGET
2026,00-0035527,Andy Isabella,andy isabella,BUF,WR,5,0,5,17,0.58,0.9,0.0,2.0,-0.976,32.87,39.72,0.9,0.9,0.0,0.0,0.0,0.0,0.0,0.24,0.24,0.0,0.66,0.27,2.87,0.0,3.11,0.24,0.0,0.015,0.044,2026,4,2026-10-04,13:00,NE,1,,,,50.0,LOW TARGET
2026,00-0040311,Theo Wease Jr.,theo wease jr,MIA,WR,3,0,3,18,8.95,3.18,6.3,10.35,0.423,27.66,39.52,3.48,3.48,0.0,0.0,0.0,0.0,0.0,0.0,0.0,0.0,3.48,2.14,48.05,0.33,48.05,0.0,0.0,0.141,0.388,2026,4,2026-10-04,16:05,MIN,0,,,,50.0,LOW TARGET
2026,00-0040646,Jalen Royals,jalen royals,KC,WR,5,3,2,18,3.07,3.28,0.0,2.4,1.0,30.22,39.26,1.24,1.24,0.0,0.0,0.0,0.0,0.0,0.0,0.0,0.0,1.24,1.09,5.23,0.24,5.23,0.0,0.0,0.039,0.073,2026,4,2026-10-04,16:25,LV,0,,,,50.0,LOW TARGET
2026,00-0038092,Erik Ezukanma,erik ezukanma,MIA,WR,4,0,4,18,0.69,0.67,0.38,1.4,-0.833,29.9,39.2,2.43,2.43,0.0,0.0,0.0,0.0,0.0,1.29,5.07,0.0,1.14,0.14,0.43,0.0,5.5,5.07,0.0,0.038,0.133,2026,4,2026-10-04,16:05,MIN,0,,,,50.0,LOW TARGET
2026,00-0036365,Bryan Edwards,bryan edwards,ATL,WR,4,0,4,8,1.29,0.62,0.9,1.48,1.0,33.81,39.03,1.21,1.21,0.0,0.0,0.0,0.0,0.0,0.0,0.0,0.0,1.21,0.86,4.36,0.0,4.36,0.0,0.0,0.046,0.095,2026,4,2026-10-05,20:15,NO,0,,,,50.0,LOW TARGET
2026,00-0033111,Pharoh Cooper,pharoh cooper,ARI,WR,5,0,5,18,1.14,1.4,0.0,0.8,1.0,27.96,39.03,1.63,1.63,0.0,0.0,0.0,0.0,0.0,1.06,3.94,0.0,0.57,0.57,1.71,0.0,5.66,3.94,0.0,0.021,0.025,2026,4,2026-10-04,13:00,NYG,0,,,,50.0,LOW TARGET
2026,00-0026197,Chad Henne,chad henne,KC,QB,3,0,3,18,-0.2,0.1,-0.25,-0.1,-0.2,33.95,38.8,2.62,1.95,0.67,0.0,0.0,0.0,0.0,1.95,-1.95,0.0,0.0,0.0,0.0,0.0,-1.95,-1.95,0.0,0.0,0.0,2026,4,2026-10-04,16:25,LV,0,,,,50.0,QB
2026,00-0030874,Damien Williams,damien williams,ARI,RB,4,0,4,8,1.92,1.97,0.2,2.77,-0.625,24.72,38.61,3.57,3.57,0.0,0.0,0.0,0.0,0.0,3.0,10.36,0.0,0.57,0.57,3.14,0.0,13.5,10.36,0.0,0.016,0.024,2026,4,2026-10-04,13:00,NYG,0,,,,50.0,DEPTH RB
2026,00-0027981,Kyle Rudolph,kyle rudolph,TB,TE,5,0,5,18,2.84,3.24,0.0,2.2,1.0,29.18,38.42,1.0,1.0,0.0,0.0,0.0,0.0,0.0,0.0,0.0,0.0,1.0,0.6,5.26,0.29,5.26,0.0,0.0,0.025,0.061,2026,4,2026-10-04,13:00,GB,1,,,,50.0,LOW TARGET
2026,00-0036194,Devin Asiasi,devin asiasi,CIN,TE,5,0,5,16,0.71,1.13,0.0,0.0,1.0,29.35,38.29,0.89,0.89,0.0,0.0,0.0,0.0,0.0,0.0,0.0,0.0,0.89,0.57,1.43,0.0,1.43,0.0,0.0,0.022,0.065,2026,4,2026-10-04,13:00,JAC,1,,,,50.0,LOW TARGET
2026,00-0034109,Phillip Lindsay,phillip lindsay,IND,RB,3,0,3,9,3.76,3.48,3.2,7.3,-0.976,19.48,38.15,5.81,5.81,0.0,0.0,0.0,0.0,0.0,3.57,10.9,0.0,2.24,1.57,4.33,0.0,15.24,10.9,0.0,0.056,0.089,2026,4,2026-10-04,09:30,WAS,0,,,,50.0,DEPTH RB
2026,00-0035184,Devine Ozigbo,devine ozigbo,DET,RB,4,0,4,15,1.19,0.93,0.2,1.55,0.5,28.04,38.14,2.36,2.36,0.0,0.0,0.0,0.0,0.0,1.79,2.64,0.0,0.57,0.57,3.5,0.0,6.14,2.64,0.0,0.015,0.024,2026,4,2026-10-04,20:20,CAR,0,,,,50.0,DEPTH RB
2026,00-0040878,Mike Washington Jr.,mike washington jr,LV,RB,3,3,0,3,6.44,4.87,2.4,7.75,1.0,21.35,38.07,5.05,5.05,0.0,0.0,0.0,0.0,0.0,4.71,35.86,0.48,0.33,0.0,0.0,0.0,35.86,35.86,0.0,0.011,0.025,2026,4,2026-10-04,16:25,KC,1,,,,50.0,DEPTH RB
2026,00-0039305,Jack Westover,jack westover,NE,TE,4,0,4,18,0.36,0.48,0.0,0.25,0.5,33.8,37.9,0.57,0.57,0.0,0.0,0.0,0.0,0.0,0.0,0.0,0.0,0.57,0.36,0.0,0.0,0.0,0.0,0.0,0.025,0.039,2026,4,2026-10-04,13:00,BUF,0,,,,50.0,LOW TARGET
2026,00-0040867,Makai Lemon,makai lemon,PHI,WR,3,3,0,3,3.92,1.9,2.2,4.2,1.0,25.25,37.67,3.33,3.33,0.0,0.0,0.0,0.0,0.0,0.33,-1.67,0.0,3.0,2.33,17.52,0.0,15.86,-1.67,0.0,0.121,0.29,2026,4,2026-10-04,13:00,LAR,1,,,,50.0,LOW TARGET
2026,00-0035022,Penny Hart,penny hart,SEA,WR,4,0,4,16,1.16,0.74,0.9,1.6,0.0,30.46,37.23,1.14,1.14,0.0,0.0,0.0,0.0,0.0,0.0,0.0,0.0,1.14,0.79,3.71,0.0,3.71,0.0,0.0,0.029,0.068,2026,4,2026-10-04,16:25,LAC,1,,,,50.0,LOW TARGET
2026,00-0033114,Mike Thomas,mike thomas,CIN,WR,5,0,5,11,1.08,1.77,0.0,3.5,-1.0,23.59,37.11,1.53,1.53,0.0,0.0,0.0,0.0,0.0,0.0,0.0,0.0,1.53,0.27,5.76,0.0,5.76,0.0,0.0,0.038,0.12,2026,4,2026-10-04,13:00,JAC,1,,,,50.0,LOW TARGET
2026,00-0033296,Alex Armah,alex armah,WAS,RB,4,0,4,18,1.23,0.74,0.75,1.48,1.0,31.23,36.99,0.79,0.79,0.0,0.0,0.0,0.0,0.0,0.0,0.0,0.0,0.79,0.79,4.43,0.0,4.43,0.0,0.0,0.022,0.021,2026,4,2026-10-04,09:30,IND,1,,,,50.0,DEPTH RB
2026,00-0039747,Ainias Smith,ainias smith,PHI,WR,3,0,3,18,7.71,5.92,1.9,8.25,1.0,21.22,36.81,4.38,4.38,0.0,0.0,0.0,0.0,0.0,0.67,2.29,0.0,3.71,2.76,18.67,0.48,20.95,2.29,0.0,0.111,0.215,2026,4,2026-10-04,13:00,LAR,1,,,,50.0,LOW TARGET
2026,00-0036439,Tyrie Cleveland,tyrie cleveland,DEN,WR,5,0,5,10,0.75,1.75,0.0,0.0,-1.0,22.75,36.78,1.53,1.53,0.0,0.0,0.0,0.0,0.0,0.0,0.0,0.0,1.53,0.31,4.4,0.0,4.4,0.0,0.0,0.044,0.11,2026,4,2026-10-04,16:25,SF,0,,,,50.0,LOW TARGET
2026,00-0030456,Giovani Bernard,giovani bernard,TB,RB,4,0,4,18,1.68,2.25,0.0,1.18,1.0,21.35,36.68,3.43,3.43,0.0,0.0,0.0,0.0,0.0,2.71,10.0,0.0,0.71,0.71,-0.36,0.0,9.64,10.0,0.0,0.022,0.022,2026,4,2026-10-04,13:00,GB,1,,,,50.0,DEPTH RB
2026,00-0026544,Chase Daniel,chase daniel,LAC,QB,3,0,3,18,3.88,3.37,0.54,4.24,1.0,20.07,36.63,5.19,0.48,4.71,3.38,20.9,0.48,0.0,0.48,1.9,0.0,0.0,0.0,0.0,0.0,1.9,22.81,0.0,0.0,0.0,2026,4,2026-10-04,16:25,SEA,0,,,,50.0,QB
2026,00-0040894,Malik Benson,malik benson,LV,WR,3,3,0,3,0.15,0.31,0.0,0.4,-0.8,28.54,36.44,1.38,1.38,0.0,0.0,0.0,0.0,0.0,0.19,-1.52,0.0,1.19,0.19,1.14,0.0,-0.38,-1.52,0.0,0.041,0.15,2026,4,2026-10-04,16:25,KC,1,,,,50.0,LOW TARGET
2026,00-0038632,Colton Dowell,colton dowell,TEN,WR,4,0,4,16,0.46,0.62,0.0,0.33,0.65,30.81,36.28,0.5,0.5,0.0,0.0,0.0,0.0,0.0,0.0,0.0,0.0,0.5,0.36,1.07,0.0,1.07,0.0,0.0,0.02,0.047,2026,4,2026-10-04,13:00,BAL,0,,,,50.0,LOW TARGET
2026,00-0041326,CJ Donaldson,cj donaldson,NO,RB,3,3,0,3,0.53,0.35,0.35,0.85,-0.583,27.79,36.27,1.57,1.57,0.0,0.0,0.0,0.0,0.0,1.19,3.81,0.0,0.38,0.19,-0.38,0.0,3.43,3.81,0.0,0.007,0.012,2026,4,2026-10-05,20:15,ATL,1,,,,50.0,DEPTH RB
2026,00-0040432,Beaux Collins,beaux collins,NYG,WR,4,0,4,8,1.36,1.25,0.0,1.97,0.55,26.11,35.93,1.64,1.64,0.0,0.0,0.0,0.0,0.0,0.0,0.0,0.0,1.64,0.57,7.93,0.0,7.93,0.0,0.0,0.058,0.138,2026,4,2026-10-04,13:00,ARI,1,,,,50.0,LOW TARGET
2026,00-0031787,Jake Kumerow,jake kumerow,BUF,WR,5,0,5,10,1.33,2.37,0.0,3.4,-1.0,22.49,35.92,1.1,1.1,0.0,0.0,0.0,0.0,0.0,0.0,0.0,0.0,1.1,0.54,7.91,0.0,7.91,0.0,0.0,0.03,0.075,2026,4,2026-10-04,13:00,NE,1,,,,50.0,LOW TARGET
2026,00-0041040,Antonio Williams,antonio williams,WAS,WR,3,3,0,3,6.59,4.83,4.45,10.9,-0.787,21.64,35.84,4.0,3.67,0.33,0.0,0.0,0.0,0.0,0.0,0.0,0.0,3.67,2.71,27.33,0.19,27.33,0.0,0.0,0.119,0.282,2026,4,2026-10-04,09:30,IND,1,,,,50.0,LOW TARGET
2026,00-0038550,Hendon Hooker,hendon hooker,DET,QB,3,0,3,11,1.05,0.71,0.45,1.22,1.0,22.42,35.7,5.38,2.1,3.29,2.29,23.24,0.0,0.0,2.1,1.24,0.0,0.0,0.0,0.0,0.0,1.24,24.48,0.0,0.0,0.0,2026,4,2026-10-04,20:20,CAR,0,,,,50.0,QB
2026,00-0041525,Chris Bell,chris bell,MIA,WR,3,3,0,3,5.76,4.86,1.75,7.1,1.0,20.34,35.64,4.05,4.05,0.0,0.0,0.0,0.0,0.0,0.0,0.0,0.0,4.05,2.1,36.67,0.0,36.67,0.0,0.0,0.124,0.327,2026,4,2026-10-04,16:05,MIN,0,,,,50.0,LOW TARGET
2026,00-0038598,Jaren Hall,jaren hall,MIN,QB,3,0,3,17,0.74,2.46,-1.05,1.65,0.22,10.84,35.39,9.52,2.0,7.52,4.62,62.29,0.0,0.0,2.0,5.38,0.0,0.0,0.0,0.0,0.0,5.38,67.67,0.0,0.0,0.0,2026,4,2026-10-04,16:05,MIA,1,,,,50.0,QB
2026,00-0040363,Keleki Latu,keleki latu,BUF,TE,5,2,3,18,1.38,2.4,0.0,1.4,-0.7,22.82,35.38,0.71,0.71,0.0,0.0,0.0,0.0,0.0,0.0,0.0,0.0,0.71,0.71,6.66,0.0,6.66,0.0,0.0,0.025,0.044,2026,4,2026-10-04,13:00,NE,1,,,,50.0,LOW TARGET
2026,00-0041125,Seth McGowan,seth mcgowan,IND,RB,3,3,0,3,0.86,0.62,0.5,1.2,0.4,23.09,35.23,2.76,2.76,0.0,0.0,0.0,0.0,0.0,2.57,6.67,0.0,0.19,0.19,0.0,0.0,6.67,6.67,0.0,0.007,0.009,2026,4,2026-10-04,09:30,WAS,0,,,,50.0,DEPTH RB
2026,00-0036652,Racey McMath,racey mcmath,TEN,WR,4,0,4,18,1.78,2.0,0.3,2.05,1.0,23.51,35.13,1.93,1.93,0.0,0.0,0.0,0.0,0.0,0.36,1.43,0.0,1.57,0.5,11.36,0.0,12.79,1.43,0.0,0.047,0.152,2026,4,2026-10-04,13:00,BAL,0,,,,50.0,LOW TARGET
2026,00-0035593,Juwann Winfree,juwann winfree,IND,WR,4,0,4,8,0.39,0.94,0.0,0.68,-1.0,25.71,34.98,1.21,1.21,0.0,0.0,0.0,0.0,0.0,0.0,0.0,0.0,1.21,0.14,2.43,0.0,2.43,0.0,0.0,0.033,0.108,2026,4,2026-10-04,09:30,WAS,0,,,,50.0,LOW TARGET
2026,00-0033367,C.J. Board,cj board,TEN,WR,4,0,4,13,0.57,0.77,0.0,0.4,0.8,28.3,34.78,0.36,0.36,0.0,0.0,0.0,0.0,0.0,0.0,0.0,0.0,0.36,0.36,2.14,0.0,2.14,0.0,0.0,0.014,0.031,2026,4,2026-10-04,13:00,BAL,0,,,,50.0,LOW TARGET
2026,00-0040785,Dohnte Meyers,dohnte meyers,CIN,WR,3,3,0,3,3.53,2.62,1.9,4.85,0.553,21.55,34.78,3.1,3.1,0.0,0.0,0.0,0.0,0.0,0.19,1.9,0.0,2.9,1.62,17.24,0.0,19.14,1.9,0.0,0.081,0.14,2026,4,2026-10-04,13:00,JAC,1,,,,50.0,LOW TARGET
2026,00-0036247,Freddie Swain,freddie swain,DEN,WR,3,0,3,18,4.59,2.68,2.0,4.75,1.0,23.65,34.77,2.29,2.29,0.0,0.0,0.0,0.0,0.0,0.0,0.0,0.0,2.29,1.48,31.1,0.0,31.1,0.0,0.0,0.092,0.197,2026,4,2026-10-04,16:25,SF,0,,,,50.0,LOW TARGET
2026,00-0039613,Dallin Holker,dallin holker,NO,TE,3,0,3,18,2.14,1.15,1.0,2.55,1.0,24.42,34.36,1.76,1.76,0.0,0.0,0.0,0.0,0.0,0.0,0.0,0.0,1.76,1.29,8.57,0.0,8.57,0.0,0.0,0.047,0.104,2026,4,2026-10-05,20:15,ATL,1,,,,50.0,LOW TARGET
2026,00-0040172,Jordan Watkins,jordan watkins,SF,WR,3,1,2,9,5.1,2.8,2.3,5.45,1.0,24.22,34.06,1.67,1.67,0.0,0.0,0.0,0.0,0.0,0.0,0.0,0.0,1.67,1.48,36.24,0.0,36.24,0.0,0.0,0.063,0.17,2026,4,2026-10-04,16:25,DEN,1,,,,50.0,LOW TARGET
2026,00-0040429,Josh Williams,josh williams,TB,RB,3,1,2,8,0.37,0.52,0.0,0.55,0.0,24.69,33.8,1.33,1.33,0.0,0.0,0.0,0.0,0.0,1.33,3.67,0.0,0.0,0.0,0.0,0.0,3.67,3.67,0.0,0.0,0.0,2026,4,2026-10-04,13:00,GB,1,,,,50.0,DEPTH RB
2026,00-0041044,Zachariah Branch,zachariah branch,ATL,WR,3,3,0,3,1.94,1.21,0.85,2.55,1.0,23.14,33.26,1.62,1.62,0.0,0.0,0.0,0.0,0.0,0.0,0.0,0.0,1.62,1.14,8.0,0.0,8.0,0.0,0.0,0.063,0.113,2026,4,2026-10-05,20:15,NO,0,,,,50.0,LOW TARGET
2026,00-0037609,Aaron Shampklin,aaron shampklin,PIT,RB,3,0,3,6,0.47,0.71,0.15,0.95,-0.7,21.95,33.13,2.0,2.0,0.0,0.0,0.0,0.0,0.0,2.0,4.67,0.0,0.0,0.0,0.0,0.0,4.67,4.67,0.0,0.0,0.0,2026,4,2026-10-01,20:15,CLE,0,,,,50.0,DEPTH RB
2026,00-0039420,Jaheim Bell,jaheim bell,NE,TE,4,0,4,18,1.19,1.32,0.0,1.55,0.9,23.7,33.1,0.71,0.71,0.0,0.0,0.0,0.0,0.0,0.0,0.0,0.0,0.71,0.5,6.93,0.0,6.93,0.0,0.0,0.022,0.052,2026,4,2026-10-04,13:00,BUF,0,,,,50.0,LOW TARGET
2026,00-0036336,Anthony McFarland,anthony mcfarland,PIT,RB,4,0,4,12,1.54,2.24,0.0,3.85,-1.0,20.34,32.92,1.57,1.57,0.0,0.0,0.0,0.0,0.0,0.86,4.29,0.0,0.71,0.71,3.93,0.0,8.21,4.29,0.0,0.02,0.029,2026,4,2026-10-01,20:15,CLE,0,,,,50.0,DEPTH RB
2026,00-0038477,Bryce Ford-Wheaton,bryce ford wheaton,NYG,WR,5,0,5,14,0.94,2.18,0.0,0.0,-1.0,19.63,32.85,0.0,0.0,0.0,0.0,0.0,0.0,0.0,0.0,0.0,0.0,0.0,0.0,0.0,0.0,0.0,0.0,0.0,0.0,0.0,2026,4,2026-10-04,13:00,ARI,1,,,,50.0,LOW TARGET
2026,00-0037340,Zaire Mitchell-Paden,zaire mitchell paden,NO,TE,3,0,3,10,1.58,0.91,0.65,1.85,1.0,23.81,32.62,1.0,1.0,0.0,0.0,0.0,0.0,0.0,0.0,0.0,0.0,1.0,0.81,7.67,0.0,7.67,0.0,0.0,0.042,0.079,2026,4,2026-10-05,20:15,ATL,1,,,,50.0,LOW TARGET
2026,00-0031384,Richard Rodgers,richard rodgers,LAC,TE,3,0,3,10,0.67,0.7,0.0,0.7,1.0,22.07,32.05,1.33,1.33,0.0,0.0,0.0,0.0,0.0,0.0,0.0,0.0,1.33,0.48,1.9,0.0,1.9,0.0,0.0,0.035,0.048,2026,4,2026-10-04,16:25,SEA,0,,,,50.0,LOW TARGET
2026,00-0041100,Josh Cameron,josh cameron,JAC,WR,3,3,0,3,5.81,4.16,4.1,9.1,-0.18,21.85,31.9,1.33,1.33,0.0,0.0,0.0,0.0,0.0,0.0,0.0,0.0,1.33,0.86,9.52,0.67,9.52,0.0,0.0,0.053,0.127,2026,4,2026-10-04,13:00,CIN,0,,,,50.0,LOW TARGET
2026,00-0040488,Carter Runyon,carter runyon,LV,TE,3,0,3,16,0.25,0.51,0.0,0.65,-1.0,24.83,31.88,0.19,0.19,0.0,0.0,0.0,0.0,0.0,0.0,0.0,0.0,0.19,0.19,0.57,0.0,0.57,0.0,0.0,0.011,0.009,2026,4,2026-10-04,16:25,KC,1,,,,50.0,LOW TARGET
2026,00-0038667,Elijah Cooks,elijah cooks,JAC,WR,4,0,4,18,1.94,3.07,0.0,1.7,1.0,19.37,31.56,1.07,1.07,0.0,0.0,0.0,0.0,0.0,0.0,0.0,0.0,1.07,0.86,10.86,0.0,10.86,0.0,0.0,0.025,0.052,2026,4,2026-10-04,13:00,CIN,0,,,,50.0,LOW TARGET
2026,00-0039543,Ramel Keyton,ramel keyton,LV,WR,3,0,3,14,0.32,0.67,0.0,0.85,-1.0,22.49,31.24,0.71,0.71,0.0,0.0,0.0,0.0,0.0,0.0,0.0,0.0,0.71,0.19,1.33,0.0,1.33,0.0,0.0,0.02,0.053,2026,4,2026-10-04,16:25,KC,1,,,,50.0,LOW TARGET
2026,00-0041524,Will Kacmarek,will kacmarek,MIA,TE,3,3,0,3,0.47,0.66,0.0,0.7,0.0,22.59,30.98,0.52,0.52,0.0,0.0,0.0,0.0,0.0,0.0,0.0,0.0,0.52,0.33,1.33,0.0,1.33,0.0,0.0,0.022,0.038,2026,4,2026-10-04,16:05,MIN,0,,,,50.0,LOW TARGET
2026,00-0039824,Jared Wiley,jared wiley,KC,TE,3,0,3,18,0.79,0.76,0.7,1.55,-1.0,21.3,30.11,0.52,0.52,0.0,0.0,0.0,0.0,0.0,0.0,0.0,0.0,0.52,0.52,2.67,0.0,2.67,0.0,0.0,0.019,0.029,2026,4,2026-10-04,16:25,LV,0,,,,50.0,LOW TARGET
2026,00-0041067,Bryce Lance,bryce lance,NO,WR,3,3,0,3,1.97,2.66,0.9,4.5,-1.0,15.97,30.06,2.52,2.52,0.0,0.0,0.0,0.0,0.0,0.0,0.0,0.0,2.52,0.9,10.67,0.0,10.67,0.0,0.0,0.061,0.173,2026,4,2026-10-05,20:15,ATL,1,,,,50.0,LOW TARGET
2026,00-0036918,Jacob Harris,jacob harris,LAR,WR,3,0,3,12,0.76,0.8,0.0,0.8,1.0,20.84,29.73,0.48,0.48,0.0,0.0,0.0,0.0,0.0,0.0,0.0,0.0,0.48,0.48,2.86,0.0,2.86,0.0,0.0,0.02,0.039,2026,4,2026-10-04,13:00,PHI,0,,,,50.0,LOW TARGET
2026,00-0036277,Quintez Cephus,quintez cephus,DET,WR,3,0,3,4,1.67,1.75,0.0,1.75,1.0,18.3,29.7,1.43,1.43,0.0,0.0,0.0,0.0,0.0,0.0,0.0,0.0,1.43,0.95,7.14,0.0,7.14,0.0,0.0,0.037,0.067,2026,4,2026-10-04,20:20,CAR,0,,,,50.0,LOW TARGET
2026,00-0035715,Derrick Gore,derrick gore,WAS,RB,3,0,3,18,0.91,0.99,0.15,1.3,0.3,18.85,29.57,1.14,1.14,0.0,0.0,0.0,0.0,0.0,1.14,9.1,0.0,0.0,0.0,0.0,0.0,9.1,9.1,0.0,0.0,0.0,2026,4,2026-10-04,09:30,IND,1,,,,50.0,DEPTH RB
2026,00-0038920,John Shenker,john shenker,LV,TE,3,0,3,16,0.57,0.8,0.0,0.85,0.0,20.82,29.46,0.33,0.33,0.0,0.0,0.0,0.0,0.0,0.0,0.0,0.0,0.33,0.33,2.33,0.0,2.33,0.0,0.0,0.012,0.025,2026,4,2026-10-04,16:25,KC,1,,,,50.0,LOW TARGET
2026,00-0035164,Cody Thompson,cody thompson,TB,WR,3,0,3,7,0.38,0.79,0.0,1.0,-1.0,21.0,29.34,0.19,0.19,0.0,0.0,0.0,0.0,0.0,0.0,0.0,0.0,0.19,0.19,1.9,0.0,1.9,0.0,0.0,0.007,0.017,2026,4,2026-10-04,13:00,GB,1,,,,50.0,LOW TARGET
2026,00-0038498,E.J. Jenkins,ej jenkins,PHI,TE,4,1,3,18,1.65,3.16,0.0,1.93,-1.0,17.15,29.2,0.36,0.36,0.0,0.0,0.0,0.0,0.0,0.0,0.0,0.0,0.36,0.21,1.5,0.21,1.5,0.0,0.0,0.013,0.025,2026,4,2026-10-04,13:00,LAR,1,,,,50.0,LOW TARGET
2026,00-0031558,Maxx Williams,maxx williams,ARI,TE,3,0,3,16,1.36,1.38,0.85,2.4,-1.0,18.57,28.88,0.86,0.86,0.0,0.0,0.0,0.0,0.0,0.0,0.0,0.0,0.86,0.86,5.0,0.0,5.0,0.0,0.0,0.024,0.046,2026,4,2026-10-04,13:00,NYG,0,,,,50.0,LOW TARGET
2026,00-0037329,Brittain Brown,brittain brown,CHI,RB,3,0,3,15,3.23,4.57,0.0,4.85,0.0,15.53,28.86,2.0,2.0,0.0,0.0,0.0,0.0,0.0,1.67,12.33,0.33,0.33,0.0,0.0,0.0,12.33,12.33,0.0,0.01,0.018,2026,4,2026-10-04,13:00,NYJ,1,,,,50.0,DEPTH RB
2026,00-0037410,Jashaun Corbin,jashaun corbin,NYG,RB,3,0,3,18,1.43,2.03,0.0,2.15,0.0,15.53,27.69,1.33,1.33,0.0,0.0,0.0,0.0,0.0,0.33,0.33,0.0,1.0,1.0,4.0,0.0,4.33,0.33,0.0,0.038,0.056,2026,4,2026-10-04,13:00,ARI,1,,,,50.0,DEPTH RB
2026,00-0040673,Jalen Milroe,jalen milroe,SEA,QB,3,0,3,5,-0.83,1.11,-0.95,0.2,-1.0,17.73,26.82,1.0,1.0,0.0,0.0,0.0,0.0,0.0,1.0,1.19,0.0,0.0,0.0,0.0,0.0,1.19,1.19,0.0,0.0,0.0,2026,4,2026-10-04,16:25,LAC,1,,,,50.0,QB
2026,00-0037317,Nick Muse,nick muse,ATL,TE,3,2,1,18,0.61,1.26,0.0,1.6,-1.0,16.62,26.41,0.19,0.19,0.0,0.0,0.0,0.0,0.0,0.0,0.0,0.0,0.19,0.19,4.19,0.0,4.19,0.0,0.0,0.004,0.011,2026,4,2026-10-05,20:15,NO,0,,,,50.0,LOW TARGET
